[0.387s] DEBUG:colcon:Command line arguments: ['/usr/bin/colcon', 'build']
[0.387s] DEBUG:colcon:Parsed command line arguments: Namespace(log_base=None, log_level=None, verb_name='build', build_base='build', install_base='install', merge_install=False, symlink_install=False, test_result_base=None, continue_on_error=False, executor='parallel', parallel_workers=12, event_handlers=None, ignore_user_meta=False, metas=['./colcon.meta'], base_paths=['.'], packages_ignore=None, packages_ignore_regex=None, paths=None, packages_up_to=None, packages_up_to_regex=None, packages_above=None, packages_above_and_dependencies=None, packages_above_depth=None, packages_select_by_dep=None, packages_skip_by_dep=None, packages_skip_up_to=None, packages_select_build_failed=False, packages_skip_build_finished=False, packages_select_test_failures=False, packages_skip_test_passed=False, packages_select=None, packages_skip=None, packages_select_regex=None, packages_skip_regex=None, packages_start=None, packages_end=None, allow_overriding=[], cmake_args=None, cmake_target=None, cmake_target_skip_unavailable=False, cmake_clean_cache=False, cmake_clean_first=False, cmake_force_configure=False, ament_cmake_args=None, catkin_cmake_args=None, catkin_skip_building_tests=False, mixin_files=None, mixin=None, verb_parser=<colcon_mixin.mixin.mixin_argument.MixinArgumentDecorator object at 0x763452eb5ee0>, verb_extension=<colcon_core.verb.build.BuildVerb object at 0x763452d881d0>, main=<bound method BuildVerb.main of <colcon_core.verb.build.BuildVerb object at 0x763452d881d0>>, mixin_verb=('build',))
[0.442s] Level 1:colcon.colcon_core.package_discovery:discover_packages(colcon_meta) check parameters
[0.443s] Level 1:colcon.colcon_core.package_discovery:discover_packages(recursive) check parameters
[0.443s] Level 1:colcon.colcon_core.package_discovery:discover_packages(ignore) check parameters
[0.443s] Level 1:colcon.colcon_core.package_discovery:discover_packages(path) check parameters
[0.443s] Level 1:colcon.colcon_core.package_discovery:discover_packages(colcon_meta) discover
[0.443s] Level 1:colcon.colcon_core.package_discovery:discover_packages(recursive) discover
[0.443s] INFO:colcon.colcon_core.package_discovery:Crawling recursively for packages in '/home/tersoo/autonomous-robot-logging-with-ROS2-jazzy/myros2_ws'
[0.443s] Level 1:colcon.colcon_core.package_identification:_identify(.) by extensions ['ignore', 'ignore_ament_install']
[0.443s] Level 1:colcon.colcon_core.package_identification:_identify(.) by extension 'ignore'
[0.443s] Level 1:colcon.colcon_core.package_identification:_identify(.) by extension 'ignore_ament_install'
[0.443s] Level 1:colcon.colcon_core.package_identification:_identify(.) by extensions ['colcon_pkg']
[0.443s] Level 1:colcon.colcon_core.package_identification:_identify(.) by extension 'colcon_pkg'
[0.443s] Level 1:colcon.colcon_core.package_identification:_identify(.) by extensions ['colcon_meta']
[0.443s] Level 1:colcon.colcon_core.package_identification:_identify(.) by extension 'colcon_meta'
[0.443s] Level 1:colcon.colcon_core.package_identification:_identify(.) by extensions ['ros']
[0.443s] Level 1:colcon.colcon_core.package_identification:_identify(.) by extension 'ros'
[0.480s] Level 1:colcon.colcon_core.package_identification:_identify(.) by extensions ['cmake', 'python']
[0.480s] Level 1:colcon.colcon_core.package_identification:_identify(.) by extension 'cmake'
[0.480s] Level 1:colcon.colcon_core.package_identification:_identify(.) by extension 'python'
[0.480s] Level 1:colcon.colcon_core.package_identification:_identify(.) by extensions ['python_setup_py']
[0.480s] Level 1:colcon.colcon_core.package_identification:_identify(.) by extension 'python_setup_py'
[0.480s] Level 1:colcon.colcon_core.package_identification:_identify(build) by extensions ['ignore', 'ignore_ament_install']
[0.480s] Level 1:colcon.colcon_core.package_identification:_identify(build) by extension 'ignore'
[0.480s] Level 1:colcon.colcon_core.package_identification:_identify(build) ignored
[0.480s] Level 1:colcon.colcon_core.package_identification:_identify(install) by extensions ['ignore', 'ignore_ament_install']
[0.480s] Level 1:colcon.colcon_core.package_identification:_identify(install) by extension 'ignore'
[0.480s] Level 1:colcon.colcon_core.package_identification:_identify(install) ignored
[0.481s] Level 1:colcon.colcon_core.package_identification:_identify(log) by extensions ['ignore', 'ignore_ament_install']
[0.481s] Level 1:colcon.colcon_core.package_identification:_identify(log) by extension 'ignore'
[0.481s] Level 1:colcon.colcon_core.package_identification:_identify(log) ignored
[0.481s] Level 1:colcon.colcon_core.package_identification:_identify(src) by extensions ['ignore', 'ignore_ament_install']
[0.481s] Level 1:colcon.colcon_core.package_identification:_identify(src) by extension 'ignore'
[0.482s] Level 1:colcon.colcon_core.package_identification:_identify(src) by extension 'ignore_ament_install'
[0.482s] Level 1:colcon.colcon_core.package_identification:_identify(src) by extensions ['colcon_pkg']
[0.482s] Level 1:colcon.colcon_core.package_identification:_identify(src) by extension 'colcon_pkg'
[0.482s] Level 1:colcon.colcon_core.package_identification:_identify(src) by extensions ['colcon_meta']
[0.482s] Level 1:colcon.colcon_core.package_identification:_identify(src) by extension 'colcon_meta'
[0.482s] Level 1:colcon.colcon_core.package_identification:_identify(src) by extensions ['ros']
[0.482s] Level 1:colcon.colcon_core.package_identification:_identify(src) by extension 'ros'
[0.482s] Level 1:colcon.colcon_core.package_identification:_identify(src) by extensions ['cmake', 'python']
[0.482s] Level 1:colcon.colcon_core.package_identification:_identify(src) by extension 'cmake'
[0.482s] Level 1:colcon.colcon_core.package_identification:_identify(src) by extension 'python'
[0.482s] Level 1:colcon.colcon_core.package_identification:_identify(src) by extensions ['python_setup_py']
[0.482s] Level 1:colcon.colcon_core.package_identification:_identify(src) by extension 'python_setup_py'
[0.482s] Level 1:colcon.colcon_core.package_identification:_identify(src/navigation2) by extensions ['ignore', 'ignore_ament_install']
[0.482s] Level 1:colcon.colcon_core.package_identification:_identify(src/navigation2) by extension 'ignore'
[0.483s] Level 1:colcon.colcon_core.package_identification:_identify(src/navigation2) by extension 'ignore_ament_install'
[0.483s] Level 1:colcon.colcon_core.package_identification:_identify(src/navigation2) by extensions ['colcon_pkg']
[0.483s] Level 1:colcon.colcon_core.package_identification:_identify(src/navigation2) by extension 'colcon_pkg'
[0.483s] Level 1:colcon.colcon_core.package_identification:_identify(src/navigation2) by extensions ['colcon_meta']
[0.483s] Level 1:colcon.colcon_core.package_identification:_identify(src/navigation2) by extension 'colcon_meta'
[0.483s] Level 1:colcon.colcon_core.package_identification:_identify(src/navigation2) by extensions ['ros']
[0.483s] Level 1:colcon.colcon_core.package_identification:_identify(src/navigation2) by extension 'ros'
[0.483s] Level 1:colcon.colcon_core.package_identification:_identify(src/navigation2) by extensions ['cmake', 'python']
[0.483s] Level 1:colcon.colcon_core.package_identification:_identify(src/navigation2) by extension 'cmake'
[0.483s] Level 1:colcon.colcon_core.package_identification:_identify(src/navigation2) by extension 'python'
[0.483s] Level 1:colcon.colcon_core.package_identification:_identify(src/navigation2) by extensions ['python_setup_py']
[0.483s] Level 1:colcon.colcon_core.package_identification:_identify(src/navigation2) by extension 'python_setup_py'
[0.483s] Level 1:colcon.colcon_core.package_identification:_identify(src/navigation2/doc) by extensions ['ignore', 'ignore_ament_install']
[0.483s] Level 1:colcon.colcon_core.package_identification:_identify(src/navigation2/doc) by extension 'ignore'
[0.483s] Level 1:colcon.colcon_core.package_identification:_identify(src/navigation2/doc) by extension 'ignore_ament_install'
[0.484s] Level 1:colcon.colcon_core.package_identification:_identify(src/navigation2/doc) by extensions ['colcon_pkg']
[0.484s] Level 1:colcon.colcon_core.package_identification:_identify(src/navigation2/doc) by extension 'colcon_pkg'
[0.484s] Level 1:colcon.colcon_core.package_identification:_identify(src/navigation2/doc) by extensions ['colcon_meta']
[0.484s] Level 1:colcon.colcon_core.package_identification:_identify(src/navigation2/doc) by extension 'colcon_meta'
[0.484s] Level 1:colcon.colcon_core.package_identification:_identify(src/navigation2/doc) by extensions ['ros']
[0.484s] Level 1:colcon.colcon_core.package_identification:_identify(src/navigation2/doc) by extension 'ros'
[0.484s] Level 1:colcon.colcon_core.package_identification:_identify(src/navigation2/doc) by extensions ['cmake', 'python']
[0.484s] Level 1:colcon.colcon_core.package_identification:_identify(src/navigation2/doc) by extension 'cmake'
[0.484s] Level 1:colcon.colcon_core.package_identification:_identify(src/navigation2/doc) by extension 'python'
[0.484s] Level 1:colcon.colcon_core.package_identification:_identify(src/navigation2/doc) by extensions ['python_setup_py']
[0.484s] Level 1:colcon.colcon_core.package_identification:_identify(src/navigation2/doc) by extension 'python_setup_py'
[0.484s] Level 1:colcon.colcon_core.package_identification:_identify(src/navigation2/doc/architecture) by extensions ['ignore', 'ignore_ament_install']
[0.484s] Level 1:colcon.colcon_core.package_identification:_identify(src/navigation2/doc/architecture) by extension 'ignore'
[0.484s] Level 1:colcon.colcon_core.package_identification:_identify(src/navigation2/doc/architecture) by extension 'ignore_ament_install'
[0.484s] Level 1:colcon.colcon_core.package_identification:_identify(src/navigation2/doc/architecture) by extensions ['colcon_pkg']
[0.484s] Level 1:colcon.colcon_core.package_identification:_identify(src/navigation2/doc/architecture) by extension 'colcon_pkg'
[0.484s] Level 1:colcon.colcon_core.package_identification:_identify(src/navigation2/doc/architecture) by extensions ['colcon_meta']
[0.485s] Level 1:colcon.colcon_core.package_identification:_identify(src/navigation2/doc/architecture) by extension 'colcon_meta'
[0.485s] Level 1:colcon.colcon_core.package_identification:_identify(src/navigation2/doc/architecture) by extensions ['ros']
[0.485s] Level 1:colcon.colcon_core.package_identification:_identify(src/navigation2/doc/architecture) by extension 'ros'
[0.485s] Level 1:colcon.colcon_core.package_identification:_identify(src/navigation2/doc/architecture) by extensions ['cmake', 'python']
[0.485s] Level 1:colcon.colcon_core.package_identification:_identify(src/navigation2/doc/architecture) by extension 'cmake'
[0.485s] Level 1:colcon.colcon_core.package_identification:_identify(src/navigation2/doc/architecture) by extension 'python'
[0.485s] Level 1:colcon.colcon_core.package_identification:_identify(src/navigation2/doc/architecture) by extensions ['python_setup_py']
[0.485s] Level 1:colcon.colcon_core.package_identification:_identify(src/navigation2/doc/architecture) by extension 'python_setup_py'
[0.485s] Level 1:colcon.colcon_core.package_identification:_identify(src/navigation2/doc/design) by extensions ['ignore', 'ignore_ament_install']
[0.485s] Level 1:colcon.colcon_core.package_identification:_identify(src/navigation2/doc/design) by extension 'ignore'
[0.485s] Level 1:colcon.colcon_core.package_identification:_identify(src/navigation2/doc/design) by extension 'ignore_ament_install'
[0.485s] Level 1:colcon.colcon_core.package_identification:_identify(src/navigation2/doc/design) by extensions ['colcon_pkg']
[0.485s] Level 1:colcon.colcon_core.package_identification:_identify(src/navigation2/doc/design) by extension 'colcon_pkg'
[0.485s] Level 1:colcon.colcon_core.package_identification:_identify(src/navigation2/doc/design) by extensions ['colcon_meta']
[0.485s] Level 1:colcon.colcon_core.package_identification:_identify(src/navigation2/doc/design) by extension 'colcon_meta'
[0.485s] Level 1:colcon.colcon_core.package_identification:_identify(src/navigation2/doc/design) by extensions ['ros']
[0.485s] Level 1:colcon.colcon_core.package_identification:_identify(src/navigation2/doc/design) by extension 'ros'
[0.486s] Level 1:colcon.colcon_core.package_identification:_identify(src/navigation2/doc/design) by extensions ['cmake', 'python']
[0.486s] Level 1:colcon.colcon_core.package_identification:_identify(src/navigation2/doc/design) by extension 'cmake'
[0.486s] Level 1:colcon.colcon_core.package_identification:_identify(src/navigation2/doc/design) by extension 'python'
[0.486s] Level 1:colcon.colcon_core.package_identification:_identify(src/navigation2/doc/design) by extensions ['python_setup_py']
[0.486s] Level 1:colcon.colcon_core.package_identification:_identify(src/navigation2/doc/design) by extension 'python_setup_py'
[0.486s] Level 1:colcon.colcon_core.package_identification:_identify(src/navigation2/doc/development) by extensions ['ignore', 'ignore_ament_install']
[0.486s] Level 1:colcon.colcon_core.package_identification:_identify(src/navigation2/doc/development) by extension 'ignore'
[0.486s] Level 1:colcon.colcon_core.package_identification:_identify(src/navigation2/doc/development) by extension 'ignore_ament_install'
[0.486s] Level 1:colcon.colcon_core.package_identification:_identify(src/navigation2/doc/development) by extensions ['colcon_pkg']
[0.486s] Level 1:colcon.colcon_core.package_identification:_identify(src/navigation2/doc/development) by extension 'colcon_pkg'
[0.486s] Level 1:colcon.colcon_core.package_identification:_identify(src/navigation2/doc/development) by extensions ['colcon_meta']
[0.486s] Level 1:colcon.colcon_core.package_identification:_identify(src/navigation2/doc/development) by extension 'colcon_meta'
[0.486s] Level 1:colcon.colcon_core.package_identification:_identify(src/navigation2/doc/development) by extensions ['ros']
[0.486s] Level 1:colcon.colcon_core.package_identification:_identify(src/navigation2/doc/development) by extension 'ros'
[0.486s] Level 1:colcon.colcon_core.package_identification:_identify(src/navigation2/doc/development) by extensions ['cmake', 'python']
[0.486s] Level 1:colcon.colcon_core.package_identification:_identify(src/navigation2/doc/development) by extension 'cmake'
[0.486s] Level 1:colcon.colcon_core.package_identification:_identify(src/navigation2/doc/development) by extension 'python'
[0.486s] Level 1:colcon.colcon_core.package_identification:_identify(src/navigation2/doc/development) by extensions ['python_setup_py']
[0.486s] Level 1:colcon.colcon_core.package_identification:_identify(src/navigation2/doc/development) by extension 'python_setup_py'
[0.487s] Level 1:colcon.colcon_core.package_identification:_identify(src/navigation2/doc/process) by extensions ['ignore', 'ignore_ament_install']
[0.487s] Level 1:colcon.colcon_core.package_identification:_identify(src/navigation2/doc/process) by extension 'ignore'
[0.487s] Level 1:colcon.colcon_core.package_identification:_identify(src/navigation2/doc/process) by extension 'ignore_ament_install'
[0.487s] Level 1:colcon.colcon_core.package_identification:_identify(src/navigation2/doc/process) by extensions ['colcon_pkg']
[0.487s] Level 1:colcon.colcon_core.package_identification:_identify(src/navigation2/doc/process) by extension 'colcon_pkg'
[0.487s] Level 1:colcon.colcon_core.package_identification:_identify(src/navigation2/doc/process) by extensions ['colcon_meta']
[0.487s] Level 1:colcon.colcon_core.package_identification:_identify(src/navigation2/doc/process) by extension 'colcon_meta'
[0.487s] Level 1:colcon.colcon_core.package_identification:_identify(src/navigation2/doc/process) by extensions ['ros']
[0.487s] Level 1:colcon.colcon_core.package_identification:_identify(src/navigation2/doc/process) by extension 'ros'
[0.487s] Level 1:colcon.colcon_core.package_identification:_identify(src/navigation2/doc/process) by extensions ['cmake', 'python']
[0.487s] Level 1:colcon.colcon_core.package_identification:_identify(src/navigation2/doc/process) by extension 'cmake'
[0.487s] Level 1:colcon.colcon_core.package_identification:_identify(src/navigation2/doc/process) by extension 'python'
[0.487s] Level 1:colcon.colcon_core.package_identification:_identify(src/navigation2/doc/process) by extensions ['python_setup_py']
[0.487s] Level 1:colcon.colcon_core.package_identification:_identify(src/navigation2/doc/process) by extension 'python_setup_py'
[0.487s] Level 1:colcon.colcon_core.package_identification:_identify(src/navigation2/doc/requirements) by extensions ['ignore', 'ignore_ament_install']
[0.487s] Level 1:colcon.colcon_core.package_identification:_identify(src/navigation2/doc/requirements) by extension 'ignore'
[0.488s] Level 1:colcon.colcon_core.package_identification:_identify(src/navigation2/doc/requirements) by extension 'ignore_ament_install'
[0.488s] Level 1:colcon.colcon_core.package_identification:_identify(src/navigation2/doc/requirements) by extensions ['colcon_pkg']
[0.488s] Level 1:colcon.colcon_core.package_identification:_identify(src/navigation2/doc/requirements) by extension 'colcon_pkg'
[0.488s] Level 1:colcon.colcon_core.package_identification:_identify(src/navigation2/doc/requirements) by extensions ['colcon_meta']
[0.488s] Level 1:colcon.colcon_core.package_identification:_identify(src/navigation2/doc/requirements) by extension 'colcon_meta'
[0.488s] Level 1:colcon.colcon_core.package_identification:_identify(src/navigation2/doc/requirements) by extensions ['ros']
[0.488s] Level 1:colcon.colcon_core.package_identification:_identify(src/navigation2/doc/requirements) by extension 'ros'
[0.488s] Level 1:colcon.colcon_core.package_identification:_identify(src/navigation2/doc/requirements) by extensions ['cmake', 'python']
[0.488s] Level 1:colcon.colcon_core.package_identification:_identify(src/navigation2/doc/requirements) by extension 'cmake'
[0.488s] Level 1:colcon.colcon_core.package_identification:_identify(src/navigation2/doc/requirements) by extension 'python'
[0.488s] Level 1:colcon.colcon_core.package_identification:_identify(src/navigation2/doc/requirements) by extensions ['python_setup_py']
[0.488s] Level 1:colcon.colcon_core.package_identification:_identify(src/navigation2/doc/requirements) by extension 'python_setup_py'
[0.488s] Level 1:colcon.colcon_core.package_identification:_identify(src/navigation2/doc/requirements/images) by extensions ['ignore', 'ignore_ament_install']
[0.488s] Level 1:colcon.colcon_core.package_identification:_identify(src/navigation2/doc/requirements/images) by extension 'ignore'
[0.488s] Level 1:colcon.colcon_core.package_identification:_identify(src/navigation2/doc/requirements/images) by extension 'ignore_ament_install'
[0.488s] Level 1:colcon.colcon_core.package_identification:_identify(src/navigation2/doc/requirements/images) by extensions ['colcon_pkg']
[0.488s] Level 1:colcon.colcon_core.package_identification:_identify(src/navigation2/doc/requirements/images) by extension 'colcon_pkg'
[0.488s] Level 1:colcon.colcon_core.package_identification:_identify(src/navigation2/doc/requirements/images) by extensions ['colcon_meta']
[0.489s] Level 1:colcon.colcon_core.package_identification:_identify(src/navigation2/doc/requirements/images) by extension 'colcon_meta'
[0.489s] Level 1:colcon.colcon_core.package_identification:_identify(src/navigation2/doc/requirements/images) by extensions ['ros']
[0.489s] Level 1:colcon.colcon_core.package_identification:_identify(src/navigation2/doc/requirements/images) by extension 'ros'
[0.489s] Level 1:colcon.colcon_core.package_identification:_identify(src/navigation2/doc/requirements/images) by extensions ['cmake', 'python']
[0.489s] Level 1:colcon.colcon_core.package_identification:_identify(src/navigation2/doc/requirements/images) by extension 'cmake'
[0.489s] Level 1:colcon.colcon_core.package_identification:_identify(src/navigation2/doc/requirements/images) by extension 'python'
[0.489s] Level 1:colcon.colcon_core.package_identification:_identify(src/navigation2/doc/requirements/images) by extensions ['python_setup_py']
[0.489s] Level 1:colcon.colcon_core.package_identification:_identify(src/navigation2/doc/requirements/images) by extension 'python_setup_py'
[0.489s] Level 1:colcon.colcon_core.package_identification:_identify(src/navigation2/doc/use_cases) by extensions ['ignore', 'ignore_ament_install']
[0.489s] Level 1:colcon.colcon_core.package_identification:_identify(src/navigation2/doc/use_cases) by extension 'ignore'
[0.489s] Level 1:colcon.colcon_core.package_identification:_identify(src/navigation2/doc/use_cases) by extension 'ignore_ament_install'
[0.489s] Level 1:colcon.colcon_core.package_identification:_identify(src/navigation2/doc/use_cases) by extensions ['colcon_pkg']
[0.489s] Level 1:colcon.colcon_core.package_identification:_identify(src/navigation2/doc/use_cases) by extension 'colcon_pkg'
[0.489s] Level 1:colcon.colcon_core.package_identification:_identify(src/navigation2/doc/use_cases) by extensions ['colcon_meta']
[0.489s] Level 1:colcon.colcon_core.package_identification:_identify(src/navigation2/doc/use_cases) by extension 'colcon_meta'
[0.489s] Level 1:colcon.colcon_core.package_identification:_identify(src/navigation2/doc/use_cases) by extensions ['ros']
[0.489s] Level 1:colcon.colcon_core.package_identification:_identify(src/navigation2/doc/use_cases) by extension 'ros'
[0.490s] Level 1:colcon.colcon_core.package_identification:_identify(src/navigation2/doc/use_cases) by extensions ['cmake', 'python']
[0.490s] Level 1:colcon.colcon_core.package_identification:_identify(src/navigation2/doc/use_cases) by extension 'cmake'
[0.490s] Level 1:colcon.colcon_core.package_identification:_identify(src/navigation2/doc/use_cases) by extension 'python'
[0.490s] Level 1:colcon.colcon_core.package_identification:_identify(src/navigation2/doc/use_cases) by extensions ['python_setup_py']
[0.490s] Level 1:colcon.colcon_core.package_identification:_identify(src/navigation2/doc/use_cases) by extension 'python_setup_py'
[0.490s] Level 1:colcon.colcon_core.package_identification:_identify(src/navigation2/nav2_amcl) by extensions ['ignore', 'ignore_ament_install']
[0.490s] Level 1:colcon.colcon_core.package_identification:_identify(src/navigation2/nav2_amcl) by extension 'ignore'
[0.490s] Level 1:colcon.colcon_core.package_identification:_identify(src/navigation2/nav2_amcl) by extension 'ignore_ament_install'
[0.490s] Level 1:colcon.colcon_core.package_identification:_identify(src/navigation2/nav2_amcl) by extensions ['colcon_pkg']
[0.490s] Level 1:colcon.colcon_core.package_identification:_identify(src/navigation2/nav2_amcl) by extension 'colcon_pkg'
[0.490s] Level 1:colcon.colcon_core.package_identification:_identify(src/navigation2/nav2_amcl) by extensions ['colcon_meta']
[0.490s] Level 1:colcon.colcon_core.package_identification:_identify(src/navigation2/nav2_amcl) by extension 'colcon_meta'
[0.490s] Level 1:colcon.colcon_core.package_identification:_identify(src/navigation2/nav2_amcl) by extensions ['ros']
[0.490s] Level 1:colcon.colcon_core.package_identification:_identify(src/navigation2/nav2_amcl) by extension 'ros'
[0.508s] DEBUG:colcon.colcon_core.package_identification:Package 'src/navigation2/nav2_amcl' with type 'ros.ament_cmake' and name 'nav2_amcl'
[0.509s] Level 1:colcon.colcon_core.package_identification:_identify(src/navigation2/nav2_behavior_tree) by extensions ['ignore', 'ignore_ament_install']
[0.509s] Level 1:colcon.colcon_core.package_identification:_identify(src/navigation2/nav2_behavior_tree) by extension 'ignore'
[0.509s] Level 1:colcon.colcon_core.package_identification:_identify(src/navigation2/nav2_behavior_tree) by extension 'ignore_ament_install'
[0.509s] Level 1:colcon.colcon_core.package_identification:_identify(src/navigation2/nav2_behavior_tree) by extensions ['colcon_pkg']
[0.509s] Level 1:colcon.colcon_core.package_identification:_identify(src/navigation2/nav2_behavior_tree) by extension 'colcon_pkg'
[0.509s] Level 1:colcon.colcon_core.package_identification:_identify(src/navigation2/nav2_behavior_tree) by extensions ['colcon_meta']
[0.509s] Level 1:colcon.colcon_core.package_identification:_identify(src/navigation2/nav2_behavior_tree) by extension 'colcon_meta'
[0.509s] Level 1:colcon.colcon_core.package_identification:_identify(src/navigation2/nav2_behavior_tree) by extensions ['ros']
[0.509s] Level 1:colcon.colcon_core.package_identification:_identify(src/navigation2/nav2_behavior_tree) by extension 'ros'
[0.511s] DEBUG:colcon.colcon_core.package_identification:Package 'src/navigation2/nav2_behavior_tree' with type 'ros.ament_cmake' and name 'nav2_behavior_tree'
[0.511s] Level 1:colcon.colcon_core.package_identification:_identify(src/navigation2/nav2_behaviors) by extensions ['ignore', 'ignore_ament_install']
[0.511s] Level 1:colcon.colcon_core.package_identification:_identify(src/navigation2/nav2_behaviors) by extension 'ignore'
[0.511s] Level 1:colcon.colcon_core.package_identification:_identify(src/navigation2/nav2_behaviors) by extension 'ignore_ament_install'
[0.511s] Level 1:colcon.colcon_core.package_identification:_identify(src/navigation2/nav2_behaviors) by extensions ['colcon_pkg']
[0.511s] Level 1:colcon.colcon_core.package_identification:_identify(src/navigation2/nav2_behaviors) by extension 'colcon_pkg'
[0.511s] Level 1:colcon.colcon_core.package_identification:_identify(src/navigation2/nav2_behaviors) by extensions ['colcon_meta']
[0.511s] Level 1:colcon.colcon_core.package_identification:_identify(src/navigation2/nav2_behaviors) by extension 'colcon_meta'
[0.511s] Level 1:colcon.colcon_core.package_identification:_identify(src/navigation2/nav2_behaviors) by extensions ['ros']
[0.511s] Level 1:colcon.colcon_core.package_identification:_identify(src/navigation2/nav2_behaviors) by extension 'ros'
[0.523s] DEBUG:colcon.colcon_core.package_identification:Package 'src/navigation2/nav2_behaviors' with type 'ros.ament_cmake' and name 'nav2_behaviors'
[0.523s] Level 1:colcon.colcon_core.package_identification:_identify(src/navigation2/nav2_bringup) by extensions ['ignore', 'ignore_ament_install']
[0.523s] Level 1:colcon.colcon_core.package_identification:_identify(src/navigation2/nav2_bringup) by extension 'ignore'
[0.523s] Level 1:colcon.colcon_core.package_identification:_identify(src/navigation2/nav2_bringup) by extension 'ignore_ament_install'
[0.523s] Level 1:colcon.colcon_core.package_identification:_identify(src/navigation2/nav2_bringup) by extensions ['colcon_pkg']
[0.523s] Level 1:colcon.colcon_core.package_identification:_identify(src/navigation2/nav2_bringup) by extension 'colcon_pkg'
[0.524s] Level 1:colcon.colcon_core.package_identification:_identify(src/navigation2/nav2_bringup) by extensions ['colcon_meta']
[0.524s] Level 1:colcon.colcon_core.package_identification:_identify(src/navigation2/nav2_bringup) by extension 'colcon_meta'
[0.524s] Level 1:colcon.colcon_core.package_identification:_identify(src/navigation2/nav2_bringup) by extensions ['ros']
[0.524s] Level 1:colcon.colcon_core.package_identification:_identify(src/navigation2/nav2_bringup) by extension 'ros'
[0.525s] DEBUG:colcon.colcon_core.package_identification:Package 'src/navigation2/nav2_bringup' with type 'ros.ament_cmake' and name 'nav2_bringup'
[0.525s] Level 1:colcon.colcon_core.package_identification:_identify(src/navigation2/nav2_bt_navigator) by extensions ['ignore', 'ignore_ament_install']
[0.525s] Level 1:colcon.colcon_core.package_identification:_identify(src/navigation2/nav2_bt_navigator) by extension 'ignore'
[0.525s] Level 1:colcon.colcon_core.package_identification:_identify(src/navigation2/nav2_bt_navigator) by extension 'ignore_ament_install'
[0.525s] Level 1:colcon.colcon_core.package_identification:_identify(src/navigation2/nav2_bt_navigator) by extensions ['colcon_pkg']
[0.525s] Level 1:colcon.colcon_core.package_identification:_identify(src/navigation2/nav2_bt_navigator) by extension 'colcon_pkg'
[0.525s] Level 1:colcon.colcon_core.package_identification:_identify(src/navigation2/nav2_bt_navigator) by extensions ['colcon_meta']
[0.525s] Level 1:colcon.colcon_core.package_identification:_identify(src/navigation2/nav2_bt_navigator) by extension 'colcon_meta'
[0.525s] Level 1:colcon.colcon_core.package_identification:_identify(src/navigation2/nav2_bt_navigator) by extensions ['ros']
[0.525s] Level 1:colcon.colcon_core.package_identification:_identify(src/navigation2/nav2_bt_navigator) by extension 'ros'
[0.527s] DEBUG:colcon.colcon_core.package_identification:Package 'src/navigation2/nav2_bt_navigator' with type 'ros.ament_cmake' and name 'nav2_bt_navigator'
[0.527s] Level 1:colcon.colcon_core.package_identification:_identify(src/navigation2/nav2_collision_monitor) by extensions ['ignore', 'ignore_ament_install']
[0.527s] Level 1:colcon.colcon_core.package_identification:_identify(src/navigation2/nav2_collision_monitor) by extension 'ignore'
[0.527s] Level 1:colcon.colcon_core.package_identification:_identify(src/navigation2/nav2_collision_monitor) by extension 'ignore_ament_install'
[0.527s] Level 1:colcon.colcon_core.package_identification:_identify(src/navigation2/nav2_collision_monitor) by extensions ['colcon_pkg']
[0.527s] Level 1:colcon.colcon_core.package_identification:_identify(src/navigation2/nav2_collision_monitor) by extension 'colcon_pkg'
[0.527s] Level 1:colcon.colcon_core.package_identification:_identify(src/navigation2/nav2_collision_monitor) by extensions ['colcon_meta']
[0.527s] Level 1:colcon.colcon_core.package_identification:_identify(src/navigation2/nav2_collision_monitor) by extension 'colcon_meta'
[0.527s] Level 1:colcon.colcon_core.package_identification:_identify(src/navigation2/nav2_collision_monitor) by extensions ['ros']
[0.527s] Level 1:colcon.colcon_core.package_identification:_identify(src/navigation2/nav2_collision_monitor) by extension 'ros'
[0.529s] DEBUG:colcon.colcon_core.package_identification:Package 'src/navigation2/nav2_collision_monitor' with type 'ros.ament_cmake' and name 'nav2_collision_monitor'
[0.529s] Level 1:colcon.colcon_core.package_identification:_identify(src/navigation2/nav2_common) by extensions ['ignore', 'ignore_ament_install']
[0.529s] Level 1:colcon.colcon_core.package_identification:_identify(src/navigation2/nav2_common) by extension 'ignore'
[0.529s] Level 1:colcon.colcon_core.package_identification:_identify(src/navigation2/nav2_common) by extension 'ignore_ament_install'
[0.529s] Level 1:colcon.colcon_core.package_identification:_identify(src/navigation2/nav2_common) by extensions ['colcon_pkg']
[0.530s] Level 1:colcon.colcon_core.package_identification:_identify(src/navigation2/nav2_common) by extension 'colcon_pkg'
[0.530s] Level 1:colcon.colcon_core.package_identification:_identify(src/navigation2/nav2_common) by extensions ['colcon_meta']
[0.530s] Level 1:colcon.colcon_core.package_identification:_identify(src/navigation2/nav2_common) by extension 'colcon_meta'
[0.530s] Level 1:colcon.colcon_core.package_identification:_identify(src/navigation2/nav2_common) by extensions ['ros']
[0.530s] Level 1:colcon.colcon_core.package_identification:_identify(src/navigation2/nav2_common) by extension 'ros'
[0.531s] DEBUG:colcon.colcon_core.package_identification:Package 'src/navigation2/nav2_common' with type 'ros.ament_cmake' and name 'nav2_common'
[0.531s] Level 1:colcon.colcon_core.package_identification:_identify(src/navigation2/nav2_constrained_smoother) by extensions ['ignore', 'ignore_ament_install']
[0.531s] Level 1:colcon.colcon_core.package_identification:_identify(src/navigation2/nav2_constrained_smoother) by extension 'ignore'
[0.531s] Level 1:colcon.colcon_core.package_identification:_identify(src/navigation2/nav2_constrained_smoother) by extension 'ignore_ament_install'
[0.531s] Level 1:colcon.colcon_core.package_identification:_identify(src/navigation2/nav2_constrained_smoother) by extensions ['colcon_pkg']
[0.531s] Level 1:colcon.colcon_core.package_identification:_identify(src/navigation2/nav2_constrained_smoother) by extension 'colcon_pkg'
[0.531s] Level 1:colcon.colcon_core.package_identification:_identify(src/navigation2/nav2_constrained_smoother) by extensions ['colcon_meta']
[0.531s] Level 1:colcon.colcon_core.package_identification:_identify(src/navigation2/nav2_constrained_smoother) by extension 'colcon_meta'
[0.531s] Level 1:colcon.colcon_core.package_identification:_identify(src/navigation2/nav2_constrained_smoother) by extensions ['ros']
[0.531s] Level 1:colcon.colcon_core.package_identification:_identify(src/navigation2/nav2_constrained_smoother) by extension 'ros'
[0.533s] DEBUG:colcon.colcon_core.package_identification:Package 'src/navigation2/nav2_constrained_smoother' with type 'ros.ament_cmake' and name 'nav2_constrained_smoother'
[0.533s] Level 1:colcon.colcon_core.package_identification:_identify(src/navigation2/nav2_controller) by extensions ['ignore', 'ignore_ament_install']
[0.533s] Level 1:colcon.colcon_core.package_identification:_identify(src/navigation2/nav2_controller) by extension 'ignore'
[0.533s] Level 1:colcon.colcon_core.package_identification:_identify(src/navigation2/nav2_controller) by extension 'ignore_ament_install'
[0.533s] Level 1:colcon.colcon_core.package_identification:_identify(src/navigation2/nav2_controller) by extensions ['colcon_pkg']
[0.533s] Level 1:colcon.colcon_core.package_identification:_identify(src/navigation2/nav2_controller) by extension 'colcon_pkg'
[0.533s] Level 1:colcon.colcon_core.package_identification:_identify(src/navigation2/nav2_controller) by extensions ['colcon_meta']
[0.533s] Level 1:colcon.colcon_core.package_identification:_identify(src/navigation2/nav2_controller) by extension 'colcon_meta'
[0.533s] Level 1:colcon.colcon_core.package_identification:_identify(src/navigation2/nav2_controller) by extensions ['ros']
[0.533s] Level 1:colcon.colcon_core.package_identification:_identify(src/navigation2/nav2_controller) by extension 'ros'
[0.535s] DEBUG:colcon.colcon_core.package_identification:Package 'src/navigation2/nav2_controller' with type 'ros.ament_cmake' and name 'nav2_controller'
[0.535s] Level 1:colcon.colcon_core.package_identification:_identify(src/navigation2/nav2_core) by extensions ['ignore', 'ignore_ament_install']
[0.535s] Level 1:colcon.colcon_core.package_identification:_identify(src/navigation2/nav2_core) by extension 'ignore'
[0.535s] Level 1:colcon.colcon_core.package_identification:_identify(src/navigation2/nav2_core) by extension 'ignore_ament_install'
[0.536s] Level 1:colcon.colcon_core.package_identification:_identify(src/navigation2/nav2_core) by extensions ['colcon_pkg']
[0.536s] Level 1:colcon.colcon_core.package_identification:_identify(src/navigation2/nav2_core) by extension 'colcon_pkg'
[0.536s] Level 1:colcon.colcon_core.package_identification:_identify(src/navigation2/nav2_core) by extensions ['colcon_meta']
[0.536s] Level 1:colcon.colcon_core.package_identification:_identify(src/navigation2/nav2_core) by extension 'colcon_meta'
[0.536s] Level 1:colcon.colcon_core.package_identification:_identify(src/navigation2/nav2_core) by extensions ['ros']
[0.536s] Level 1:colcon.colcon_core.package_identification:_identify(src/navigation2/nav2_core) by extension 'ros'
[0.537s] DEBUG:colcon.colcon_core.package_identification:Package 'src/navigation2/nav2_core' with type 'ros.ament_cmake' and name 'nav2_core'
[0.537s] Level 1:colcon.colcon_core.package_identification:_identify(src/navigation2/nav2_costmap_2d) by extensions ['ignore', 'ignore_ament_install']
[0.538s] Level 1:colcon.colcon_core.package_identification:_identify(src/navigation2/nav2_costmap_2d) by extension 'ignore'
[0.538s] Level 1:colcon.colcon_core.package_identification:_identify(src/navigation2/nav2_costmap_2d) by extension 'ignore_ament_install'
[0.538s] Level 1:colcon.colcon_core.package_identification:_identify(src/navigation2/nav2_costmap_2d) by extensions ['colcon_pkg']
[0.538s] Level 1:colcon.colcon_core.package_identification:_identify(src/navigation2/nav2_costmap_2d) by extension 'colcon_pkg'
[0.538s] Level 1:colcon.colcon_core.package_identification:_identify(src/navigation2/nav2_costmap_2d) by extensions ['colcon_meta']
[0.538s] Level 1:colcon.colcon_core.package_identification:_identify(src/navigation2/nav2_costmap_2d) by extension 'colcon_meta'
[0.538s] Level 1:colcon.colcon_core.package_identification:_identify(src/navigation2/nav2_costmap_2d) by extensions ['ros']
[0.538s] Level 1:colcon.colcon_core.package_identification:_identify(src/navigation2/nav2_costmap_2d) by extension 'ros'
[0.540s] DEBUG:colcon.colcon_core.package_identification:Package 'src/navigation2/nav2_costmap_2d' with type 'ros.ament_cmake' and name 'nav2_costmap_2d'
[0.541s] Level 1:colcon.colcon_core.package_identification:_identify(src/navigation2/nav2_docking) by extensions ['ignore', 'ignore_ament_install']
[0.541s] Level 1:colcon.colcon_core.package_identification:_identify(src/navigation2/nav2_docking) by extension 'ignore'
[0.541s] Level 1:colcon.colcon_core.package_identification:_identify(src/navigation2/nav2_docking) by extension 'ignore_ament_install'
[0.541s] Level 1:colcon.colcon_core.package_identification:_identify(src/navigation2/nav2_docking) by extensions ['colcon_pkg']
[0.541s] Level 1:colcon.colcon_core.package_identification:_identify(src/navigation2/nav2_docking) by extension 'colcon_pkg'
[0.541s] Level 1:colcon.colcon_core.package_identification:_identify(src/navigation2/nav2_docking) by extensions ['colcon_meta']
[0.541s] Level 1:colcon.colcon_core.package_identification:_identify(src/navigation2/nav2_docking) by extension 'colcon_meta'
[0.541s] Level 1:colcon.colcon_core.package_identification:_identify(src/navigation2/nav2_docking) by extensions ['ros']
[0.541s] Level 1:colcon.colcon_core.package_identification:_identify(src/navigation2/nav2_docking) by extension 'ros'
[0.541s] Level 1:colcon.colcon_core.package_identification:_identify(src/navigation2/nav2_docking) by extensions ['cmake', 'python']
[0.541s] Level 1:colcon.colcon_core.package_identification:_identify(src/navigation2/nav2_docking) by extension 'cmake'
[0.541s] Level 1:colcon.colcon_core.package_identification:_identify(src/navigation2/nav2_docking) by extension 'python'
[0.541s] Level 1:colcon.colcon_core.package_identification:_identify(src/navigation2/nav2_docking) by extensions ['python_setup_py']
[0.541s] Level 1:colcon.colcon_core.package_identification:_identify(src/navigation2/nav2_docking) by extension 'python_setup_py'
[0.541s] Level 1:colcon.colcon_core.package_identification:_identify(src/navigation2/nav2_docking/docs) by extensions ['ignore', 'ignore_ament_install']
[0.541s] Level 1:colcon.colcon_core.package_identification:_identify(src/navigation2/nav2_docking/docs) by extension 'ignore'
[0.542s] Level 1:colcon.colcon_core.package_identification:_identify(src/navigation2/nav2_docking/docs) by extension 'ignore_ament_install'
[0.542s] Level 1:colcon.colcon_core.package_identification:_identify(src/navigation2/nav2_docking/docs) by extensions ['colcon_pkg']
[0.542s] Level 1:colcon.colcon_core.package_identification:_identify(src/navigation2/nav2_docking/docs) by extension 'colcon_pkg'
[0.542s] Level 1:colcon.colcon_core.package_identification:_identify(src/navigation2/nav2_docking/docs) by extensions ['colcon_meta']
[0.542s] Level 1:colcon.colcon_core.package_identification:_identify(src/navigation2/nav2_docking/docs) by extension 'colcon_meta'
[0.542s] Level 1:colcon.colcon_core.package_identification:_identify(src/navigation2/nav2_docking/docs) by extensions ['ros']
[0.542s] Level 1:colcon.colcon_core.package_identification:_identify(src/navigation2/nav2_docking/docs) by extension 'ros'
[0.542s] Level 1:colcon.colcon_core.package_identification:_identify(src/navigation2/nav2_docking/docs) by extensions ['cmake', 'python']
[0.542s] Level 1:colcon.colcon_core.package_identification:_identify(src/navigation2/nav2_docking/docs) by extension 'cmake'
[0.542s] Level 1:colcon.colcon_core.package_identification:_identify(src/navigation2/nav2_docking/docs) by extension 'python'
[0.542s] Level 1:colcon.colcon_core.package_identification:_identify(src/navigation2/nav2_docking/docs) by extensions ['python_setup_py']
[0.542s] Level 1:colcon.colcon_core.package_identification:_identify(src/navigation2/nav2_docking/docs) by extension 'python_setup_py'
[0.542s] Level 1:colcon.colcon_core.package_identification:_identify(src/navigation2/nav2_docking/opennav_docking) by extensions ['ignore', 'ignore_ament_install']
[0.542s] Level 1:colcon.colcon_core.package_identification:_identify(src/navigation2/nav2_docking/opennav_docking) by extension 'ignore'
[0.542s] Level 1:colcon.colcon_core.package_identification:_identify(src/navigation2/nav2_docking/opennav_docking) by extension 'ignore_ament_install'
[0.542s] Level 1:colcon.colcon_core.package_identification:_identify(src/navigation2/nav2_docking/opennav_docking) by extensions ['colcon_pkg']
[0.542s] Level 1:colcon.colcon_core.package_identification:_identify(src/navigation2/nav2_docking/opennav_docking) by extension 'colcon_pkg'
[0.542s] Level 1:colcon.colcon_core.package_identification:_identify(src/navigation2/nav2_docking/opennav_docking) by extensions ['colcon_meta']
[0.542s] Level 1:colcon.colcon_core.package_identification:_identify(src/navigation2/nav2_docking/opennav_docking) by extension 'colcon_meta'
[0.543s] Level 1:colcon.colcon_core.package_identification:_identify(src/navigation2/nav2_docking/opennav_docking) by extensions ['ros']
[0.543s] Level 1:colcon.colcon_core.package_identification:_identify(src/navigation2/nav2_docking/opennav_docking) by extension 'ros'
[0.566s] DEBUG:colcon.colcon_core.package_identification:Package 'src/navigation2/nav2_docking/opennav_docking' with type 'ros.ament_cmake' and name 'opennav_docking'
[0.566s] Level 1:colcon.colcon_core.package_identification:_identify(src/navigation2/nav2_docking/opennav_docking_bt) by extensions ['ignore', 'ignore_ament_install']
[0.566s] Level 1:colcon.colcon_core.package_identification:_identify(src/navigation2/nav2_docking/opennav_docking_bt) by extension 'ignore'
[0.566s] Level 1:colcon.colcon_core.package_identification:_identify(src/navigation2/nav2_docking/opennav_docking_bt) by extension 'ignore_ament_install'
[0.566s] Level 1:colcon.colcon_core.package_identification:_identify(src/navigation2/nav2_docking/opennav_docking_bt) by extensions ['colcon_pkg']
[0.566s] Level 1:colcon.colcon_core.package_identification:_identify(src/navigation2/nav2_docking/opennav_docking_bt) by extension 'colcon_pkg'
[0.566s] Level 1:colcon.colcon_core.package_identification:_identify(src/navigation2/nav2_docking/opennav_docking_bt) by extensions ['colcon_meta']
[0.567s] Level 1:colcon.colcon_core.package_identification:_identify(src/navigation2/nav2_docking/opennav_docking_bt) by extension 'colcon_meta'
[0.567s] Level 1:colcon.colcon_core.package_identification:_identify(src/navigation2/nav2_docking/opennav_docking_bt) by extensions ['ros']
[0.567s] Level 1:colcon.colcon_core.package_identification:_identify(src/navigation2/nav2_docking/opennav_docking_bt) by extension 'ros'
[0.568s] DEBUG:colcon.colcon_core.package_identification:Package 'src/navigation2/nav2_docking/opennav_docking_bt' with type 'ros.ament_cmake' and name 'opennav_docking_bt'
[0.568s] Level 1:colcon.colcon_core.package_identification:_identify(src/navigation2/nav2_docking/opennav_docking_core) by extensions ['ignore', 'ignore_ament_install']
[0.568s] Level 1:colcon.colcon_core.package_identification:_identify(src/navigation2/nav2_docking/opennav_docking_core) by extension 'ignore'
[0.568s] Level 1:colcon.colcon_core.package_identification:_identify(src/navigation2/nav2_docking/opennav_docking_core) by extension 'ignore_ament_install'
[0.569s] Level 1:colcon.colcon_core.package_identification:_identify(src/navigation2/nav2_docking/opennav_docking_core) by extensions ['colcon_pkg']
[0.569s] Level 1:colcon.colcon_core.package_identification:_identify(src/navigation2/nav2_docking/opennav_docking_core) by extension 'colcon_pkg'
[0.569s] Level 1:colcon.colcon_core.package_identification:_identify(src/navigation2/nav2_docking/opennav_docking_core) by extensions ['colcon_meta']
[0.569s] Level 1:colcon.colcon_core.package_identification:_identify(src/navigation2/nav2_docking/opennav_docking_core) by extension 'colcon_meta'
[0.569s] Level 1:colcon.colcon_core.package_identification:_identify(src/navigation2/nav2_docking/opennav_docking_core) by extensions ['ros']
[0.569s] Level 1:colcon.colcon_core.package_identification:_identify(src/navigation2/nav2_docking/opennav_docking_core) by extension 'ros'
[0.570s] DEBUG:colcon.colcon_core.package_identification:Package 'src/navigation2/nav2_docking/opennav_docking_core' with type 'ros.ament_cmake' and name 'opennav_docking_core'
[0.570s] Level 1:colcon.colcon_core.package_identification:_identify(src/navigation2/nav2_dwb_controller) by extensions ['ignore', 'ignore_ament_install']
[0.570s] Level 1:colcon.colcon_core.package_identification:_identify(src/navigation2/nav2_dwb_controller) by extension 'ignore'
[0.570s] Level 1:colcon.colcon_core.package_identification:_identify(src/navigation2/nav2_dwb_controller) by extension 'ignore_ament_install'
[0.570s] Level 1:colcon.colcon_core.package_identification:_identify(src/navigation2/nav2_dwb_controller) by extensions ['colcon_pkg']
[0.570s] Level 1:colcon.colcon_core.package_identification:_identify(src/navigation2/nav2_dwb_controller) by extension 'colcon_pkg'
[0.570s] Level 1:colcon.colcon_core.package_identification:_identify(src/navigation2/nav2_dwb_controller) by extensions ['colcon_meta']
[0.570s] Level 1:colcon.colcon_core.package_identification:_identify(src/navigation2/nav2_dwb_controller) by extension 'colcon_meta'
[0.570s] Level 1:colcon.colcon_core.package_identification:_identify(src/navigation2/nav2_dwb_controller) by extensions ['ros']
[0.570s] Level 1:colcon.colcon_core.package_identification:_identify(src/navigation2/nav2_dwb_controller) by extension 'ros'
[0.571s] Level 1:colcon.colcon_core.package_identification:_identify(src/navigation2/nav2_dwb_controller) by extensions ['cmake', 'python']
[0.571s] Level 1:colcon.colcon_core.package_identification:_identify(src/navigation2/nav2_dwb_controller) by extension 'cmake'
[0.571s] Level 1:colcon.colcon_core.package_identification:_identify(src/navigation2/nav2_dwb_controller) by extension 'python'
[0.571s] Level 1:colcon.colcon_core.package_identification:_identify(src/navigation2/nav2_dwb_controller) by extensions ['python_setup_py']
[0.571s] Level 1:colcon.colcon_core.package_identification:_identify(src/navigation2/nav2_dwb_controller) by extension 'python_setup_py'
[0.571s] Level 1:colcon.colcon_core.package_identification:_identify(src/navigation2/nav2_dwb_controller/costmap_queue) by extensions ['ignore', 'ignore_ament_install']
[0.571s] Level 1:colcon.colcon_core.package_identification:_identify(src/navigation2/nav2_dwb_controller/costmap_queue) by extension 'ignore'
[0.571s] Level 1:colcon.colcon_core.package_identification:_identify(src/navigation2/nav2_dwb_controller/costmap_queue) by extension 'ignore_ament_install'
[0.571s] Level 1:colcon.colcon_core.package_identification:_identify(src/navigation2/nav2_dwb_controller/costmap_queue) by extensions ['colcon_pkg']
[0.571s] Level 1:colcon.colcon_core.package_identification:_identify(src/navigation2/nav2_dwb_controller/costmap_queue) by extension 'colcon_pkg'
[0.571s] Level 1:colcon.colcon_core.package_identification:_identify(src/navigation2/nav2_dwb_controller/costmap_queue) by extensions ['colcon_meta']
[0.571s] Level 1:colcon.colcon_core.package_identification:_identify(src/navigation2/nav2_dwb_controller/costmap_queue) by extension 'colcon_meta'
[0.571s] Level 1:colcon.colcon_core.package_identification:_identify(src/navigation2/nav2_dwb_controller/costmap_queue) by extensions ['ros']
[0.571s] Level 1:colcon.colcon_core.package_identification:_identify(src/navigation2/nav2_dwb_controller/costmap_queue) by extension 'ros'
[0.573s] DEBUG:colcon.colcon_core.package_identification:Package 'src/navigation2/nav2_dwb_controller/costmap_queue' with type 'ros.ament_cmake' and name 'costmap_queue'
[0.573s] Level 1:colcon.colcon_core.package_identification:_identify(src/navigation2/nav2_dwb_controller/dwb_core) by extensions ['ignore', 'ignore_ament_install']
[0.573s] Level 1:colcon.colcon_core.package_identification:_identify(src/navigation2/nav2_dwb_controller/dwb_core) by extension 'ignore'
[0.573s] Level 1:colcon.colcon_core.package_identification:_identify(src/navigation2/nav2_dwb_controller/dwb_core) by extension 'ignore_ament_install'
[0.573s] Level 1:colcon.colcon_core.package_identification:_identify(src/navigation2/nav2_dwb_controller/dwb_core) by extensions ['colcon_pkg']
[0.573s] Level 1:colcon.colcon_core.package_identification:_identify(src/navigation2/nav2_dwb_controller/dwb_core) by extension 'colcon_pkg'
[0.573s] Level 1:colcon.colcon_core.package_identification:_identify(src/navigation2/nav2_dwb_controller/dwb_core) by extensions ['colcon_meta']
[0.573s] Level 1:colcon.colcon_core.package_identification:_identify(src/navigation2/nav2_dwb_controller/dwb_core) by extension 'colcon_meta'
[0.573s] Level 1:colcon.colcon_core.package_identification:_identify(src/navigation2/nav2_dwb_controller/dwb_core) by extensions ['ros']
[0.573s] Level 1:colcon.colcon_core.package_identification:_identify(src/navigation2/nav2_dwb_controller/dwb_core) by extension 'ros'
[0.575s] DEBUG:colcon.colcon_core.package_identification:Package 'src/navigation2/nav2_dwb_controller/dwb_core' with type 'ros.ament_cmake' and name 'dwb_core'
[0.575s] Level 1:colcon.colcon_core.package_identification:_identify(src/navigation2/nav2_dwb_controller/dwb_critics) by extensions ['ignore', 'ignore_ament_install']
[0.575s] Level 1:colcon.colcon_core.package_identification:_identify(src/navigation2/nav2_dwb_controller/dwb_critics) by extension 'ignore'
[0.575s] Level 1:colcon.colcon_core.package_identification:_identify(src/navigation2/nav2_dwb_controller/dwb_critics) by extension 'ignore_ament_install'
[0.575s] Level 1:colcon.colcon_core.package_identification:_identify(src/navigation2/nav2_dwb_controller/dwb_critics) by extensions ['colcon_pkg']
[0.575s] Level 1:colcon.colcon_core.package_identification:_identify(src/navigation2/nav2_dwb_controller/dwb_critics) by extension 'colcon_pkg'
[0.575s] Level 1:colcon.colcon_core.package_identification:_identify(src/navigation2/nav2_dwb_controller/dwb_critics) by extensions ['colcon_meta']
[0.575s] Level 1:colcon.colcon_core.package_identification:_identify(src/navigation2/nav2_dwb_controller/dwb_critics) by extension 'colcon_meta'
[0.575s] Level 1:colcon.colcon_core.package_identification:_identify(src/navigation2/nav2_dwb_controller/dwb_critics) by extensions ['ros']
[0.575s] Level 1:colcon.colcon_core.package_identification:_identify(src/navigation2/nav2_dwb_controller/dwb_critics) by extension 'ros'
[0.577s] DEBUG:colcon.colcon_core.package_identification:Package 'src/navigation2/nav2_dwb_controller/dwb_critics' with type 'ros.ament_cmake' and name 'dwb_critics'
[0.577s] Level 1:colcon.colcon_core.package_identification:_identify(src/navigation2/nav2_dwb_controller/dwb_msgs) by extensions ['ignore', 'ignore_ament_install']
[0.578s] Level 1:colcon.colcon_core.package_identification:_identify(src/navigation2/nav2_dwb_controller/dwb_msgs) by extension 'ignore'
[0.578s] Level 1:colcon.colcon_core.package_identification:_identify(src/navigation2/nav2_dwb_controller/dwb_msgs) by extension 'ignore_ament_install'
[0.578s] Level 1:colcon.colcon_core.package_identification:_identify(src/navigation2/nav2_dwb_controller/dwb_msgs) by extensions ['colcon_pkg']
[0.578s] Level 1:colcon.colcon_core.package_identification:_identify(src/navigation2/nav2_dwb_controller/dwb_msgs) by extension 'colcon_pkg'
[0.578s] Level 1:colcon.colcon_core.package_identification:_identify(src/navigation2/nav2_dwb_controller/dwb_msgs) by extensions ['colcon_meta']
[0.578s] Level 1:colcon.colcon_core.package_identification:_identify(src/navigation2/nav2_dwb_controller/dwb_msgs) by extension 'colcon_meta'
[0.578s] Level 1:colcon.colcon_core.package_identification:_identify(src/navigation2/nav2_dwb_controller/dwb_msgs) by extensions ['ros']
[0.578s] Level 1:colcon.colcon_core.package_identification:_identify(src/navigation2/nav2_dwb_controller/dwb_msgs) by extension 'ros'
[0.579s] DEBUG:colcon.colcon_core.package_identification:Package 'src/navigation2/nav2_dwb_controller/dwb_msgs' with type 'ros.ament_cmake' and name 'dwb_msgs'
[0.579s] Level 1:colcon.colcon_core.package_identification:_identify(src/navigation2/nav2_dwb_controller/dwb_plugins) by extensions ['ignore', 'ignore_ament_install']
[0.580s] Level 1:colcon.colcon_core.package_identification:_identify(src/navigation2/nav2_dwb_controller/dwb_plugins) by extension 'ignore'
[0.580s] Level 1:colcon.colcon_core.package_identification:_identify(src/navigation2/nav2_dwb_controller/dwb_plugins) by extension 'ignore_ament_install'
[0.580s] Level 1:colcon.colcon_core.package_identification:_identify(src/navigation2/nav2_dwb_controller/dwb_plugins) by extensions ['colcon_pkg']
[0.580s] Level 1:colcon.colcon_core.package_identification:_identify(src/navigation2/nav2_dwb_controller/dwb_plugins) by extension 'colcon_pkg'
[0.580s] Level 1:colcon.colcon_core.package_identification:_identify(src/navigation2/nav2_dwb_controller/dwb_plugins) by extensions ['colcon_meta']
[0.580s] Level 1:colcon.colcon_core.package_identification:_identify(src/navigation2/nav2_dwb_controller/dwb_plugins) by extension 'colcon_meta'
[0.580s] Level 1:colcon.colcon_core.package_identification:_identify(src/navigation2/nav2_dwb_controller/dwb_plugins) by extensions ['ros']
[0.580s] Level 1:colcon.colcon_core.package_identification:_identify(src/navigation2/nav2_dwb_controller/dwb_plugins) by extension 'ros'
[0.582s] DEBUG:colcon.colcon_core.package_identification:Package 'src/navigation2/nav2_dwb_controller/dwb_plugins' with type 'ros.ament_cmake' and name 'dwb_plugins'
[0.582s] Level 1:colcon.colcon_core.package_identification:_identify(src/navigation2/nav2_dwb_controller/images) by extensions ['ignore', 'ignore_ament_install']
[0.582s] Level 1:colcon.colcon_core.package_identification:_identify(src/navigation2/nav2_dwb_controller/images) by extension 'ignore'
[0.582s] Level 1:colcon.colcon_core.package_identification:_identify(src/navigation2/nav2_dwb_controller/images) by extension 'ignore_ament_install'
[0.582s] Level 1:colcon.colcon_core.package_identification:_identify(src/navigation2/nav2_dwb_controller/images) by extensions ['colcon_pkg']
[0.582s] Level 1:colcon.colcon_core.package_identification:_identify(src/navigation2/nav2_dwb_controller/images) by extension 'colcon_pkg'
[0.582s] Level 1:colcon.colcon_core.package_identification:_identify(src/navigation2/nav2_dwb_controller/images) by extensions ['colcon_meta']
[0.582s] Level 1:colcon.colcon_core.package_identification:_identify(src/navigation2/nav2_dwb_controller/images) by extension 'colcon_meta'
[0.582s] Level 1:colcon.colcon_core.package_identification:_identify(src/navigation2/nav2_dwb_controller/images) by extensions ['ros']
[0.582s] Level 1:colcon.colcon_core.package_identification:_identify(src/navigation2/nav2_dwb_controller/images) by extension 'ros'
[0.582s] Level 1:colcon.colcon_core.package_identification:_identify(src/navigation2/nav2_dwb_controller/images) by extensions ['cmake', 'python']
[0.583s] Level 1:colcon.colcon_core.package_identification:_identify(src/navigation2/nav2_dwb_controller/images) by extension 'cmake'
[0.583s] Level 1:colcon.colcon_core.package_identification:_identify(src/navigation2/nav2_dwb_controller/images) by extension 'python'
[0.583s] Level 1:colcon.colcon_core.package_identification:_identify(src/navigation2/nav2_dwb_controller/images) by extensions ['python_setup_py']
[0.583s] Level 1:colcon.colcon_core.package_identification:_identify(src/navigation2/nav2_dwb_controller/images) by extension 'python_setup_py'
[0.583s] Level 1:colcon.colcon_core.package_identification:_identify(src/navigation2/nav2_dwb_controller/nav2_dwb_controller) by extensions ['ignore', 'ignore_ament_install']
[0.583s] Level 1:colcon.colcon_core.package_identification:_identify(src/navigation2/nav2_dwb_controller/nav2_dwb_controller) by extension 'ignore'
[0.583s] Level 1:colcon.colcon_core.package_identification:_identify(src/navigation2/nav2_dwb_controller/nav2_dwb_controller) by extension 'ignore_ament_install'
[0.583s] Level 1:colcon.colcon_core.package_identification:_identify(src/navigation2/nav2_dwb_controller/nav2_dwb_controller) by extensions ['colcon_pkg']
[0.583s] Level 1:colcon.colcon_core.package_identification:_identify(src/navigation2/nav2_dwb_controller/nav2_dwb_controller) by extension 'colcon_pkg'
[0.583s] Level 1:colcon.colcon_core.package_identification:_identify(src/navigation2/nav2_dwb_controller/nav2_dwb_controller) by extensions ['colcon_meta']
[0.583s] Level 1:colcon.colcon_core.package_identification:_identify(src/navigation2/nav2_dwb_controller/nav2_dwb_controller) by extension 'colcon_meta'
[0.583s] Level 1:colcon.colcon_core.package_identification:_identify(src/navigation2/nav2_dwb_controller/nav2_dwb_controller) by extensions ['ros']
[0.583s] Level 1:colcon.colcon_core.package_identification:_identify(src/navigation2/nav2_dwb_controller/nav2_dwb_controller) by extension 'ros'
[0.602s] DEBUG:colcon.colcon_core.package_identification:Package 'src/navigation2/nav2_dwb_controller/nav2_dwb_controller' with type 'ros.ament_cmake' and name 'nav2_dwb_controller'
[0.602s] Level 1:colcon.colcon_core.package_identification:_identify(src/navigation2/nav2_dwb_controller/nav_2d_msgs) by extensions ['ignore', 'ignore_ament_install']
[0.602s] Level 1:colcon.colcon_core.package_identification:_identify(src/navigation2/nav2_dwb_controller/nav_2d_msgs) by extension 'ignore'
[0.603s] Level 1:colcon.colcon_core.package_identification:_identify(src/navigation2/nav2_dwb_controller/nav_2d_msgs) by extension 'ignore_ament_install'
[0.603s] Level 1:colcon.colcon_core.package_identification:_identify(src/navigation2/nav2_dwb_controller/nav_2d_msgs) by extensions ['colcon_pkg']
[0.603s] Level 1:colcon.colcon_core.package_identification:_identify(src/navigation2/nav2_dwb_controller/nav_2d_msgs) by extension 'colcon_pkg'
[0.603s] Level 1:colcon.colcon_core.package_identification:_identify(src/navigation2/nav2_dwb_controller/nav_2d_msgs) by extensions ['colcon_meta']
[0.603s] Level 1:colcon.colcon_core.package_identification:_identify(src/navigation2/nav2_dwb_controller/nav_2d_msgs) by extension 'colcon_meta'
[0.603s] Level 1:colcon.colcon_core.package_identification:_identify(src/navigation2/nav2_dwb_controller/nav_2d_msgs) by extensions ['ros']
[0.603s] Level 1:colcon.colcon_core.package_identification:_identify(src/navigation2/nav2_dwb_controller/nav_2d_msgs) by extension 'ros'
[0.604s] DEBUG:colcon.colcon_core.package_identification:Package 'src/navigation2/nav2_dwb_controller/nav_2d_msgs' with type 'ros.ament_cmake' and name 'nav_2d_msgs'
[0.604s] Level 1:colcon.colcon_core.package_identification:_identify(src/navigation2/nav2_dwb_controller/nav_2d_utils) by extensions ['ignore', 'ignore_ament_install']
[0.605s] Level 1:colcon.colcon_core.package_identification:_identify(src/navigation2/nav2_dwb_controller/nav_2d_utils) by extension 'ignore'
[0.605s] Level 1:colcon.colcon_core.package_identification:_identify(src/navigation2/nav2_dwb_controller/nav_2d_utils) by extension 'ignore_ament_install'
[0.605s] Level 1:colcon.colcon_core.package_identification:_identify(src/navigation2/nav2_dwb_controller/nav_2d_utils) by extensions ['colcon_pkg']
[0.605s] Level 1:colcon.colcon_core.package_identification:_identify(src/navigation2/nav2_dwb_controller/nav_2d_utils) by extension 'colcon_pkg'
[0.605s] Level 1:colcon.colcon_core.package_identification:_identify(src/navigation2/nav2_dwb_controller/nav_2d_utils) by extensions ['colcon_meta']
[0.605s] Level 1:colcon.colcon_core.package_identification:_identify(src/navigation2/nav2_dwb_controller/nav_2d_utils) by extension 'colcon_meta'
[0.605s] Level 1:colcon.colcon_core.package_identification:_identify(src/navigation2/nav2_dwb_controller/nav_2d_utils) by extensions ['ros']
[0.605s] Level 1:colcon.colcon_core.package_identification:_identify(src/navigation2/nav2_dwb_controller/nav_2d_utils) by extension 'ros'
[0.607s] DEBUG:colcon.colcon_core.package_identification:Package 'src/navigation2/nav2_dwb_controller/nav_2d_utils' with type 'ros.ament_cmake' and name 'nav_2d_utils'
[0.607s] Level 1:colcon.colcon_core.package_identification:_identify(src/navigation2/nav2_graceful_controller) by extensions ['ignore', 'ignore_ament_install']
[0.607s] Level 1:colcon.colcon_core.package_identification:_identify(src/navigation2/nav2_graceful_controller) by extension 'ignore'
[0.607s] Level 1:colcon.colcon_core.package_identification:_identify(src/navigation2/nav2_graceful_controller) by extension 'ignore_ament_install'
[0.607s] Level 1:colcon.colcon_core.package_identification:_identify(src/navigation2/nav2_graceful_controller) by extensions ['colcon_pkg']
[0.607s] Level 1:colcon.colcon_core.package_identification:_identify(src/navigation2/nav2_graceful_controller) by extension 'colcon_pkg'
[0.607s] Level 1:colcon.colcon_core.package_identification:_identify(src/navigation2/nav2_graceful_controller) by extensions ['colcon_meta']
[0.607s] Level 1:colcon.colcon_core.package_identification:_identify(src/navigation2/nav2_graceful_controller) by extension 'colcon_meta'
[0.607s] Level 1:colcon.colcon_core.package_identification:_identify(src/navigation2/nav2_graceful_controller) by extensions ['ros']
[0.607s] Level 1:colcon.colcon_core.package_identification:_identify(src/navigation2/nav2_graceful_controller) by extension 'ros'
[0.609s] DEBUG:colcon.colcon_core.package_identification:Package 'src/navigation2/nav2_graceful_controller' with type 'ros.ament_cmake' and name 'nav2_graceful_controller'
[0.610s] Level 1:colcon.colcon_core.package_identification:_identify(src/navigation2/nav2_lifecycle_manager) by extensions ['ignore', 'ignore_ament_install']
[0.610s] Level 1:colcon.colcon_core.package_identification:_identify(src/navigation2/nav2_lifecycle_manager) by extension 'ignore'
[0.610s] Level 1:colcon.colcon_core.package_identification:_identify(src/navigation2/nav2_lifecycle_manager) by extension 'ignore_ament_install'
[0.610s] Level 1:colcon.colcon_core.package_identification:_identify(src/navigation2/nav2_lifecycle_manager) by extensions ['colcon_pkg']
[0.610s] Level 1:colcon.colcon_core.package_identification:_identify(src/navigation2/nav2_lifecycle_manager) by extension 'colcon_pkg'
[0.610s] Level 1:colcon.colcon_core.package_identification:_identify(src/navigation2/nav2_lifecycle_manager) by extensions ['colcon_meta']
[0.610s] Level 1:colcon.colcon_core.package_identification:_identify(src/navigation2/nav2_lifecycle_manager) by extension 'colcon_meta'
[0.610s] Level 1:colcon.colcon_core.package_identification:_identify(src/navigation2/nav2_lifecycle_manager) by extensions ['ros']
[0.610s] Level 1:colcon.colcon_core.package_identification:_identify(src/navigation2/nav2_lifecycle_manager) by extension 'ros'
[0.611s] DEBUG:colcon.colcon_core.package_identification:Package 'src/navigation2/nav2_lifecycle_manager' with type 'ros.ament_cmake' and name 'nav2_lifecycle_manager'
[0.612s] Level 1:colcon.colcon_core.package_identification:_identify(src/navigation2/nav2_loopback_sim) by extensions ['ignore', 'ignore_ament_install']
[0.612s] Level 1:colcon.colcon_core.package_identification:_identify(src/navigation2/nav2_loopback_sim) by extension 'ignore'
[0.612s] Level 1:colcon.colcon_core.package_identification:_identify(src/navigation2/nav2_loopback_sim) by extension 'ignore_ament_install'
[0.612s] Level 1:colcon.colcon_core.package_identification:_identify(src/navigation2/nav2_loopback_sim) by extensions ['colcon_pkg']
[0.612s] Level 1:colcon.colcon_core.package_identification:_identify(src/navigation2/nav2_loopback_sim) by extension 'colcon_pkg'
[0.612s] Level 1:colcon.colcon_core.package_identification:_identify(src/navigation2/nav2_loopback_sim) by extensions ['colcon_meta']
[0.612s] Level 1:colcon.colcon_core.package_identification:_identify(src/navigation2/nav2_loopback_sim) by extension 'colcon_meta'
[0.612s] Level 1:colcon.colcon_core.package_identification:_identify(src/navigation2/nav2_loopback_sim) by extensions ['ros']
[0.612s] Level 1:colcon.colcon_core.package_identification:_identify(src/navigation2/nav2_loopback_sim) by extension 'ros'
[0.613s] DEBUG:colcon.colcon_core.package_identification:Package 'src/navigation2/nav2_loopback_sim' with type 'ros.ament_python' and name 'nav2_loopback_sim'
[0.613s] Level 1:colcon.colcon_core.package_identification:_identify(src/navigation2/nav2_map_server) by extensions ['ignore', 'ignore_ament_install']
[0.613s] Level 1:colcon.colcon_core.package_identification:_identify(src/navigation2/nav2_map_server) by extension 'ignore'
[0.613s] Level 1:colcon.colcon_core.package_identification:_identify(src/navigation2/nav2_map_server) by extension 'ignore_ament_install'
[0.614s] Level 1:colcon.colcon_core.package_identification:_identify(src/navigation2/nav2_map_server) by extensions ['colcon_pkg']
[0.614s] Level 1:colcon.colcon_core.package_identification:_identify(src/navigation2/nav2_map_server) by extension 'colcon_pkg'
[0.614s] Level 1:colcon.colcon_core.package_identification:_identify(src/navigation2/nav2_map_server) by extensions ['colcon_meta']
[0.614s] Level 1:colcon.colcon_core.package_identification:_identify(src/navigation2/nav2_map_server) by extension 'colcon_meta'
[0.614s] Level 1:colcon.colcon_core.package_identification:_identify(src/navigation2/nav2_map_server) by extensions ['ros']
[0.614s] Level 1:colcon.colcon_core.package_identification:_identify(src/navigation2/nav2_map_server) by extension 'ros'
[0.616s] DEBUG:colcon.colcon_core.package_identification:Package 'src/navigation2/nav2_map_server' with type 'ros.ament_cmake' and name 'nav2_map_server'
[0.616s] Level 1:colcon.colcon_core.package_identification:_identify(src/navigation2/nav2_mppi_controller) by extensions ['ignore', 'ignore_ament_install']
[0.616s] Level 1:colcon.colcon_core.package_identification:_identify(src/navigation2/nav2_mppi_controller) by extension 'ignore'
[0.616s] Level 1:colcon.colcon_core.package_identification:_identify(src/navigation2/nav2_mppi_controller) by extension 'ignore_ament_install'
[0.616s] Level 1:colcon.colcon_core.package_identification:_identify(src/navigation2/nav2_mppi_controller) by extensions ['colcon_pkg']
[0.616s] Level 1:colcon.colcon_core.package_identification:_identify(src/navigation2/nav2_mppi_controller) by extension 'colcon_pkg'
[0.616s] Level 1:colcon.colcon_core.package_identification:_identify(src/navigation2/nav2_mppi_controller) by extensions ['colcon_meta']
[0.616s] Level 1:colcon.colcon_core.package_identification:_identify(src/navigation2/nav2_mppi_controller) by extension 'colcon_meta'
[0.616s] Level 1:colcon.colcon_core.package_identification:_identify(src/navigation2/nav2_mppi_controller) by extensions ['ros']
[0.616s] Level 1:colcon.colcon_core.package_identification:_identify(src/navigation2/nav2_mppi_controller) by extension 'ros'
[0.619s] DEBUG:colcon.colcon_core.package_identification:Package 'src/navigation2/nav2_mppi_controller' with type 'ros.ament_cmake' and name 'nav2_mppi_controller'
[0.619s] Level 1:colcon.colcon_core.package_identification:_identify(src/navigation2/nav2_msgs) by extensions ['ignore', 'ignore_ament_install']
[0.620s] Level 1:colcon.colcon_core.package_identification:_identify(src/navigation2/nav2_msgs) by extension 'ignore'
[0.620s] Level 1:colcon.colcon_core.package_identification:_identify(src/navigation2/nav2_msgs) by extension 'ignore_ament_install'
[0.620s] Level 1:colcon.colcon_core.package_identification:_identify(src/navigation2/nav2_msgs) by extensions ['colcon_pkg']
[0.620s] Level 1:colcon.colcon_core.package_identification:_identify(src/navigation2/nav2_msgs) by extension 'colcon_pkg'
[0.620s] Level 1:colcon.colcon_core.package_identification:_identify(src/navigation2/nav2_msgs) by extensions ['colcon_meta']
[0.620s] Level 1:colcon.colcon_core.package_identification:_identify(src/navigation2/nav2_msgs) by extension 'colcon_meta'
[0.620s] Level 1:colcon.colcon_core.package_identification:_identify(src/navigation2/nav2_msgs) by extensions ['ros']
[0.620s] Level 1:colcon.colcon_core.package_identification:_identify(src/navigation2/nav2_msgs) by extension 'ros'
[0.622s] DEBUG:colcon.colcon_core.package_identification:Package 'src/navigation2/nav2_msgs' with type 'ros.ament_cmake' and name 'nav2_msgs'
[0.622s] Level 1:colcon.colcon_core.package_identification:_identify(src/navigation2/nav2_navfn_planner) by extensions ['ignore', 'ignore_ament_install']
[0.622s] Level 1:colcon.colcon_core.package_identification:_identify(src/navigation2/nav2_navfn_planner) by extension 'ignore'
[0.622s] Level 1:colcon.colcon_core.package_identification:_identify(src/navigation2/nav2_navfn_planner) by extension 'ignore_ament_install'
[0.622s] Level 1:colcon.colcon_core.package_identification:_identify(src/navigation2/nav2_navfn_planner) by extensions ['colcon_pkg']
[0.622s] Level 1:colcon.colcon_core.package_identification:_identify(src/navigation2/nav2_navfn_planner) by extension 'colcon_pkg'
[0.622s] Level 1:colcon.colcon_core.package_identification:_identify(src/navigation2/nav2_navfn_planner) by extensions ['colcon_meta']
[0.622s] Level 1:colcon.colcon_core.package_identification:_identify(src/navigation2/nav2_navfn_planner) by extension 'colcon_meta'
[0.622s] Level 1:colcon.colcon_core.package_identification:_identify(src/navigation2/nav2_navfn_planner) by extensions ['ros']
[0.622s] Level 1:colcon.colcon_core.package_identification:_identify(src/navigation2/nav2_navfn_planner) by extension 'ros'
[0.624s] DEBUG:colcon.colcon_core.package_identification:Package 'src/navigation2/nav2_navfn_planner' with type 'ros.ament_cmake' and name 'nav2_navfn_planner'
[0.624s] Level 1:colcon.colcon_core.package_identification:_identify(src/navigation2/nav2_planner) by extensions ['ignore', 'ignore_ament_install']
[0.625s] Level 1:colcon.colcon_core.package_identification:_identify(src/navigation2/nav2_planner) by extension 'ignore'
[0.625s] Level 1:colcon.colcon_core.package_identification:_identify(src/navigation2/nav2_planner) by extension 'ignore_ament_install'
[0.625s] Level 1:colcon.colcon_core.package_identification:_identify(src/navigation2/nav2_planner) by extensions ['colcon_pkg']
[0.625s] Level 1:colcon.colcon_core.package_identification:_identify(src/navigation2/nav2_planner) by extension 'colcon_pkg'
[0.625s] Level 1:colcon.colcon_core.package_identification:_identify(src/navigation2/nav2_planner) by extensions ['colcon_meta']
[0.625s] Level 1:colcon.colcon_core.package_identification:_identify(src/navigation2/nav2_planner) by extension 'colcon_meta'
[0.625s] Level 1:colcon.colcon_core.package_identification:_identify(src/navigation2/nav2_planner) by extensions ['ros']
[0.625s] Level 1:colcon.colcon_core.package_identification:_identify(src/navigation2/nav2_planner) by extension 'ros'
[0.627s] DEBUG:colcon.colcon_core.package_identification:Package 'src/navigation2/nav2_planner' with type 'ros.ament_cmake' and name 'nav2_planner'
[0.627s] Level 1:colcon.colcon_core.package_identification:_identify(src/navigation2/nav2_regulated_pure_pursuit_controller) by extensions ['ignore', 'ignore_ament_install']
[0.627s] Level 1:colcon.colcon_core.package_identification:_identify(src/navigation2/nav2_regulated_pure_pursuit_controller) by extension 'ignore'
[0.627s] Level 1:colcon.colcon_core.package_identification:_identify(src/navigation2/nav2_regulated_pure_pursuit_controller) by extension 'ignore_ament_install'
[0.627s] Level 1:colcon.colcon_core.package_identification:_identify(src/navigation2/nav2_regulated_pure_pursuit_controller) by extensions ['colcon_pkg']
[0.627s] Level 1:colcon.colcon_core.package_identification:_identify(src/navigation2/nav2_regulated_pure_pursuit_controller) by extension 'colcon_pkg'
[0.627s] Level 1:colcon.colcon_core.package_identification:_identify(src/navigation2/nav2_regulated_pure_pursuit_controller) by extensions ['colcon_meta']
[0.627s] Level 1:colcon.colcon_core.package_identification:_identify(src/navigation2/nav2_regulated_pure_pursuit_controller) by extension 'colcon_meta'
[0.627s] Level 1:colcon.colcon_core.package_identification:_identify(src/navigation2/nav2_regulated_pure_pursuit_controller) by extensions ['ros']
[0.628s] Level 1:colcon.colcon_core.package_identification:_identify(src/navigation2/nav2_regulated_pure_pursuit_controller) by extension 'ros'
[0.629s] DEBUG:colcon.colcon_core.package_identification:Package 'src/navigation2/nav2_regulated_pure_pursuit_controller' with type 'ros.ament_cmake' and name 'nav2_regulated_pure_pursuit_controller'
[0.629s] Level 1:colcon.colcon_core.package_identification:_identify(src/navigation2/nav2_rotation_shim_controller) by extensions ['ignore', 'ignore_ament_install']
[0.629s] Level 1:colcon.colcon_core.package_identification:_identify(src/navigation2/nav2_rotation_shim_controller) by extension 'ignore'
[0.630s] Level 1:colcon.colcon_core.package_identification:_identify(src/navigation2/nav2_rotation_shim_controller) by extension 'ignore_ament_install'
[0.630s] Level 1:colcon.colcon_core.package_identification:_identify(src/navigation2/nav2_rotation_shim_controller) by extensions ['colcon_pkg']
[0.630s] Level 1:colcon.colcon_core.package_identification:_identify(src/navigation2/nav2_rotation_shim_controller) by extension 'colcon_pkg'
[0.630s] Level 1:colcon.colcon_core.package_identification:_identify(src/navigation2/nav2_rotation_shim_controller) by extensions ['colcon_meta']
[0.630s] Level 1:colcon.colcon_core.package_identification:_identify(src/navigation2/nav2_rotation_shim_controller) by extension 'colcon_meta'
[0.630s] Level 1:colcon.colcon_core.package_identification:_identify(src/navigation2/nav2_rotation_shim_controller) by extensions ['ros']
[0.630s] Level 1:colcon.colcon_core.package_identification:_identify(src/navigation2/nav2_rotation_shim_controller) by extension 'ros'
[0.633s] DEBUG:colcon.colcon_core.package_identification:Package 'src/navigation2/nav2_rotation_shim_controller' with type 'ros.ament_cmake' and name 'nav2_rotation_shim_controller'
[0.633s] Level 1:colcon.colcon_core.package_identification:_identify(src/navigation2/nav2_rviz_plugins) by extensions ['ignore', 'ignore_ament_install']
[0.633s] Level 1:colcon.colcon_core.package_identification:_identify(src/navigation2/nav2_rviz_plugins) by extension 'ignore'
[0.633s] Level 1:colcon.colcon_core.package_identification:_identify(src/navigation2/nav2_rviz_plugins) by extension 'ignore_ament_install'
[0.633s] Level 1:colcon.colcon_core.package_identification:_identify(src/navigation2/nav2_rviz_plugins) by extensions ['colcon_pkg']
[0.633s] Level 1:colcon.colcon_core.package_identification:_identify(src/navigation2/nav2_rviz_plugins) by extension 'colcon_pkg'
[0.633s] Level 1:colcon.colcon_core.package_identification:_identify(src/navigation2/nav2_rviz_plugins) by extensions ['colcon_meta']
[0.633s] Level 1:colcon.colcon_core.package_identification:_identify(src/navigation2/nav2_rviz_plugins) by extension 'colcon_meta'
[0.633s] Level 1:colcon.colcon_core.package_identification:_identify(src/navigation2/nav2_rviz_plugins) by extensions ['ros']
[0.633s] Level 1:colcon.colcon_core.package_identification:_identify(src/navigation2/nav2_rviz_plugins) by extension 'ros'
[0.635s] DEBUG:colcon.colcon_core.package_identification:Package 'src/navigation2/nav2_rviz_plugins' with type 'ros.ament_cmake' and name 'nav2_rviz_plugins'
[0.635s] Level 1:colcon.colcon_core.package_identification:_identify(src/navigation2/nav2_simple_commander) by extensions ['ignore', 'ignore_ament_install']
[0.635s] Level 1:colcon.colcon_core.package_identification:_identify(src/navigation2/nav2_simple_commander) by extension 'ignore'
[0.635s] Level 1:colcon.colcon_core.package_identification:_identify(src/navigation2/nav2_simple_commander) by extension 'ignore_ament_install'
[0.636s] Level 1:colcon.colcon_core.package_identification:_identify(src/navigation2/nav2_simple_commander) by extensions ['colcon_pkg']
[0.636s] Level 1:colcon.colcon_core.package_identification:_identify(src/navigation2/nav2_simple_commander) by extension 'colcon_pkg'
[0.636s] Level 1:colcon.colcon_core.package_identification:_identify(src/navigation2/nav2_simple_commander) by extensions ['colcon_meta']
[0.636s] Level 1:colcon.colcon_core.package_identification:_identify(src/navigation2/nav2_simple_commander) by extension 'colcon_meta'
[0.636s] Level 1:colcon.colcon_core.package_identification:_identify(src/navigation2/nav2_simple_commander) by extensions ['ros']
[0.636s] Level 1:colcon.colcon_core.package_identification:_identify(src/navigation2/nav2_simple_commander) by extension 'ros'
[0.637s] DEBUG:colcon.colcon_core.package_identification:Package 'src/navigation2/nav2_simple_commander' with type 'ros.ament_python' and name 'nav2_simple_commander'
[0.637s] Level 1:colcon.colcon_core.package_identification:_identify(src/navigation2/nav2_smac_planner) by extensions ['ignore', 'ignore_ament_install']
[0.637s] Level 1:colcon.colcon_core.package_identification:_identify(src/navigation2/nav2_smac_planner) by extension 'ignore'
[0.637s] Level 1:colcon.colcon_core.package_identification:_identify(src/navigation2/nav2_smac_planner) by extension 'ignore_ament_install'
[0.637s] Level 1:colcon.colcon_core.package_identification:_identify(src/navigation2/nav2_smac_planner) by extensions ['colcon_pkg']
[0.637s] Level 1:colcon.colcon_core.package_identification:_identify(src/navigation2/nav2_smac_planner) by extension 'colcon_pkg'
[0.637s] Level 1:colcon.colcon_core.package_identification:_identify(src/navigation2/nav2_smac_planner) by extensions ['colcon_meta']
[0.637s] Level 1:colcon.colcon_core.package_identification:_identify(src/navigation2/nav2_smac_planner) by extension 'colcon_meta'
[0.637s] Level 1:colcon.colcon_core.package_identification:_identify(src/navigation2/nav2_smac_planner) by extensions ['ros']
[0.637s] Level 1:colcon.colcon_core.package_identification:_identify(src/navigation2/nav2_smac_planner) by extension 'ros'
[0.639s] DEBUG:colcon.colcon_core.package_identification:Package 'src/navigation2/nav2_smac_planner' with type 'ros.ament_cmake' and name 'nav2_smac_planner'
[0.640s] Level 1:colcon.colcon_core.package_identification:_identify(src/navigation2/nav2_smoother) by extensions ['ignore', 'ignore_ament_install']
[0.640s] Level 1:colcon.colcon_core.package_identification:_identify(src/navigation2/nav2_smoother) by extension 'ignore'
[0.640s] Level 1:colcon.colcon_core.package_identification:_identify(src/navigation2/nav2_smoother) by extension 'ignore_ament_install'
[0.640s] Level 1:colcon.colcon_core.package_identification:_identify(src/navigation2/nav2_smoother) by extensions ['colcon_pkg']
[0.640s] Level 1:colcon.colcon_core.package_identification:_identify(src/navigation2/nav2_smoother) by extension 'colcon_pkg'
[0.640s] Level 1:colcon.colcon_core.package_identification:_identify(src/navigation2/nav2_smoother) by extensions ['colcon_meta']
[0.640s] Level 1:colcon.colcon_core.package_identification:_identify(src/navigation2/nav2_smoother) by extension 'colcon_meta'
[0.640s] Level 1:colcon.colcon_core.package_identification:_identify(src/navigation2/nav2_smoother) by extensions ['ros']
[0.640s] Level 1:colcon.colcon_core.package_identification:_identify(src/navigation2/nav2_smoother) by extension 'ros'
[0.642s] DEBUG:colcon.colcon_core.package_identification:Package 'src/navigation2/nav2_smoother' with type 'ros.ament_cmake' and name 'nav2_smoother'
[0.642s] Level 1:colcon.colcon_core.package_identification:_identify(src/navigation2/nav2_system_tests) by extensions ['ignore', 'ignore_ament_install']
[0.642s] Level 1:colcon.colcon_core.package_identification:_identify(src/navigation2/nav2_system_tests) by extension 'ignore'
[0.642s] Level 1:colcon.colcon_core.package_identification:_identify(src/navigation2/nav2_system_tests) by extension 'ignore_ament_install'
[0.642s] Level 1:colcon.colcon_core.package_identification:_identify(src/navigation2/nav2_system_tests) by extensions ['colcon_pkg']
[0.642s] Level 1:colcon.colcon_core.package_identification:_identify(src/navigation2/nav2_system_tests) by extension 'colcon_pkg'
[0.642s] Level 1:colcon.colcon_core.package_identification:_identify(src/navigation2/nav2_system_tests) by extensions ['colcon_meta']
[0.642s] Level 1:colcon.colcon_core.package_identification:_identify(src/navigation2/nav2_system_tests) by extension 'colcon_meta'
[0.642s] Level 1:colcon.colcon_core.package_identification:_identify(src/navigation2/nav2_system_tests) by extensions ['ros']
[0.642s] Level 1:colcon.colcon_core.package_identification:_identify(src/navigation2/nav2_system_tests) by extension 'ros'
[0.644s] DEBUG:colcon.colcon_core.package_identification:Package 'src/navigation2/nav2_system_tests' with type 'ros.ament_cmake' and name 'nav2_system_tests'
[0.644s] Level 1:colcon.colcon_core.package_identification:_identify(src/navigation2/nav2_theta_star_planner) by extensions ['ignore', 'ignore_ament_install']
[0.644s] Level 1:colcon.colcon_core.package_identification:_identify(src/navigation2/nav2_theta_star_planner) by extension 'ignore'
[0.644s] Level 1:colcon.colcon_core.package_identification:_identify(src/navigation2/nav2_theta_star_planner) by extension 'ignore_ament_install'
[0.644s] Level 1:colcon.colcon_core.package_identification:_identify(src/navigation2/nav2_theta_star_planner) by extensions ['colcon_pkg']
[0.644s] Level 1:colcon.colcon_core.package_identification:_identify(src/navigation2/nav2_theta_star_planner) by extension 'colcon_pkg'
[0.644s] Level 1:colcon.colcon_core.package_identification:_identify(src/navigation2/nav2_theta_star_planner) by extensions ['colcon_meta']
[0.644s] Level 1:colcon.colcon_core.package_identification:_identify(src/navigation2/nav2_theta_star_planner) by extension 'colcon_meta'
[0.644s] Level 1:colcon.colcon_core.package_identification:_identify(src/navigation2/nav2_theta_star_planner) by extensions ['ros']
[0.644s] Level 1:colcon.colcon_core.package_identification:_identify(src/navigation2/nav2_theta_star_planner) by extension 'ros'
[0.646s] DEBUG:colcon.colcon_core.package_identification:Package 'src/navigation2/nav2_theta_star_planner' with type 'ros.ament_cmake' and name 'nav2_theta_star_planner'
[0.646s] Level 1:colcon.colcon_core.package_identification:_identify(src/navigation2/nav2_util) by extensions ['ignore', 'ignore_ament_install']
[0.647s] Level 1:colcon.colcon_core.package_identification:_identify(src/navigation2/nav2_util) by extension 'ignore'
[0.647s] Level 1:colcon.colcon_core.package_identification:_identify(src/navigation2/nav2_util) by extension 'ignore_ament_install'
[0.647s] Level 1:colcon.colcon_core.package_identification:_identify(src/navigation2/nav2_util) by extensions ['colcon_pkg']
[0.647s] Level 1:colcon.colcon_core.package_identification:_identify(src/navigation2/nav2_util) by extension 'colcon_pkg'
[0.647s] Level 1:colcon.colcon_core.package_identification:_identify(src/navigation2/nav2_util) by extensions ['colcon_meta']
[0.647s] Level 1:colcon.colcon_core.package_identification:_identify(src/navigation2/nav2_util) by extension 'colcon_meta'
[0.647s] Level 1:colcon.colcon_core.package_identification:_identify(src/navigation2/nav2_util) by extensions ['ros']
[0.647s] Level 1:colcon.colcon_core.package_identification:_identify(src/navigation2/nav2_util) by extension 'ros'
[0.649s] DEBUG:colcon.colcon_core.package_identification:Package 'src/navigation2/nav2_util' with type 'ros.ament_cmake' and name 'nav2_util'
[0.649s] Level 1:colcon.colcon_core.package_identification:_identify(src/navigation2/nav2_velocity_smoother) by extensions ['ignore', 'ignore_ament_install']
[0.649s] Level 1:colcon.colcon_core.package_identification:_identify(src/navigation2/nav2_velocity_smoother) by extension 'ignore'
[0.649s] Level 1:colcon.colcon_core.package_identification:_identify(src/navigation2/nav2_velocity_smoother) by extension 'ignore_ament_install'
[0.649s] Level 1:colcon.colcon_core.package_identification:_identify(src/navigation2/nav2_velocity_smoother) by extensions ['colcon_pkg']
[0.649s] Level 1:colcon.colcon_core.package_identification:_identify(src/navigation2/nav2_velocity_smoother) by extension 'colcon_pkg'
[0.649s] Level 1:colcon.colcon_core.package_identification:_identify(src/navigation2/nav2_velocity_smoother) by extensions ['colcon_meta']
[0.649s] Level 1:colcon.colcon_core.package_identification:_identify(src/navigation2/nav2_velocity_smoother) by extension 'colcon_meta'
[0.650s] Level 1:colcon.colcon_core.package_identification:_identify(src/navigation2/nav2_velocity_smoother) by extensions ['ros']
[0.650s] Level 1:colcon.colcon_core.package_identification:_identify(src/navigation2/nav2_velocity_smoother) by extension 'ros'
[0.651s] DEBUG:colcon.colcon_core.package_identification:Package 'src/navigation2/nav2_velocity_smoother' with type 'ros.ament_cmake' and name 'nav2_velocity_smoother'
[0.651s] Level 1:colcon.colcon_core.package_identification:_identify(src/navigation2/nav2_voxel_grid) by extensions ['ignore', 'ignore_ament_install']
[0.651s] Level 1:colcon.colcon_core.package_identification:_identify(src/navigation2/nav2_voxel_grid) by extension 'ignore'
[0.651s] Level 1:colcon.colcon_core.package_identification:_identify(src/navigation2/nav2_voxel_grid) by extension 'ignore_ament_install'
[0.651s] Level 1:colcon.colcon_core.package_identification:_identify(src/navigation2/nav2_voxel_grid) by extensions ['colcon_pkg']
[0.651s] Level 1:colcon.colcon_core.package_identification:_identify(src/navigation2/nav2_voxel_grid) by extension 'colcon_pkg'
[0.651s] Level 1:colcon.colcon_core.package_identification:_identify(src/navigation2/nav2_voxel_grid) by extensions ['colcon_meta']
[0.651s] Level 1:colcon.colcon_core.package_identification:_identify(src/navigation2/nav2_voxel_grid) by extension 'colcon_meta'
[0.651s] Level 1:colcon.colcon_core.package_identification:_identify(src/navigation2/nav2_voxel_grid) by extensions ['ros']
[0.651s] Level 1:colcon.colcon_core.package_identification:_identify(src/navigation2/nav2_voxel_grid) by extension 'ros'
[0.652s] DEBUG:colcon.colcon_core.package_identification:Package 'src/navigation2/nav2_voxel_grid' with type 'ros.ament_cmake' and name 'nav2_voxel_grid'
[0.652s] Level 1:colcon.colcon_core.package_identification:_identify(src/navigation2/nav2_waypoint_follower) by extensions ['ignore', 'ignore_ament_install']
[0.652s] Level 1:colcon.colcon_core.package_identification:_identify(src/navigation2/nav2_waypoint_follower) by extension 'ignore'
[0.652s] Level 1:colcon.colcon_core.package_identification:_identify(src/navigation2/nav2_waypoint_follower) by extension 'ignore_ament_install'
[0.652s] Level 1:colcon.colcon_core.package_identification:_identify(src/navigation2/nav2_waypoint_follower) by extensions ['colcon_pkg']
[0.652s] Level 1:colcon.colcon_core.package_identification:_identify(src/navigation2/nav2_waypoint_follower) by extension 'colcon_pkg'
[0.652s] Level 1:colcon.colcon_core.package_identification:_identify(src/navigation2/nav2_waypoint_follower) by extensions ['colcon_meta']
[0.652s] Level 1:colcon.colcon_core.package_identification:_identify(src/navigation2/nav2_waypoint_follower) by extension 'colcon_meta'
[0.653s] Level 1:colcon.colcon_core.package_identification:_identify(src/navigation2/nav2_waypoint_follower) by extensions ['ros']
[0.653s] Level 1:colcon.colcon_core.package_identification:_identify(src/navigation2/nav2_waypoint_follower) by extension 'ros'
[0.654s] DEBUG:colcon.colcon_core.package_identification:Package 'src/navigation2/nav2_waypoint_follower' with type 'ros.ament_cmake' and name 'nav2_waypoint_follower'
[0.655s] Level 1:colcon.colcon_core.package_identification:_identify(src/navigation2/navigation2) by extensions ['ignore', 'ignore_ament_install']
[0.655s] Level 1:colcon.colcon_core.package_identification:_identify(src/navigation2/navigation2) by extension 'ignore'
[0.655s] Level 1:colcon.colcon_core.package_identification:_identify(src/navigation2/navigation2) by extension 'ignore_ament_install'
[0.655s] Level 1:colcon.colcon_core.package_identification:_identify(src/navigation2/navigation2) by extensions ['colcon_pkg']
[0.655s] Level 1:colcon.colcon_core.package_identification:_identify(src/navigation2/navigation2) by extension 'colcon_pkg'
[0.655s] Level 1:colcon.colcon_core.package_identification:_identify(src/navigation2/navigation2) by extensions ['colcon_meta']
[0.655s] Level 1:colcon.colcon_core.package_identification:_identify(src/navigation2/navigation2) by extension 'colcon_meta'
[0.655s] Level 1:colcon.colcon_core.package_identification:_identify(src/navigation2/navigation2) by extensions ['ros']
[0.655s] Level 1:colcon.colcon_core.package_identification:_identify(src/navigation2/navigation2) by extension 'ros'
[0.656s] DEBUG:colcon.colcon_core.package_identification:Package 'src/navigation2/navigation2' with type 'ros.ament_cmake' and name 'navigation2'
[0.656s] Level 1:colcon.colcon_core.package_identification:_identify(src/navigation2/tools) by extensions ['ignore', 'ignore_ament_install']
[0.656s] Level 1:colcon.colcon_core.package_identification:_identify(src/navigation2/tools) by extension 'ignore'
[0.656s] Level 1:colcon.colcon_core.package_identification:_identify(src/navigation2/tools) by extension 'ignore_ament_install'
[0.657s] Level 1:colcon.colcon_core.package_identification:_identify(src/navigation2/tools) by extensions ['colcon_pkg']
[0.657s] Level 1:colcon.colcon_core.package_identification:_identify(src/navigation2/tools) by extension 'colcon_pkg'
[0.657s] Level 1:colcon.colcon_core.package_identification:_identify(src/navigation2/tools) by extensions ['colcon_meta']
[0.657s] Level 1:colcon.colcon_core.package_identification:_identify(src/navigation2/tools) by extension 'colcon_meta'
[0.657s] Level 1:colcon.colcon_core.package_identification:_identify(src/navigation2/tools) by extensions ['ros']
[0.657s] Level 1:colcon.colcon_core.package_identification:_identify(src/navigation2/tools) by extension 'ros'
[0.657s] Level 1:colcon.colcon_core.package_identification:_identify(src/navigation2/tools) by extensions ['cmake', 'python']
[0.657s] Level 1:colcon.colcon_core.package_identification:_identify(src/navigation2/tools) by extension 'cmake'
[0.657s] Level 1:colcon.colcon_core.package_identification:_identify(src/navigation2/tools) by extension 'python'
[0.657s] Level 1:colcon.colcon_core.package_identification:_identify(src/navigation2/tools) by extensions ['python_setup_py']
[0.657s] Level 1:colcon.colcon_core.package_identification:_identify(src/navigation2/tools) by extension 'python_setup_py'
[0.657s] Level 1:colcon.colcon_core.package_identification:_identify(src/navigation2/tools/planner_benchmarking) by extensions ['ignore', 'ignore_ament_install']
[0.657s] Level 1:colcon.colcon_core.package_identification:_identify(src/navigation2/tools/planner_benchmarking) by extension 'ignore'
[0.657s] Level 1:colcon.colcon_core.package_identification:_identify(src/navigation2/tools/planner_benchmarking) by extension 'ignore_ament_install'
[0.657s] Level 1:colcon.colcon_core.package_identification:_identify(src/navigation2/tools/planner_benchmarking) by extensions ['colcon_pkg']
[0.657s] Level 1:colcon.colcon_core.package_identification:_identify(src/navigation2/tools/planner_benchmarking) by extension 'colcon_pkg'
[0.657s] Level 1:colcon.colcon_core.package_identification:_identify(src/navigation2/tools/planner_benchmarking) by extensions ['colcon_meta']
[0.658s] Level 1:colcon.colcon_core.package_identification:_identify(src/navigation2/tools/planner_benchmarking) by extension 'colcon_meta'
[0.658s] Level 1:colcon.colcon_core.package_identification:_identify(src/navigation2/tools/planner_benchmarking) by extensions ['ros']
[0.658s] Level 1:colcon.colcon_core.package_identification:_identify(src/navigation2/tools/planner_benchmarking) by extension 'ros'
[0.658s] Level 1:colcon.colcon_core.package_identification:_identify(src/navigation2/tools/planner_benchmarking) by extensions ['cmake', 'python']
[0.658s] Level 1:colcon.colcon_core.package_identification:_identify(src/navigation2/tools/planner_benchmarking) by extension 'cmake'
[0.658s] Level 1:colcon.colcon_core.package_identification:_identify(src/navigation2/tools/planner_benchmarking) by extension 'python'
[0.658s] Level 1:colcon.colcon_core.package_identification:_identify(src/navigation2/tools/planner_benchmarking) by extensions ['python_setup_py']
[0.658s] Level 1:colcon.colcon_core.package_identification:_identify(src/navigation2/tools/planner_benchmarking) by extension 'python_setup_py'
[0.658s] Level 1:colcon.colcon_core.package_identification:_identify(src/navigation2/tools/smoother_benchmarking) by extensions ['ignore', 'ignore_ament_install']
[0.658s] Level 1:colcon.colcon_core.package_identification:_identify(src/navigation2/tools/smoother_benchmarking) by extension 'ignore'
[0.658s] Level 1:colcon.colcon_core.package_identification:_identify(src/navigation2/tools/smoother_benchmarking) by extension 'ignore_ament_install'
[0.658s] Level 1:colcon.colcon_core.package_identification:_identify(src/navigation2/tools/smoother_benchmarking) by extensions ['colcon_pkg']
[0.658s] Level 1:colcon.colcon_core.package_identification:_identify(src/navigation2/tools/smoother_benchmarking) by extension 'colcon_pkg'
[0.658s] Level 1:colcon.colcon_core.package_identification:_identify(src/navigation2/tools/smoother_benchmarking) by extensions ['colcon_meta']
[0.658s] Level 1:colcon.colcon_core.package_identification:_identify(src/navigation2/tools/smoother_benchmarking) by extension 'colcon_meta'
[0.658s] Level 1:colcon.colcon_core.package_identification:_identify(src/navigation2/tools/smoother_benchmarking) by extensions ['ros']
[0.659s] Level 1:colcon.colcon_core.package_identification:_identify(src/navigation2/tools/smoother_benchmarking) by extension 'ros'
[0.659s] Level 1:colcon.colcon_core.package_identification:_identify(src/navigation2/tools/smoother_benchmarking) by extensions ['cmake', 'python']
[0.659s] Level 1:colcon.colcon_core.package_identification:_identify(src/navigation2/tools/smoother_benchmarking) by extension 'cmake'
[0.659s] Level 1:colcon.colcon_core.package_identification:_identify(src/navigation2/tools/smoother_benchmarking) by extension 'python'
[0.659s] Level 1:colcon.colcon_core.package_identification:_identify(src/navigation2/tools/smoother_benchmarking) by extensions ['python_setup_py']
[0.659s] Level 1:colcon.colcon_core.package_identification:_identify(src/navigation2/tools/smoother_benchmarking) by extension 'python_setup_py'
[0.659s] Level 1:colcon.colcon_core.package_identification:_identify(src/navigation2/tools/smoother_benchmarking/maps) by extensions ['ignore', 'ignore_ament_install']
[0.659s] Level 1:colcon.colcon_core.package_identification:_identify(src/navigation2/tools/smoother_benchmarking/maps) by extension 'ignore'
[0.659s] Level 1:colcon.colcon_core.package_identification:_identify(src/navigation2/tools/smoother_benchmarking/maps) by extension 'ignore_ament_install'
[0.659s] Level 1:colcon.colcon_core.package_identification:_identify(src/navigation2/tools/smoother_benchmarking/maps) by extensions ['colcon_pkg']
[0.659s] Level 1:colcon.colcon_core.package_identification:_identify(src/navigation2/tools/smoother_benchmarking/maps) by extension 'colcon_pkg'
[0.659s] Level 1:colcon.colcon_core.package_identification:_identify(src/navigation2/tools/smoother_benchmarking/maps) by extensions ['colcon_meta']
[0.659s] Level 1:colcon.colcon_core.package_identification:_identify(src/navigation2/tools/smoother_benchmarking/maps) by extension 'colcon_meta'
[0.659s] Level 1:colcon.colcon_core.package_identification:_identify(src/navigation2/tools/smoother_benchmarking/maps) by extensions ['ros']
[0.659s] Level 1:colcon.colcon_core.package_identification:_identify(src/navigation2/tools/smoother_benchmarking/maps) by extension 'ros'
[0.659s] Level 1:colcon.colcon_core.package_identification:_identify(src/navigation2/tools/smoother_benchmarking/maps) by extensions ['cmake', 'python']
[0.660s] Level 1:colcon.colcon_core.package_identification:_identify(src/navigation2/tools/smoother_benchmarking/maps) by extension 'cmake'
[0.660s] Level 1:colcon.colcon_core.package_identification:_identify(src/navigation2/tools/smoother_benchmarking/maps) by extension 'python'
[0.660s] Level 1:colcon.colcon_core.package_identification:_identify(src/navigation2/tools/smoother_benchmarking/maps) by extensions ['python_setup_py']
[0.660s] Level 1:colcon.colcon_core.package_identification:_identify(src/navigation2/tools/smoother_benchmarking/maps) by extension 'python_setup_py'
[0.660s] Level 1:colcon.colcon_core.package_identification:_identify(src/robot_logging) by extensions ['ignore', 'ignore_ament_install']
[0.660s] Level 1:colcon.colcon_core.package_identification:_identify(src/robot_logging) by extension 'ignore'
[0.660s] Level 1:colcon.colcon_core.package_identification:_identify(src/robot_logging) by extension 'ignore_ament_install'
[0.660s] Level 1:colcon.colcon_core.package_identification:_identify(src/robot_logging) by extensions ['colcon_pkg']
[0.660s] Level 1:colcon.colcon_core.package_identification:_identify(src/robot_logging) by extension 'colcon_pkg'
[0.660s] Level 1:colcon.colcon_core.package_identification:_identify(src/robot_logging) by extensions ['colcon_meta']
[0.661s] Level 1:colcon.colcon_core.package_identification:_identify(src/robot_logging) by extension 'colcon_meta'
[0.661s] Level 1:colcon.colcon_core.package_identification:_identify(src/robot_logging) by extensions ['ros']
[0.661s] Level 1:colcon.colcon_core.package_identification:_identify(src/robot_logging) by extension 'ros'
[0.664s] DEBUG:colcon.colcon_core.package_identification:Package 'src/robot_logging' with type 'ros.ament_cmake' and name 'robot_logging'
[0.664s] Level 1:colcon.colcon_core.package_discovery:discover_packages(recursive) using defaults
[0.664s] Level 1:colcon.colcon_core.package_discovery:discover_packages(ignore) discover
[0.665s] Level 1:colcon.colcon_core.package_discovery:discover_packages(ignore) using defaults
[0.665s] Level 1:colcon.colcon_core.package_discovery:discover_packages(path) discover
[0.665s] Level 1:colcon.colcon_core.package_discovery:discover_packages(path) using defaults
[0.751s] Level 1:colcon.colcon_core.package_discovery:discover_packages(prefix_path) check parameters
[0.751s] Level 1:colcon.colcon_core.package_discovery:discover_packages(prefix_path) discover
[0.753s] DEBUG:colcon.colcon_installed_package_information.package_discovery:Found 4 installed packages in /home/tersoo/autonomous-robot-logging-with-ROS2-jazzy/myros2_ws/install
[0.756s] DEBUG:colcon.colcon_installed_package_information.package_discovery:Found 412 installed packages in /opt/ros/jazzy
[0.772s] Level 1:colcon.colcon_core.package_discovery:discover_packages(prefix_path) using defaults
[0.882s] Level 5:colcon.colcon_core.verb:set package 'nav2_common' build argument 'cmake_args' from command line to 'None'
[0.883s] Level 5:colcon.colcon_core.verb:set package 'nav2_common' build argument 'cmake_target' from command line to 'None'
[0.883s] Level 5:colcon.colcon_core.verb:set package 'nav2_common' build argument 'cmake_target_skip_unavailable' from command line to 'False'
[0.883s] Level 5:colcon.colcon_core.verb:set package 'nav2_common' build argument 'cmake_clean_cache' from command line to 'False'
[0.883s] Level 5:colcon.colcon_core.verb:set package 'nav2_common' build argument 'cmake_clean_first' from command line to 'False'
[0.883s] Level 5:colcon.colcon_core.verb:set package 'nav2_common' build argument 'cmake_force_configure' from command line to 'False'
[0.883s] Level 5:colcon.colcon_core.verb:set package 'nav2_common' build argument 'ament_cmake_args' from command line to 'None'
[0.883s] Level 5:colcon.colcon_core.verb:set package 'nav2_common' build argument 'catkin_cmake_args' from command line to 'None'
[0.883s] Level 5:colcon.colcon_core.verb:set package 'nav2_common' build argument 'catkin_skip_building_tests' from command line to 'False'
[0.883s] DEBUG:colcon.colcon_core.verb:Building package 'nav2_common' with the following arguments: {'ament_cmake_args': None, 'build_base': '/home/tersoo/autonomous-robot-logging-with-ROS2-jazzy/myros2_ws/build/nav2_common', 'catkin_cmake_args': None, 'catkin_skip_building_tests': False, 'cmake_args': None, 'cmake_clean_cache': False, 'cmake_clean_first': False, 'cmake_force_configure': False, 'cmake_target': None, 'cmake_target_skip_unavailable': False, 'install_base': '/home/tersoo/autonomous-robot-logging-with-ROS2-jazzy/myros2_ws/install/nav2_common', 'merge_install': False, 'path': '/home/tersoo/autonomous-robot-logging-with-ROS2-jazzy/myros2_ws/src/navigation2/nav2_common', 'symlink_install': False, 'test_result_base': None}
[0.883s] Level 5:colcon.colcon_core.verb:set package 'nav2_loopback_sim' build argument 'cmake_args' from command line to 'None'
[0.883s] Level 5:colcon.colcon_core.verb:set package 'nav2_loopback_sim' build argument 'cmake_target' from command line to 'None'
[0.883s] Level 5:colcon.colcon_core.verb:set package 'nav2_loopback_sim' build argument 'cmake_target_skip_unavailable' from command line to 'False'
[0.883s] Level 5:colcon.colcon_core.verb:set package 'nav2_loopback_sim' build argument 'cmake_clean_cache' from command line to 'False'
[0.883s] Level 5:colcon.colcon_core.verb:set package 'nav2_loopback_sim' build argument 'cmake_clean_first' from command line to 'False'
[0.883s] Level 5:colcon.colcon_core.verb:set package 'nav2_loopback_sim' build argument 'cmake_force_configure' from command line to 'False'
[0.883s] Level 5:colcon.colcon_core.verb:set package 'nav2_loopback_sim' build argument 'ament_cmake_args' from command line to 'None'
[0.883s] Level 5:colcon.colcon_core.verb:set package 'nav2_loopback_sim' build argument 'catkin_cmake_args' from command line to 'None'
[0.883s] Level 5:colcon.colcon_core.verb:set package 'nav2_loopback_sim' build argument 'catkin_skip_building_tests' from command line to 'False'
[0.883s] DEBUG:colcon.colcon_core.verb:Building package 'nav2_loopback_sim' with the following arguments: {'ament_cmake_args': None, 'build_base': '/home/tersoo/autonomous-robot-logging-with-ROS2-jazzy/myros2_ws/build/nav2_loopback_sim', 'catkin_cmake_args': None, 'catkin_skip_building_tests': False, 'cmake_args': None, 'cmake_clean_cache': False, 'cmake_clean_first': False, 'cmake_force_configure': False, 'cmake_target': None, 'cmake_target_skip_unavailable': False, 'install_base': '/home/tersoo/autonomous-robot-logging-with-ROS2-jazzy/myros2_ws/install/nav2_loopback_sim', 'merge_install': False, 'path': '/home/tersoo/autonomous-robot-logging-with-ROS2-jazzy/myros2_ws/src/navigation2/nav2_loopback_sim', 'symlink_install': False, 'test_result_base': None}
[0.884s] Level 5:colcon.colcon_core.verb:set package 'nav_2d_msgs' build argument 'cmake_args' from command line to 'None'
[0.884s] Level 5:colcon.colcon_core.verb:set package 'nav_2d_msgs' build argument 'cmake_target' from command line to 'None'
[0.884s] Level 5:colcon.colcon_core.verb:set package 'nav_2d_msgs' build argument 'cmake_target_skip_unavailable' from command line to 'False'
[0.884s] Level 5:colcon.colcon_core.verb:set package 'nav_2d_msgs' build argument 'cmake_clean_cache' from command line to 'False'
[0.884s] Level 5:colcon.colcon_core.verb:set package 'nav_2d_msgs' build argument 'cmake_clean_first' from command line to 'False'
[0.884s] Level 5:colcon.colcon_core.verb:set package 'nav_2d_msgs' build argument 'cmake_force_configure' from command line to 'False'
[0.884s] Level 5:colcon.colcon_core.verb:set package 'nav_2d_msgs' build argument 'ament_cmake_args' from command line to 'None'
[0.884s] Level 5:colcon.colcon_core.verb:set package 'nav_2d_msgs' build argument 'catkin_cmake_args' from command line to 'None'
[0.884s] Level 5:colcon.colcon_core.verb:set package 'nav_2d_msgs' build argument 'catkin_skip_building_tests' from command line to 'False'
[0.884s] DEBUG:colcon.colcon_core.verb:Building package 'nav_2d_msgs' with the following arguments: {'ament_cmake_args': None, 'build_base': '/home/tersoo/autonomous-robot-logging-with-ROS2-jazzy/myros2_ws/build/nav_2d_msgs', 'catkin_cmake_args': None, 'catkin_skip_building_tests': False, 'cmake_args': None, 'cmake_clean_cache': False, 'cmake_clean_first': False, 'cmake_force_configure': False, 'cmake_target': None, 'cmake_target_skip_unavailable': False, 'install_base': '/home/tersoo/autonomous-robot-logging-with-ROS2-jazzy/myros2_ws/install/nav_2d_msgs', 'merge_install': False, 'path': '/home/tersoo/autonomous-robot-logging-with-ROS2-jazzy/myros2_ws/src/navigation2/nav2_dwb_controller/nav_2d_msgs', 'symlink_install': False, 'test_result_base': None}
[0.884s] Level 5:colcon.colcon_core.verb:set package 'dwb_msgs' build argument 'cmake_args' from command line to 'None'
[0.884s] Level 5:colcon.colcon_core.verb:set package 'dwb_msgs' build argument 'cmake_target' from command line to 'None'
[0.884s] Level 5:colcon.colcon_core.verb:set package 'dwb_msgs' build argument 'cmake_target_skip_unavailable' from command line to 'False'
[0.884s] Level 5:colcon.colcon_core.verb:set package 'dwb_msgs' build argument 'cmake_clean_cache' from command line to 'False'
[0.884s] Level 5:colcon.colcon_core.verb:set package 'dwb_msgs' build argument 'cmake_clean_first' from command line to 'False'
[0.885s] Level 5:colcon.colcon_core.verb:set package 'dwb_msgs' build argument 'cmake_force_configure' from command line to 'False'
[0.885s] Level 5:colcon.colcon_core.verb:set package 'dwb_msgs' build argument 'ament_cmake_args' from command line to 'None'
[0.885s] Level 5:colcon.colcon_core.verb:set package 'dwb_msgs' build argument 'catkin_cmake_args' from command line to 'None'
[0.885s] Level 5:colcon.colcon_core.verb:set package 'dwb_msgs' build argument 'catkin_skip_building_tests' from command line to 'False'
[0.885s] DEBUG:colcon.colcon_core.verb:Building package 'dwb_msgs' with the following arguments: {'ament_cmake_args': None, 'build_base': '/home/tersoo/autonomous-robot-logging-with-ROS2-jazzy/myros2_ws/build/dwb_msgs', 'catkin_cmake_args': None, 'catkin_skip_building_tests': False, 'cmake_args': None, 'cmake_clean_cache': False, 'cmake_clean_first': False, 'cmake_force_configure': False, 'cmake_target': None, 'cmake_target_skip_unavailable': False, 'install_base': '/home/tersoo/autonomous-robot-logging-with-ROS2-jazzy/myros2_ws/install/dwb_msgs', 'merge_install': False, 'path': '/home/tersoo/autonomous-robot-logging-with-ROS2-jazzy/myros2_ws/src/navigation2/nav2_dwb_controller/dwb_msgs', 'symlink_install': False, 'test_result_base': None}
[0.885s] Level 5:colcon.colcon_core.verb:set package 'nav2_msgs' build argument 'cmake_args' from command line to 'None'
[0.885s] Level 5:colcon.colcon_core.verb:set package 'nav2_msgs' build argument 'cmake_target' from command line to 'None'
[0.885s] Level 5:colcon.colcon_core.verb:set package 'nav2_msgs' build argument 'cmake_target_skip_unavailable' from command line to 'False'
[0.885s] Level 5:colcon.colcon_core.verb:set package 'nav2_msgs' build argument 'cmake_clean_cache' from command line to 'False'
[0.885s] Level 5:colcon.colcon_core.verb:set package 'nav2_msgs' build argument 'cmake_clean_first' from command line to 'False'
[0.885s] Level 5:colcon.colcon_core.verb:set package 'nav2_msgs' build argument 'cmake_force_configure' from command line to 'False'
[0.885s] Level 5:colcon.colcon_core.verb:set package 'nav2_msgs' build argument 'ament_cmake_args' from command line to 'None'
[0.885s] Level 5:colcon.colcon_core.verb:set package 'nav2_msgs' build argument 'catkin_cmake_args' from command line to 'None'
[0.885s] Level 5:colcon.colcon_core.verb:set package 'nav2_msgs' build argument 'catkin_skip_building_tests' from command line to 'False'
[0.885s] DEBUG:colcon.colcon_core.verb:Building package 'nav2_msgs' with the following arguments: {'ament_cmake_args': None, 'build_base': '/home/tersoo/autonomous-robot-logging-with-ROS2-jazzy/myros2_ws/build/nav2_msgs', 'catkin_cmake_args': None, 'catkin_skip_building_tests': False, 'cmake_args': None, 'cmake_clean_cache': False, 'cmake_clean_first': False, 'cmake_force_configure': False, 'cmake_target': None, 'cmake_target_skip_unavailable': False, 'install_base': '/home/tersoo/autonomous-robot-logging-with-ROS2-jazzy/myros2_ws/install/nav2_msgs', 'merge_install': False, 'path': '/home/tersoo/autonomous-robot-logging-with-ROS2-jazzy/myros2_ws/src/navigation2/nav2_msgs', 'symlink_install': False, 'test_result_base': None}
[0.886s] Level 5:colcon.colcon_core.verb:set package 'nav2_voxel_grid' build argument 'cmake_args' from command line to 'None'
[0.886s] Level 5:colcon.colcon_core.verb:set package 'nav2_voxel_grid' build argument 'cmake_target' from command line to 'None'
[0.886s] Level 5:colcon.colcon_core.verb:set package 'nav2_voxel_grid' build argument 'cmake_target_skip_unavailable' from command line to 'False'
[0.886s] Level 5:colcon.colcon_core.verb:set package 'nav2_voxel_grid' build argument 'cmake_clean_cache' from command line to 'False'
[0.886s] Level 5:colcon.colcon_core.verb:set package 'nav2_voxel_grid' build argument 'cmake_clean_first' from command line to 'False'
[0.886s] Level 5:colcon.colcon_core.verb:set package 'nav2_voxel_grid' build argument 'cmake_force_configure' from command line to 'False'
[0.886s] Level 5:colcon.colcon_core.verb:set package 'nav2_voxel_grid' build argument 'ament_cmake_args' from command line to 'None'
[0.886s] Level 5:colcon.colcon_core.verb:set package 'nav2_voxel_grid' build argument 'catkin_cmake_args' from command line to 'None'
[0.886s] Level 5:colcon.colcon_core.verb:set package 'nav2_voxel_grid' build argument 'catkin_skip_building_tests' from command line to 'False'
[0.886s] DEBUG:colcon.colcon_core.verb:Building package 'nav2_voxel_grid' with the following arguments: {'ament_cmake_args': None, 'build_base': '/home/tersoo/autonomous-robot-logging-with-ROS2-jazzy/myros2_ws/build/nav2_voxel_grid', 'catkin_cmake_args': None, 'catkin_skip_building_tests': False, 'cmake_args': None, 'cmake_clean_cache': False, 'cmake_clean_first': False, 'cmake_force_configure': False, 'cmake_target': None, 'cmake_target_skip_unavailable': False, 'install_base': '/home/tersoo/autonomous-robot-logging-with-ROS2-jazzy/myros2_ws/install/nav2_voxel_grid', 'merge_install': False, 'path': '/home/tersoo/autonomous-robot-logging-with-ROS2-jazzy/myros2_ws/src/navigation2/nav2_voxel_grid', 'symlink_install': False, 'test_result_base': None}
[0.886s] Level 5:colcon.colcon_core.verb:set package 'nav2_simple_commander' build argument 'cmake_args' from command line to 'None'
[0.886s] Level 5:colcon.colcon_core.verb:set package 'nav2_simple_commander' build argument 'cmake_target' from command line to 'None'
[0.886s] Level 5:colcon.colcon_core.verb:set package 'nav2_simple_commander' build argument 'cmake_target_skip_unavailable' from command line to 'False'
[0.886s] Level 5:colcon.colcon_core.verb:set package 'nav2_simple_commander' build argument 'cmake_clean_cache' from command line to 'False'
[0.886s] Level 5:colcon.colcon_core.verb:set package 'nav2_simple_commander' build argument 'cmake_clean_first' from command line to 'False'
[0.886s] Level 5:colcon.colcon_core.verb:set package 'nav2_simple_commander' build argument 'cmake_force_configure' from command line to 'False'
[0.886s] Level 5:colcon.colcon_core.verb:set package 'nav2_simple_commander' build argument 'ament_cmake_args' from command line to 'None'
[0.886s] Level 5:colcon.colcon_core.verb:set package 'nav2_simple_commander' build argument 'catkin_cmake_args' from command line to 'None'
[0.886s] Level 5:colcon.colcon_core.verb:set package 'nav2_simple_commander' build argument 'catkin_skip_building_tests' from command line to 'False'
[0.886s] DEBUG:colcon.colcon_core.verb:Building package 'nav2_simple_commander' with the following arguments: {'ament_cmake_args': None, 'build_base': '/home/tersoo/autonomous-robot-logging-with-ROS2-jazzy/myros2_ws/build/nav2_simple_commander', 'catkin_cmake_args': None, 'catkin_skip_building_tests': False, 'cmake_args': None, 'cmake_clean_cache': False, 'cmake_clean_first': False, 'cmake_force_configure': False, 'cmake_target': None, 'cmake_target_skip_unavailable': False, 'install_base': '/home/tersoo/autonomous-robot-logging-with-ROS2-jazzy/myros2_ws/install/nav2_simple_commander', 'merge_install': False, 'path': '/home/tersoo/autonomous-robot-logging-with-ROS2-jazzy/myros2_ws/src/navigation2/nav2_simple_commander', 'symlink_install': False, 'test_result_base': None}
[0.887s] Level 5:colcon.colcon_core.verb:set package 'nav2_util' build argument 'cmake_args' from command line to 'None'
[0.887s] Level 5:colcon.colcon_core.verb:set package 'nav2_util' build argument 'cmake_target' from command line to 'None'
[0.887s] Level 5:colcon.colcon_core.verb:set package 'nav2_util' build argument 'cmake_target_skip_unavailable' from command line to 'False'
[0.887s] Level 5:colcon.colcon_core.verb:set package 'nav2_util' build argument 'cmake_clean_cache' from command line to 'False'
[0.887s] Level 5:colcon.colcon_core.verb:set package 'nav2_util' build argument 'cmake_clean_first' from command line to 'False'
[0.887s] Level 5:colcon.colcon_core.verb:set package 'nav2_util' build argument 'cmake_force_configure' from command line to 'False'
[0.887s] Level 5:colcon.colcon_core.verb:set package 'nav2_util' build argument 'ament_cmake_args' from command line to 'None'
[0.887s] Level 5:colcon.colcon_core.verb:set package 'nav2_util' build argument 'catkin_cmake_args' from command line to 'None'
[0.887s] Level 5:colcon.colcon_core.verb:set package 'nav2_util' build argument 'catkin_skip_building_tests' from command line to 'False'
[0.887s] DEBUG:colcon.colcon_core.verb:Building package 'nav2_util' with the following arguments: {'ament_cmake_args': None, 'build_base': '/home/tersoo/autonomous-robot-logging-with-ROS2-jazzy/myros2_ws/build/nav2_util', 'catkin_cmake_args': None, 'catkin_skip_building_tests': False, 'cmake_args': None, 'cmake_clean_cache': False, 'cmake_clean_first': False, 'cmake_force_configure': False, 'cmake_target': None, 'cmake_target_skip_unavailable': False, 'install_base': '/home/tersoo/autonomous-robot-logging-with-ROS2-jazzy/myros2_ws/install/nav2_util', 'merge_install': False, 'path': '/home/tersoo/autonomous-robot-logging-with-ROS2-jazzy/myros2_ws/src/navigation2/nav2_util', 'symlink_install': False, 'test_result_base': None}
[0.887s] Level 5:colcon.colcon_core.verb:set package 'nav2_amcl' build argument 'cmake_args' from command line to 'None'
[0.887s] Level 5:colcon.colcon_core.verb:set package 'nav2_amcl' build argument 'cmake_target' from command line to 'None'
[0.887s] Level 5:colcon.colcon_core.verb:set package 'nav2_amcl' build argument 'cmake_target_skip_unavailable' from command line to 'False'
[0.887s] Level 5:colcon.colcon_core.verb:set package 'nav2_amcl' build argument 'cmake_clean_cache' from command line to 'False'
[0.887s] Level 5:colcon.colcon_core.verb:set package 'nav2_amcl' build argument 'cmake_clean_first' from command line to 'False'
[0.887s] Level 5:colcon.colcon_core.verb:set package 'nav2_amcl' build argument 'cmake_force_configure' from command line to 'False'
[0.887s] Level 5:colcon.colcon_core.verb:set package 'nav2_amcl' build argument 'ament_cmake_args' from command line to 'None'
[0.887s] Level 5:colcon.colcon_core.verb:set package 'nav2_amcl' build argument 'catkin_cmake_args' from command line to 'None'
[0.887s] Level 5:colcon.colcon_core.verb:set package 'nav2_amcl' build argument 'catkin_skip_building_tests' from command line to 'False'
[0.888s] DEBUG:colcon.colcon_core.verb:Building package 'nav2_amcl' with the following arguments: {'ament_cmake_args': None, 'build_base': '/home/tersoo/autonomous-robot-logging-with-ROS2-jazzy/myros2_ws/build/nav2_amcl', 'catkin_cmake_args': None, 'catkin_skip_building_tests': False, 'cmake_args': None, 'cmake_clean_cache': False, 'cmake_clean_first': False, 'cmake_force_configure': False, 'cmake_target': None, 'cmake_target_skip_unavailable': False, 'install_base': '/home/tersoo/autonomous-robot-logging-with-ROS2-jazzy/myros2_ws/install/nav2_amcl', 'merge_install': False, 'path': '/home/tersoo/autonomous-robot-logging-with-ROS2-jazzy/myros2_ws/src/navigation2/nav2_amcl', 'symlink_install': False, 'test_result_base': None}
[0.888s] Level 5:colcon.colcon_core.verb:set package 'nav2_behavior_tree' build argument 'cmake_args' from command line to 'None'
[0.888s] Level 5:colcon.colcon_core.verb:set package 'nav2_behavior_tree' build argument 'cmake_target' from command line to 'None'
[0.888s] Level 5:colcon.colcon_core.verb:set package 'nav2_behavior_tree' build argument 'cmake_target_skip_unavailable' from command line to 'False'
[0.888s] Level 5:colcon.colcon_core.verb:set package 'nav2_behavior_tree' build argument 'cmake_clean_cache' from command line to 'False'
[0.888s] Level 5:colcon.colcon_core.verb:set package 'nav2_behavior_tree' build argument 'cmake_clean_first' from command line to 'False'
[0.888s] Level 5:colcon.colcon_core.verb:set package 'nav2_behavior_tree' build argument 'cmake_force_configure' from command line to 'False'
[0.888s] Level 5:colcon.colcon_core.verb:set package 'nav2_behavior_tree' build argument 'ament_cmake_args' from command line to 'None'
[0.888s] Level 5:colcon.colcon_core.verb:set package 'nav2_behavior_tree' build argument 'catkin_cmake_args' from command line to 'None'
[0.888s] Level 5:colcon.colcon_core.verb:set package 'nav2_behavior_tree' build argument 'catkin_skip_building_tests' from command line to 'False'
[0.888s] DEBUG:colcon.colcon_core.verb:Building package 'nav2_behavior_tree' with the following arguments: {'ament_cmake_args': None, 'build_base': '/home/tersoo/autonomous-robot-logging-with-ROS2-jazzy/myros2_ws/build/nav2_behavior_tree', 'catkin_cmake_args': None, 'catkin_skip_building_tests': False, 'cmake_args': None, 'cmake_clean_cache': False, 'cmake_clean_first': False, 'cmake_force_configure': False, 'cmake_target': None, 'cmake_target_skip_unavailable': False, 'install_base': '/home/tersoo/autonomous-robot-logging-with-ROS2-jazzy/myros2_ws/install/nav2_behavior_tree', 'merge_install': False, 'path': '/home/tersoo/autonomous-robot-logging-with-ROS2-jazzy/myros2_ws/src/navigation2/nav2_behavior_tree', 'symlink_install': False, 'test_result_base': None}
[0.888s] Level 5:colcon.colcon_core.verb:set package 'nav2_lifecycle_manager' build argument 'cmake_args' from command line to 'None'
[0.888s] Level 5:colcon.colcon_core.verb:set package 'nav2_lifecycle_manager' build argument 'cmake_target' from command line to 'None'
[0.888s] Level 5:colcon.colcon_core.verb:set package 'nav2_lifecycle_manager' build argument 'cmake_target_skip_unavailable' from command line to 'False'
[0.888s] Level 5:colcon.colcon_core.verb:set package 'nav2_lifecycle_manager' build argument 'cmake_clean_cache' from command line to 'False'
[0.889s] Level 5:colcon.colcon_core.verb:set package 'nav2_lifecycle_manager' build argument 'cmake_clean_first' from command line to 'False'
[0.889s] Level 5:colcon.colcon_core.verb:set package 'nav2_lifecycle_manager' build argument 'cmake_force_configure' from command line to 'False'
[0.889s] Level 5:colcon.colcon_core.verb:set package 'nav2_lifecycle_manager' build argument 'ament_cmake_args' from command line to 'None'
[0.889s] Level 5:colcon.colcon_core.verb:set package 'nav2_lifecycle_manager' build argument 'catkin_cmake_args' from command line to 'None'
[0.889s] Level 5:colcon.colcon_core.verb:set package 'nav2_lifecycle_manager' build argument 'catkin_skip_building_tests' from command line to 'False'
[0.889s] DEBUG:colcon.colcon_core.verb:Building package 'nav2_lifecycle_manager' with the following arguments: {'ament_cmake_args': None, 'build_base': '/home/tersoo/autonomous-robot-logging-with-ROS2-jazzy/myros2_ws/build/nav2_lifecycle_manager', 'catkin_cmake_args': None, 'catkin_skip_building_tests': False, 'cmake_args': None, 'cmake_clean_cache': False, 'cmake_clean_first': False, 'cmake_force_configure': False, 'cmake_target': None, 'cmake_target_skip_unavailable': False, 'install_base': '/home/tersoo/autonomous-robot-logging-with-ROS2-jazzy/myros2_ws/install/nav2_lifecycle_manager', 'merge_install': False, 'path': '/home/tersoo/autonomous-robot-logging-with-ROS2-jazzy/myros2_ws/src/navigation2/nav2_lifecycle_manager', 'symlink_install': False, 'test_result_base': None}
[0.889s] Level 5:colcon.colcon_core.verb:set package 'nav2_map_server' build argument 'cmake_args' from command line to 'None'
[0.889s] Level 5:colcon.colcon_core.verb:set package 'nav2_map_server' build argument 'cmake_target' from command line to 'None'
[0.889s] Level 5:colcon.colcon_core.verb:set package 'nav2_map_server' build argument 'cmake_target_skip_unavailable' from command line to 'False'
[0.889s] Level 5:colcon.colcon_core.verb:set package 'nav2_map_server' build argument 'cmake_clean_cache' from command line to 'False'
[0.889s] Level 5:colcon.colcon_core.verb:set package 'nav2_map_server' build argument 'cmake_clean_first' from command line to 'False'
[0.889s] Level 5:colcon.colcon_core.verb:set package 'nav2_map_server' build argument 'cmake_force_configure' from command line to 'False'
[0.889s] Level 5:colcon.colcon_core.verb:set package 'nav2_map_server' build argument 'ament_cmake_args' from command line to 'None'
[0.889s] Level 5:colcon.colcon_core.verb:set package 'nav2_map_server' build argument 'catkin_cmake_args' from command line to 'None'
[0.889s] Level 5:colcon.colcon_core.verb:set package 'nav2_map_server' build argument 'catkin_skip_building_tests' from command line to 'False'
[0.889s] DEBUG:colcon.colcon_core.verb:Building package 'nav2_map_server' with the following arguments: {'ament_cmake_args': None, 'build_base': '/home/tersoo/autonomous-robot-logging-with-ROS2-jazzy/myros2_ws/build/nav2_map_server', 'catkin_cmake_args': None, 'catkin_skip_building_tests': False, 'cmake_args': None, 'cmake_clean_cache': False, 'cmake_clean_first': False, 'cmake_force_configure': False, 'cmake_target': None, 'cmake_target_skip_unavailable': False, 'install_base': '/home/tersoo/autonomous-robot-logging-with-ROS2-jazzy/myros2_ws/install/nav2_map_server', 'merge_install': False, 'path': '/home/tersoo/autonomous-robot-logging-with-ROS2-jazzy/myros2_ws/src/navigation2/nav2_map_server', 'symlink_install': False, 'test_result_base': None}
[0.889s] Level 5:colcon.colcon_core.verb:set package 'nav2_velocity_smoother' build argument 'cmake_args' from command line to 'None'
[0.889s] Level 5:colcon.colcon_core.verb:set package 'nav2_velocity_smoother' build argument 'cmake_target' from command line to 'None'
[0.889s] Level 5:colcon.colcon_core.verb:set package 'nav2_velocity_smoother' build argument 'cmake_target_skip_unavailable' from command line to 'False'
[0.890s] Level 5:colcon.colcon_core.verb:set package 'nav2_velocity_smoother' build argument 'cmake_clean_cache' from command line to 'False'
[0.890s] Level 5:colcon.colcon_core.verb:set package 'nav2_velocity_smoother' build argument 'cmake_clean_first' from command line to 'False'
[0.890s] Level 5:colcon.colcon_core.verb:set package 'nav2_velocity_smoother' build argument 'cmake_force_configure' from command line to 'False'
[0.890s] Level 5:colcon.colcon_core.verb:set package 'nav2_velocity_smoother' build argument 'ament_cmake_args' from command line to 'None'
[0.890s] Level 5:colcon.colcon_core.verb:set package 'nav2_velocity_smoother' build argument 'catkin_cmake_args' from command line to 'None'
[0.890s] Level 5:colcon.colcon_core.verb:set package 'nav2_velocity_smoother' build argument 'catkin_skip_building_tests' from command line to 'False'
[0.890s] DEBUG:colcon.colcon_core.verb:Building package 'nav2_velocity_smoother' with the following arguments: {'ament_cmake_args': None, 'build_base': '/home/tersoo/autonomous-robot-logging-with-ROS2-jazzy/myros2_ws/build/nav2_velocity_smoother', 'catkin_cmake_args': None, 'catkin_skip_building_tests': False, 'cmake_args': None, 'cmake_clean_cache': False, 'cmake_clean_first': False, 'cmake_force_configure': False, 'cmake_target': None, 'cmake_target_skip_unavailable': False, 'install_base': '/home/tersoo/autonomous-robot-logging-with-ROS2-jazzy/myros2_ws/install/nav2_velocity_smoother', 'merge_install': False, 'path': '/home/tersoo/autonomous-robot-logging-with-ROS2-jazzy/myros2_ws/src/navigation2/nav2_velocity_smoother', 'symlink_install': False, 'test_result_base': None}
[0.890s] Level 5:colcon.colcon_core.verb:set package 'nav_2d_utils' build argument 'cmake_args' from command line to 'None'
[0.890s] Level 5:colcon.colcon_core.verb:set package 'nav_2d_utils' build argument 'cmake_target' from command line to 'None'
[0.890s] Level 5:colcon.colcon_core.verb:set package 'nav_2d_utils' build argument 'cmake_target_skip_unavailable' from command line to 'False'
[0.890s] Level 5:colcon.colcon_core.verb:set package 'nav_2d_utils' build argument 'cmake_clean_cache' from command line to 'False'
[0.890s] Level 5:colcon.colcon_core.verb:set package 'nav_2d_utils' build argument 'cmake_clean_first' from command line to 'False'
[0.890s] Level 5:colcon.colcon_core.verb:set package 'nav_2d_utils' build argument 'cmake_force_configure' from command line to 'False'
[0.890s] Level 5:colcon.colcon_core.verb:set package 'nav_2d_utils' build argument 'ament_cmake_args' from command line to 'None'
[0.890s] Level 5:colcon.colcon_core.verb:set package 'nav_2d_utils' build argument 'catkin_cmake_args' from command line to 'None'
[0.890s] Level 5:colcon.colcon_core.verb:set package 'nav_2d_utils' build argument 'catkin_skip_building_tests' from command line to 'False'
[0.890s] DEBUG:colcon.colcon_core.verb:Building package 'nav_2d_utils' with the following arguments: {'ament_cmake_args': None, 'build_base': '/home/tersoo/autonomous-robot-logging-with-ROS2-jazzy/myros2_ws/build/nav_2d_utils', 'catkin_cmake_args': None, 'catkin_skip_building_tests': False, 'cmake_args': None, 'cmake_clean_cache': False, 'cmake_clean_first': False, 'cmake_force_configure': False, 'cmake_target': None, 'cmake_target_skip_unavailable': False, 'install_base': '/home/tersoo/autonomous-robot-logging-with-ROS2-jazzy/myros2_ws/install/nav_2d_utils', 'merge_install': False, 'path': '/home/tersoo/autonomous-robot-logging-with-ROS2-jazzy/myros2_ws/src/navigation2/nav2_dwb_controller/nav_2d_utils', 'symlink_install': False, 'test_result_base': None}
[0.891s] Level 5:colcon.colcon_core.verb:set package 'opennav_docking_core' build argument 'cmake_args' from command line to 'None'
[0.891s] Level 5:colcon.colcon_core.verb:set package 'opennav_docking_core' build argument 'cmake_target' from command line to 'None'
[0.891s] Level 5:colcon.colcon_core.verb:set package 'opennav_docking_core' build argument 'cmake_target_skip_unavailable' from command line to 'False'
[0.891s] Level 5:colcon.colcon_core.verb:set package 'opennav_docking_core' build argument 'cmake_clean_cache' from command line to 'False'
[0.891s] Level 5:colcon.colcon_core.verb:set package 'opennav_docking_core' build argument 'cmake_clean_first' from command line to 'False'
[0.891s] Level 5:colcon.colcon_core.verb:set package 'opennav_docking_core' build argument 'cmake_force_configure' from command line to 'False'
[0.891s] Level 5:colcon.colcon_core.verb:set package 'opennav_docking_core' build argument 'ament_cmake_args' from command line to 'None'
[0.891s] Level 5:colcon.colcon_core.verb:set package 'opennav_docking_core' build argument 'catkin_cmake_args' from command line to 'None'
[0.891s] Level 5:colcon.colcon_core.verb:set package 'opennav_docking_core' build argument 'catkin_skip_building_tests' from command line to 'False'
[0.891s] DEBUG:colcon.colcon_core.verb:Building package 'opennav_docking_core' with the following arguments: {'ament_cmake_args': None, 'build_base': '/home/tersoo/autonomous-robot-logging-with-ROS2-jazzy/myros2_ws/build/opennav_docking_core', 'catkin_cmake_args': None, 'catkin_skip_building_tests': False, 'cmake_args': None, 'cmake_clean_cache': False, 'cmake_clean_first': False, 'cmake_force_configure': False, 'cmake_target': None, 'cmake_target_skip_unavailable': False, 'install_base': '/home/tersoo/autonomous-robot-logging-with-ROS2-jazzy/myros2_ws/install/opennav_docking_core', 'merge_install': False, 'path': '/home/tersoo/autonomous-robot-logging-with-ROS2-jazzy/myros2_ws/src/navigation2/nav2_docking/opennav_docking_core', 'symlink_install': False, 'test_result_base': None}
[0.891s] Level 5:colcon.colcon_core.verb:set package 'nav2_costmap_2d' build argument 'cmake_args' from command line to 'None'
[0.891s] Level 5:colcon.colcon_core.verb:set package 'nav2_costmap_2d' build argument 'cmake_target' from command line to 'None'
[0.891s] Level 5:colcon.colcon_core.verb:set package 'nav2_costmap_2d' build argument 'cmake_target_skip_unavailable' from command line to 'False'
[0.891s] Level 5:colcon.colcon_core.verb:set package 'nav2_costmap_2d' build argument 'cmake_clean_cache' from command line to 'False'
[0.891s] Level 5:colcon.colcon_core.verb:set package 'nav2_costmap_2d' build argument 'cmake_clean_first' from command line to 'False'
[0.891s] Level 5:colcon.colcon_core.verb:set package 'nav2_costmap_2d' build argument 'cmake_force_configure' from command line to 'False'
[0.891s] Level 5:colcon.colcon_core.verb:set package 'nav2_costmap_2d' build argument 'ament_cmake_args' from command line to 'None'
[0.891s] Level 5:colcon.colcon_core.verb:set package 'nav2_costmap_2d' build argument 'catkin_cmake_args' from command line to 'None'
[0.891s] Level 5:colcon.colcon_core.verb:set package 'nav2_costmap_2d' build argument 'catkin_skip_building_tests' from command line to 'False'
[0.891s] DEBUG:colcon.colcon_core.verb:Building package 'nav2_costmap_2d' with the following arguments: {'ament_cmake_args': None, 'build_base': '/home/tersoo/autonomous-robot-logging-with-ROS2-jazzy/myros2_ws/build/nav2_costmap_2d', 'catkin_cmake_args': None, 'catkin_skip_building_tests': False, 'cmake_args': None, 'cmake_clean_cache': False, 'cmake_clean_first': False, 'cmake_force_configure': False, 'cmake_target': None, 'cmake_target_skip_unavailable': False, 'install_base': '/home/tersoo/autonomous-robot-logging-with-ROS2-jazzy/myros2_ws/install/nav2_costmap_2d', 'merge_install': False, 'path': '/home/tersoo/autonomous-robot-logging-with-ROS2-jazzy/myros2_ws/src/navigation2/nav2_costmap_2d', 'symlink_install': False, 'test_result_base': None}
[0.892s] Level 5:colcon.colcon_core.verb:set package 'nav2_rviz_plugins' build argument 'cmake_args' from command line to 'None'
[0.892s] Level 5:colcon.colcon_core.verb:set package 'nav2_rviz_plugins' build argument 'cmake_target' from command line to 'None'
[0.892s] Level 5:colcon.colcon_core.verb:set package 'nav2_rviz_plugins' build argument 'cmake_target_skip_unavailable' from command line to 'False'
[0.892s] Level 5:colcon.colcon_core.verb:set package 'nav2_rviz_plugins' build argument 'cmake_clean_cache' from command line to 'False'
[0.892s] Level 5:colcon.colcon_core.verb:set package 'nav2_rviz_plugins' build argument 'cmake_clean_first' from command line to 'False'
[0.892s] Level 5:colcon.colcon_core.verb:set package 'nav2_rviz_plugins' build argument 'cmake_force_configure' from command line to 'False'
[0.892s] Level 5:colcon.colcon_core.verb:set package 'nav2_rviz_plugins' build argument 'ament_cmake_args' from command line to 'None'
[0.892s] Level 5:colcon.colcon_core.verb:set package 'nav2_rviz_plugins' build argument 'catkin_cmake_args' from command line to 'None'
[0.892s] Level 5:colcon.colcon_core.verb:set package 'nav2_rviz_plugins' build argument 'catkin_skip_building_tests' from command line to 'False'
[0.892s] DEBUG:colcon.colcon_core.verb:Building package 'nav2_rviz_plugins' with the following arguments: {'ament_cmake_args': None, 'build_base': '/home/tersoo/autonomous-robot-logging-with-ROS2-jazzy/myros2_ws/build/nav2_rviz_plugins', 'catkin_cmake_args': None, 'catkin_skip_building_tests': False, 'cmake_args': None, 'cmake_clean_cache': False, 'cmake_clean_first': False, 'cmake_force_configure': False, 'cmake_target': None, 'cmake_target_skip_unavailable': False, 'install_base': '/home/tersoo/autonomous-robot-logging-with-ROS2-jazzy/myros2_ws/install/nav2_rviz_plugins', 'merge_install': False, 'path': '/home/tersoo/autonomous-robot-logging-with-ROS2-jazzy/myros2_ws/src/navigation2/nav2_rviz_plugins', 'symlink_install': False, 'test_result_base': None}
[0.892s] Level 5:colcon.colcon_core.verb:set package 'costmap_queue' build argument 'cmake_args' from command line to 'None'
[0.892s] Level 5:colcon.colcon_core.verb:set package 'costmap_queue' build argument 'cmake_target' from command line to 'None'
[0.892s] Level 5:colcon.colcon_core.verb:set package 'costmap_queue' build argument 'cmake_target_skip_unavailable' from command line to 'False'
[0.892s] Level 5:colcon.colcon_core.verb:set package 'costmap_queue' build argument 'cmake_clean_cache' from command line to 'False'
[0.892s] Level 5:colcon.colcon_core.verb:set package 'costmap_queue' build argument 'cmake_clean_first' from command line to 'False'
[0.892s] Level 5:colcon.colcon_core.verb:set package 'costmap_queue' build argument 'cmake_force_configure' from command line to 'False'
[0.892s] Level 5:colcon.colcon_core.verb:set package 'costmap_queue' build argument 'ament_cmake_args' from command line to 'None'
[0.892s] Level 5:colcon.colcon_core.verb:set package 'costmap_queue' build argument 'catkin_cmake_args' from command line to 'None'
[0.893s] Level 5:colcon.colcon_core.verb:set package 'costmap_queue' build argument 'catkin_skip_building_tests' from command line to 'False'
[0.893s] DEBUG:colcon.colcon_core.verb:Building package 'costmap_queue' with the following arguments: {'ament_cmake_args': None, 'build_base': '/home/tersoo/autonomous-robot-logging-with-ROS2-jazzy/myros2_ws/build/costmap_queue', 'catkin_cmake_args': None, 'catkin_skip_building_tests': False, 'cmake_args': None, 'cmake_clean_cache': False, 'cmake_clean_first': False, 'cmake_force_configure': False, 'cmake_target': None, 'cmake_target_skip_unavailable': False, 'install_base': '/home/tersoo/autonomous-robot-logging-with-ROS2-jazzy/myros2_ws/install/costmap_queue', 'merge_install': False, 'path': '/home/tersoo/autonomous-robot-logging-with-ROS2-jazzy/myros2_ws/src/navigation2/nav2_dwb_controller/costmap_queue', 'symlink_install': False, 'test_result_base': None}
[0.893s] Level 5:colcon.colcon_core.verb:set package 'nav2_collision_monitor' build argument 'cmake_args' from command line to 'None'
[0.893s] Level 5:colcon.colcon_core.verb:set package 'nav2_collision_monitor' build argument 'cmake_target' from command line to 'None'
[0.893s] Level 5:colcon.colcon_core.verb:set package 'nav2_collision_monitor' build argument 'cmake_target_skip_unavailable' from command line to 'False'
[0.893s] Level 5:colcon.colcon_core.verb:set package 'nav2_collision_monitor' build argument 'cmake_clean_cache' from command line to 'False'
[0.893s] Level 5:colcon.colcon_core.verb:set package 'nav2_collision_monitor' build argument 'cmake_clean_first' from command line to 'False'
[0.893s] Level 5:colcon.colcon_core.verb:set package 'nav2_collision_monitor' build argument 'cmake_force_configure' from command line to 'False'
[0.893s] Level 5:colcon.colcon_core.verb:set package 'nav2_collision_monitor' build argument 'ament_cmake_args' from command line to 'None'
[0.893s] Level 5:colcon.colcon_core.verb:set package 'nav2_collision_monitor' build argument 'catkin_cmake_args' from command line to 'None'
[0.893s] Level 5:colcon.colcon_core.verb:set package 'nav2_collision_monitor' build argument 'catkin_skip_building_tests' from command line to 'False'
[0.893s] DEBUG:colcon.colcon_core.verb:Building package 'nav2_collision_monitor' with the following arguments: {'ament_cmake_args': None, 'build_base': '/home/tersoo/autonomous-robot-logging-with-ROS2-jazzy/myros2_ws/build/nav2_collision_monitor', 'catkin_cmake_args': None, 'catkin_skip_building_tests': False, 'cmake_args': None, 'cmake_clean_cache': False, 'cmake_clean_first': False, 'cmake_force_configure': False, 'cmake_target': None, 'cmake_target_skip_unavailable': False, 'install_base': '/home/tersoo/autonomous-robot-logging-with-ROS2-jazzy/myros2_ws/install/nav2_collision_monitor', 'merge_install': False, 'path': '/home/tersoo/autonomous-robot-logging-with-ROS2-jazzy/myros2_ws/src/navigation2/nav2_collision_monitor', 'symlink_install': False, 'test_result_base': None}
[0.893s] Level 5:colcon.colcon_core.verb:set package 'nav2_core' build argument 'cmake_args' from command line to 'None'
[0.893s] Level 5:colcon.colcon_core.verb:set package 'nav2_core' build argument 'cmake_target' from command line to 'None'
[0.893s] Level 5:colcon.colcon_core.verb:set package 'nav2_core' build argument 'cmake_target_skip_unavailable' from command line to 'False'
[0.893s] Level 5:colcon.colcon_core.verb:set package 'nav2_core' build argument 'cmake_clean_cache' from command line to 'False'
[0.893s] Level 5:colcon.colcon_core.verb:set package 'nav2_core' build argument 'cmake_clean_first' from command line to 'False'
[0.893s] Level 5:colcon.colcon_core.verb:set package 'nav2_core' build argument 'cmake_force_configure' from command line to 'False'
[0.894s] Level 5:colcon.colcon_core.verb:set package 'nav2_core' build argument 'ament_cmake_args' from command line to 'None'
[0.894s] Level 5:colcon.colcon_core.verb:set package 'nav2_core' build argument 'catkin_cmake_args' from command line to 'None'
[0.894s] Level 5:colcon.colcon_core.verb:set package 'nav2_core' build argument 'catkin_skip_building_tests' from command line to 'False'
[0.894s] DEBUG:colcon.colcon_core.verb:Building package 'nav2_core' with the following arguments: {'ament_cmake_args': None, 'build_base': '/home/tersoo/autonomous-robot-logging-with-ROS2-jazzy/myros2_ws/build/nav2_core', 'catkin_cmake_args': None, 'catkin_skip_building_tests': False, 'cmake_args': None, 'cmake_clean_cache': False, 'cmake_clean_first': False, 'cmake_force_configure': False, 'cmake_target': None, 'cmake_target_skip_unavailable': False, 'install_base': '/home/tersoo/autonomous-robot-logging-with-ROS2-jazzy/myros2_ws/install/nav2_core', 'merge_install': False, 'path': '/home/tersoo/autonomous-robot-logging-with-ROS2-jazzy/myros2_ws/src/navigation2/nav2_core', 'symlink_install': False, 'test_result_base': None}
[0.894s] Level 5:colcon.colcon_core.verb:set package 'dwb_core' build argument 'cmake_args' from command line to 'None'
[0.894s] Level 5:colcon.colcon_core.verb:set package 'dwb_core' build argument 'cmake_target' from command line to 'None'
[0.894s] Level 5:colcon.colcon_core.verb:set package 'dwb_core' build argument 'cmake_target_skip_unavailable' from command line to 'False'
[0.894s] Level 5:colcon.colcon_core.verb:set package 'dwb_core' build argument 'cmake_clean_cache' from command line to 'False'
[0.894s] Level 5:colcon.colcon_core.verb:set package 'dwb_core' build argument 'cmake_clean_first' from command line to 'False'
[0.894s] Level 5:colcon.colcon_core.verb:set package 'dwb_core' build argument 'cmake_force_configure' from command line to 'False'
[0.894s] Level 5:colcon.colcon_core.verb:set package 'dwb_core' build argument 'ament_cmake_args' from command line to 'None'
[0.894s] Level 5:colcon.colcon_core.verb:set package 'dwb_core' build argument 'catkin_cmake_args' from command line to 'None'
[0.894s] Level 5:colcon.colcon_core.verb:set package 'dwb_core' build argument 'catkin_skip_building_tests' from command line to 'False'
[0.894s] DEBUG:colcon.colcon_core.verb:Building package 'dwb_core' with the following arguments: {'ament_cmake_args': None, 'build_base': '/home/tersoo/autonomous-robot-logging-with-ROS2-jazzy/myros2_ws/build/dwb_core', 'catkin_cmake_args': None, 'catkin_skip_building_tests': False, 'cmake_args': None, 'cmake_clean_cache': False, 'cmake_clean_first': False, 'cmake_force_configure': False, 'cmake_target': None, 'cmake_target_skip_unavailable': False, 'install_base': '/home/tersoo/autonomous-robot-logging-with-ROS2-jazzy/myros2_ws/install/dwb_core', 'merge_install': False, 'path': '/home/tersoo/autonomous-robot-logging-with-ROS2-jazzy/myros2_ws/src/navigation2/nav2_dwb_controller/dwb_core', 'symlink_install': False, 'test_result_base': None}
[0.894s] Level 5:colcon.colcon_core.verb:set package 'nav2_behaviors' build argument 'cmake_args' from command line to 'None'
[0.894s] Level 5:colcon.colcon_core.verb:set package 'nav2_behaviors' build argument 'cmake_target' from command line to 'None'
[0.895s] Level 5:colcon.colcon_core.verb:set package 'nav2_behaviors' build argument 'cmake_target_skip_unavailable' from command line to 'False'
[0.895s] Level 5:colcon.colcon_core.verb:set package 'nav2_behaviors' build argument 'cmake_clean_cache' from command line to 'False'
[0.895s] Level 5:colcon.colcon_core.verb:set package 'nav2_behaviors' build argument 'cmake_clean_first' from command line to 'False'
[0.895s] Level 5:colcon.colcon_core.verb:set package 'nav2_behaviors' build argument 'cmake_force_configure' from command line to 'False'
[0.895s] Level 5:colcon.colcon_core.verb:set package 'nav2_behaviors' build argument 'ament_cmake_args' from command line to 'None'
[0.895s] Level 5:colcon.colcon_core.verb:set package 'nav2_behaviors' build argument 'catkin_cmake_args' from command line to 'None'
[0.895s] Level 5:colcon.colcon_core.verb:set package 'nav2_behaviors' build argument 'catkin_skip_building_tests' from command line to 'False'
[0.895s] DEBUG:colcon.colcon_core.verb:Building package 'nav2_behaviors' with the following arguments: {'ament_cmake_args': None, 'build_base': '/home/tersoo/autonomous-robot-logging-with-ROS2-jazzy/myros2_ws/build/nav2_behaviors', 'catkin_cmake_args': None, 'catkin_skip_building_tests': False, 'cmake_args': None, 'cmake_clean_cache': False, 'cmake_clean_first': False, 'cmake_force_configure': False, 'cmake_target': None, 'cmake_target_skip_unavailable': False, 'install_base': '/home/tersoo/autonomous-robot-logging-with-ROS2-jazzy/myros2_ws/install/nav2_behaviors', 'merge_install': False, 'path': '/home/tersoo/autonomous-robot-logging-with-ROS2-jazzy/myros2_ws/src/navigation2/nav2_behaviors', 'symlink_install': False, 'test_result_base': None}
[0.895s] Level 5:colcon.colcon_core.verb:set package 'nav2_bt_navigator' build argument 'cmake_args' from command line to 'None'
[0.895s] Level 5:colcon.colcon_core.verb:set package 'nav2_bt_navigator' build argument 'cmake_target' from command line to 'None'
[0.895s] Level 5:colcon.colcon_core.verb:set package 'nav2_bt_navigator' build argument 'cmake_target_skip_unavailable' from command line to 'False'
[0.895s] Level 5:colcon.colcon_core.verb:set package 'nav2_bt_navigator' build argument 'cmake_clean_cache' from command line to 'False'
[0.895s] Level 5:colcon.colcon_core.verb:set package 'nav2_bt_navigator' build argument 'cmake_clean_first' from command line to 'False'
[0.895s] Level 5:colcon.colcon_core.verb:set package 'nav2_bt_navigator' build argument 'cmake_force_configure' from command line to 'False'
[0.895s] Level 5:colcon.colcon_core.verb:set package 'nav2_bt_navigator' build argument 'ament_cmake_args' from command line to 'None'
[0.895s] Level 5:colcon.colcon_core.verb:set package 'nav2_bt_navigator' build argument 'catkin_cmake_args' from command line to 'None'
[0.895s] Level 5:colcon.colcon_core.verb:set package 'nav2_bt_navigator' build argument 'catkin_skip_building_tests' from command line to 'False'
[0.895s] DEBUG:colcon.colcon_core.verb:Building package 'nav2_bt_navigator' with the following arguments: {'ament_cmake_args': None, 'build_base': '/home/tersoo/autonomous-robot-logging-with-ROS2-jazzy/myros2_ws/build/nav2_bt_navigator', 'catkin_cmake_args': None, 'catkin_skip_building_tests': False, 'cmake_args': None, 'cmake_clean_cache': False, 'cmake_clean_first': False, 'cmake_force_configure': False, 'cmake_target': None, 'cmake_target_skip_unavailable': False, 'install_base': '/home/tersoo/autonomous-robot-logging-with-ROS2-jazzy/myros2_ws/install/nav2_bt_navigator', 'merge_install': False, 'path': '/home/tersoo/autonomous-robot-logging-with-ROS2-jazzy/myros2_ws/src/navigation2/nav2_bt_navigator', 'symlink_install': False, 'test_result_base': None}
[0.896s] Level 5:colcon.colcon_core.verb:set package 'nav2_constrained_smoother' build argument 'cmake_args' from command line to 'None'
[0.896s] Level 5:colcon.colcon_core.verb:set package 'nav2_constrained_smoother' build argument 'cmake_target' from command line to 'None'
[0.896s] Level 5:colcon.colcon_core.verb:set package 'nav2_constrained_smoother' build argument 'cmake_target_skip_unavailable' from command line to 'False'
[0.896s] Level 5:colcon.colcon_core.verb:set package 'nav2_constrained_smoother' build argument 'cmake_clean_cache' from command line to 'False'
[0.896s] Level 5:colcon.colcon_core.verb:set package 'nav2_constrained_smoother' build argument 'cmake_clean_first' from command line to 'False'
[0.896s] Level 5:colcon.colcon_core.verb:set package 'nav2_constrained_smoother' build argument 'cmake_force_configure' from command line to 'False'
[0.896s] Level 5:colcon.colcon_core.verb:set package 'nav2_constrained_smoother' build argument 'ament_cmake_args' from command line to 'None'
[0.896s] Level 5:colcon.colcon_core.verb:set package 'nav2_constrained_smoother' build argument 'catkin_cmake_args' from command line to 'None'
[0.896s] Level 5:colcon.colcon_core.verb:set package 'nav2_constrained_smoother' build argument 'catkin_skip_building_tests' from command line to 'False'
[0.896s] DEBUG:colcon.colcon_core.verb:Building package 'nav2_constrained_smoother' with the following arguments: {'ament_cmake_args': None, 'build_base': '/home/tersoo/autonomous-robot-logging-with-ROS2-jazzy/myros2_ws/build/nav2_constrained_smoother', 'catkin_cmake_args': None, 'catkin_skip_building_tests': False, 'cmake_args': None, 'cmake_clean_cache': False, 'cmake_clean_first': False, 'cmake_force_configure': False, 'cmake_target': None, 'cmake_target_skip_unavailable': False, 'install_base': '/home/tersoo/autonomous-robot-logging-with-ROS2-jazzy/myros2_ws/install/nav2_constrained_smoother', 'merge_install': False, 'path': '/home/tersoo/autonomous-robot-logging-with-ROS2-jazzy/myros2_ws/src/navigation2/nav2_constrained_smoother', 'symlink_install': False, 'test_result_base': None}
[0.896s] Level 5:colcon.colcon_core.verb:set package 'nav2_controller' build argument 'cmake_args' from command line to 'None'
[0.896s] Level 5:colcon.colcon_core.verb:set package 'nav2_controller' build argument 'cmake_target' from command line to 'None'
[0.896s] Level 5:colcon.colcon_core.verb:set package 'nav2_controller' build argument 'cmake_target_skip_unavailable' from command line to 'False'
[0.896s] Level 5:colcon.colcon_core.verb:set package 'nav2_controller' build argument 'cmake_clean_cache' from command line to 'False'
[0.896s] Level 5:colcon.colcon_core.verb:set package 'nav2_controller' build argument 'cmake_clean_first' from command line to 'False'
[0.896s] Level 5:colcon.colcon_core.verb:set package 'nav2_controller' build argument 'cmake_force_configure' from command line to 'False'
[0.896s] Level 5:colcon.colcon_core.verb:set package 'nav2_controller' build argument 'ament_cmake_args' from command line to 'None'
[0.896s] Level 5:colcon.colcon_core.verb:set package 'nav2_controller' build argument 'catkin_cmake_args' from command line to 'None'
[0.896s] Level 5:colcon.colcon_core.verb:set package 'nav2_controller' build argument 'catkin_skip_building_tests' from command line to 'False'
[0.896s] DEBUG:colcon.colcon_core.verb:Building package 'nav2_controller' with the following arguments: {'ament_cmake_args': None, 'build_base': '/home/tersoo/autonomous-robot-logging-with-ROS2-jazzy/myros2_ws/build/nav2_controller', 'catkin_cmake_args': None, 'catkin_skip_building_tests': False, 'cmake_args': None, 'cmake_clean_cache': False, 'cmake_clean_first': False, 'cmake_force_configure': False, 'cmake_target': None, 'cmake_target_skip_unavailable': False, 'install_base': '/home/tersoo/autonomous-robot-logging-with-ROS2-jazzy/myros2_ws/install/nav2_controller', 'merge_install': False, 'path': '/home/tersoo/autonomous-robot-logging-with-ROS2-jazzy/myros2_ws/src/navigation2/nav2_controller', 'symlink_install': False, 'test_result_base': None}
[0.897s] Level 5:colcon.colcon_core.verb:set package 'nav2_mppi_controller' build argument 'cmake_args' from command line to 'None'
[0.897s] Level 5:colcon.colcon_core.verb:set package 'nav2_mppi_controller' build argument 'cmake_target' from command line to 'None'
[0.897s] Level 5:colcon.colcon_core.verb:set package 'nav2_mppi_controller' build argument 'cmake_target_skip_unavailable' from command line to 'False'
[0.897s] Level 5:colcon.colcon_core.verb:set package 'nav2_mppi_controller' build argument 'cmake_clean_cache' from command line to 'False'
[0.897s] Level 5:colcon.colcon_core.verb:set package 'nav2_mppi_controller' build argument 'cmake_clean_first' from command line to 'False'
[0.897s] Level 5:colcon.colcon_core.verb:set package 'nav2_mppi_controller' build argument 'cmake_force_configure' from command line to 'False'
[0.897s] Level 5:colcon.colcon_core.verb:set package 'nav2_mppi_controller' build argument 'ament_cmake_args' from command line to 'None'
[0.897s] Level 5:colcon.colcon_core.verb:set package 'nav2_mppi_controller' build argument 'catkin_cmake_args' from command line to 'None'
[0.897s] Level 5:colcon.colcon_core.verb:set package 'nav2_mppi_controller' build argument 'catkin_skip_building_tests' from command line to 'False'
[0.897s] DEBUG:colcon.colcon_core.verb:Building package 'nav2_mppi_controller' with the following arguments: {'ament_cmake_args': None, 'build_base': '/home/tersoo/autonomous-robot-logging-with-ROS2-jazzy/myros2_ws/build/nav2_mppi_controller', 'catkin_cmake_args': None, 'catkin_skip_building_tests': False, 'cmake_args': None, 'cmake_clean_cache': False, 'cmake_clean_first': False, 'cmake_force_configure': False, 'cmake_target': None, 'cmake_target_skip_unavailable': False, 'install_base': '/home/tersoo/autonomous-robot-logging-with-ROS2-jazzy/myros2_ws/install/nav2_mppi_controller', 'merge_install': False, 'path': '/home/tersoo/autonomous-robot-logging-with-ROS2-jazzy/myros2_ws/src/navigation2/nav2_mppi_controller', 'symlink_install': False, 'test_result_base': None}
[0.897s] Level 5:colcon.colcon_core.verb:set package 'nav2_navfn_planner' build argument 'cmake_args' from command line to 'None'
[0.897s] Level 5:colcon.colcon_core.verb:set package 'nav2_navfn_planner' build argument 'cmake_target' from command line to 'None'
[0.897s] Level 5:colcon.colcon_core.verb:set package 'nav2_navfn_planner' build argument 'cmake_target_skip_unavailable' from command line to 'False'
[0.897s] Level 5:colcon.colcon_core.verb:set package 'nav2_navfn_planner' build argument 'cmake_clean_cache' from command line to 'False'
[0.897s] Level 5:colcon.colcon_core.verb:set package 'nav2_navfn_planner' build argument 'cmake_clean_first' from command line to 'False'
[0.897s] Level 5:colcon.colcon_core.verb:set package 'nav2_navfn_planner' build argument 'cmake_force_configure' from command line to 'False'
[0.898s] Level 5:colcon.colcon_core.verb:set package 'nav2_navfn_planner' build argument 'ament_cmake_args' from command line to 'None'
[0.898s] Level 5:colcon.colcon_core.verb:set package 'nav2_navfn_planner' build argument 'catkin_cmake_args' from command line to 'None'
[0.898s] Level 5:colcon.colcon_core.verb:set package 'nav2_navfn_planner' build argument 'catkin_skip_building_tests' from command line to 'False'
[0.898s] DEBUG:colcon.colcon_core.verb:Building package 'nav2_navfn_planner' with the following arguments: {'ament_cmake_args': None, 'build_base': '/home/tersoo/autonomous-robot-logging-with-ROS2-jazzy/myros2_ws/build/nav2_navfn_planner', 'catkin_cmake_args': None, 'catkin_skip_building_tests': False, 'cmake_args': None, 'cmake_clean_cache': False, 'cmake_clean_first': False, 'cmake_force_configure': False, 'cmake_target': None, 'cmake_target_skip_unavailable': False, 'install_base': '/home/tersoo/autonomous-robot-logging-with-ROS2-jazzy/myros2_ws/install/nav2_navfn_planner', 'merge_install': False, 'path': '/home/tersoo/autonomous-robot-logging-with-ROS2-jazzy/myros2_ws/src/navigation2/nav2_navfn_planner', 'symlink_install': False, 'test_result_base': None}
[0.898s] Level 5:colcon.colcon_core.verb:set package 'nav2_planner' build argument 'cmake_args' from command line to 'None'
[0.898s] Level 5:colcon.colcon_core.verb:set package 'nav2_planner' build argument 'cmake_target' from command line to 'None'
[0.898s] Level 5:colcon.colcon_core.verb:set package 'nav2_planner' build argument 'cmake_target_skip_unavailable' from command line to 'False'
[0.898s] Level 5:colcon.colcon_core.verb:set package 'nav2_planner' build argument 'cmake_clean_cache' from command line to 'False'
[0.898s] Level 5:colcon.colcon_core.verb:set package 'nav2_planner' build argument 'cmake_clean_first' from command line to 'False'
[0.898s] Level 5:colcon.colcon_core.verb:set package 'nav2_planner' build argument 'cmake_force_configure' from command line to 'False'
[0.898s] Level 5:colcon.colcon_core.verb:set package 'nav2_planner' build argument 'ament_cmake_args' from command line to 'None'
[0.898s] Level 5:colcon.colcon_core.verb:set package 'nav2_planner' build argument 'catkin_cmake_args' from command line to 'None'
[0.898s] Level 5:colcon.colcon_core.verb:set package 'nav2_planner' build argument 'catkin_skip_building_tests' from command line to 'False'
[0.898s] DEBUG:colcon.colcon_core.verb:Building package 'nav2_planner' with the following arguments: {'ament_cmake_args': None, 'build_base': '/home/tersoo/autonomous-robot-logging-with-ROS2-jazzy/myros2_ws/build/nav2_planner', 'catkin_cmake_args': None, 'catkin_skip_building_tests': False, 'cmake_args': None, 'cmake_clean_cache': False, 'cmake_clean_first': False, 'cmake_force_configure': False, 'cmake_target': None, 'cmake_target_skip_unavailable': False, 'install_base': '/home/tersoo/autonomous-robot-logging-with-ROS2-jazzy/myros2_ws/install/nav2_planner', 'merge_install': False, 'path': '/home/tersoo/autonomous-robot-logging-with-ROS2-jazzy/myros2_ws/src/navigation2/nav2_planner', 'symlink_install': False, 'test_result_base': None}
[0.920s] Level 5:colcon.colcon_core.verb:set package 'nav2_regulated_pure_pursuit_controller' build argument 'cmake_args' from command line to 'None'
[0.920s] Level 5:colcon.colcon_core.verb:set package 'nav2_regulated_pure_pursuit_controller' build argument 'cmake_target' from command line to 'None'
[0.920s] Level 5:colcon.colcon_core.verb:set package 'nav2_regulated_pure_pursuit_controller' build argument 'cmake_target_skip_unavailable' from command line to 'False'
[0.920s] Level 5:colcon.colcon_core.verb:set package 'nav2_regulated_pure_pursuit_controller' build argument 'cmake_clean_cache' from command line to 'False'
[0.920s] Level 5:colcon.colcon_core.verb:set package 'nav2_regulated_pure_pursuit_controller' build argument 'cmake_clean_first' from command line to 'False'
[0.920s] Level 5:colcon.colcon_core.verb:set package 'nav2_regulated_pure_pursuit_controller' build argument 'cmake_force_configure' from command line to 'False'
[0.920s] Level 5:colcon.colcon_core.verb:set package 'nav2_regulated_pure_pursuit_controller' build argument 'ament_cmake_args' from command line to 'None'
[0.920s] Level 5:colcon.colcon_core.verb:set package 'nav2_regulated_pure_pursuit_controller' build argument 'catkin_cmake_args' from command line to 'None'
[0.920s] Level 5:colcon.colcon_core.verb:set package 'nav2_regulated_pure_pursuit_controller' build argument 'catkin_skip_building_tests' from command line to 'False'
[0.920s] DEBUG:colcon.colcon_core.verb:Building package 'nav2_regulated_pure_pursuit_controller' with the following arguments: {'ament_cmake_args': None, 'build_base': '/home/tersoo/autonomous-robot-logging-with-ROS2-jazzy/myros2_ws/build/nav2_regulated_pure_pursuit_controller', 'catkin_cmake_args': None, 'catkin_skip_building_tests': False, 'cmake_args': None, 'cmake_clean_cache': False, 'cmake_clean_first': False, 'cmake_force_configure': False, 'cmake_target': None, 'cmake_target_skip_unavailable': False, 'install_base': '/home/tersoo/autonomous-robot-logging-with-ROS2-jazzy/myros2_ws/install/nav2_regulated_pure_pursuit_controller', 'merge_install': False, 'path': '/home/tersoo/autonomous-robot-logging-with-ROS2-jazzy/myros2_ws/src/navigation2/nav2_regulated_pure_pursuit_controller', 'symlink_install': False, 'test_result_base': None}
[0.921s] Level 5:colcon.colcon_core.verb:set package 'nav2_smac_planner' build argument 'cmake_args' from command line to 'None'
[0.921s] Level 5:colcon.colcon_core.verb:set package 'nav2_smac_planner' build argument 'cmake_target' from command line to 'None'
[0.921s] Level 5:colcon.colcon_core.verb:set package 'nav2_smac_planner' build argument 'cmake_target_skip_unavailable' from command line to 'False'
[0.921s] Level 5:colcon.colcon_core.verb:set package 'nav2_smac_planner' build argument 'cmake_clean_cache' from command line to 'False'
[0.921s] Level 5:colcon.colcon_core.verb:set package 'nav2_smac_planner' build argument 'cmake_clean_first' from command line to 'False'
[0.921s] Level 5:colcon.colcon_core.verb:set package 'nav2_smac_planner' build argument 'cmake_force_configure' from command line to 'False'
[0.921s] Level 5:colcon.colcon_core.verb:set package 'nav2_smac_planner' build argument 'ament_cmake_args' from command line to 'None'
[0.921s] Level 5:colcon.colcon_core.verb:set package 'nav2_smac_planner' build argument 'catkin_cmake_args' from command line to 'None'
[0.921s] Level 5:colcon.colcon_core.verb:set package 'nav2_smac_planner' build argument 'catkin_skip_building_tests' from command line to 'False'
[0.921s] DEBUG:colcon.colcon_core.verb:Building package 'nav2_smac_planner' with the following arguments: {'ament_cmake_args': None, 'build_base': '/home/tersoo/autonomous-robot-logging-with-ROS2-jazzy/myros2_ws/build/nav2_smac_planner', 'catkin_cmake_args': None, 'catkin_skip_building_tests': False, 'cmake_args': None, 'cmake_clean_cache': False, 'cmake_clean_first': False, 'cmake_force_configure': False, 'cmake_target': None, 'cmake_target_skip_unavailable': False, 'install_base': '/home/tersoo/autonomous-robot-logging-with-ROS2-jazzy/myros2_ws/install/nav2_smac_planner', 'merge_install': False, 'path': '/home/tersoo/autonomous-robot-logging-with-ROS2-jazzy/myros2_ws/src/navigation2/nav2_smac_planner', 'symlink_install': False, 'test_result_base': None}
[0.921s] Level 5:colcon.colcon_core.verb:set package 'nav2_smoother' build argument 'cmake_args' from command line to 'None'
[0.921s] Level 5:colcon.colcon_core.verb:set package 'nav2_smoother' build argument 'cmake_target' from command line to 'None'
[0.921s] Level 5:colcon.colcon_core.verb:set package 'nav2_smoother' build argument 'cmake_target_skip_unavailable' from command line to 'False'
[0.921s] Level 5:colcon.colcon_core.verb:set package 'nav2_smoother' build argument 'cmake_clean_cache' from command line to 'False'
[0.921s] Level 5:colcon.colcon_core.verb:set package 'nav2_smoother' build argument 'cmake_clean_first' from command line to 'False'
[0.922s] Level 5:colcon.colcon_core.verb:set package 'nav2_smoother' build argument 'cmake_force_configure' from command line to 'False'
[0.922s] Level 5:colcon.colcon_core.verb:set package 'nav2_smoother' build argument 'ament_cmake_args' from command line to 'None'
[0.922s] Level 5:colcon.colcon_core.verb:set package 'nav2_smoother' build argument 'catkin_cmake_args' from command line to 'None'
[0.922s] Level 5:colcon.colcon_core.verb:set package 'nav2_smoother' build argument 'catkin_skip_building_tests' from command line to 'False'
[0.922s] DEBUG:colcon.colcon_core.verb:Building package 'nav2_smoother' with the following arguments: {'ament_cmake_args': None, 'build_base': '/home/tersoo/autonomous-robot-logging-with-ROS2-jazzy/myros2_ws/build/nav2_smoother', 'catkin_cmake_args': None, 'catkin_skip_building_tests': False, 'cmake_args': None, 'cmake_clean_cache': False, 'cmake_clean_first': False, 'cmake_force_configure': False, 'cmake_target': None, 'cmake_target_skip_unavailable': False, 'install_base': '/home/tersoo/autonomous-robot-logging-with-ROS2-jazzy/myros2_ws/install/nav2_smoother', 'merge_install': False, 'path': '/home/tersoo/autonomous-robot-logging-with-ROS2-jazzy/myros2_ws/src/navigation2/nav2_smoother', 'symlink_install': False, 'test_result_base': None}
[0.922s] Level 5:colcon.colcon_core.verb:set package 'nav2_theta_star_planner' build argument 'cmake_args' from command line to 'None'
[0.922s] Level 5:colcon.colcon_core.verb:set package 'nav2_theta_star_planner' build argument 'cmake_target' from command line to 'None'
[0.922s] Level 5:colcon.colcon_core.verb:set package 'nav2_theta_star_planner' build argument 'cmake_target_skip_unavailable' from command line to 'False'
[0.922s] Level 5:colcon.colcon_core.verb:set package 'nav2_theta_star_planner' build argument 'cmake_clean_cache' from command line to 'False'
[0.922s] Level 5:colcon.colcon_core.verb:set package 'nav2_theta_star_planner' build argument 'cmake_clean_first' from command line to 'False'
[0.922s] Level 5:colcon.colcon_core.verb:set package 'nav2_theta_star_planner' build argument 'cmake_force_configure' from command line to 'False'
[0.922s] Level 5:colcon.colcon_core.verb:set package 'nav2_theta_star_planner' build argument 'ament_cmake_args' from command line to 'None'
[0.922s] Level 5:colcon.colcon_core.verb:set package 'nav2_theta_star_planner' build argument 'catkin_cmake_args' from command line to 'None'
[0.922s] Level 5:colcon.colcon_core.verb:set package 'nav2_theta_star_planner' build argument 'catkin_skip_building_tests' from command line to 'False'
[0.922s] DEBUG:colcon.colcon_core.verb:Building package 'nav2_theta_star_planner' with the following arguments: {'ament_cmake_args': None, 'build_base': '/home/tersoo/autonomous-robot-logging-with-ROS2-jazzy/myros2_ws/build/nav2_theta_star_planner', 'catkin_cmake_args': None, 'catkin_skip_building_tests': False, 'cmake_args': None, 'cmake_clean_cache': False, 'cmake_clean_first': False, 'cmake_force_configure': False, 'cmake_target': None, 'cmake_target_skip_unavailable': False, 'install_base': '/home/tersoo/autonomous-robot-logging-with-ROS2-jazzy/myros2_ws/install/nav2_theta_star_planner', 'merge_install': False, 'path': '/home/tersoo/autonomous-robot-logging-with-ROS2-jazzy/myros2_ws/src/navigation2/nav2_theta_star_planner', 'symlink_install': False, 'test_result_base': None}
[0.923s] Level 5:colcon.colcon_core.verb:set package 'nav2_waypoint_follower' build argument 'cmake_args' from command line to 'None'
[0.923s] Level 5:colcon.colcon_core.verb:set package 'nav2_waypoint_follower' build argument 'cmake_target' from command line to 'None'
[0.923s] Level 5:colcon.colcon_core.verb:set package 'nav2_waypoint_follower' build argument 'cmake_target_skip_unavailable' from command line to 'False'
[0.923s] Level 5:colcon.colcon_core.verb:set package 'nav2_waypoint_follower' build argument 'cmake_clean_cache' from command line to 'False'
[0.923s] Level 5:colcon.colcon_core.verb:set package 'nav2_waypoint_follower' build argument 'cmake_clean_first' from command line to 'False'
[0.923s] Level 5:colcon.colcon_core.verb:set package 'nav2_waypoint_follower' build argument 'cmake_force_configure' from command line to 'False'
[0.923s] Level 5:colcon.colcon_core.verb:set package 'nav2_waypoint_follower' build argument 'ament_cmake_args' from command line to 'None'
[0.923s] Level 5:colcon.colcon_core.verb:set package 'nav2_waypoint_follower' build argument 'catkin_cmake_args' from command line to 'None'
[0.923s] Level 5:colcon.colcon_core.verb:set package 'nav2_waypoint_follower' build argument 'catkin_skip_building_tests' from command line to 'False'
[0.923s] DEBUG:colcon.colcon_core.verb:Building package 'nav2_waypoint_follower' with the following arguments: {'ament_cmake_args': None, 'build_base': '/home/tersoo/autonomous-robot-logging-with-ROS2-jazzy/myros2_ws/build/nav2_waypoint_follower', 'catkin_cmake_args': None, 'catkin_skip_building_tests': False, 'cmake_args': None, 'cmake_clean_cache': False, 'cmake_clean_first': False, 'cmake_force_configure': False, 'cmake_target': None, 'cmake_target_skip_unavailable': False, 'install_base': '/home/tersoo/autonomous-robot-logging-with-ROS2-jazzy/myros2_ws/install/nav2_waypoint_follower', 'merge_install': False, 'path': '/home/tersoo/autonomous-robot-logging-with-ROS2-jazzy/myros2_ws/src/navigation2/nav2_waypoint_follower', 'symlink_install': False, 'test_result_base': None}
[0.923s] Level 5:colcon.colcon_core.verb:set package 'opennav_docking_bt' build argument 'cmake_args' from command line to 'None'
[0.923s] Level 5:colcon.colcon_core.verb:set package 'opennav_docking_bt' build argument 'cmake_target' from command line to 'None'
[0.923s] Level 5:colcon.colcon_core.verb:set package 'opennav_docking_bt' build argument 'cmake_target_skip_unavailable' from command line to 'False'
[0.923s] Level 5:colcon.colcon_core.verb:set package 'opennav_docking_bt' build argument 'cmake_clean_cache' from command line to 'False'
[0.923s] Level 5:colcon.colcon_core.verb:set package 'opennav_docking_bt' build argument 'cmake_clean_first' from command line to 'False'
[0.923s] Level 5:colcon.colcon_core.verb:set package 'opennav_docking_bt' build argument 'cmake_force_configure' from command line to 'False'
[0.923s] Level 5:colcon.colcon_core.verb:set package 'opennav_docking_bt' build argument 'ament_cmake_args' from command line to 'None'
[0.923s] Level 5:colcon.colcon_core.verb:set package 'opennav_docking_bt' build argument 'catkin_cmake_args' from command line to 'None'
[0.923s] Level 5:colcon.colcon_core.verb:set package 'opennav_docking_bt' build argument 'catkin_skip_building_tests' from command line to 'False'
[0.923s] DEBUG:colcon.colcon_core.verb:Building package 'opennav_docking_bt' with the following arguments: {'ament_cmake_args': None, 'build_base': '/home/tersoo/autonomous-robot-logging-with-ROS2-jazzy/myros2_ws/build/opennav_docking_bt', 'catkin_cmake_args': None, 'catkin_skip_building_tests': False, 'cmake_args': None, 'cmake_clean_cache': False, 'cmake_clean_first': False, 'cmake_force_configure': False, 'cmake_target': None, 'cmake_target_skip_unavailable': False, 'install_base': '/home/tersoo/autonomous-robot-logging-with-ROS2-jazzy/myros2_ws/install/opennav_docking_bt', 'merge_install': False, 'path': '/home/tersoo/autonomous-robot-logging-with-ROS2-jazzy/myros2_ws/src/navigation2/nav2_docking/opennav_docking_bt', 'symlink_install': False, 'test_result_base': None}
[0.924s] Level 5:colcon.colcon_core.verb:set package 'dwb_critics' build argument 'cmake_args' from command line to 'None'
[0.924s] Level 5:colcon.colcon_core.verb:set package 'dwb_critics' build argument 'cmake_target' from command line to 'None'
[0.924s] Level 5:colcon.colcon_core.verb:set package 'dwb_critics' build argument 'cmake_target_skip_unavailable' from command line to 'False'
[0.924s] Level 5:colcon.colcon_core.verb:set package 'dwb_critics' build argument 'cmake_clean_cache' from command line to 'False'
[0.924s] Level 5:colcon.colcon_core.verb:set package 'dwb_critics' build argument 'cmake_clean_first' from command line to 'False'
[0.924s] Level 5:colcon.colcon_core.verb:set package 'dwb_critics' build argument 'cmake_force_configure' from command line to 'False'
[0.924s] Level 5:colcon.colcon_core.verb:set package 'dwb_critics' build argument 'ament_cmake_args' from command line to 'None'
[0.924s] Level 5:colcon.colcon_core.verb:set package 'dwb_critics' build argument 'catkin_cmake_args' from command line to 'None'
[0.924s] Level 5:colcon.colcon_core.verb:set package 'dwb_critics' build argument 'catkin_skip_building_tests' from command line to 'False'
[0.924s] DEBUG:colcon.colcon_core.verb:Building package 'dwb_critics' with the following arguments: {'ament_cmake_args': None, 'build_base': '/home/tersoo/autonomous-robot-logging-with-ROS2-jazzy/myros2_ws/build/dwb_critics', 'catkin_cmake_args': None, 'catkin_skip_building_tests': False, 'cmake_args': None, 'cmake_clean_cache': False, 'cmake_clean_first': False, 'cmake_force_configure': False, 'cmake_target': None, 'cmake_target_skip_unavailable': False, 'install_base': '/home/tersoo/autonomous-robot-logging-with-ROS2-jazzy/myros2_ws/install/dwb_critics', 'merge_install': False, 'path': '/home/tersoo/autonomous-robot-logging-with-ROS2-jazzy/myros2_ws/src/navigation2/nav2_dwb_controller/dwb_critics', 'symlink_install': False, 'test_result_base': None}
[0.924s] Level 5:colcon.colcon_core.verb:set package 'dwb_plugins' build argument 'cmake_args' from command line to 'None'
[0.924s] Level 5:colcon.colcon_core.verb:set package 'dwb_plugins' build argument 'cmake_target' from command line to 'None'
[0.924s] Level 5:colcon.colcon_core.verb:set package 'dwb_plugins' build argument 'cmake_target_skip_unavailable' from command line to 'False'
[0.924s] Level 5:colcon.colcon_core.verb:set package 'dwb_plugins' build argument 'cmake_clean_cache' from command line to 'False'
[0.924s] Level 5:colcon.colcon_core.verb:set package 'dwb_plugins' build argument 'cmake_clean_first' from command line to 'False'
[0.924s] Level 5:colcon.colcon_core.verb:set package 'dwb_plugins' build argument 'cmake_force_configure' from command line to 'False'
[0.924s] Level 5:colcon.colcon_core.verb:set package 'dwb_plugins' build argument 'ament_cmake_args' from command line to 'None'
[0.924s] Level 5:colcon.colcon_core.verb:set package 'dwb_plugins' build argument 'catkin_cmake_args' from command line to 'None'
[0.924s] Level 5:colcon.colcon_core.verb:set package 'dwb_plugins' build argument 'catkin_skip_building_tests' from command line to 'False'
[0.924s] DEBUG:colcon.colcon_core.verb:Building package 'dwb_plugins' with the following arguments: {'ament_cmake_args': None, 'build_base': '/home/tersoo/autonomous-robot-logging-with-ROS2-jazzy/myros2_ws/build/dwb_plugins', 'catkin_cmake_args': None, 'catkin_skip_building_tests': False, 'cmake_args': None, 'cmake_clean_cache': False, 'cmake_clean_first': False, 'cmake_force_configure': False, 'cmake_target': None, 'cmake_target_skip_unavailable': False, 'install_base': '/home/tersoo/autonomous-robot-logging-with-ROS2-jazzy/myros2_ws/install/dwb_plugins', 'merge_install': False, 'path': '/home/tersoo/autonomous-robot-logging-with-ROS2-jazzy/myros2_ws/src/navigation2/nav2_dwb_controller/dwb_plugins', 'symlink_install': False, 'test_result_base': None}
[0.925s] Level 5:colcon.colcon_core.verb:set package 'nav2_graceful_controller' build argument 'cmake_args' from command line to 'None'
[0.925s] Level 5:colcon.colcon_core.verb:set package 'nav2_graceful_controller' build argument 'cmake_target' from command line to 'None'
[0.925s] Level 5:colcon.colcon_core.verb:set package 'nav2_graceful_controller' build argument 'cmake_target_skip_unavailable' from command line to 'False'
[0.925s] Level 5:colcon.colcon_core.verb:set package 'nav2_graceful_controller' build argument 'cmake_clean_cache' from command line to 'False'
[0.925s] Level 5:colcon.colcon_core.verb:set package 'nav2_graceful_controller' build argument 'cmake_clean_first' from command line to 'False'
[0.925s] Level 5:colcon.colcon_core.verb:set package 'nav2_graceful_controller' build argument 'cmake_force_configure' from command line to 'False'
[0.925s] Level 5:colcon.colcon_core.verb:set package 'nav2_graceful_controller' build argument 'ament_cmake_args' from command line to 'None'
[0.925s] Level 5:colcon.colcon_core.verb:set package 'nav2_graceful_controller' build argument 'catkin_cmake_args' from command line to 'None'
[0.925s] Level 5:colcon.colcon_core.verb:set package 'nav2_graceful_controller' build argument 'catkin_skip_building_tests' from command line to 'False'
[0.925s] DEBUG:colcon.colcon_core.verb:Building package 'nav2_graceful_controller' with the following arguments: {'ament_cmake_args': None, 'build_base': '/home/tersoo/autonomous-robot-logging-with-ROS2-jazzy/myros2_ws/build/nav2_graceful_controller', 'catkin_cmake_args': None, 'catkin_skip_building_tests': False, 'cmake_args': None, 'cmake_clean_cache': False, 'cmake_clean_first': False, 'cmake_force_configure': False, 'cmake_target': None, 'cmake_target_skip_unavailable': False, 'install_base': '/home/tersoo/autonomous-robot-logging-with-ROS2-jazzy/myros2_ws/install/nav2_graceful_controller', 'merge_install': False, 'path': '/home/tersoo/autonomous-robot-logging-with-ROS2-jazzy/myros2_ws/src/navigation2/nav2_graceful_controller', 'symlink_install': False, 'test_result_base': None}
[0.925s] Level 5:colcon.colcon_core.verb:set package 'nav2_rotation_shim_controller' build argument 'cmake_args' from command line to 'None'
[0.925s] Level 5:colcon.colcon_core.verb:set package 'nav2_rotation_shim_controller' build argument 'cmake_target' from command line to 'None'
[0.925s] Level 5:colcon.colcon_core.verb:set package 'nav2_rotation_shim_controller' build argument 'cmake_target_skip_unavailable' from command line to 'False'
[0.925s] Level 5:colcon.colcon_core.verb:set package 'nav2_rotation_shim_controller' build argument 'cmake_clean_cache' from command line to 'False'
[0.925s] Level 5:colcon.colcon_core.verb:set package 'nav2_rotation_shim_controller' build argument 'cmake_clean_first' from command line to 'False'
[0.925s] Level 5:colcon.colcon_core.verb:set package 'nav2_rotation_shim_controller' build argument 'cmake_force_configure' from command line to 'False'
[0.925s] Level 5:colcon.colcon_core.verb:set package 'nav2_rotation_shim_controller' build argument 'ament_cmake_args' from command line to 'None'
[0.925s] Level 5:colcon.colcon_core.verb:set package 'nav2_rotation_shim_controller' build argument 'catkin_cmake_args' from command line to 'None'
[0.926s] Level 5:colcon.colcon_core.verb:set package 'nav2_rotation_shim_controller' build argument 'catkin_skip_building_tests' from command line to 'False'
[0.926s] DEBUG:colcon.colcon_core.verb:Building package 'nav2_rotation_shim_controller' with the following arguments: {'ament_cmake_args': None, 'build_base': '/home/tersoo/autonomous-robot-logging-with-ROS2-jazzy/myros2_ws/build/nav2_rotation_shim_controller', 'catkin_cmake_args': None, 'catkin_skip_building_tests': False, 'cmake_args': None, 'cmake_clean_cache': False, 'cmake_clean_first': False, 'cmake_force_configure': False, 'cmake_target': None, 'cmake_target_skip_unavailable': False, 'install_base': '/home/tersoo/autonomous-robot-logging-with-ROS2-jazzy/myros2_ws/install/nav2_rotation_shim_controller', 'merge_install': False, 'path': '/home/tersoo/autonomous-robot-logging-with-ROS2-jazzy/myros2_ws/src/navigation2/nav2_rotation_shim_controller', 'symlink_install': False, 'test_result_base': None}
[0.926s] Level 5:colcon.colcon_core.verb:set package 'robot_logging' build argument 'cmake_args' from command line to 'None'
[0.926s] Level 5:colcon.colcon_core.verb:set package 'robot_logging' build argument 'cmake_target' from command line to 'None'
[0.926s] Level 5:colcon.colcon_core.verb:set package 'robot_logging' build argument 'cmake_target_skip_unavailable' from command line to 'False'
[0.926s] Level 5:colcon.colcon_core.verb:set package 'robot_logging' build argument 'cmake_clean_cache' from command line to 'False'
[0.926s] Level 5:colcon.colcon_core.verb:set package 'robot_logging' build argument 'cmake_clean_first' from command line to 'False'
[0.926s] Level 5:colcon.colcon_core.verb:set package 'robot_logging' build argument 'cmake_force_configure' from command line to 'False'
[0.926s] Level 5:colcon.colcon_core.verb:set package 'robot_logging' build argument 'ament_cmake_args' from command line to 'None'
[0.926s] Level 5:colcon.colcon_core.verb:set package 'robot_logging' build argument 'catkin_cmake_args' from command line to 'None'
[0.926s] Level 5:colcon.colcon_core.verb:set package 'robot_logging' build argument 'catkin_skip_building_tests' from command line to 'False'
[0.926s] DEBUG:colcon.colcon_core.verb:Building package 'robot_logging' with the following arguments: {'ament_cmake_args': None, 'build_base': '/home/tersoo/autonomous-robot-logging-with-ROS2-jazzy/myros2_ws/build/robot_logging', 'catkin_cmake_args': None, 'catkin_skip_building_tests': False, 'cmake_args': None, 'cmake_clean_cache': False, 'cmake_clean_first': False, 'cmake_force_configure': False, 'cmake_target': None, 'cmake_target_skip_unavailable': False, 'install_base': '/home/tersoo/autonomous-robot-logging-with-ROS2-jazzy/myros2_ws/install/robot_logging', 'merge_install': False, 'path': '/home/tersoo/autonomous-robot-logging-with-ROS2-jazzy/myros2_ws/src/robot_logging', 'symlink_install': False, 'test_result_base': None}
[0.926s] Level 5:colcon.colcon_core.verb:set package 'nav2_dwb_controller' build argument 'cmake_args' from command line to 'None'
[0.926s] Level 5:colcon.colcon_core.verb:set package 'nav2_dwb_controller' build argument 'cmake_target' from command line to 'None'
[0.927s] Level 5:colcon.colcon_core.verb:set package 'nav2_dwb_controller' build argument 'cmake_target_skip_unavailable' from command line to 'False'
[0.927s] Level 5:colcon.colcon_core.verb:set package 'nav2_dwb_controller' build argument 'cmake_clean_cache' from command line to 'False'
[0.927s] Level 5:colcon.colcon_core.verb:set package 'nav2_dwb_controller' build argument 'cmake_clean_first' from command line to 'False'
[0.927s] Level 5:colcon.colcon_core.verb:set package 'nav2_dwb_controller' build argument 'cmake_force_configure' from command line to 'False'
[0.927s] Level 5:colcon.colcon_core.verb:set package 'nav2_dwb_controller' build argument 'ament_cmake_args' from command line to 'None'
[0.927s] Level 5:colcon.colcon_core.verb:set package 'nav2_dwb_controller' build argument 'catkin_cmake_args' from command line to 'None'
[0.927s] Level 5:colcon.colcon_core.verb:set package 'nav2_dwb_controller' build argument 'catkin_skip_building_tests' from command line to 'False'
[0.927s] DEBUG:colcon.colcon_core.verb:Building package 'nav2_dwb_controller' with the following arguments: {'ament_cmake_args': None, 'build_base': '/home/tersoo/autonomous-robot-logging-with-ROS2-jazzy/myros2_ws/build/nav2_dwb_controller', 'catkin_cmake_args': None, 'catkin_skip_building_tests': False, 'cmake_args': None, 'cmake_clean_cache': False, 'cmake_clean_first': False, 'cmake_force_configure': False, 'cmake_target': None, 'cmake_target_skip_unavailable': False, 'install_base': '/home/tersoo/autonomous-robot-logging-with-ROS2-jazzy/myros2_ws/install/nav2_dwb_controller', 'merge_install': False, 'path': '/home/tersoo/autonomous-robot-logging-with-ROS2-jazzy/myros2_ws/src/navigation2/nav2_dwb_controller/nav2_dwb_controller', 'symlink_install': False, 'test_result_base': None}
[0.927s] Level 5:colcon.colcon_core.verb:set package 'opennav_docking' build argument 'cmake_args' from command line to 'None'
[0.927s] Level 5:colcon.colcon_core.verb:set package 'opennav_docking' build argument 'cmake_target' from command line to 'None'
[0.927s] Level 5:colcon.colcon_core.verb:set package 'opennav_docking' build argument 'cmake_target_skip_unavailable' from command line to 'False'
[0.927s] Level 5:colcon.colcon_core.verb:set package 'opennav_docking' build argument 'cmake_clean_cache' from command line to 'False'
[0.927s] Level 5:colcon.colcon_core.verb:set package 'opennav_docking' build argument 'cmake_clean_first' from command line to 'False'
[0.927s] Level 5:colcon.colcon_core.verb:set package 'opennav_docking' build argument 'cmake_force_configure' from command line to 'False'
[0.927s] Level 5:colcon.colcon_core.verb:set package 'opennav_docking' build argument 'ament_cmake_args' from command line to 'None'
[0.927s] Level 5:colcon.colcon_core.verb:set package 'opennav_docking' build argument 'catkin_cmake_args' from command line to 'None'
[0.927s] Level 5:colcon.colcon_core.verb:set package 'opennav_docking' build argument 'catkin_skip_building_tests' from command line to 'False'
[0.927s] DEBUG:colcon.colcon_core.verb:Building package 'opennav_docking' with the following arguments: {'ament_cmake_args': None, 'build_base': '/home/tersoo/autonomous-robot-logging-with-ROS2-jazzy/myros2_ws/build/opennav_docking', 'catkin_cmake_args': None, 'catkin_skip_building_tests': False, 'cmake_args': None, 'cmake_clean_cache': False, 'cmake_clean_first': False, 'cmake_force_configure': False, 'cmake_target': None, 'cmake_target_skip_unavailable': False, 'install_base': '/home/tersoo/autonomous-robot-logging-with-ROS2-jazzy/myros2_ws/install/opennav_docking', 'merge_install': False, 'path': '/home/tersoo/autonomous-robot-logging-with-ROS2-jazzy/myros2_ws/src/navigation2/nav2_docking/opennav_docking', 'symlink_install': False, 'test_result_base': None}
[0.928s] Level 5:colcon.colcon_core.verb:set package 'navigation2' build argument 'cmake_args' from command line to 'None'
[0.928s] Level 5:colcon.colcon_core.verb:set package 'navigation2' build argument 'cmake_target' from command line to 'None'
[0.928s] Level 5:colcon.colcon_core.verb:set package 'navigation2' build argument 'cmake_target_skip_unavailable' from command line to 'False'
[0.928s] Level 5:colcon.colcon_core.verb:set package 'navigation2' build argument 'cmake_clean_cache' from command line to 'False'
[0.928s] Level 5:colcon.colcon_core.verb:set package 'navigation2' build argument 'cmake_clean_first' from command line to 'False'
[0.928s] Level 5:colcon.colcon_core.verb:set package 'navigation2' build argument 'cmake_force_configure' from command line to 'False'
[0.928s] Level 5:colcon.colcon_core.verb:set package 'navigation2' build argument 'ament_cmake_args' from command line to 'None'
[0.928s] Level 5:colcon.colcon_core.verb:set package 'navigation2' build argument 'catkin_cmake_args' from command line to 'None'
[0.928s] Level 5:colcon.colcon_core.verb:set package 'navigation2' build argument 'catkin_skip_building_tests' from command line to 'False'
[0.928s] DEBUG:colcon.colcon_core.verb:Building package 'navigation2' with the following arguments: {'ament_cmake_args': None, 'build_base': '/home/tersoo/autonomous-robot-logging-with-ROS2-jazzy/myros2_ws/build/navigation2', 'catkin_cmake_args': None, 'catkin_skip_building_tests': False, 'cmake_args': None, 'cmake_clean_cache': False, 'cmake_clean_first': False, 'cmake_force_configure': False, 'cmake_target': None, 'cmake_target_skip_unavailable': False, 'install_base': '/home/tersoo/autonomous-robot-logging-with-ROS2-jazzy/myros2_ws/install/navigation2', 'merge_install': False, 'path': '/home/tersoo/autonomous-robot-logging-with-ROS2-jazzy/myros2_ws/src/navigation2/navigation2', 'symlink_install': False, 'test_result_base': None}
[0.928s] Level 5:colcon.colcon_core.verb:set package 'nav2_bringup' build argument 'cmake_args' from command line to 'None'
[0.928s] Level 5:colcon.colcon_core.verb:set package 'nav2_bringup' build argument 'cmake_target' from command line to 'None'
[0.928s] Level 5:colcon.colcon_core.verb:set package 'nav2_bringup' build argument 'cmake_target_skip_unavailable' from command line to 'False'
[0.928s] Level 5:colcon.colcon_core.verb:set package 'nav2_bringup' build argument 'cmake_clean_cache' from command line to 'False'
[0.928s] Level 5:colcon.colcon_core.verb:set package 'nav2_bringup' build argument 'cmake_clean_first' from command line to 'False'
[0.928s] Level 5:colcon.colcon_core.verb:set package 'nav2_bringup' build argument 'cmake_force_configure' from command line to 'False'
[0.928s] Level 5:colcon.colcon_core.verb:set package 'nav2_bringup' build argument 'ament_cmake_args' from command line to 'None'
[0.928s] Level 5:colcon.colcon_core.verb:set package 'nav2_bringup' build argument 'catkin_cmake_args' from command line to 'None'
[0.928s] Level 5:colcon.colcon_core.verb:set package 'nav2_bringup' build argument 'catkin_skip_building_tests' from command line to 'False'
[0.929s] DEBUG:colcon.colcon_core.verb:Building package 'nav2_bringup' with the following arguments: {'ament_cmake_args': None, 'build_base': '/home/tersoo/autonomous-robot-logging-with-ROS2-jazzy/myros2_ws/build/nav2_bringup', 'catkin_cmake_args': None, 'catkin_skip_building_tests': False, 'cmake_args': None, 'cmake_clean_cache': False, 'cmake_clean_first': False, 'cmake_force_configure': False, 'cmake_target': None, 'cmake_target_skip_unavailable': False, 'install_base': '/home/tersoo/autonomous-robot-logging-with-ROS2-jazzy/myros2_ws/install/nav2_bringup', 'merge_install': False, 'path': '/home/tersoo/autonomous-robot-logging-with-ROS2-jazzy/myros2_ws/src/navigation2/nav2_bringup', 'symlink_install': False, 'test_result_base': None}
[0.929s] Level 5:colcon.colcon_core.verb:set package 'nav2_system_tests' build argument 'cmake_args' from command line to 'None'
[0.929s] Level 5:colcon.colcon_core.verb:set package 'nav2_system_tests' build argument 'cmake_target' from command line to 'None'
[0.929s] Level 5:colcon.colcon_core.verb:set package 'nav2_system_tests' build argument 'cmake_target_skip_unavailable' from command line to 'False'
[0.929s] Level 5:colcon.colcon_core.verb:set package 'nav2_system_tests' build argument 'cmake_clean_cache' from command line to 'False'
[0.929s] Level 5:colcon.colcon_core.verb:set package 'nav2_system_tests' build argument 'cmake_clean_first' from command line to 'False'
[0.929s] Level 5:colcon.colcon_core.verb:set package 'nav2_system_tests' build argument 'cmake_force_configure' from command line to 'False'
[0.929s] Level 5:colcon.colcon_core.verb:set package 'nav2_system_tests' build argument 'ament_cmake_args' from command line to 'None'
[0.929s] Level 5:colcon.colcon_core.verb:set package 'nav2_system_tests' build argument 'catkin_cmake_args' from command line to 'None'
[0.929s] Level 5:colcon.colcon_core.verb:set package 'nav2_system_tests' build argument 'catkin_skip_building_tests' from command line to 'False'
[0.929s] DEBUG:colcon.colcon_core.verb:Building package 'nav2_system_tests' with the following arguments: {'ament_cmake_args': None, 'build_base': '/home/tersoo/autonomous-robot-logging-with-ROS2-jazzy/myros2_ws/build/nav2_system_tests', 'catkin_cmake_args': None, 'catkin_skip_building_tests': False, 'cmake_args': None, 'cmake_clean_cache': False, 'cmake_clean_first': False, 'cmake_force_configure': False, 'cmake_target': None, 'cmake_target_skip_unavailable': False, 'install_base': '/home/tersoo/autonomous-robot-logging-with-ROS2-jazzy/myros2_ws/install/nav2_system_tests', 'merge_install': False, 'path': '/home/tersoo/autonomous-robot-logging-with-ROS2-jazzy/myros2_ws/src/navigation2/nav2_system_tests', 'symlink_install': False, 'test_result_base': None}
[0.929s] INFO:colcon.colcon_core.executor:Executing jobs using 'parallel' executor
[0.930s] DEBUG:colcon.colcon_parallel_executor.executor.parallel:run_until_complete
[0.931s] INFO:colcon.colcon_ros.task.ament_cmake.build:Building ROS package in '/home/tersoo/autonomous-robot-logging-with-ROS2-jazzy/myros2_ws/src/navigation2/nav2_common' with build type 'ament_cmake'
[0.931s] INFO:colcon.colcon_cmake.task.cmake.build:Building CMake package in '/home/tersoo/autonomous-robot-logging-with-ROS2-jazzy/myros2_ws/src/navigation2/nav2_common'
[0.936s] INFO:colcon.colcon_core.plugin_system:Skipping extension 'colcon_core.shell.bat': Not used on non-Windows systems
[0.936s] INFO:colcon.colcon_core.shell:Skip shell extension 'powershell' for command environment: Not usable outside of PowerShell
[0.936s] DEBUG:colcon.colcon_core.shell:Skip shell extension 'dsv' for command environment
[0.943s] INFO:colcon.colcon_ros.task.ament_cmake.build:Building ROS package in '/home/tersoo/autonomous-robot-logging-with-ROS2-jazzy/myros2_ws/src/navigation2/nav2_dwb_controller/nav_2d_msgs' with build type 'ament_cmake'
[0.943s] INFO:colcon.colcon_cmake.task.cmake.build:Building CMake package in '/home/tersoo/autonomous-robot-logging-with-ROS2-jazzy/myros2_ws/src/navigation2/nav2_dwb_controller/nav_2d_msgs'
[0.943s] INFO:colcon.colcon_core.shell:Skip shell extension 'powershell' for command environment: Not usable outside of PowerShell
[0.943s] DEBUG:colcon.colcon_core.shell:Skip shell extension 'dsv' for command environment
[0.948s] INFO:colcon.colcon_ros.task.ament_python.build:Building ROS package in '/home/tersoo/autonomous-robot-logging-with-ROS2-jazzy/myros2_ws/src/navigation2/nav2_loopback_sim' with build type 'ament_python'
[0.948s] Level 1:colcon.colcon_core.shell:create_environment_hook('nav2_loopback_sim', 'ament_prefix_path')
[0.948s] INFO:colcon.colcon_core.shell:Creating environment hook '/home/tersoo/autonomous-robot-logging-with-ROS2-jazzy/myros2_ws/install/nav2_loopback_sim/share/nav2_loopback_sim/hook/ament_prefix_path.ps1'
[0.949s] INFO:colcon.colcon_core.shell:Creating environment descriptor '/home/tersoo/autonomous-robot-logging-with-ROS2-jazzy/myros2_ws/install/nav2_loopback_sim/share/nav2_loopback_sim/hook/ament_prefix_path.dsv'
[0.949s] INFO:colcon.colcon_core.shell:Creating environment hook '/home/tersoo/autonomous-robot-logging-with-ROS2-jazzy/myros2_ws/install/nav2_loopback_sim/share/nav2_loopback_sim/hook/ament_prefix_path.sh'
[0.950s] INFO:colcon.colcon_core.shell:Skip shell extension 'powershell' for command environment: Not usable outside of PowerShell
[0.950s] DEBUG:colcon.colcon_core.shell:Skip shell extension 'dsv' for command environment
[0.959s] DEBUG:colcon.colcon_core.event_handler.log_command:Invoking command in '/home/tersoo/autonomous-robot-logging-with-ROS2-jazzy/myros2_ws/build/nav2_common': CMAKE_PREFIX_PATH=${CMAKE_PREFIX_PATH}:/opt/ros/jazzy DEBUGINFOD_URLS=https://debuginfod.ubuntu.com /usr/bin/cmake /home/tersoo/autonomous-robot-logging-with-ROS2-jazzy/myros2_ws/src/navigation2/nav2_common -DCMAKE_INSTALL_PREFIX=/home/tersoo/autonomous-robot-logging-with-ROS2-jazzy/myros2_ws/install/nav2_common
[0.962s] DEBUG:colcon.colcon_core.event_handler.log_command:Invoking command in '/home/tersoo/autonomous-robot-logging-with-ROS2-jazzy/myros2_ws/build/nav_2d_msgs': CMAKE_PREFIX_PATH=${CMAKE_PREFIX_PATH}:/opt/ros/jazzy DEBUGINFOD_URLS=https://debuginfod.ubuntu.com /usr/bin/cmake /home/tersoo/autonomous-robot-logging-with-ROS2-jazzy/myros2_ws/src/navigation2/nav2_dwb_controller/nav_2d_msgs -DCMAKE_INSTALL_PREFIX=/home/tersoo/autonomous-robot-logging-with-ROS2-jazzy/myros2_ws/install/nav_2d_msgs
[1.278s] INFO:colcon.colcon_core.task.python.build:Building Python package in '/home/tersoo/autonomous-robot-logging-with-ROS2-jazzy/myros2_ws/src/navigation2/nav2_loopback_sim'
[1.278s] INFO:colcon.colcon_core.shell:Skip shell extension 'powershell' for command environment: Not usable outside of PowerShell
[1.278s] DEBUG:colcon.colcon_core.shell:Skip shell extension 'dsv' for command environment
[1.820s] DEBUG:colcon.colcon_core.event_handler.log_command:Invoked command in '/home/tersoo/autonomous-robot-logging-with-ROS2-jazzy/myros2_ws/build/nav2_common' returned '0': CMAKE_PREFIX_PATH=${CMAKE_PREFIX_PATH}:/opt/ros/jazzy DEBUGINFOD_URLS=https://debuginfod.ubuntu.com /usr/bin/cmake /home/tersoo/autonomous-robot-logging-with-ROS2-jazzy/myros2_ws/src/navigation2/nav2_common -DCMAKE_INSTALL_PREFIX=/home/tersoo/autonomous-robot-logging-with-ROS2-jazzy/myros2_ws/install/nav2_common
[1.823s] DEBUG:colcon.colcon_core.event_handler.log_command:Invoking command in '/home/tersoo/autonomous-robot-logging-with-ROS2-jazzy/myros2_ws/build/nav2_common': CMAKE_PREFIX_PATH=${CMAKE_PREFIX_PATH}:/opt/ros/jazzy DEBUGINFOD_URLS=https://debuginfod.ubuntu.com /usr/bin/cmake --build /home/tersoo/autonomous-robot-logging-with-ROS2-jazzy/myros2_ws/build/nav2_common -- -j12 -l12
[2.422s] DEBUG:colcon.colcon_core.event_handler.log_command:Invoked command in '/home/tersoo/autonomous-robot-logging-with-ROS2-jazzy/myros2_ws/build/nav2_common' returned '0': CMAKE_PREFIX_PATH=${CMAKE_PREFIX_PATH}:/opt/ros/jazzy DEBUGINFOD_URLS=https://debuginfod.ubuntu.com /usr/bin/cmake --build /home/tersoo/autonomous-robot-logging-with-ROS2-jazzy/myros2_ws/build/nav2_common -- -j12 -l12
[2.447s] DEBUG:colcon.colcon_core.event_handler.log_command:Invoking command in '/home/tersoo/autonomous-robot-logging-with-ROS2-jazzy/myros2_ws/build/nav2_common': CMAKE_PREFIX_PATH=${CMAKE_PREFIX_PATH}:/opt/ros/jazzy DEBUGINFOD_URLS=https://debuginfod.ubuntu.com /usr/bin/cmake --install /home/tersoo/autonomous-robot-logging-with-ROS2-jazzy/myros2_ws/build/nav2_common
[2.535s] Level 1:colcon.colcon_core.environment:create_environment_scripts_only(nav2_common)
[2.539s] DEBUG:colcon.colcon_core.event_handler.log_command:Invoked command in '/home/tersoo/autonomous-robot-logging-with-ROS2-jazzy/myros2_ws/build/nav2_common' returned '0': CMAKE_PREFIX_PATH=${CMAKE_PREFIX_PATH}:/opt/ros/jazzy DEBUGINFOD_URLS=https://debuginfod.ubuntu.com /usr/bin/cmake --install /home/tersoo/autonomous-robot-logging-with-ROS2-jazzy/myros2_ws/build/nav2_common
[2.544s] Level 1:colcon.colcon_core.environment:checking '/home/tersoo/autonomous-robot-logging-with-ROS2-jazzy/myros2_ws/install/nav2_common' for CMake module files
[2.546s] Level 1:colcon.colcon_core.environment:checking '/home/tersoo/autonomous-robot-logging-with-ROS2-jazzy/myros2_ws/install/nav2_common' for CMake config files
[2.547s] Level 1:colcon.colcon_core.shell:create_environment_hook('nav2_common', 'cmake_prefix_path')
[2.547s] INFO:colcon.colcon_core.shell:Creating environment hook '/home/tersoo/autonomous-robot-logging-with-ROS2-jazzy/myros2_ws/install/nav2_common/share/nav2_common/hook/cmake_prefix_path.ps1'
[2.549s] INFO:colcon.colcon_core.shell:Creating environment descriptor '/home/tersoo/autonomous-robot-logging-with-ROS2-jazzy/myros2_ws/install/nav2_common/share/nav2_common/hook/cmake_prefix_path.dsv'
[2.549s] INFO:colcon.colcon_core.shell:Creating environment hook '/home/tersoo/autonomous-robot-logging-with-ROS2-jazzy/myros2_ws/install/nav2_common/share/nav2_common/hook/cmake_prefix_path.sh'
[2.551s] Level 1:colcon.colcon_core.environment:checking '/home/tersoo/autonomous-robot-logging-with-ROS2-jazzy/myros2_ws/install/nav2_common/lib'
[2.552s] Level 1:colcon.colcon_core.environment:checking '/home/tersoo/autonomous-robot-logging-with-ROS2-jazzy/myros2_ws/install/nav2_common/bin'
[2.552s] Level 1:colcon.colcon_core.environment:checking '/home/tersoo/autonomous-robot-logging-with-ROS2-jazzy/myros2_ws/install/nav2_common/lib/pkgconfig/nav2_common.pc'
[2.552s] Level 1:colcon.colcon_core.environment:checking '/home/tersoo/autonomous-robot-logging-with-ROS2-jazzy/myros2_ws/install/nav2_common/lib/python3.12/site-packages'
[2.553s] Level 1:colcon.colcon_core.shell:create_environment_hook('nav2_common', 'pythonpath')
[2.553s] INFO:colcon.colcon_core.shell:Creating environment hook '/home/tersoo/autonomous-robot-logging-with-ROS2-jazzy/myros2_ws/install/nav2_common/share/nav2_common/hook/pythonpath.ps1'
[2.554s] INFO:colcon.colcon_core.shell:Creating environment descriptor '/home/tersoo/autonomous-robot-logging-with-ROS2-jazzy/myros2_ws/install/nav2_common/share/nav2_common/hook/pythonpath.dsv'
[2.555s] INFO:colcon.colcon_core.shell:Creating environment hook '/home/tersoo/autonomous-robot-logging-with-ROS2-jazzy/myros2_ws/install/nav2_common/share/nav2_common/hook/pythonpath.sh'
[2.556s] Level 1:colcon.colcon_core.environment:checking '/home/tersoo/autonomous-robot-logging-with-ROS2-jazzy/myros2_ws/install/nav2_common/bin'
[2.557s] INFO:colcon.colcon_core.shell:Creating package script '/home/tersoo/autonomous-robot-logging-with-ROS2-jazzy/myros2_ws/install/nav2_common/share/nav2_common/package.ps1'
[2.559s] INFO:colcon.colcon_core.shell:Creating package descriptor '/home/tersoo/autonomous-robot-logging-with-ROS2-jazzy/myros2_ws/install/nav2_common/share/nav2_common/package.dsv'
[2.560s] INFO:colcon.colcon_core.shell:Creating package script '/home/tersoo/autonomous-robot-logging-with-ROS2-jazzy/myros2_ws/install/nav2_common/share/nav2_common/package.sh'
[2.561s] INFO:colcon.colcon_core.shell:Creating package script '/home/tersoo/autonomous-robot-logging-with-ROS2-jazzy/myros2_ws/install/nav2_common/share/nav2_common/package.bash'
[2.563s] INFO:colcon.colcon_core.shell:Creating package script '/home/tersoo/autonomous-robot-logging-with-ROS2-jazzy/myros2_ws/install/nav2_common/share/nav2_common/package.zsh'
[2.564s] Level 1:colcon.colcon_core.environment:create_file_with_runtime_dependencies(/home/tersoo/autonomous-robot-logging-with-ROS2-jazzy/myros2_ws/install/nav2_common/share/colcon-core/packages/nav2_common)
[2.565s] Level 1:colcon.colcon_core.environment:create_environment_scripts_only(nav2_common)
[2.566s] Level 1:colcon.colcon_core.environment:checking '/home/tersoo/autonomous-robot-logging-with-ROS2-jazzy/myros2_ws/install/nav2_common' for CMake module files
[2.567s] Level 1:colcon.colcon_core.environment:checking '/home/tersoo/autonomous-robot-logging-with-ROS2-jazzy/myros2_ws/install/nav2_common' for CMake config files
[2.568s] Level 1:colcon.colcon_core.shell:create_environment_hook('nav2_common', 'cmake_prefix_path')
[2.569s] INFO:colcon.colcon_core.shell:Creating environment hook '/home/tersoo/autonomous-robot-logging-with-ROS2-jazzy/myros2_ws/install/nav2_common/share/nav2_common/hook/cmake_prefix_path.ps1'
[2.570s] INFO:colcon.colcon_core.shell:Creating environment descriptor '/home/tersoo/autonomous-robot-logging-with-ROS2-jazzy/myros2_ws/install/nav2_common/share/nav2_common/hook/cmake_prefix_path.dsv'
[2.570s] INFO:colcon.colcon_core.shell:Creating environment hook '/home/tersoo/autonomous-robot-logging-with-ROS2-jazzy/myros2_ws/install/nav2_common/share/nav2_common/hook/cmake_prefix_path.sh'
[2.572s] Level 1:colcon.colcon_core.environment:checking '/home/tersoo/autonomous-robot-logging-with-ROS2-jazzy/myros2_ws/install/nav2_common/lib'
[2.572s] Level 1:colcon.colcon_core.environment:checking '/home/tersoo/autonomous-robot-logging-with-ROS2-jazzy/myros2_ws/install/nav2_common/bin'
[2.572s] Level 1:colcon.colcon_core.environment:checking '/home/tersoo/autonomous-robot-logging-with-ROS2-jazzy/myros2_ws/install/nav2_common/lib/pkgconfig/nav2_common.pc'
[2.573s] Level 1:colcon.colcon_core.environment:checking '/home/tersoo/autonomous-robot-logging-with-ROS2-jazzy/myros2_ws/install/nav2_common/lib/python3.12/site-packages'
[2.573s] Level 1:colcon.colcon_core.shell:create_environment_hook('nav2_common', 'pythonpath')
[2.573s] INFO:colcon.colcon_core.shell:Creating environment hook '/home/tersoo/autonomous-robot-logging-with-ROS2-jazzy/myros2_ws/install/nav2_common/share/nav2_common/hook/pythonpath.ps1'
[2.574s] INFO:colcon.colcon_core.shell:Creating environment descriptor '/home/tersoo/autonomous-robot-logging-with-ROS2-jazzy/myros2_ws/install/nav2_common/share/nav2_common/hook/pythonpath.dsv'
[2.575s] INFO:colcon.colcon_core.shell:Creating environment hook '/home/tersoo/autonomous-robot-logging-with-ROS2-jazzy/myros2_ws/install/nav2_common/share/nav2_common/hook/pythonpath.sh'
[2.576s] Level 1:colcon.colcon_core.environment:checking '/home/tersoo/autonomous-robot-logging-with-ROS2-jazzy/myros2_ws/install/nav2_common/bin'
[2.577s] INFO:colcon.colcon_core.shell:Creating package script '/home/tersoo/autonomous-robot-logging-with-ROS2-jazzy/myros2_ws/install/nav2_common/share/nav2_common/package.ps1'
[2.578s] INFO:colcon.colcon_core.shell:Creating package descriptor '/home/tersoo/autonomous-robot-logging-with-ROS2-jazzy/myros2_ws/install/nav2_common/share/nav2_common/package.dsv'
[2.579s] INFO:colcon.colcon_core.shell:Creating package script '/home/tersoo/autonomous-robot-logging-with-ROS2-jazzy/myros2_ws/install/nav2_common/share/nav2_common/package.sh'
[2.580s] INFO:colcon.colcon_core.shell:Creating package script '/home/tersoo/autonomous-robot-logging-with-ROS2-jazzy/myros2_ws/install/nav2_common/share/nav2_common/package.bash'
[2.581s] INFO:colcon.colcon_core.shell:Creating package script '/home/tersoo/autonomous-robot-logging-with-ROS2-jazzy/myros2_ws/install/nav2_common/share/nav2_common/package.zsh'
[2.582s] Level 1:colcon.colcon_core.environment:create_file_with_runtime_dependencies(/home/tersoo/autonomous-robot-logging-with-ROS2-jazzy/myros2_ws/install/nav2_common/share/colcon-core/packages/nav2_common)
[2.583s] INFO:colcon.colcon_ros.task.ament_cmake.build:Building ROS package in '/home/tersoo/autonomous-robot-logging-with-ROS2-jazzy/myros2_ws/src/navigation2/nav2_msgs' with build type 'ament_cmake'
[2.583s] INFO:colcon.colcon_cmake.task.cmake.build:Building CMake package in '/home/tersoo/autonomous-robot-logging-with-ROS2-jazzy/myros2_ws/src/navigation2/nav2_msgs'
[2.584s] INFO:colcon.colcon_core.shell:Skip shell extension 'powershell' for command environment: Not usable outside of PowerShell
[2.584s] DEBUG:colcon.colcon_core.shell:Skip shell extension 'dsv' for command environment
[2.593s] INFO:colcon.colcon_ros.task.ament_cmake.build:Building ROS package in '/home/tersoo/autonomous-robot-logging-with-ROS2-jazzy/myros2_ws/src/navigation2/nav2_voxel_grid' with build type 'ament_cmake'
[2.593s] INFO:colcon.colcon_cmake.task.cmake.build:Building CMake package in '/home/tersoo/autonomous-robot-logging-with-ROS2-jazzy/myros2_ws/src/navigation2/nav2_voxel_grid'
[2.593s] INFO:colcon.colcon_core.shell:Skip shell extension 'powershell' for command environment: Not usable outside of PowerShell
[2.593s] DEBUG:colcon.colcon_core.shell:Skip shell extension 'dsv' for command environment
[2.605s] DEBUG:colcon.colcon_core.event_handler.log_command:Invoking command in '/home/tersoo/autonomous-robot-logging-with-ROS2-jazzy/myros2_ws/build/nav2_msgs': AMENT_PREFIX_PATH=/home/tersoo/autonomous-robot-logging-with-ROS2-jazzy/myros2_ws/install/nav2_common:${AMENT_PREFIX_PATH} CMAKE_PREFIX_PATH=/home/tersoo/autonomous-robot-logging-with-ROS2-jazzy/myros2_ws/install/nav2_common:/home/tersoo/autonomous-robot-logging-with-ROS2-jazzy/myros2_ws/install/robot_logging:/opt/ros/jazzy/opt/gz_sim_vendor:/opt/ros/jazzy/opt/gz_sensors_vendor:/opt/ros/jazzy/opt/gz_physics_vendor:/opt/ros/jazzy/opt/sdformat_vendor:/opt/ros/jazzy/opt/gz_gui_vendor:/opt/ros/jazzy/opt/gz_transport_vendor:/opt/ros/jazzy/opt/gz_rendering_vendor:/opt/ros/jazzy/opt/gz_plugin_vendor:/opt/ros/jazzy/opt/gz_fuel_tools_vendor:/opt/ros/jazzy/opt/gz_msgs_vendor:/opt/ros/jazzy/opt/gz_common_vendor:/opt/ros/jazzy/opt/gz_math_vendor:/opt/ros/jazzy/opt/gz_utils_vendor:/opt/ros/jazzy/opt/gz_tools_vendor:/opt/ros/jazzy/opt/gz_ogre_next_vendor:/opt/ros/jazzy/opt/gz_dartsim_vendor:/opt/ros/jazzy/opt/gz_cmake_vendor:/opt/ros/jazzy DEBUGINFOD_URLS=https://debuginfod.ubuntu.com PYTHONPATH=/home/tersoo/autonomous-robot-logging-with-ROS2-jazzy/myros2_ws/install/nav2_common/lib/python3.12/site-packages:${PYTHONPATH} /usr/bin/cmake /home/tersoo/autonomous-robot-logging-with-ROS2-jazzy/myros2_ws/src/navigation2/nav2_msgs -DCMAKE_INSTALL_PREFIX=/home/tersoo/autonomous-robot-logging-with-ROS2-jazzy/myros2_ws/install/nav2_msgs
[2.611s] DEBUG:colcon.colcon_core.event_handler.log_command:Invoking command in '/home/tersoo/autonomous-robot-logging-with-ROS2-jazzy/myros2_ws/build/nav2_voxel_grid': AMENT_PREFIX_PATH=/home/tersoo/autonomous-robot-logging-with-ROS2-jazzy/myros2_ws/install/nav2_common:${AMENT_PREFIX_PATH} CMAKE_PREFIX_PATH=/home/tersoo/autonomous-robot-logging-with-ROS2-jazzy/myros2_ws/install/nav2_common:/home/tersoo/autonomous-robot-logging-with-ROS2-jazzy/myros2_ws/install/robot_logging:/opt/ros/jazzy/opt/gz_sim_vendor:/opt/ros/jazzy/opt/gz_sensors_vendor:/opt/ros/jazzy/opt/gz_physics_vendor:/opt/ros/jazzy/opt/sdformat_vendor:/opt/ros/jazzy/opt/gz_gui_vendor:/opt/ros/jazzy/opt/gz_transport_vendor:/opt/ros/jazzy/opt/gz_rendering_vendor:/opt/ros/jazzy/opt/gz_plugin_vendor:/opt/ros/jazzy/opt/gz_fuel_tools_vendor:/opt/ros/jazzy/opt/gz_msgs_vendor:/opt/ros/jazzy/opt/gz_common_vendor:/opt/ros/jazzy/opt/gz_math_vendor:/opt/ros/jazzy/opt/gz_utils_vendor:/opt/ros/jazzy/opt/gz_tools_vendor:/opt/ros/jazzy/opt/gz_ogre_next_vendor:/opt/ros/jazzy/opt/gz_dartsim_vendor:/opt/ros/jazzy/opt/gz_cmake_vendor:/opt/ros/jazzy DEBUGINFOD_URLS=https://debuginfod.ubuntu.com PYTHONPATH=/home/tersoo/autonomous-robot-logging-with-ROS2-jazzy/myros2_ws/install/nav2_common/lib/python3.12/site-packages:${PYTHONPATH} /usr/bin/cmake /home/tersoo/autonomous-robot-logging-with-ROS2-jazzy/myros2_ws/src/navigation2/nav2_voxel_grid -DCMAKE_INSTALL_PREFIX=/home/tersoo/autonomous-robot-logging-with-ROS2-jazzy/myros2_ws/install/nav2_voxel_grid
[6.640s] DEBUG:colcon.colcon_core.event_handler.log_command:Invoking command in '/home/tersoo/autonomous-robot-logging-with-ROS2-jazzy/myros2_ws/src/navigation2/nav2_loopback_sim': DEBUGINFOD_URLS=https://debuginfod.ubuntu.com PYTHONPATH=/home/tersoo/autonomous-robot-logging-with-ROS2-jazzy/myros2_ws/build/nav2_loopback_sim/prefix_override:/usr/lib/python3/dist-packages/colcon_core/task/python/colcon_distutils_commands:/home/tersoo/autonomous-robot-logging-with-ROS2-jazzy/myros2_ws/install/nav2_loopback_sim/lib/python3.12/site-packages:${PYTHONPATH} /usr/bin/python3 -W ignore:setup.py install is deprecated -W ignore:easy_install command is deprecated setup.py egg_info --egg-base ../../../build/nav2_loopback_sim build --build-base /home/tersoo/autonomous-robot-logging-with-ROS2-jazzy/myros2_ws/build/nav2_loopback_sim/build install --record /home/tersoo/autonomous-robot-logging-with-ROS2-jazzy/myros2_ws/build/nav2_loopback_sim/install.log --single-version-externally-managed install_data
[6.757s] DEBUG:colcon.colcon_core.event_handler.log_command:Invoked command in '/home/tersoo/autonomous-robot-logging-with-ROS2-jazzy/myros2_ws/build/nav2_voxel_grid' returned '0': AMENT_PREFIX_PATH=/home/tersoo/autonomous-robot-logging-with-ROS2-jazzy/myros2_ws/install/nav2_common:${AMENT_PREFIX_PATH} CMAKE_PREFIX_PATH=/home/tersoo/autonomous-robot-logging-with-ROS2-jazzy/myros2_ws/install/nav2_common:/home/tersoo/autonomous-robot-logging-with-ROS2-jazzy/myros2_ws/install/robot_logging:/opt/ros/jazzy/opt/gz_sim_vendor:/opt/ros/jazzy/opt/gz_sensors_vendor:/opt/ros/jazzy/opt/gz_physics_vendor:/opt/ros/jazzy/opt/sdformat_vendor:/opt/ros/jazzy/opt/gz_gui_vendor:/opt/ros/jazzy/opt/gz_transport_vendor:/opt/ros/jazzy/opt/gz_rendering_vendor:/opt/ros/jazzy/opt/gz_plugin_vendor:/opt/ros/jazzy/opt/gz_fuel_tools_vendor:/opt/ros/jazzy/opt/gz_msgs_vendor:/opt/ros/jazzy/opt/gz_common_vendor:/opt/ros/jazzy/opt/gz_math_vendor:/opt/ros/jazzy/opt/gz_utils_vendor:/opt/ros/jazzy/opt/gz_tools_vendor:/opt/ros/jazzy/opt/gz_ogre_next_vendor:/opt/ros/jazzy/opt/gz_dartsim_vendor:/opt/ros/jazzy/opt/gz_cmake_vendor:/opt/ros/jazzy DEBUGINFOD_URLS=https://debuginfod.ubuntu.com PYTHONPATH=/home/tersoo/autonomous-robot-logging-with-ROS2-jazzy/myros2_ws/install/nav2_common/lib/python3.12/site-packages:${PYTHONPATH} /usr/bin/cmake /home/tersoo/autonomous-robot-logging-with-ROS2-jazzy/myros2_ws/src/navigation2/nav2_voxel_grid -DCMAKE_INSTALL_PREFIX=/home/tersoo/autonomous-robot-logging-with-ROS2-jazzy/myros2_ws/install/nav2_voxel_grid
[6.759s] DEBUG:colcon.colcon_core.event_handler.log_command:Invoking command in '/home/tersoo/autonomous-robot-logging-with-ROS2-jazzy/myros2_ws/build/nav2_voxel_grid': AMENT_PREFIX_PATH=/home/tersoo/autonomous-robot-logging-with-ROS2-jazzy/myros2_ws/install/nav2_common:${AMENT_PREFIX_PATH} CMAKE_PREFIX_PATH=/home/tersoo/autonomous-robot-logging-with-ROS2-jazzy/myros2_ws/install/nav2_common:/home/tersoo/autonomous-robot-logging-with-ROS2-jazzy/myros2_ws/install/robot_logging:/opt/ros/jazzy/opt/gz_sim_vendor:/opt/ros/jazzy/opt/gz_sensors_vendor:/opt/ros/jazzy/opt/gz_physics_vendor:/opt/ros/jazzy/opt/sdformat_vendor:/opt/ros/jazzy/opt/gz_gui_vendor:/opt/ros/jazzy/opt/gz_transport_vendor:/opt/ros/jazzy/opt/gz_rendering_vendor:/opt/ros/jazzy/opt/gz_plugin_vendor:/opt/ros/jazzy/opt/gz_fuel_tools_vendor:/opt/ros/jazzy/opt/gz_msgs_vendor:/opt/ros/jazzy/opt/gz_common_vendor:/opt/ros/jazzy/opt/gz_math_vendor:/opt/ros/jazzy/opt/gz_utils_vendor:/opt/ros/jazzy/opt/gz_tools_vendor:/opt/ros/jazzy/opt/gz_ogre_next_vendor:/opt/ros/jazzy/opt/gz_dartsim_vendor:/opt/ros/jazzy/opt/gz_cmake_vendor:/opt/ros/jazzy DEBUGINFOD_URLS=https://debuginfod.ubuntu.com PYTHONPATH=/home/tersoo/autonomous-robot-logging-with-ROS2-jazzy/myros2_ws/install/nav2_common/lib/python3.12/site-packages:${PYTHONPATH} /usr/bin/cmake --build /home/tersoo/autonomous-robot-logging-with-ROS2-jazzy/myros2_ws/build/nav2_voxel_grid -- -j12 -l12
[7.422s] Level 1:colcon.colcon_core.environment:checking '/home/tersoo/autonomous-robot-logging-with-ROS2-jazzy/myros2_ws/install/nav2_loopback_sim' for CMake module files
[7.423s] DEBUG:colcon.colcon_core.event_handler.log_command:Invoked command in '/home/tersoo/autonomous-robot-logging-with-ROS2-jazzy/myros2_ws/src/navigation2/nav2_loopback_sim' returned '0': DEBUGINFOD_URLS=https://debuginfod.ubuntu.com PYTHONPATH=/home/tersoo/autonomous-robot-logging-with-ROS2-jazzy/myros2_ws/build/nav2_loopback_sim/prefix_override:/usr/lib/python3/dist-packages/colcon_core/task/python/colcon_distutils_commands:/home/tersoo/autonomous-robot-logging-with-ROS2-jazzy/myros2_ws/install/nav2_loopback_sim/lib/python3.12/site-packages:${PYTHONPATH} /usr/bin/python3 -W ignore:setup.py install is deprecated -W ignore:easy_install command is deprecated setup.py egg_info --egg-base ../../../build/nav2_loopback_sim build --build-base /home/tersoo/autonomous-robot-logging-with-ROS2-jazzy/myros2_ws/build/nav2_loopback_sim/build install --record /home/tersoo/autonomous-robot-logging-with-ROS2-jazzy/myros2_ws/build/nav2_loopback_sim/install.log --single-version-externally-managed install_data
[7.423s] Level 1:colcon.colcon_core.environment:checking '/home/tersoo/autonomous-robot-logging-with-ROS2-jazzy/myros2_ws/install/nav2_loopback_sim' for CMake config files
[7.425s] Level 1:colcon.colcon_core.environment:checking '/home/tersoo/autonomous-robot-logging-with-ROS2-jazzy/myros2_ws/install/nav2_loopback_sim/lib'
[7.425s] Level 1:colcon.colcon_core.environment:checking '/home/tersoo/autonomous-robot-logging-with-ROS2-jazzy/myros2_ws/install/nav2_loopback_sim/bin'
[7.425s] Level 1:colcon.colcon_core.environment:checking '/home/tersoo/autonomous-robot-logging-with-ROS2-jazzy/myros2_ws/install/nav2_loopback_sim/lib/pkgconfig/nav2_loopback_sim.pc'
[7.425s] Level 1:colcon.colcon_core.environment:checking '/home/tersoo/autonomous-robot-logging-with-ROS2-jazzy/myros2_ws/install/nav2_loopback_sim/lib/python3.12/site-packages'
[7.426s] Level 1:colcon.colcon_core.shell:create_environment_hook('nav2_loopback_sim', 'pythonpath')
[7.426s] INFO:colcon.colcon_core.shell:Creating environment hook '/home/tersoo/autonomous-robot-logging-with-ROS2-jazzy/myros2_ws/install/nav2_loopback_sim/share/nav2_loopback_sim/hook/pythonpath.ps1'
[7.427s] INFO:colcon.colcon_core.shell:Creating environment descriptor '/home/tersoo/autonomous-robot-logging-with-ROS2-jazzy/myros2_ws/install/nav2_loopback_sim/share/nav2_loopback_sim/hook/pythonpath.dsv'
[7.427s] INFO:colcon.colcon_core.shell:Creating environment hook '/home/tersoo/autonomous-robot-logging-with-ROS2-jazzy/myros2_ws/install/nav2_loopback_sim/share/nav2_loopback_sim/hook/pythonpath.sh'
[7.428s] Level 1:colcon.colcon_core.environment:checking '/home/tersoo/autonomous-robot-logging-with-ROS2-jazzy/myros2_ws/install/nav2_loopback_sim/bin'
[7.429s] Level 1:colcon.colcon_core.environment:create_environment_scripts_only(nav2_loopback_sim)
[7.429s] INFO:colcon.colcon_core.shell:Creating package script '/home/tersoo/autonomous-robot-logging-with-ROS2-jazzy/myros2_ws/install/nav2_loopback_sim/share/nav2_loopback_sim/package.ps1'
[7.430s] INFO:colcon.colcon_core.shell:Creating package descriptor '/home/tersoo/autonomous-robot-logging-with-ROS2-jazzy/myros2_ws/install/nav2_loopback_sim/share/nav2_loopback_sim/package.dsv'
[7.431s] INFO:colcon.colcon_core.shell:Creating package script '/home/tersoo/autonomous-robot-logging-with-ROS2-jazzy/myros2_ws/install/nav2_loopback_sim/share/nav2_loopback_sim/package.sh'
[7.431s] INFO:colcon.colcon_core.shell:Creating package script '/home/tersoo/autonomous-robot-logging-with-ROS2-jazzy/myros2_ws/install/nav2_loopback_sim/share/nav2_loopback_sim/package.bash'
[7.432s] INFO:colcon.colcon_core.shell:Creating package script '/home/tersoo/autonomous-robot-logging-with-ROS2-jazzy/myros2_ws/install/nav2_loopback_sim/share/nav2_loopback_sim/package.zsh'
[7.433s] Level 1:colcon.colcon_core.environment:create_file_with_runtime_dependencies(/home/tersoo/autonomous-robot-logging-with-ROS2-jazzy/myros2_ws/install/nav2_loopback_sim/share/colcon-core/packages/nav2_loopback_sim)
[8.852s] DEBUG:colcon.colcon_core.event_handler.log_command:Invoked command in '/home/tersoo/autonomous-robot-logging-with-ROS2-jazzy/myros2_ws/build/nav_2d_msgs' returned '0': CMAKE_PREFIX_PATH=${CMAKE_PREFIX_PATH}:/opt/ros/jazzy DEBUGINFOD_URLS=https://debuginfod.ubuntu.com /usr/bin/cmake /home/tersoo/autonomous-robot-logging-with-ROS2-jazzy/myros2_ws/src/navigation2/nav2_dwb_controller/nav_2d_msgs -DCMAKE_INSTALL_PREFIX=/home/tersoo/autonomous-robot-logging-with-ROS2-jazzy/myros2_ws/install/nav_2d_msgs
[8.853s] DEBUG:colcon.colcon_core.event_handler.log_command:Invoking command in '/home/tersoo/autonomous-robot-logging-with-ROS2-jazzy/myros2_ws/build/nav_2d_msgs': CMAKE_PREFIX_PATH=${CMAKE_PREFIX_PATH}:/opt/ros/jazzy DEBUGINFOD_URLS=https://debuginfod.ubuntu.com /usr/bin/cmake --build /home/tersoo/autonomous-robot-logging-with-ROS2-jazzy/myros2_ws/build/nav_2d_msgs -- -j12 -l12
[9.627s] DEBUG:colcon.colcon_core.event_handler.log_command:Invoked command in '/home/tersoo/autonomous-robot-logging-with-ROS2-jazzy/myros2_ws/build/nav2_msgs' returned '0': AMENT_PREFIX_PATH=/home/tersoo/autonomous-robot-logging-with-ROS2-jazzy/myros2_ws/install/nav2_common:${AMENT_PREFIX_PATH} CMAKE_PREFIX_PATH=/home/tersoo/autonomous-robot-logging-with-ROS2-jazzy/myros2_ws/install/nav2_common:/home/tersoo/autonomous-robot-logging-with-ROS2-jazzy/myros2_ws/install/robot_logging:/opt/ros/jazzy/opt/gz_sim_vendor:/opt/ros/jazzy/opt/gz_sensors_vendor:/opt/ros/jazzy/opt/gz_physics_vendor:/opt/ros/jazzy/opt/sdformat_vendor:/opt/ros/jazzy/opt/gz_gui_vendor:/opt/ros/jazzy/opt/gz_transport_vendor:/opt/ros/jazzy/opt/gz_rendering_vendor:/opt/ros/jazzy/opt/gz_plugin_vendor:/opt/ros/jazzy/opt/gz_fuel_tools_vendor:/opt/ros/jazzy/opt/gz_msgs_vendor:/opt/ros/jazzy/opt/gz_common_vendor:/opt/ros/jazzy/opt/gz_math_vendor:/opt/ros/jazzy/opt/gz_utils_vendor:/opt/ros/jazzy/opt/gz_tools_vendor:/opt/ros/jazzy/opt/gz_ogre_next_vendor:/opt/ros/jazzy/opt/gz_dartsim_vendor:/opt/ros/jazzy/opt/gz_cmake_vendor:/opt/ros/jazzy DEBUGINFOD_URLS=https://debuginfod.ubuntu.com PYTHONPATH=/home/tersoo/autonomous-robot-logging-with-ROS2-jazzy/myros2_ws/install/nav2_common/lib/python3.12/site-packages:${PYTHONPATH} /usr/bin/cmake /home/tersoo/autonomous-robot-logging-with-ROS2-jazzy/myros2_ws/src/navigation2/nav2_msgs -DCMAKE_INSTALL_PREFIX=/home/tersoo/autonomous-robot-logging-with-ROS2-jazzy/myros2_ws/install/nav2_msgs
[9.630s] DEBUG:colcon.colcon_core.event_handler.log_command:Invoking command in '/home/tersoo/autonomous-robot-logging-with-ROS2-jazzy/myros2_ws/build/nav2_msgs': AMENT_PREFIX_PATH=/home/tersoo/autonomous-robot-logging-with-ROS2-jazzy/myros2_ws/install/nav2_common:${AMENT_PREFIX_PATH} CMAKE_PREFIX_PATH=/home/tersoo/autonomous-robot-logging-with-ROS2-jazzy/myros2_ws/install/nav2_common:/home/tersoo/autonomous-robot-logging-with-ROS2-jazzy/myros2_ws/install/robot_logging:/opt/ros/jazzy/opt/gz_sim_vendor:/opt/ros/jazzy/opt/gz_sensors_vendor:/opt/ros/jazzy/opt/gz_physics_vendor:/opt/ros/jazzy/opt/sdformat_vendor:/opt/ros/jazzy/opt/gz_gui_vendor:/opt/ros/jazzy/opt/gz_transport_vendor:/opt/ros/jazzy/opt/gz_rendering_vendor:/opt/ros/jazzy/opt/gz_plugin_vendor:/opt/ros/jazzy/opt/gz_fuel_tools_vendor:/opt/ros/jazzy/opt/gz_msgs_vendor:/opt/ros/jazzy/opt/gz_common_vendor:/opt/ros/jazzy/opt/gz_math_vendor:/opt/ros/jazzy/opt/gz_utils_vendor:/opt/ros/jazzy/opt/gz_tools_vendor:/opt/ros/jazzy/opt/gz_ogre_next_vendor:/opt/ros/jazzy/opt/gz_dartsim_vendor:/opt/ros/jazzy/opt/gz_cmake_vendor:/opt/ros/jazzy DEBUGINFOD_URLS=https://debuginfod.ubuntu.com PYTHONPATH=/home/tersoo/autonomous-robot-logging-with-ROS2-jazzy/myros2_ws/install/nav2_common/lib/python3.12/site-packages:${PYTHONPATH} /usr/bin/cmake --build /home/tersoo/autonomous-robot-logging-with-ROS2-jazzy/myros2_ws/build/nav2_msgs -- -j12 -l12
[14.988s] DEBUG:colcon.colcon_core.event_handler.log_command:Invoked command in '/home/tersoo/autonomous-robot-logging-with-ROS2-jazzy/myros2_ws/build/nav_2d_msgs' returned '0': CMAKE_PREFIX_PATH=${CMAKE_PREFIX_PATH}:/opt/ros/jazzy DEBUGINFOD_URLS=https://debuginfod.ubuntu.com /usr/bin/cmake --build /home/tersoo/autonomous-robot-logging-with-ROS2-jazzy/myros2_ws/build/nav_2d_msgs -- -j12 -l12
[14.989s] DEBUG:colcon.colcon_core.event_handler.log_command:Invoking command in '/home/tersoo/autonomous-robot-logging-with-ROS2-jazzy/myros2_ws/build/nav_2d_msgs': CMAKE_PREFIX_PATH=${CMAKE_PREFIX_PATH}:/opt/ros/jazzy DEBUGINFOD_URLS=https://debuginfod.ubuntu.com /usr/bin/cmake --install /home/tersoo/autonomous-robot-logging-with-ROS2-jazzy/myros2_ws/build/nav_2d_msgs
[15.107s] Level 1:colcon.colcon_core.environment:create_environment_scripts_only(nav_2d_msgs)
[15.107s] Level 1:colcon.colcon_core.environment:checking '/home/tersoo/autonomous-robot-logging-with-ROS2-jazzy/myros2_ws/install/nav_2d_msgs' for CMake module files
[15.108s] DEBUG:colcon.colcon_core.event_handler.log_command:Invoked command in '/home/tersoo/autonomous-robot-logging-with-ROS2-jazzy/myros2_ws/build/nav_2d_msgs' returned '0': CMAKE_PREFIX_PATH=${CMAKE_PREFIX_PATH}:/opt/ros/jazzy DEBUGINFOD_URLS=https://debuginfod.ubuntu.com /usr/bin/cmake --install /home/tersoo/autonomous-robot-logging-with-ROS2-jazzy/myros2_ws/build/nav_2d_msgs
[15.109s] Level 1:colcon.colcon_core.environment:checking '/home/tersoo/autonomous-robot-logging-with-ROS2-jazzy/myros2_ws/install/nav_2d_msgs' for CMake config files
[15.109s] Level 1:colcon.colcon_core.shell:create_environment_hook('nav_2d_msgs', 'cmake_prefix_path')
[15.109s] INFO:colcon.colcon_core.shell:Creating environment hook '/home/tersoo/autonomous-robot-logging-with-ROS2-jazzy/myros2_ws/install/nav_2d_msgs/share/nav_2d_msgs/hook/cmake_prefix_path.ps1'
[15.110s] INFO:colcon.colcon_core.shell:Creating environment descriptor '/home/tersoo/autonomous-robot-logging-with-ROS2-jazzy/myros2_ws/install/nav_2d_msgs/share/nav_2d_msgs/hook/cmake_prefix_path.dsv'
[15.110s] INFO:colcon.colcon_core.shell:Creating environment hook '/home/tersoo/autonomous-robot-logging-with-ROS2-jazzy/myros2_ws/install/nav_2d_msgs/share/nav_2d_msgs/hook/cmake_prefix_path.sh'
[15.111s] Level 1:colcon.colcon_core.environment:checking '/home/tersoo/autonomous-robot-logging-with-ROS2-jazzy/myros2_ws/install/nav_2d_msgs/lib'
[15.111s] Level 1:colcon.colcon_core.shell:create_environment_hook('nav_2d_msgs', 'ld_library_path_lib')
[15.111s] INFO:colcon.colcon_core.shell:Creating environment hook '/home/tersoo/autonomous-robot-logging-with-ROS2-jazzy/myros2_ws/install/nav_2d_msgs/share/nav_2d_msgs/hook/ld_library_path_lib.ps1'
[15.111s] INFO:colcon.colcon_core.shell:Creating environment descriptor '/home/tersoo/autonomous-robot-logging-with-ROS2-jazzy/myros2_ws/install/nav_2d_msgs/share/nav_2d_msgs/hook/ld_library_path_lib.dsv'
[15.112s] INFO:colcon.colcon_core.shell:Creating environment hook '/home/tersoo/autonomous-robot-logging-with-ROS2-jazzy/myros2_ws/install/nav_2d_msgs/share/nav_2d_msgs/hook/ld_library_path_lib.sh'
[15.112s] Level 1:colcon.colcon_core.environment:checking '/home/tersoo/autonomous-robot-logging-with-ROS2-jazzy/myros2_ws/install/nav_2d_msgs/bin'
[15.112s] Level 1:colcon.colcon_core.environment:checking '/home/tersoo/autonomous-robot-logging-with-ROS2-jazzy/myros2_ws/install/nav_2d_msgs/lib/pkgconfig/nav_2d_msgs.pc'
[15.112s] Level 1:colcon.colcon_core.environment:checking '/home/tersoo/autonomous-robot-logging-with-ROS2-jazzy/myros2_ws/install/nav_2d_msgs/lib/python3.12/site-packages'
[15.113s] Level 1:colcon.colcon_core.shell:create_environment_hook('nav_2d_msgs', 'pythonpath')
[15.113s] INFO:colcon.colcon_core.shell:Creating environment hook '/home/tersoo/autonomous-robot-logging-with-ROS2-jazzy/myros2_ws/install/nav_2d_msgs/share/nav_2d_msgs/hook/pythonpath.ps1'
[15.113s] INFO:colcon.colcon_core.shell:Creating environment descriptor '/home/tersoo/autonomous-robot-logging-with-ROS2-jazzy/myros2_ws/install/nav_2d_msgs/share/nav_2d_msgs/hook/pythonpath.dsv'
[15.113s] INFO:colcon.colcon_core.shell:Creating environment hook '/home/tersoo/autonomous-robot-logging-with-ROS2-jazzy/myros2_ws/install/nav_2d_msgs/share/nav_2d_msgs/hook/pythonpath.sh'
[15.114s] Level 1:colcon.colcon_core.environment:checking '/home/tersoo/autonomous-robot-logging-with-ROS2-jazzy/myros2_ws/install/nav_2d_msgs/bin'
[15.114s] INFO:colcon.colcon_core.shell:Creating package script '/home/tersoo/autonomous-robot-logging-with-ROS2-jazzy/myros2_ws/install/nav_2d_msgs/share/nav_2d_msgs/package.ps1'
[15.115s] INFO:colcon.colcon_core.shell:Creating package descriptor '/home/tersoo/autonomous-robot-logging-with-ROS2-jazzy/myros2_ws/install/nav_2d_msgs/share/nav_2d_msgs/package.dsv'
[15.115s] INFO:colcon.colcon_core.shell:Creating package script '/home/tersoo/autonomous-robot-logging-with-ROS2-jazzy/myros2_ws/install/nav_2d_msgs/share/nav_2d_msgs/package.sh'
[15.116s] INFO:colcon.colcon_core.shell:Creating package script '/home/tersoo/autonomous-robot-logging-with-ROS2-jazzy/myros2_ws/install/nav_2d_msgs/share/nav_2d_msgs/package.bash'
[15.116s] INFO:colcon.colcon_core.shell:Creating package script '/home/tersoo/autonomous-robot-logging-with-ROS2-jazzy/myros2_ws/install/nav_2d_msgs/share/nav_2d_msgs/package.zsh'
[15.116s] Level 1:colcon.colcon_core.environment:create_file_with_runtime_dependencies(/home/tersoo/autonomous-robot-logging-with-ROS2-jazzy/myros2_ws/install/nav_2d_msgs/share/colcon-core/packages/nav_2d_msgs)
[15.118s] Level 1:colcon.colcon_core.environment:create_environment_scripts_only(nav_2d_msgs)
[15.118s] Level 1:colcon.colcon_core.environment:checking '/home/tersoo/autonomous-robot-logging-with-ROS2-jazzy/myros2_ws/install/nav_2d_msgs' for CMake module files
[15.120s] Level 1:colcon.colcon_core.environment:checking '/home/tersoo/autonomous-robot-logging-with-ROS2-jazzy/myros2_ws/install/nav_2d_msgs' for CMake config files
[15.122s] Level 1:colcon.colcon_core.shell:create_environment_hook('nav_2d_msgs', 'cmake_prefix_path')
[15.122s] INFO:colcon.colcon_core.shell:Creating environment hook '/home/tersoo/autonomous-robot-logging-with-ROS2-jazzy/myros2_ws/install/nav_2d_msgs/share/nav_2d_msgs/hook/cmake_prefix_path.ps1'
[15.123s] INFO:colcon.colcon_core.shell:Creating environment descriptor '/home/tersoo/autonomous-robot-logging-with-ROS2-jazzy/myros2_ws/install/nav_2d_msgs/share/nav_2d_msgs/hook/cmake_prefix_path.dsv'
[15.124s] INFO:colcon.colcon_core.shell:Creating environment hook '/home/tersoo/autonomous-robot-logging-with-ROS2-jazzy/myros2_ws/install/nav_2d_msgs/share/nav_2d_msgs/hook/cmake_prefix_path.sh'
[15.126s] Level 1:colcon.colcon_core.environment:checking '/home/tersoo/autonomous-robot-logging-with-ROS2-jazzy/myros2_ws/install/nav_2d_msgs/lib'
[15.126s] Level 1:colcon.colcon_core.shell:create_environment_hook('nav_2d_msgs', 'ld_library_path_lib')
[15.126s] INFO:colcon.colcon_core.shell:Creating environment hook '/home/tersoo/autonomous-robot-logging-with-ROS2-jazzy/myros2_ws/install/nav_2d_msgs/share/nav_2d_msgs/hook/ld_library_path_lib.ps1'
[15.127s] INFO:colcon.colcon_core.shell:Creating environment descriptor '/home/tersoo/autonomous-robot-logging-with-ROS2-jazzy/myros2_ws/install/nav_2d_msgs/share/nav_2d_msgs/hook/ld_library_path_lib.dsv'
[15.128s] INFO:colcon.colcon_core.shell:Creating environment hook '/home/tersoo/autonomous-robot-logging-with-ROS2-jazzy/myros2_ws/install/nav_2d_msgs/share/nav_2d_msgs/hook/ld_library_path_lib.sh'
[15.129s] Level 1:colcon.colcon_core.environment:checking '/home/tersoo/autonomous-robot-logging-with-ROS2-jazzy/myros2_ws/install/nav_2d_msgs/bin'
[15.129s] Level 1:colcon.colcon_core.environment:checking '/home/tersoo/autonomous-robot-logging-with-ROS2-jazzy/myros2_ws/install/nav_2d_msgs/lib/pkgconfig/nav_2d_msgs.pc'
[15.130s] Level 1:colcon.colcon_core.environment:checking '/home/tersoo/autonomous-robot-logging-with-ROS2-jazzy/myros2_ws/install/nav_2d_msgs/lib/python3.12/site-packages'
[15.130s] Level 1:colcon.colcon_core.shell:create_environment_hook('nav_2d_msgs', 'pythonpath')
[15.131s] INFO:colcon.colcon_core.shell:Creating environment hook '/home/tersoo/autonomous-robot-logging-with-ROS2-jazzy/myros2_ws/install/nav_2d_msgs/share/nav_2d_msgs/hook/pythonpath.ps1'
[15.132s] INFO:colcon.colcon_core.shell:Creating environment descriptor '/home/tersoo/autonomous-robot-logging-with-ROS2-jazzy/myros2_ws/install/nav_2d_msgs/share/nav_2d_msgs/hook/pythonpath.dsv'
[15.132s] INFO:colcon.colcon_core.shell:Creating environment hook '/home/tersoo/autonomous-robot-logging-with-ROS2-jazzy/myros2_ws/install/nav_2d_msgs/share/nav_2d_msgs/hook/pythonpath.sh'
[15.134s] Level 1:colcon.colcon_core.environment:checking '/home/tersoo/autonomous-robot-logging-with-ROS2-jazzy/myros2_ws/install/nav_2d_msgs/bin'
[15.135s] INFO:colcon.colcon_core.shell:Creating package script '/home/tersoo/autonomous-robot-logging-with-ROS2-jazzy/myros2_ws/install/nav_2d_msgs/share/nav_2d_msgs/package.ps1'
[15.136s] INFO:colcon.colcon_core.shell:Creating package descriptor '/home/tersoo/autonomous-robot-logging-with-ROS2-jazzy/myros2_ws/install/nav_2d_msgs/share/nav_2d_msgs/package.dsv'
[15.137s] INFO:colcon.colcon_core.shell:Creating package script '/home/tersoo/autonomous-robot-logging-with-ROS2-jazzy/myros2_ws/install/nav_2d_msgs/share/nav_2d_msgs/package.sh'
[15.139s] INFO:colcon.colcon_core.shell:Creating package script '/home/tersoo/autonomous-robot-logging-with-ROS2-jazzy/myros2_ws/install/nav_2d_msgs/share/nav_2d_msgs/package.bash'
[15.140s] INFO:colcon.colcon_core.shell:Creating package script '/home/tersoo/autonomous-robot-logging-with-ROS2-jazzy/myros2_ws/install/nav_2d_msgs/share/nav_2d_msgs/package.zsh'
[15.141s] Level 1:colcon.colcon_core.environment:create_file_with_runtime_dependencies(/home/tersoo/autonomous-robot-logging-with-ROS2-jazzy/myros2_ws/install/nav_2d_msgs/share/colcon-core/packages/nav_2d_msgs)
[15.142s] INFO:colcon.colcon_ros.task.ament_cmake.build:Building ROS package in '/home/tersoo/autonomous-robot-logging-with-ROS2-jazzy/myros2_ws/src/navigation2/nav2_dwb_controller/dwb_msgs' with build type 'ament_cmake'
[15.142s] INFO:colcon.colcon_cmake.task.cmake.build:Building CMake package in '/home/tersoo/autonomous-robot-logging-with-ROS2-jazzy/myros2_ws/src/navigation2/nav2_dwb_controller/dwb_msgs'
[15.143s] INFO:colcon.colcon_core.shell:Skip shell extension 'powershell' for command environment: Not usable outside of PowerShell
[15.143s] DEBUG:colcon.colcon_core.shell:Skip shell extension 'dsv' for command environment
[15.169s] DEBUG:colcon.colcon_core.event_handler.log_command:Invoking command in '/home/tersoo/autonomous-robot-logging-with-ROS2-jazzy/myros2_ws/build/dwb_msgs': AMENT_PREFIX_PATH=/home/tersoo/autonomous-robot-logging-with-ROS2-jazzy/myros2_ws/install/nav_2d_msgs:${AMENT_PREFIX_PATH} CMAKE_PREFIX_PATH=/home/tersoo/autonomous-robot-logging-with-ROS2-jazzy/myros2_ws/install/nav_2d_msgs:/home/tersoo/autonomous-robot-logging-with-ROS2-jazzy/myros2_ws/install/robot_logging:/opt/ros/jazzy/opt/gz_sim_vendor:/opt/ros/jazzy/opt/gz_sensors_vendor:/opt/ros/jazzy/opt/gz_physics_vendor:/opt/ros/jazzy/opt/sdformat_vendor:/opt/ros/jazzy/opt/gz_gui_vendor:/opt/ros/jazzy/opt/gz_transport_vendor:/opt/ros/jazzy/opt/gz_rendering_vendor:/opt/ros/jazzy/opt/gz_plugin_vendor:/opt/ros/jazzy/opt/gz_fuel_tools_vendor:/opt/ros/jazzy/opt/gz_msgs_vendor:/opt/ros/jazzy/opt/gz_common_vendor:/opt/ros/jazzy/opt/gz_math_vendor:/opt/ros/jazzy/opt/gz_utils_vendor:/opt/ros/jazzy/opt/gz_tools_vendor:/opt/ros/jazzy/opt/gz_ogre_next_vendor:/opt/ros/jazzy/opt/gz_dartsim_vendor:/opt/ros/jazzy/opt/gz_cmake_vendor:/opt/ros/jazzy DEBUGINFOD_URLS=https://debuginfod.ubuntu.com LD_LIBRARY_PATH=/home/tersoo/autonomous-robot-logging-with-ROS2-jazzy/myros2_ws/install/nav_2d_msgs/lib:${LD_LIBRARY_PATH} PYTHONPATH=/home/tersoo/autonomous-robot-logging-with-ROS2-jazzy/myros2_ws/install/nav_2d_msgs/lib/python3.12/site-packages:${PYTHONPATH} /usr/bin/cmake /home/tersoo/autonomous-robot-logging-with-ROS2-jazzy/myros2_ws/src/navigation2/nav2_dwb_controller/dwb_msgs -DCMAKE_INSTALL_PREFIX=/home/tersoo/autonomous-robot-logging-with-ROS2-jazzy/myros2_ws/install/dwb_msgs
[20.313s] DEBUG:colcon.colcon_core.event_handler.log_command:Invoked command in '/home/tersoo/autonomous-robot-logging-with-ROS2-jazzy/myros2_ws/build/dwb_msgs' returned '0': AMENT_PREFIX_PATH=/home/tersoo/autonomous-robot-logging-with-ROS2-jazzy/myros2_ws/install/nav_2d_msgs:${AMENT_PREFIX_PATH} CMAKE_PREFIX_PATH=/home/tersoo/autonomous-robot-logging-with-ROS2-jazzy/myros2_ws/install/nav_2d_msgs:/home/tersoo/autonomous-robot-logging-with-ROS2-jazzy/myros2_ws/install/robot_logging:/opt/ros/jazzy/opt/gz_sim_vendor:/opt/ros/jazzy/opt/gz_sensors_vendor:/opt/ros/jazzy/opt/gz_physics_vendor:/opt/ros/jazzy/opt/sdformat_vendor:/opt/ros/jazzy/opt/gz_gui_vendor:/opt/ros/jazzy/opt/gz_transport_vendor:/opt/ros/jazzy/opt/gz_rendering_vendor:/opt/ros/jazzy/opt/gz_plugin_vendor:/opt/ros/jazzy/opt/gz_fuel_tools_vendor:/opt/ros/jazzy/opt/gz_msgs_vendor:/opt/ros/jazzy/opt/gz_common_vendor:/opt/ros/jazzy/opt/gz_math_vendor:/opt/ros/jazzy/opt/gz_utils_vendor:/opt/ros/jazzy/opt/gz_tools_vendor:/opt/ros/jazzy/opt/gz_ogre_next_vendor:/opt/ros/jazzy/opt/gz_dartsim_vendor:/opt/ros/jazzy/opt/gz_cmake_vendor:/opt/ros/jazzy DEBUGINFOD_URLS=https://debuginfod.ubuntu.com LD_LIBRARY_PATH=/home/tersoo/autonomous-robot-logging-with-ROS2-jazzy/myros2_ws/install/nav_2d_msgs/lib:${LD_LIBRARY_PATH} PYTHONPATH=/home/tersoo/autonomous-robot-logging-with-ROS2-jazzy/myros2_ws/install/nav_2d_msgs/lib/python3.12/site-packages:${PYTHONPATH} /usr/bin/cmake /home/tersoo/autonomous-robot-logging-with-ROS2-jazzy/myros2_ws/src/navigation2/nav2_dwb_controller/dwb_msgs -DCMAKE_INSTALL_PREFIX=/home/tersoo/autonomous-robot-logging-with-ROS2-jazzy/myros2_ws/install/dwb_msgs
[20.315s] DEBUG:colcon.colcon_core.event_handler.log_command:Invoking command in '/home/tersoo/autonomous-robot-logging-with-ROS2-jazzy/myros2_ws/build/dwb_msgs': AMENT_PREFIX_PATH=/home/tersoo/autonomous-robot-logging-with-ROS2-jazzy/myros2_ws/install/nav_2d_msgs:${AMENT_PREFIX_PATH} CMAKE_PREFIX_PATH=/home/tersoo/autonomous-robot-logging-with-ROS2-jazzy/myros2_ws/install/nav_2d_msgs:/home/tersoo/autonomous-robot-logging-with-ROS2-jazzy/myros2_ws/install/robot_logging:/opt/ros/jazzy/opt/gz_sim_vendor:/opt/ros/jazzy/opt/gz_sensors_vendor:/opt/ros/jazzy/opt/gz_physics_vendor:/opt/ros/jazzy/opt/sdformat_vendor:/opt/ros/jazzy/opt/gz_gui_vendor:/opt/ros/jazzy/opt/gz_transport_vendor:/opt/ros/jazzy/opt/gz_rendering_vendor:/opt/ros/jazzy/opt/gz_plugin_vendor:/opt/ros/jazzy/opt/gz_fuel_tools_vendor:/opt/ros/jazzy/opt/gz_msgs_vendor:/opt/ros/jazzy/opt/gz_common_vendor:/opt/ros/jazzy/opt/gz_math_vendor:/opt/ros/jazzy/opt/gz_utils_vendor:/opt/ros/jazzy/opt/gz_tools_vendor:/opt/ros/jazzy/opt/gz_ogre_next_vendor:/opt/ros/jazzy/opt/gz_dartsim_vendor:/opt/ros/jazzy/opt/gz_cmake_vendor:/opt/ros/jazzy DEBUGINFOD_URLS=https://debuginfod.ubuntu.com LD_LIBRARY_PATH=/home/tersoo/autonomous-robot-logging-with-ROS2-jazzy/myros2_ws/install/nav_2d_msgs/lib:${LD_LIBRARY_PATH} PYTHONPATH=/home/tersoo/autonomous-robot-logging-with-ROS2-jazzy/myros2_ws/install/nav_2d_msgs/lib/python3.12/site-packages:${PYTHONPATH} /usr/bin/cmake --build /home/tersoo/autonomous-robot-logging-with-ROS2-jazzy/myros2_ws/build/dwb_msgs -- -j12 -l12
[23.646s] DEBUG:colcon.colcon_core.event_handler.log_command:Invoked command in '/home/tersoo/autonomous-robot-logging-with-ROS2-jazzy/myros2_ws/build/nav2_voxel_grid' returned '0': AMENT_PREFIX_PATH=/home/tersoo/autonomous-robot-logging-with-ROS2-jazzy/myros2_ws/install/nav2_common:${AMENT_PREFIX_PATH} CMAKE_PREFIX_PATH=/home/tersoo/autonomous-robot-logging-with-ROS2-jazzy/myros2_ws/install/nav2_common:/home/tersoo/autonomous-robot-logging-with-ROS2-jazzy/myros2_ws/install/robot_logging:/opt/ros/jazzy/opt/gz_sim_vendor:/opt/ros/jazzy/opt/gz_sensors_vendor:/opt/ros/jazzy/opt/gz_physics_vendor:/opt/ros/jazzy/opt/sdformat_vendor:/opt/ros/jazzy/opt/gz_gui_vendor:/opt/ros/jazzy/opt/gz_transport_vendor:/opt/ros/jazzy/opt/gz_rendering_vendor:/opt/ros/jazzy/opt/gz_plugin_vendor:/opt/ros/jazzy/opt/gz_fuel_tools_vendor:/opt/ros/jazzy/opt/gz_msgs_vendor:/opt/ros/jazzy/opt/gz_common_vendor:/opt/ros/jazzy/opt/gz_math_vendor:/opt/ros/jazzy/opt/gz_utils_vendor:/opt/ros/jazzy/opt/gz_tools_vendor:/opt/ros/jazzy/opt/gz_ogre_next_vendor:/opt/ros/jazzy/opt/gz_dartsim_vendor:/opt/ros/jazzy/opt/gz_cmake_vendor:/opt/ros/jazzy DEBUGINFOD_URLS=https://debuginfod.ubuntu.com PYTHONPATH=/home/tersoo/autonomous-robot-logging-with-ROS2-jazzy/myros2_ws/install/nav2_common/lib/python3.12/site-packages:${PYTHONPATH} /usr/bin/cmake --build /home/tersoo/autonomous-robot-logging-with-ROS2-jazzy/myros2_ws/build/nav2_voxel_grid -- -j12 -l12
[23.648s] DEBUG:colcon.colcon_core.event_handler.log_command:Invoking command in '/home/tersoo/autonomous-robot-logging-with-ROS2-jazzy/myros2_ws/build/nav2_voxel_grid': AMENT_PREFIX_PATH=/home/tersoo/autonomous-robot-logging-with-ROS2-jazzy/myros2_ws/install/nav2_common:${AMENT_PREFIX_PATH} CMAKE_PREFIX_PATH=/home/tersoo/autonomous-robot-logging-with-ROS2-jazzy/myros2_ws/install/nav2_common:/home/tersoo/autonomous-robot-logging-with-ROS2-jazzy/myros2_ws/install/robot_logging:/opt/ros/jazzy/opt/gz_sim_vendor:/opt/ros/jazzy/opt/gz_sensors_vendor:/opt/ros/jazzy/opt/gz_physics_vendor:/opt/ros/jazzy/opt/sdformat_vendor:/opt/ros/jazzy/opt/gz_gui_vendor:/opt/ros/jazzy/opt/gz_transport_vendor:/opt/ros/jazzy/opt/gz_rendering_vendor:/opt/ros/jazzy/opt/gz_plugin_vendor:/opt/ros/jazzy/opt/gz_fuel_tools_vendor:/opt/ros/jazzy/opt/gz_msgs_vendor:/opt/ros/jazzy/opt/gz_common_vendor:/opt/ros/jazzy/opt/gz_math_vendor:/opt/ros/jazzy/opt/gz_utils_vendor:/opt/ros/jazzy/opt/gz_tools_vendor:/opt/ros/jazzy/opt/gz_ogre_next_vendor:/opt/ros/jazzy/opt/gz_dartsim_vendor:/opt/ros/jazzy/opt/gz_cmake_vendor:/opt/ros/jazzy DEBUGINFOD_URLS=https://debuginfod.ubuntu.com PYTHONPATH=/home/tersoo/autonomous-robot-logging-with-ROS2-jazzy/myros2_ws/install/nav2_common/lib/python3.12/site-packages:${PYTHONPATH} /usr/bin/cmake --install /home/tersoo/autonomous-robot-logging-with-ROS2-jazzy/myros2_ws/build/nav2_voxel_grid
[23.675s] Level 1:colcon.colcon_core.environment:create_environment_scripts_only(nav2_voxel_grid)
[23.675s] Level 1:colcon.colcon_core.environment:checking '/home/tersoo/autonomous-robot-logging-with-ROS2-jazzy/myros2_ws/install/nav2_voxel_grid' for CMake module files
[23.676s] DEBUG:colcon.colcon_core.event_handler.log_command:Invoked command in '/home/tersoo/autonomous-robot-logging-with-ROS2-jazzy/myros2_ws/build/nav2_voxel_grid' returned '0': AMENT_PREFIX_PATH=/home/tersoo/autonomous-robot-logging-with-ROS2-jazzy/myros2_ws/install/nav2_common:${AMENT_PREFIX_PATH} CMAKE_PREFIX_PATH=/home/tersoo/autonomous-robot-logging-with-ROS2-jazzy/myros2_ws/install/nav2_common:/home/tersoo/autonomous-robot-logging-with-ROS2-jazzy/myros2_ws/install/robot_logging:/opt/ros/jazzy/opt/gz_sim_vendor:/opt/ros/jazzy/opt/gz_sensors_vendor:/opt/ros/jazzy/opt/gz_physics_vendor:/opt/ros/jazzy/opt/sdformat_vendor:/opt/ros/jazzy/opt/gz_gui_vendor:/opt/ros/jazzy/opt/gz_transport_vendor:/opt/ros/jazzy/opt/gz_rendering_vendor:/opt/ros/jazzy/opt/gz_plugin_vendor:/opt/ros/jazzy/opt/gz_fuel_tools_vendor:/opt/ros/jazzy/opt/gz_msgs_vendor:/opt/ros/jazzy/opt/gz_common_vendor:/opt/ros/jazzy/opt/gz_math_vendor:/opt/ros/jazzy/opt/gz_utils_vendor:/opt/ros/jazzy/opt/gz_tools_vendor:/opt/ros/jazzy/opt/gz_ogre_next_vendor:/opt/ros/jazzy/opt/gz_dartsim_vendor:/opt/ros/jazzy/opt/gz_cmake_vendor:/opt/ros/jazzy DEBUGINFOD_URLS=https://debuginfod.ubuntu.com PYTHONPATH=/home/tersoo/autonomous-robot-logging-with-ROS2-jazzy/myros2_ws/install/nav2_common/lib/python3.12/site-packages:${PYTHONPATH} /usr/bin/cmake --install /home/tersoo/autonomous-robot-logging-with-ROS2-jazzy/myros2_ws/build/nav2_voxel_grid
[23.677s] Level 1:colcon.colcon_core.environment:checking '/home/tersoo/autonomous-robot-logging-with-ROS2-jazzy/myros2_ws/install/nav2_voxel_grid' for CMake config files
[23.678s] Level 1:colcon.colcon_core.shell:create_environment_hook('nav2_voxel_grid', 'cmake_prefix_path')
[23.678s] INFO:colcon.colcon_core.shell:Creating environment hook '/home/tersoo/autonomous-robot-logging-with-ROS2-jazzy/myros2_ws/install/nav2_voxel_grid/share/nav2_voxel_grid/hook/cmake_prefix_path.ps1'
[23.678s] INFO:colcon.colcon_core.shell:Creating environment descriptor '/home/tersoo/autonomous-robot-logging-with-ROS2-jazzy/myros2_ws/install/nav2_voxel_grid/share/nav2_voxel_grid/hook/cmake_prefix_path.dsv'
[23.679s] INFO:colcon.colcon_core.shell:Creating environment hook '/home/tersoo/autonomous-robot-logging-with-ROS2-jazzy/myros2_ws/install/nav2_voxel_grid/share/nav2_voxel_grid/hook/cmake_prefix_path.sh'
[23.680s] Level 1:colcon.colcon_core.environment:checking '/home/tersoo/autonomous-robot-logging-with-ROS2-jazzy/myros2_ws/install/nav2_voxel_grid/lib'
[23.680s] Level 1:colcon.colcon_core.shell:create_environment_hook('nav2_voxel_grid', 'ld_library_path_lib')
[23.680s] INFO:colcon.colcon_core.shell:Creating environment hook '/home/tersoo/autonomous-robot-logging-with-ROS2-jazzy/myros2_ws/install/nav2_voxel_grid/share/nav2_voxel_grid/hook/ld_library_path_lib.ps1'
[23.681s] INFO:colcon.colcon_core.shell:Creating environment descriptor '/home/tersoo/autonomous-robot-logging-with-ROS2-jazzy/myros2_ws/install/nav2_voxel_grid/share/nav2_voxel_grid/hook/ld_library_path_lib.dsv'
[23.681s] INFO:colcon.colcon_core.shell:Creating environment hook '/home/tersoo/autonomous-robot-logging-with-ROS2-jazzy/myros2_ws/install/nav2_voxel_grid/share/nav2_voxel_grid/hook/ld_library_path_lib.sh'
[23.681s] Level 1:colcon.colcon_core.environment:checking '/home/tersoo/autonomous-robot-logging-with-ROS2-jazzy/myros2_ws/install/nav2_voxel_grid/bin'
[23.682s] Level 1:colcon.colcon_core.environment:checking '/home/tersoo/autonomous-robot-logging-with-ROS2-jazzy/myros2_ws/install/nav2_voxel_grid/lib/pkgconfig/nav2_voxel_grid.pc'
[23.682s] Level 1:colcon.colcon_core.environment:checking '/home/tersoo/autonomous-robot-logging-with-ROS2-jazzy/myros2_ws/install/nav2_voxel_grid/lib/python3.12/site-packages'
[23.682s] Level 1:colcon.colcon_core.environment:checking '/home/tersoo/autonomous-robot-logging-with-ROS2-jazzy/myros2_ws/install/nav2_voxel_grid/bin'
[23.683s] INFO:colcon.colcon_core.shell:Creating package script '/home/tersoo/autonomous-robot-logging-with-ROS2-jazzy/myros2_ws/install/nav2_voxel_grid/share/nav2_voxel_grid/package.ps1'
[23.683s] INFO:colcon.colcon_core.shell:Creating package descriptor '/home/tersoo/autonomous-robot-logging-with-ROS2-jazzy/myros2_ws/install/nav2_voxel_grid/share/nav2_voxel_grid/package.dsv'
[23.684s] INFO:colcon.colcon_core.shell:Creating package script '/home/tersoo/autonomous-robot-logging-with-ROS2-jazzy/myros2_ws/install/nav2_voxel_grid/share/nav2_voxel_grid/package.sh'
[23.685s] INFO:colcon.colcon_core.shell:Creating package script '/home/tersoo/autonomous-robot-logging-with-ROS2-jazzy/myros2_ws/install/nav2_voxel_grid/share/nav2_voxel_grid/package.bash'
[23.685s] INFO:colcon.colcon_core.shell:Creating package script '/home/tersoo/autonomous-robot-logging-with-ROS2-jazzy/myros2_ws/install/nav2_voxel_grid/share/nav2_voxel_grid/package.zsh'
[23.686s] Level 1:colcon.colcon_core.environment:create_file_with_runtime_dependencies(/home/tersoo/autonomous-robot-logging-with-ROS2-jazzy/myros2_ws/install/nav2_voxel_grid/share/colcon-core/packages/nav2_voxel_grid)
[23.686s] Level 1:colcon.colcon_core.environment:create_environment_scripts_only(nav2_voxel_grid)
[23.687s] Level 1:colcon.colcon_core.environment:checking '/home/tersoo/autonomous-robot-logging-with-ROS2-jazzy/myros2_ws/install/nav2_voxel_grid' for CMake module files
[23.688s] Level 1:colcon.colcon_core.environment:checking '/home/tersoo/autonomous-robot-logging-with-ROS2-jazzy/myros2_ws/install/nav2_voxel_grid' for CMake config files
[23.688s] Level 1:colcon.colcon_core.shell:create_environment_hook('nav2_voxel_grid', 'cmake_prefix_path')
[23.688s] INFO:colcon.colcon_core.shell:Creating environment hook '/home/tersoo/autonomous-robot-logging-with-ROS2-jazzy/myros2_ws/install/nav2_voxel_grid/share/nav2_voxel_grid/hook/cmake_prefix_path.ps1'
[23.689s] INFO:colcon.colcon_core.shell:Creating environment descriptor '/home/tersoo/autonomous-robot-logging-with-ROS2-jazzy/myros2_ws/install/nav2_voxel_grid/share/nav2_voxel_grid/hook/cmake_prefix_path.dsv'
[23.689s] INFO:colcon.colcon_core.shell:Creating environment hook '/home/tersoo/autonomous-robot-logging-with-ROS2-jazzy/myros2_ws/install/nav2_voxel_grid/share/nav2_voxel_grid/hook/cmake_prefix_path.sh'
[23.690s] Level 1:colcon.colcon_core.environment:checking '/home/tersoo/autonomous-robot-logging-with-ROS2-jazzy/myros2_ws/install/nav2_voxel_grid/lib'
[23.690s] Level 1:colcon.colcon_core.shell:create_environment_hook('nav2_voxel_grid', 'ld_library_path_lib')
[23.691s] INFO:colcon.colcon_core.shell:Creating environment hook '/home/tersoo/autonomous-robot-logging-with-ROS2-jazzy/myros2_ws/install/nav2_voxel_grid/share/nav2_voxel_grid/hook/ld_library_path_lib.ps1'
[23.691s] INFO:colcon.colcon_core.shell:Creating environment descriptor '/home/tersoo/autonomous-robot-logging-with-ROS2-jazzy/myros2_ws/install/nav2_voxel_grid/share/nav2_voxel_grid/hook/ld_library_path_lib.dsv'
[23.692s] INFO:colcon.colcon_core.shell:Creating environment hook '/home/tersoo/autonomous-robot-logging-with-ROS2-jazzy/myros2_ws/install/nav2_voxel_grid/share/nav2_voxel_grid/hook/ld_library_path_lib.sh'
[23.692s] Level 1:colcon.colcon_core.environment:checking '/home/tersoo/autonomous-robot-logging-with-ROS2-jazzy/myros2_ws/install/nav2_voxel_grid/bin'
[23.692s] Level 1:colcon.colcon_core.environment:checking '/home/tersoo/autonomous-robot-logging-with-ROS2-jazzy/myros2_ws/install/nav2_voxel_grid/lib/pkgconfig/nav2_voxel_grid.pc'
[23.693s] Level 1:colcon.colcon_core.environment:checking '/home/tersoo/autonomous-robot-logging-with-ROS2-jazzy/myros2_ws/install/nav2_voxel_grid/lib/python3.12/site-packages'
[23.693s] Level 1:colcon.colcon_core.environment:checking '/home/tersoo/autonomous-robot-logging-with-ROS2-jazzy/myros2_ws/install/nav2_voxel_grid/bin'
[23.693s] INFO:colcon.colcon_core.shell:Creating package script '/home/tersoo/autonomous-robot-logging-with-ROS2-jazzy/myros2_ws/install/nav2_voxel_grid/share/nav2_voxel_grid/package.ps1'
[23.694s] INFO:colcon.colcon_core.shell:Creating package descriptor '/home/tersoo/autonomous-robot-logging-with-ROS2-jazzy/myros2_ws/install/nav2_voxel_grid/share/nav2_voxel_grid/package.dsv'
[23.695s] INFO:colcon.colcon_core.shell:Creating package script '/home/tersoo/autonomous-robot-logging-with-ROS2-jazzy/myros2_ws/install/nav2_voxel_grid/share/nav2_voxel_grid/package.sh'
[23.696s] INFO:colcon.colcon_core.shell:Creating package script '/home/tersoo/autonomous-robot-logging-with-ROS2-jazzy/myros2_ws/install/nav2_voxel_grid/share/nav2_voxel_grid/package.bash'
[23.697s] INFO:colcon.colcon_core.shell:Creating package script '/home/tersoo/autonomous-robot-logging-with-ROS2-jazzy/myros2_ws/install/nav2_voxel_grid/share/nav2_voxel_grid/package.zsh'
[23.698s] Level 1:colcon.colcon_core.environment:create_file_with_runtime_dependencies(/home/tersoo/autonomous-robot-logging-with-ROS2-jazzy/myros2_ws/install/nav2_voxel_grid/share/colcon-core/packages/nav2_voxel_grid)
[35.326s] DEBUG:colcon.colcon_core.event_handler.log_command:Invoked command in '/home/tersoo/autonomous-robot-logging-with-ROS2-jazzy/myros2_ws/build/dwb_msgs' returned '0': AMENT_PREFIX_PATH=/home/tersoo/autonomous-robot-logging-with-ROS2-jazzy/myros2_ws/install/nav_2d_msgs:${AMENT_PREFIX_PATH} CMAKE_PREFIX_PATH=/home/tersoo/autonomous-robot-logging-with-ROS2-jazzy/myros2_ws/install/nav_2d_msgs:/home/tersoo/autonomous-robot-logging-with-ROS2-jazzy/myros2_ws/install/robot_logging:/opt/ros/jazzy/opt/gz_sim_vendor:/opt/ros/jazzy/opt/gz_sensors_vendor:/opt/ros/jazzy/opt/gz_physics_vendor:/opt/ros/jazzy/opt/sdformat_vendor:/opt/ros/jazzy/opt/gz_gui_vendor:/opt/ros/jazzy/opt/gz_transport_vendor:/opt/ros/jazzy/opt/gz_rendering_vendor:/opt/ros/jazzy/opt/gz_plugin_vendor:/opt/ros/jazzy/opt/gz_fuel_tools_vendor:/opt/ros/jazzy/opt/gz_msgs_vendor:/opt/ros/jazzy/opt/gz_common_vendor:/opt/ros/jazzy/opt/gz_math_vendor:/opt/ros/jazzy/opt/gz_utils_vendor:/opt/ros/jazzy/opt/gz_tools_vendor:/opt/ros/jazzy/opt/gz_ogre_next_vendor:/opt/ros/jazzy/opt/gz_dartsim_vendor:/opt/ros/jazzy/opt/gz_cmake_vendor:/opt/ros/jazzy DEBUGINFOD_URLS=https://debuginfod.ubuntu.com LD_LIBRARY_PATH=/home/tersoo/autonomous-robot-logging-with-ROS2-jazzy/myros2_ws/install/nav_2d_msgs/lib:${LD_LIBRARY_PATH} PYTHONPATH=/home/tersoo/autonomous-robot-logging-with-ROS2-jazzy/myros2_ws/install/nav_2d_msgs/lib/python3.12/site-packages:${PYTHONPATH} /usr/bin/cmake --build /home/tersoo/autonomous-robot-logging-with-ROS2-jazzy/myros2_ws/build/dwb_msgs -- -j12 -l12
[35.327s] DEBUG:colcon.colcon_core.event_handler.log_command:Invoking command in '/home/tersoo/autonomous-robot-logging-with-ROS2-jazzy/myros2_ws/build/dwb_msgs': AMENT_PREFIX_PATH=/home/tersoo/autonomous-robot-logging-with-ROS2-jazzy/myros2_ws/install/nav_2d_msgs:${AMENT_PREFIX_PATH} CMAKE_PREFIX_PATH=/home/tersoo/autonomous-robot-logging-with-ROS2-jazzy/myros2_ws/install/nav_2d_msgs:/home/tersoo/autonomous-robot-logging-with-ROS2-jazzy/myros2_ws/install/robot_logging:/opt/ros/jazzy/opt/gz_sim_vendor:/opt/ros/jazzy/opt/gz_sensors_vendor:/opt/ros/jazzy/opt/gz_physics_vendor:/opt/ros/jazzy/opt/sdformat_vendor:/opt/ros/jazzy/opt/gz_gui_vendor:/opt/ros/jazzy/opt/gz_transport_vendor:/opt/ros/jazzy/opt/gz_rendering_vendor:/opt/ros/jazzy/opt/gz_plugin_vendor:/opt/ros/jazzy/opt/gz_fuel_tools_vendor:/opt/ros/jazzy/opt/gz_msgs_vendor:/opt/ros/jazzy/opt/gz_common_vendor:/opt/ros/jazzy/opt/gz_math_vendor:/opt/ros/jazzy/opt/gz_utils_vendor:/opt/ros/jazzy/opt/gz_tools_vendor:/opt/ros/jazzy/opt/gz_ogre_next_vendor:/opt/ros/jazzy/opt/gz_dartsim_vendor:/opt/ros/jazzy/opt/gz_cmake_vendor:/opt/ros/jazzy DEBUGINFOD_URLS=https://debuginfod.ubuntu.com LD_LIBRARY_PATH=/home/tersoo/autonomous-robot-logging-with-ROS2-jazzy/myros2_ws/install/nav_2d_msgs/lib:${LD_LIBRARY_PATH} PYTHONPATH=/home/tersoo/autonomous-robot-logging-with-ROS2-jazzy/myros2_ws/install/nav_2d_msgs/lib/python3.12/site-packages:${PYTHONPATH} /usr/bin/cmake --install /home/tersoo/autonomous-robot-logging-with-ROS2-jazzy/myros2_ws/build/dwb_msgs
[35.540s] Level 1:colcon.colcon_core.environment:create_environment_scripts_only(dwb_msgs)
[35.541s] Level 1:colcon.colcon_core.environment:checking '/home/tersoo/autonomous-robot-logging-with-ROS2-jazzy/myros2_ws/install/dwb_msgs' for CMake module files
[35.542s] DEBUG:colcon.colcon_core.event_handler.log_command:Invoked command in '/home/tersoo/autonomous-robot-logging-with-ROS2-jazzy/myros2_ws/build/dwb_msgs' returned '0': AMENT_PREFIX_PATH=/home/tersoo/autonomous-robot-logging-with-ROS2-jazzy/myros2_ws/install/nav_2d_msgs:${AMENT_PREFIX_PATH} CMAKE_PREFIX_PATH=/home/tersoo/autonomous-robot-logging-with-ROS2-jazzy/myros2_ws/install/nav_2d_msgs:/home/tersoo/autonomous-robot-logging-with-ROS2-jazzy/myros2_ws/install/robot_logging:/opt/ros/jazzy/opt/gz_sim_vendor:/opt/ros/jazzy/opt/gz_sensors_vendor:/opt/ros/jazzy/opt/gz_physics_vendor:/opt/ros/jazzy/opt/sdformat_vendor:/opt/ros/jazzy/opt/gz_gui_vendor:/opt/ros/jazzy/opt/gz_transport_vendor:/opt/ros/jazzy/opt/gz_rendering_vendor:/opt/ros/jazzy/opt/gz_plugin_vendor:/opt/ros/jazzy/opt/gz_fuel_tools_vendor:/opt/ros/jazzy/opt/gz_msgs_vendor:/opt/ros/jazzy/opt/gz_common_vendor:/opt/ros/jazzy/opt/gz_math_vendor:/opt/ros/jazzy/opt/gz_utils_vendor:/opt/ros/jazzy/opt/gz_tools_vendor:/opt/ros/jazzy/opt/gz_ogre_next_vendor:/opt/ros/jazzy/opt/gz_dartsim_vendor:/opt/ros/jazzy/opt/gz_cmake_vendor:/opt/ros/jazzy DEBUGINFOD_URLS=https://debuginfod.ubuntu.com LD_LIBRARY_PATH=/home/tersoo/autonomous-robot-logging-with-ROS2-jazzy/myros2_ws/install/nav_2d_msgs/lib:${LD_LIBRARY_PATH} PYTHONPATH=/home/tersoo/autonomous-robot-logging-with-ROS2-jazzy/myros2_ws/install/nav_2d_msgs/lib/python3.12/site-packages:${PYTHONPATH} /usr/bin/cmake --install /home/tersoo/autonomous-robot-logging-with-ROS2-jazzy/myros2_ws/build/dwb_msgs
[35.543s] Level 1:colcon.colcon_core.environment:checking '/home/tersoo/autonomous-robot-logging-with-ROS2-jazzy/myros2_ws/install/dwb_msgs' for CMake config files
[35.546s] Level 1:colcon.colcon_core.shell:create_environment_hook('dwb_msgs', 'cmake_prefix_path')
[35.546s] INFO:colcon.colcon_core.shell:Creating environment hook '/home/tersoo/autonomous-robot-logging-with-ROS2-jazzy/myros2_ws/install/dwb_msgs/share/dwb_msgs/hook/cmake_prefix_path.ps1'
[35.547s] INFO:colcon.colcon_core.shell:Creating environment descriptor '/home/tersoo/autonomous-robot-logging-with-ROS2-jazzy/myros2_ws/install/dwb_msgs/share/dwb_msgs/hook/cmake_prefix_path.dsv'
[35.548s] INFO:colcon.colcon_core.shell:Creating environment hook '/home/tersoo/autonomous-robot-logging-with-ROS2-jazzy/myros2_ws/install/dwb_msgs/share/dwb_msgs/hook/cmake_prefix_path.sh'
[35.550s] Level 1:colcon.colcon_core.environment:checking '/home/tersoo/autonomous-robot-logging-with-ROS2-jazzy/myros2_ws/install/dwb_msgs/lib'
[35.550s] Level 1:colcon.colcon_core.shell:create_environment_hook('dwb_msgs', 'ld_library_path_lib')
[35.550s] INFO:colcon.colcon_core.shell:Creating environment hook '/home/tersoo/autonomous-robot-logging-with-ROS2-jazzy/myros2_ws/install/dwb_msgs/share/dwb_msgs/hook/ld_library_path_lib.ps1'
[35.551s] INFO:colcon.colcon_core.shell:Creating environment descriptor '/home/tersoo/autonomous-robot-logging-with-ROS2-jazzy/myros2_ws/install/dwb_msgs/share/dwb_msgs/hook/ld_library_path_lib.dsv'
[35.552s] INFO:colcon.colcon_core.shell:Creating environment hook '/home/tersoo/autonomous-robot-logging-with-ROS2-jazzy/myros2_ws/install/dwb_msgs/share/dwb_msgs/hook/ld_library_path_lib.sh'
[35.553s] Level 1:colcon.colcon_core.environment:checking '/home/tersoo/autonomous-robot-logging-with-ROS2-jazzy/myros2_ws/install/dwb_msgs/bin'
[35.553s] Level 1:colcon.colcon_core.environment:checking '/home/tersoo/autonomous-robot-logging-with-ROS2-jazzy/myros2_ws/install/dwb_msgs/lib/pkgconfig/dwb_msgs.pc'
[35.554s] Level 1:colcon.colcon_core.environment:checking '/home/tersoo/autonomous-robot-logging-with-ROS2-jazzy/myros2_ws/install/dwb_msgs/lib/python3.12/site-packages'
[35.554s] Level 1:colcon.colcon_core.shell:create_environment_hook('dwb_msgs', 'pythonpath')
[35.555s] INFO:colcon.colcon_core.shell:Creating environment hook '/home/tersoo/autonomous-robot-logging-with-ROS2-jazzy/myros2_ws/install/dwb_msgs/share/dwb_msgs/hook/pythonpath.ps1'
[35.556s] INFO:colcon.colcon_core.shell:Creating environment descriptor '/home/tersoo/autonomous-robot-logging-with-ROS2-jazzy/myros2_ws/install/dwb_msgs/share/dwb_msgs/hook/pythonpath.dsv'
[35.556s] INFO:colcon.colcon_core.shell:Creating environment hook '/home/tersoo/autonomous-robot-logging-with-ROS2-jazzy/myros2_ws/install/dwb_msgs/share/dwb_msgs/hook/pythonpath.sh'
[35.558s] Level 1:colcon.colcon_core.environment:checking '/home/tersoo/autonomous-robot-logging-with-ROS2-jazzy/myros2_ws/install/dwb_msgs/bin'
[35.558s] INFO:colcon.colcon_core.shell:Creating package script '/home/tersoo/autonomous-robot-logging-with-ROS2-jazzy/myros2_ws/install/dwb_msgs/share/dwb_msgs/package.ps1'
[35.560s] INFO:colcon.colcon_core.shell:Creating package descriptor '/home/tersoo/autonomous-robot-logging-with-ROS2-jazzy/myros2_ws/install/dwb_msgs/share/dwb_msgs/package.dsv'
[35.561s] INFO:colcon.colcon_core.shell:Creating package script '/home/tersoo/autonomous-robot-logging-with-ROS2-jazzy/myros2_ws/install/dwb_msgs/share/dwb_msgs/package.sh'
[35.562s] INFO:colcon.colcon_core.shell:Creating package script '/home/tersoo/autonomous-robot-logging-with-ROS2-jazzy/myros2_ws/install/dwb_msgs/share/dwb_msgs/package.bash'
[35.563s] INFO:colcon.colcon_core.shell:Creating package script '/home/tersoo/autonomous-robot-logging-with-ROS2-jazzy/myros2_ws/install/dwb_msgs/share/dwb_msgs/package.zsh'
[35.564s] Level 1:colcon.colcon_core.environment:create_file_with_runtime_dependencies(/home/tersoo/autonomous-robot-logging-with-ROS2-jazzy/myros2_ws/install/dwb_msgs/share/colcon-core/packages/dwb_msgs)
[35.565s] Level 1:colcon.colcon_core.environment:create_environment_scripts_only(dwb_msgs)
[35.566s] Level 1:colcon.colcon_core.environment:checking '/home/tersoo/autonomous-robot-logging-with-ROS2-jazzy/myros2_ws/install/dwb_msgs' for CMake module files
[35.568s] Level 1:colcon.colcon_core.environment:checking '/home/tersoo/autonomous-robot-logging-with-ROS2-jazzy/myros2_ws/install/dwb_msgs' for CMake config files
[35.570s] Level 1:colcon.colcon_core.shell:create_environment_hook('dwb_msgs', 'cmake_prefix_path')
[35.571s] INFO:colcon.colcon_core.shell:Creating environment hook '/home/tersoo/autonomous-robot-logging-with-ROS2-jazzy/myros2_ws/install/dwb_msgs/share/dwb_msgs/hook/cmake_prefix_path.ps1'
[35.572s] INFO:colcon.colcon_core.shell:Creating environment descriptor '/home/tersoo/autonomous-robot-logging-with-ROS2-jazzy/myros2_ws/install/dwb_msgs/share/dwb_msgs/hook/cmake_prefix_path.dsv'
[35.573s] INFO:colcon.colcon_core.shell:Creating environment hook '/home/tersoo/autonomous-robot-logging-with-ROS2-jazzy/myros2_ws/install/dwb_msgs/share/dwb_msgs/hook/cmake_prefix_path.sh'
[35.574s] Level 1:colcon.colcon_core.environment:checking '/home/tersoo/autonomous-robot-logging-with-ROS2-jazzy/myros2_ws/install/dwb_msgs/lib'
[35.575s] Level 1:colcon.colcon_core.shell:create_environment_hook('dwb_msgs', 'ld_library_path_lib')
[35.575s] INFO:colcon.colcon_core.shell:Creating environment hook '/home/tersoo/autonomous-robot-logging-with-ROS2-jazzy/myros2_ws/install/dwb_msgs/share/dwb_msgs/hook/ld_library_path_lib.ps1'
[35.576s] INFO:colcon.colcon_core.shell:Creating environment descriptor '/home/tersoo/autonomous-robot-logging-with-ROS2-jazzy/myros2_ws/install/dwb_msgs/share/dwb_msgs/hook/ld_library_path_lib.dsv'
[35.577s] INFO:colcon.colcon_core.shell:Creating environment hook '/home/tersoo/autonomous-robot-logging-with-ROS2-jazzy/myros2_ws/install/dwb_msgs/share/dwb_msgs/hook/ld_library_path_lib.sh'
[35.578s] Level 1:colcon.colcon_core.environment:checking '/home/tersoo/autonomous-robot-logging-with-ROS2-jazzy/myros2_ws/install/dwb_msgs/bin'
[35.578s] Level 1:colcon.colcon_core.environment:checking '/home/tersoo/autonomous-robot-logging-with-ROS2-jazzy/myros2_ws/install/dwb_msgs/lib/pkgconfig/dwb_msgs.pc'
[35.579s] Level 1:colcon.colcon_core.environment:checking '/home/tersoo/autonomous-robot-logging-with-ROS2-jazzy/myros2_ws/install/dwb_msgs/lib/python3.12/site-packages'
[35.579s] Level 1:colcon.colcon_core.shell:create_environment_hook('dwb_msgs', 'pythonpath')
[35.580s] INFO:colcon.colcon_core.shell:Creating environment hook '/home/tersoo/autonomous-robot-logging-with-ROS2-jazzy/myros2_ws/install/dwb_msgs/share/dwb_msgs/hook/pythonpath.ps1'
[35.581s] INFO:colcon.colcon_core.shell:Creating environment descriptor '/home/tersoo/autonomous-robot-logging-with-ROS2-jazzy/myros2_ws/install/dwb_msgs/share/dwb_msgs/hook/pythonpath.dsv'
[35.582s] INFO:colcon.colcon_core.shell:Creating environment hook '/home/tersoo/autonomous-robot-logging-with-ROS2-jazzy/myros2_ws/install/dwb_msgs/share/dwb_msgs/hook/pythonpath.sh'
[35.583s] Level 1:colcon.colcon_core.environment:checking '/home/tersoo/autonomous-robot-logging-with-ROS2-jazzy/myros2_ws/install/dwb_msgs/bin'
[35.584s] INFO:colcon.colcon_core.shell:Creating package script '/home/tersoo/autonomous-robot-logging-with-ROS2-jazzy/myros2_ws/install/dwb_msgs/share/dwb_msgs/package.ps1'
[35.586s] INFO:colcon.colcon_core.shell:Creating package descriptor '/home/tersoo/autonomous-robot-logging-with-ROS2-jazzy/myros2_ws/install/dwb_msgs/share/dwb_msgs/package.dsv'
[35.587s] INFO:colcon.colcon_core.shell:Creating package script '/home/tersoo/autonomous-robot-logging-with-ROS2-jazzy/myros2_ws/install/dwb_msgs/share/dwb_msgs/package.sh'
[35.588s] INFO:colcon.colcon_core.shell:Creating package script '/home/tersoo/autonomous-robot-logging-with-ROS2-jazzy/myros2_ws/install/dwb_msgs/share/dwb_msgs/package.bash'
[35.589s] INFO:colcon.colcon_core.shell:Creating package script '/home/tersoo/autonomous-robot-logging-with-ROS2-jazzy/myros2_ws/install/dwb_msgs/share/dwb_msgs/package.zsh'
[35.589s] Level 1:colcon.colcon_core.environment:create_file_with_runtime_dependencies(/home/tersoo/autonomous-robot-logging-with-ROS2-jazzy/myros2_ws/install/dwb_msgs/share/colcon-core/packages/dwb_msgs)
[84.290s] DEBUG:colcon.colcon_core.event_handler.log_command:Invoked command in '/home/tersoo/autonomous-robot-logging-with-ROS2-jazzy/myros2_ws/build/nav2_msgs' returned '0': AMENT_PREFIX_PATH=/home/tersoo/autonomous-robot-logging-with-ROS2-jazzy/myros2_ws/install/nav2_common:${AMENT_PREFIX_PATH} CMAKE_PREFIX_PATH=/home/tersoo/autonomous-robot-logging-with-ROS2-jazzy/myros2_ws/install/nav2_common:/home/tersoo/autonomous-robot-logging-with-ROS2-jazzy/myros2_ws/install/robot_logging:/opt/ros/jazzy/opt/gz_sim_vendor:/opt/ros/jazzy/opt/gz_sensors_vendor:/opt/ros/jazzy/opt/gz_physics_vendor:/opt/ros/jazzy/opt/sdformat_vendor:/opt/ros/jazzy/opt/gz_gui_vendor:/opt/ros/jazzy/opt/gz_transport_vendor:/opt/ros/jazzy/opt/gz_rendering_vendor:/opt/ros/jazzy/opt/gz_plugin_vendor:/opt/ros/jazzy/opt/gz_fuel_tools_vendor:/opt/ros/jazzy/opt/gz_msgs_vendor:/opt/ros/jazzy/opt/gz_common_vendor:/opt/ros/jazzy/opt/gz_math_vendor:/opt/ros/jazzy/opt/gz_utils_vendor:/opt/ros/jazzy/opt/gz_tools_vendor:/opt/ros/jazzy/opt/gz_ogre_next_vendor:/opt/ros/jazzy/opt/gz_dartsim_vendor:/opt/ros/jazzy/opt/gz_cmake_vendor:/opt/ros/jazzy DEBUGINFOD_URLS=https://debuginfod.ubuntu.com PYTHONPATH=/home/tersoo/autonomous-robot-logging-with-ROS2-jazzy/myros2_ws/install/nav2_common/lib/python3.12/site-packages:${PYTHONPATH} /usr/bin/cmake --build /home/tersoo/autonomous-robot-logging-with-ROS2-jazzy/myros2_ws/build/nav2_msgs -- -j12 -l12
[84.293s] DEBUG:colcon.colcon_core.event_handler.log_command:Invoking command in '/home/tersoo/autonomous-robot-logging-with-ROS2-jazzy/myros2_ws/build/nav2_msgs': AMENT_PREFIX_PATH=/home/tersoo/autonomous-robot-logging-with-ROS2-jazzy/myros2_ws/install/nav2_common:${AMENT_PREFIX_PATH} CMAKE_PREFIX_PATH=/home/tersoo/autonomous-robot-logging-with-ROS2-jazzy/myros2_ws/install/nav2_common:/home/tersoo/autonomous-robot-logging-with-ROS2-jazzy/myros2_ws/install/robot_logging:/opt/ros/jazzy/opt/gz_sim_vendor:/opt/ros/jazzy/opt/gz_sensors_vendor:/opt/ros/jazzy/opt/gz_physics_vendor:/opt/ros/jazzy/opt/sdformat_vendor:/opt/ros/jazzy/opt/gz_gui_vendor:/opt/ros/jazzy/opt/gz_transport_vendor:/opt/ros/jazzy/opt/gz_rendering_vendor:/opt/ros/jazzy/opt/gz_plugin_vendor:/opt/ros/jazzy/opt/gz_fuel_tools_vendor:/opt/ros/jazzy/opt/gz_msgs_vendor:/opt/ros/jazzy/opt/gz_common_vendor:/opt/ros/jazzy/opt/gz_math_vendor:/opt/ros/jazzy/opt/gz_utils_vendor:/opt/ros/jazzy/opt/gz_tools_vendor:/opt/ros/jazzy/opt/gz_ogre_next_vendor:/opt/ros/jazzy/opt/gz_dartsim_vendor:/opt/ros/jazzy/opt/gz_cmake_vendor:/opt/ros/jazzy DEBUGINFOD_URLS=https://debuginfod.ubuntu.com PYTHONPATH=/home/tersoo/autonomous-robot-logging-with-ROS2-jazzy/myros2_ws/install/nav2_common/lib/python3.12/site-packages:${PYTHONPATH} /usr/bin/cmake --install /home/tersoo/autonomous-robot-logging-with-ROS2-jazzy/myros2_ws/build/nav2_msgs
[84.917s] Level 1:colcon.colcon_core.environment:create_environment_scripts_only(nav2_msgs)
[84.918s] Level 1:colcon.colcon_core.environment:checking '/home/tersoo/autonomous-robot-logging-with-ROS2-jazzy/myros2_ws/install/nav2_msgs' for CMake module files
[84.918s] DEBUG:colcon.colcon_core.event_handler.log_command:Invoked command in '/home/tersoo/autonomous-robot-logging-with-ROS2-jazzy/myros2_ws/build/nav2_msgs' returned '0': AMENT_PREFIX_PATH=/home/tersoo/autonomous-robot-logging-with-ROS2-jazzy/myros2_ws/install/nav2_common:${AMENT_PREFIX_PATH} CMAKE_PREFIX_PATH=/home/tersoo/autonomous-robot-logging-with-ROS2-jazzy/myros2_ws/install/nav2_common:/home/tersoo/autonomous-robot-logging-with-ROS2-jazzy/myros2_ws/install/robot_logging:/opt/ros/jazzy/opt/gz_sim_vendor:/opt/ros/jazzy/opt/gz_sensors_vendor:/opt/ros/jazzy/opt/gz_physics_vendor:/opt/ros/jazzy/opt/sdformat_vendor:/opt/ros/jazzy/opt/gz_gui_vendor:/opt/ros/jazzy/opt/gz_transport_vendor:/opt/ros/jazzy/opt/gz_rendering_vendor:/opt/ros/jazzy/opt/gz_plugin_vendor:/opt/ros/jazzy/opt/gz_fuel_tools_vendor:/opt/ros/jazzy/opt/gz_msgs_vendor:/opt/ros/jazzy/opt/gz_common_vendor:/opt/ros/jazzy/opt/gz_math_vendor:/opt/ros/jazzy/opt/gz_utils_vendor:/opt/ros/jazzy/opt/gz_tools_vendor:/opt/ros/jazzy/opt/gz_ogre_next_vendor:/opt/ros/jazzy/opt/gz_dartsim_vendor:/opt/ros/jazzy/opt/gz_cmake_vendor:/opt/ros/jazzy DEBUGINFOD_URLS=https://debuginfod.ubuntu.com PYTHONPATH=/home/tersoo/autonomous-robot-logging-with-ROS2-jazzy/myros2_ws/install/nav2_common/lib/python3.12/site-packages:${PYTHONPATH} /usr/bin/cmake --install /home/tersoo/autonomous-robot-logging-with-ROS2-jazzy/myros2_ws/build/nav2_msgs
[84.920s] Level 1:colcon.colcon_core.environment:checking '/home/tersoo/autonomous-robot-logging-with-ROS2-jazzy/myros2_ws/install/nav2_msgs' for CMake config files
[84.925s] Level 1:colcon.colcon_core.shell:create_environment_hook('nav2_msgs', 'cmake_prefix_path')
[84.925s] INFO:colcon.colcon_core.shell:Creating environment hook '/home/tersoo/autonomous-robot-logging-with-ROS2-jazzy/myros2_ws/install/nav2_msgs/share/nav2_msgs/hook/cmake_prefix_path.ps1'
[84.926s] INFO:colcon.colcon_core.shell:Creating environment descriptor '/home/tersoo/autonomous-robot-logging-with-ROS2-jazzy/myros2_ws/install/nav2_msgs/share/nav2_msgs/hook/cmake_prefix_path.dsv'
[84.927s] INFO:colcon.colcon_core.shell:Creating environment hook '/home/tersoo/autonomous-robot-logging-with-ROS2-jazzy/myros2_ws/install/nav2_msgs/share/nav2_msgs/hook/cmake_prefix_path.sh'
[84.928s] Level 1:colcon.colcon_core.environment:checking '/home/tersoo/autonomous-robot-logging-with-ROS2-jazzy/myros2_ws/install/nav2_msgs/lib'
[84.929s] Level 1:colcon.colcon_core.shell:create_environment_hook('nav2_msgs', 'ld_library_path_lib')
[84.929s] INFO:colcon.colcon_core.shell:Creating environment hook '/home/tersoo/autonomous-robot-logging-with-ROS2-jazzy/myros2_ws/install/nav2_msgs/share/nav2_msgs/hook/ld_library_path_lib.ps1'
[84.930s] INFO:colcon.colcon_core.shell:Creating environment descriptor '/home/tersoo/autonomous-robot-logging-with-ROS2-jazzy/myros2_ws/install/nav2_msgs/share/nav2_msgs/hook/ld_library_path_lib.dsv'
[84.931s] INFO:colcon.colcon_core.shell:Creating environment hook '/home/tersoo/autonomous-robot-logging-with-ROS2-jazzy/myros2_ws/install/nav2_msgs/share/nav2_msgs/hook/ld_library_path_lib.sh'
[84.932s] Level 1:colcon.colcon_core.environment:checking '/home/tersoo/autonomous-robot-logging-with-ROS2-jazzy/myros2_ws/install/nav2_msgs/bin'
[84.932s] Level 1:colcon.colcon_core.environment:checking '/home/tersoo/autonomous-robot-logging-with-ROS2-jazzy/myros2_ws/install/nav2_msgs/lib/pkgconfig/nav2_msgs.pc'
[84.933s] Level 1:colcon.colcon_core.environment:checking '/home/tersoo/autonomous-robot-logging-with-ROS2-jazzy/myros2_ws/install/nav2_msgs/lib/python3.12/site-packages'
[84.933s] Level 1:colcon.colcon_core.shell:create_environment_hook('nav2_msgs', 'pythonpath')
[84.933s] INFO:colcon.colcon_core.shell:Creating environment hook '/home/tersoo/autonomous-robot-logging-with-ROS2-jazzy/myros2_ws/install/nav2_msgs/share/nav2_msgs/hook/pythonpath.ps1'
[84.934s] INFO:colcon.colcon_core.shell:Creating environment descriptor '/home/tersoo/autonomous-robot-logging-with-ROS2-jazzy/myros2_ws/install/nav2_msgs/share/nav2_msgs/hook/pythonpath.dsv'
[84.935s] INFO:colcon.colcon_core.shell:Creating environment hook '/home/tersoo/autonomous-robot-logging-with-ROS2-jazzy/myros2_ws/install/nav2_msgs/share/nav2_msgs/hook/pythonpath.sh'
[84.936s] Level 1:colcon.colcon_core.environment:checking '/home/tersoo/autonomous-robot-logging-with-ROS2-jazzy/myros2_ws/install/nav2_msgs/bin'
[84.937s] INFO:colcon.colcon_core.shell:Creating package script '/home/tersoo/autonomous-robot-logging-with-ROS2-jazzy/myros2_ws/install/nav2_msgs/share/nav2_msgs/package.ps1'
[84.938s] INFO:colcon.colcon_core.shell:Creating package descriptor '/home/tersoo/autonomous-robot-logging-with-ROS2-jazzy/myros2_ws/install/nav2_msgs/share/nav2_msgs/package.dsv'
[84.939s] INFO:colcon.colcon_core.shell:Creating package script '/home/tersoo/autonomous-robot-logging-with-ROS2-jazzy/myros2_ws/install/nav2_msgs/share/nav2_msgs/package.sh'
[84.941s] INFO:colcon.colcon_core.shell:Creating package script '/home/tersoo/autonomous-robot-logging-with-ROS2-jazzy/myros2_ws/install/nav2_msgs/share/nav2_msgs/package.bash'
[84.941s] INFO:colcon.colcon_core.shell:Creating package script '/home/tersoo/autonomous-robot-logging-with-ROS2-jazzy/myros2_ws/install/nav2_msgs/share/nav2_msgs/package.zsh'
[84.942s] Level 1:colcon.colcon_core.environment:create_file_with_runtime_dependencies(/home/tersoo/autonomous-robot-logging-with-ROS2-jazzy/myros2_ws/install/nav2_msgs/share/colcon-core/packages/nav2_msgs)
[84.944s] Level 1:colcon.colcon_core.environment:create_environment_scripts_only(nav2_msgs)
[84.944s] Level 1:colcon.colcon_core.environment:checking '/home/tersoo/autonomous-robot-logging-with-ROS2-jazzy/myros2_ws/install/nav2_msgs' for CMake module files
[84.946s] Level 1:colcon.colcon_core.environment:checking '/home/tersoo/autonomous-robot-logging-with-ROS2-jazzy/myros2_ws/install/nav2_msgs' for CMake config files
[84.950s] Level 1:colcon.colcon_core.shell:create_environment_hook('nav2_msgs', 'cmake_prefix_path')
[84.951s] INFO:colcon.colcon_core.shell:Creating environment hook '/home/tersoo/autonomous-robot-logging-with-ROS2-jazzy/myros2_ws/install/nav2_msgs/share/nav2_msgs/hook/cmake_prefix_path.ps1'
[84.952s] INFO:colcon.colcon_core.shell:Creating environment descriptor '/home/tersoo/autonomous-robot-logging-with-ROS2-jazzy/myros2_ws/install/nav2_msgs/share/nav2_msgs/hook/cmake_prefix_path.dsv'
[84.953s] INFO:colcon.colcon_core.shell:Creating environment hook '/home/tersoo/autonomous-robot-logging-with-ROS2-jazzy/myros2_ws/install/nav2_msgs/share/nav2_msgs/hook/cmake_prefix_path.sh'
[84.954s] Level 1:colcon.colcon_core.environment:checking '/home/tersoo/autonomous-robot-logging-with-ROS2-jazzy/myros2_ws/install/nav2_msgs/lib'
[84.954s] Level 1:colcon.colcon_core.shell:create_environment_hook('nav2_msgs', 'ld_library_path_lib')
[84.955s] INFO:colcon.colcon_core.shell:Creating environment hook '/home/tersoo/autonomous-robot-logging-with-ROS2-jazzy/myros2_ws/install/nav2_msgs/share/nav2_msgs/hook/ld_library_path_lib.ps1'
[84.956s] INFO:colcon.colcon_core.shell:Creating environment descriptor '/home/tersoo/autonomous-robot-logging-with-ROS2-jazzy/myros2_ws/install/nav2_msgs/share/nav2_msgs/hook/ld_library_path_lib.dsv'
[84.956s] INFO:colcon.colcon_core.shell:Creating environment hook '/home/tersoo/autonomous-robot-logging-with-ROS2-jazzy/myros2_ws/install/nav2_msgs/share/nav2_msgs/hook/ld_library_path_lib.sh'
[84.957s] Level 1:colcon.colcon_core.environment:checking '/home/tersoo/autonomous-robot-logging-with-ROS2-jazzy/myros2_ws/install/nav2_msgs/bin'
[84.958s] Level 1:colcon.colcon_core.environment:checking '/home/tersoo/autonomous-robot-logging-with-ROS2-jazzy/myros2_ws/install/nav2_msgs/lib/pkgconfig/nav2_msgs.pc'
[84.958s] Level 1:colcon.colcon_core.environment:checking '/home/tersoo/autonomous-robot-logging-with-ROS2-jazzy/myros2_ws/install/nav2_msgs/lib/python3.12/site-packages'
[84.959s] Level 1:colcon.colcon_core.shell:create_environment_hook('nav2_msgs', 'pythonpath')
[84.959s] INFO:colcon.colcon_core.shell:Creating environment hook '/home/tersoo/autonomous-robot-logging-with-ROS2-jazzy/myros2_ws/install/nav2_msgs/share/nav2_msgs/hook/pythonpath.ps1'
[84.960s] INFO:colcon.colcon_core.shell:Creating environment descriptor '/home/tersoo/autonomous-robot-logging-with-ROS2-jazzy/myros2_ws/install/nav2_msgs/share/nav2_msgs/hook/pythonpath.dsv'
[84.961s] INFO:colcon.colcon_core.shell:Creating environment hook '/home/tersoo/autonomous-robot-logging-with-ROS2-jazzy/myros2_ws/install/nav2_msgs/share/nav2_msgs/hook/pythonpath.sh'
[84.962s] Level 1:colcon.colcon_core.environment:checking '/home/tersoo/autonomous-robot-logging-with-ROS2-jazzy/myros2_ws/install/nav2_msgs/bin'
[84.963s] INFO:colcon.colcon_core.shell:Creating package script '/home/tersoo/autonomous-robot-logging-with-ROS2-jazzy/myros2_ws/install/nav2_msgs/share/nav2_msgs/package.ps1'
[84.964s] INFO:colcon.colcon_core.shell:Creating package descriptor '/home/tersoo/autonomous-robot-logging-with-ROS2-jazzy/myros2_ws/install/nav2_msgs/share/nav2_msgs/package.dsv'
[84.966s] INFO:colcon.colcon_core.shell:Creating package script '/home/tersoo/autonomous-robot-logging-with-ROS2-jazzy/myros2_ws/install/nav2_msgs/share/nav2_msgs/package.sh'
[84.967s] INFO:colcon.colcon_core.shell:Creating package script '/home/tersoo/autonomous-robot-logging-with-ROS2-jazzy/myros2_ws/install/nav2_msgs/share/nav2_msgs/package.bash'
[84.967s] INFO:colcon.colcon_core.shell:Creating package script '/home/tersoo/autonomous-robot-logging-with-ROS2-jazzy/myros2_ws/install/nav2_msgs/share/nav2_msgs/package.zsh'
[84.968s] Level 1:colcon.colcon_core.environment:create_file_with_runtime_dependencies(/home/tersoo/autonomous-robot-logging-with-ROS2-jazzy/myros2_ws/install/nav2_msgs/share/colcon-core/packages/nav2_msgs)
[84.969s] INFO:colcon.colcon_ros.task.ament_cmake.build:Building ROS package in '/home/tersoo/autonomous-robot-logging-with-ROS2-jazzy/myros2_ws/src/navigation2/nav2_util' with build type 'ament_cmake'
[84.969s] INFO:colcon.colcon_cmake.task.cmake.build:Building CMake package in '/home/tersoo/autonomous-robot-logging-with-ROS2-jazzy/myros2_ws/src/navigation2/nav2_util'
[84.969s] INFO:colcon.colcon_core.shell:Skip shell extension 'powershell' for command environment: Not usable outside of PowerShell
[84.969s] DEBUG:colcon.colcon_core.shell:Skip shell extension 'dsv' for command environment
[84.975s] INFO:colcon.colcon_ros.task.ament_python.build:Building ROS package in '/home/tersoo/autonomous-robot-logging-with-ROS2-jazzy/myros2_ws/src/navigation2/nav2_simple_commander' with build type 'ament_python'
[84.975s] Level 1:colcon.colcon_core.shell:create_environment_hook('nav2_simple_commander', 'ament_prefix_path')
[84.975s] INFO:colcon.colcon_core.shell:Creating environment hook '/home/tersoo/autonomous-robot-logging-with-ROS2-jazzy/myros2_ws/install/nav2_simple_commander/share/nav2_simple_commander/hook/ament_prefix_path.ps1'
[84.976s] INFO:colcon.colcon_core.shell:Creating environment descriptor '/home/tersoo/autonomous-robot-logging-with-ROS2-jazzy/myros2_ws/install/nav2_simple_commander/share/nav2_simple_commander/hook/ament_prefix_path.dsv'
[84.976s] INFO:colcon.colcon_core.shell:Creating environment hook '/home/tersoo/autonomous-robot-logging-with-ROS2-jazzy/myros2_ws/install/nav2_simple_commander/share/nav2_simple_commander/hook/ament_prefix_path.sh'
[84.976s] INFO:colcon.colcon_core.shell:Skip shell extension 'powershell' for command environment: Not usable outside of PowerShell
[84.977s] DEBUG:colcon.colcon_core.shell:Skip shell extension 'dsv' for command environment
[84.995s] DEBUG:colcon.colcon_core.event_handler.log_command:Invoking command in '/home/tersoo/autonomous-robot-logging-with-ROS2-jazzy/myros2_ws/build/nav2_util': AMENT_PREFIX_PATH=/home/tersoo/autonomous-robot-logging-with-ROS2-jazzy/myros2_ws/install/nav2_msgs:/home/tersoo/autonomous-robot-logging-with-ROS2-jazzy/myros2_ws/install/nav2_common:${AMENT_PREFIX_PATH} CMAKE_PREFIX_PATH=/home/tersoo/autonomous-robot-logging-with-ROS2-jazzy/myros2_ws/install/nav2_msgs:/home/tersoo/autonomous-robot-logging-with-ROS2-jazzy/myros2_ws/install/nav2_common:/home/tersoo/autonomous-robot-logging-with-ROS2-jazzy/myros2_ws/install/robot_logging:/opt/ros/jazzy/opt/gz_sim_vendor:/opt/ros/jazzy/opt/gz_sensors_vendor:/opt/ros/jazzy/opt/gz_physics_vendor:/opt/ros/jazzy/opt/sdformat_vendor:/opt/ros/jazzy/opt/gz_gui_vendor:/opt/ros/jazzy/opt/gz_transport_vendor:/opt/ros/jazzy/opt/gz_rendering_vendor:/opt/ros/jazzy/opt/gz_plugin_vendor:/opt/ros/jazzy/opt/gz_fuel_tools_vendor:/opt/ros/jazzy/opt/gz_msgs_vendor:/opt/ros/jazzy/opt/gz_common_vendor:/opt/ros/jazzy/opt/gz_math_vendor:/opt/ros/jazzy/opt/gz_utils_vendor:/opt/ros/jazzy/opt/gz_tools_vendor:/opt/ros/jazzy/opt/gz_ogre_next_vendor:/opt/ros/jazzy/opt/gz_dartsim_vendor:/opt/ros/jazzy/opt/gz_cmake_vendor:/opt/ros/jazzy DEBUGINFOD_URLS=https://debuginfod.ubuntu.com LD_LIBRARY_PATH=/home/tersoo/autonomous-robot-logging-with-ROS2-jazzy/myros2_ws/install/nav2_msgs/lib:${LD_LIBRARY_PATH} PYTHONPATH=/home/tersoo/autonomous-robot-logging-with-ROS2-jazzy/myros2_ws/install/nav2_msgs/lib/python3.12/site-packages:/home/tersoo/autonomous-robot-logging-with-ROS2-jazzy/myros2_ws/install/nav2_common/lib/python3.12/site-packages:${PYTHONPATH} /usr/bin/cmake /home/tersoo/autonomous-robot-logging-with-ROS2-jazzy/myros2_ws/src/navigation2/nav2_util -DCMAKE_INSTALL_PREFIX=/home/tersoo/autonomous-robot-logging-with-ROS2-jazzy/myros2_ws/install/nav2_util
[85.395s] INFO:colcon.colcon_core.task.python.build:Building Python package in '/home/tersoo/autonomous-robot-logging-with-ROS2-jazzy/myros2_ws/src/navigation2/nav2_simple_commander'
[85.395s] INFO:colcon.colcon_core.shell:Skip shell extension 'powershell' for command environment: Not usable outside of PowerShell
[85.395s] DEBUG:colcon.colcon_core.shell:Skip shell extension 'dsv' for command environment
[86.182s] DEBUG:colcon.colcon_core.event_handler.log_command:Invoking command in '/home/tersoo/autonomous-robot-logging-with-ROS2-jazzy/myros2_ws/src/navigation2/nav2_simple_commander': AMENT_PREFIX_PATH=/home/tersoo/autonomous-robot-logging-with-ROS2-jazzy/myros2_ws/install/nav2_msgs:/home/tersoo/autonomous-robot-logging-with-ROS2-jazzy/myros2_ws/install/nav2_common:${AMENT_PREFIX_PATH} CMAKE_PREFIX_PATH=/home/tersoo/autonomous-robot-logging-with-ROS2-jazzy/myros2_ws/install/nav2_msgs:/home/tersoo/autonomous-robot-logging-with-ROS2-jazzy/myros2_ws/install/nav2_common:${CMAKE_PREFIX_PATH} DEBUGINFOD_URLS=https://debuginfod.ubuntu.com LD_LIBRARY_PATH=/home/tersoo/autonomous-robot-logging-with-ROS2-jazzy/myros2_ws/install/nav2_msgs/lib:${LD_LIBRARY_PATH} PYTHONPATH=/home/tersoo/autonomous-robot-logging-with-ROS2-jazzy/myros2_ws/build/nav2_simple_commander/prefix_override:/usr/lib/python3/dist-packages/colcon_core/task/python/colcon_distutils_commands:/home/tersoo/autonomous-robot-logging-with-ROS2-jazzy/myros2_ws/install/nav2_simple_commander/lib/python3.12/site-packages:/home/tersoo/autonomous-robot-logging-with-ROS2-jazzy/myros2_ws/install/nav2_msgs/lib/python3.12/site-packages:/home/tersoo/autonomous-robot-logging-with-ROS2-jazzy/myros2_ws/install/nav2_common/lib/python3.12/site-packages:${PYTHONPATH} /usr/bin/python3 -W ignore:setup.py install is deprecated -W ignore:easy_install command is deprecated setup.py egg_info --egg-base ../../../build/nav2_simple_commander build --build-base /home/tersoo/autonomous-robot-logging-with-ROS2-jazzy/myros2_ws/build/nav2_simple_commander/build install --record /home/tersoo/autonomous-robot-logging-with-ROS2-jazzy/myros2_ws/build/nav2_simple_commander/install.log --single-version-externally-managed install_data
[88.222s] Level 1:colcon.colcon_core.environment:checking '/home/tersoo/autonomous-robot-logging-with-ROS2-jazzy/myros2_ws/install/nav2_simple_commander' for CMake module files
[88.223s] DEBUG:colcon.colcon_core.event_handler.log_command:Invoked command in '/home/tersoo/autonomous-robot-logging-with-ROS2-jazzy/myros2_ws/src/navigation2/nav2_simple_commander' returned '0': AMENT_PREFIX_PATH=/home/tersoo/autonomous-robot-logging-with-ROS2-jazzy/myros2_ws/install/nav2_msgs:/home/tersoo/autonomous-robot-logging-with-ROS2-jazzy/myros2_ws/install/nav2_common:${AMENT_PREFIX_PATH} CMAKE_PREFIX_PATH=/home/tersoo/autonomous-robot-logging-with-ROS2-jazzy/myros2_ws/install/nav2_msgs:/home/tersoo/autonomous-robot-logging-with-ROS2-jazzy/myros2_ws/install/nav2_common:${CMAKE_PREFIX_PATH} DEBUGINFOD_URLS=https://debuginfod.ubuntu.com LD_LIBRARY_PATH=/home/tersoo/autonomous-robot-logging-with-ROS2-jazzy/myros2_ws/install/nav2_msgs/lib:${LD_LIBRARY_PATH} PYTHONPATH=/home/tersoo/autonomous-robot-logging-with-ROS2-jazzy/myros2_ws/build/nav2_simple_commander/prefix_override:/usr/lib/python3/dist-packages/colcon_core/task/python/colcon_distutils_commands:/home/tersoo/autonomous-robot-logging-with-ROS2-jazzy/myros2_ws/install/nav2_simple_commander/lib/python3.12/site-packages:/home/tersoo/autonomous-robot-logging-with-ROS2-jazzy/myros2_ws/install/nav2_msgs/lib/python3.12/site-packages:/home/tersoo/autonomous-robot-logging-with-ROS2-jazzy/myros2_ws/install/nav2_common/lib/python3.12/site-packages:${PYTHONPATH} /usr/bin/python3 -W ignore:setup.py install is deprecated -W ignore:easy_install command is deprecated setup.py egg_info --egg-base ../../../build/nav2_simple_commander build --build-base /home/tersoo/autonomous-robot-logging-with-ROS2-jazzy/myros2_ws/build/nav2_simple_commander/build install --record /home/tersoo/autonomous-robot-logging-with-ROS2-jazzy/myros2_ws/build/nav2_simple_commander/install.log --single-version-externally-managed install_data
[88.224s] Level 1:colcon.colcon_core.environment:checking '/home/tersoo/autonomous-robot-logging-with-ROS2-jazzy/myros2_ws/install/nav2_simple_commander' for CMake config files
[88.224s] Level 1:colcon.colcon_core.environment:checking '/home/tersoo/autonomous-robot-logging-with-ROS2-jazzy/myros2_ws/install/nav2_simple_commander/lib'
[88.224s] Level 1:colcon.colcon_core.environment:checking '/home/tersoo/autonomous-robot-logging-with-ROS2-jazzy/myros2_ws/install/nav2_simple_commander/bin'
[88.225s] Level 1:colcon.colcon_core.environment:checking '/home/tersoo/autonomous-robot-logging-with-ROS2-jazzy/myros2_ws/install/nav2_simple_commander/lib/pkgconfig/nav2_simple_commander.pc'
[88.225s] Level 1:colcon.colcon_core.environment:checking '/home/tersoo/autonomous-robot-logging-with-ROS2-jazzy/myros2_ws/install/nav2_simple_commander/lib/python3.12/site-packages'
[88.225s] Level 1:colcon.colcon_core.shell:create_environment_hook('nav2_simple_commander', 'pythonpath')
[88.225s] INFO:colcon.colcon_core.shell:Creating environment hook '/home/tersoo/autonomous-robot-logging-with-ROS2-jazzy/myros2_ws/install/nav2_simple_commander/share/nav2_simple_commander/hook/pythonpath.ps1'
[88.226s] INFO:colcon.colcon_core.shell:Creating environment descriptor '/home/tersoo/autonomous-robot-logging-with-ROS2-jazzy/myros2_ws/install/nav2_simple_commander/share/nav2_simple_commander/hook/pythonpath.dsv'
[88.226s] INFO:colcon.colcon_core.shell:Creating environment hook '/home/tersoo/autonomous-robot-logging-with-ROS2-jazzy/myros2_ws/install/nav2_simple_commander/share/nav2_simple_commander/hook/pythonpath.sh'
[88.227s] Level 1:colcon.colcon_core.environment:checking '/home/tersoo/autonomous-robot-logging-with-ROS2-jazzy/myros2_ws/install/nav2_simple_commander/bin'
[88.227s] Level 1:colcon.colcon_core.environment:create_environment_scripts_only(nav2_simple_commander)
[88.227s] INFO:colcon.colcon_core.shell:Creating package script '/home/tersoo/autonomous-robot-logging-with-ROS2-jazzy/myros2_ws/install/nav2_simple_commander/share/nav2_simple_commander/package.ps1'
[88.228s] INFO:colcon.colcon_core.shell:Creating package descriptor '/home/tersoo/autonomous-robot-logging-with-ROS2-jazzy/myros2_ws/install/nav2_simple_commander/share/nav2_simple_commander/package.dsv'
[88.228s] INFO:colcon.colcon_core.shell:Creating package script '/home/tersoo/autonomous-robot-logging-with-ROS2-jazzy/myros2_ws/install/nav2_simple_commander/share/nav2_simple_commander/package.sh'
[88.229s] INFO:colcon.colcon_core.shell:Creating package script '/home/tersoo/autonomous-robot-logging-with-ROS2-jazzy/myros2_ws/install/nav2_simple_commander/share/nav2_simple_commander/package.bash'
[88.229s] INFO:colcon.colcon_core.shell:Creating package script '/home/tersoo/autonomous-robot-logging-with-ROS2-jazzy/myros2_ws/install/nav2_simple_commander/share/nav2_simple_commander/package.zsh'
[88.229s] Level 1:colcon.colcon_core.environment:create_file_with_runtime_dependencies(/home/tersoo/autonomous-robot-logging-with-ROS2-jazzy/myros2_ws/install/nav2_simple_commander/share/colcon-core/packages/nav2_simple_commander)
[89.825s] DEBUG:colcon.colcon_core.event_handler.log_command:Invoked command in '/home/tersoo/autonomous-robot-logging-with-ROS2-jazzy/myros2_ws/build/nav2_util' returned '1': AMENT_PREFIX_PATH=/home/tersoo/autonomous-robot-logging-with-ROS2-jazzy/myros2_ws/install/nav2_msgs:/home/tersoo/autonomous-robot-logging-with-ROS2-jazzy/myros2_ws/install/nav2_common:${AMENT_PREFIX_PATH} CMAKE_PREFIX_PATH=/home/tersoo/autonomous-robot-logging-with-ROS2-jazzy/myros2_ws/install/nav2_msgs:/home/tersoo/autonomous-robot-logging-with-ROS2-jazzy/myros2_ws/install/nav2_common:/home/tersoo/autonomous-robot-logging-with-ROS2-jazzy/myros2_ws/install/robot_logging:/opt/ros/jazzy/opt/gz_sim_vendor:/opt/ros/jazzy/opt/gz_sensors_vendor:/opt/ros/jazzy/opt/gz_physics_vendor:/opt/ros/jazzy/opt/sdformat_vendor:/opt/ros/jazzy/opt/gz_gui_vendor:/opt/ros/jazzy/opt/gz_transport_vendor:/opt/ros/jazzy/opt/gz_rendering_vendor:/opt/ros/jazzy/opt/gz_plugin_vendor:/opt/ros/jazzy/opt/gz_fuel_tools_vendor:/opt/ros/jazzy/opt/gz_msgs_vendor:/opt/ros/jazzy/opt/gz_common_vendor:/opt/ros/jazzy/opt/gz_math_vendor:/opt/ros/jazzy/opt/gz_utils_vendor:/opt/ros/jazzy/opt/gz_tools_vendor:/opt/ros/jazzy/opt/gz_ogre_next_vendor:/opt/ros/jazzy/opt/gz_dartsim_vendor:/opt/ros/jazzy/opt/gz_cmake_vendor:/opt/ros/jazzy DEBUGINFOD_URLS=https://debuginfod.ubuntu.com LD_LIBRARY_PATH=/home/tersoo/autonomous-robot-logging-with-ROS2-jazzy/myros2_ws/install/nav2_msgs/lib:${LD_LIBRARY_PATH} PYTHONPATH=/home/tersoo/autonomous-robot-logging-with-ROS2-jazzy/myros2_ws/install/nav2_msgs/lib/python3.12/site-packages:/home/tersoo/autonomous-robot-logging-with-ROS2-jazzy/myros2_ws/install/nav2_common/lib/python3.12/site-packages:${PYTHONPATH} /usr/bin/cmake /home/tersoo/autonomous-robot-logging-with-ROS2-jazzy/myros2_ws/src/navigation2/nav2_util -DCMAKE_INSTALL_PREFIX=/home/tersoo/autonomous-robot-logging-with-ROS2-jazzy/myros2_ws/install/nav2_util
[89.855s] Level 1:colcon.colcon_core.environment:create_environment_scripts_only(nav2_util)
[89.855s] Level 1:colcon.colcon_core.environment:checking '/home/tersoo/autonomous-robot-logging-with-ROS2-jazzy/myros2_ws/install/nav2_util' for CMake module files
[89.856s] Level 1:colcon.colcon_core.environment:checking '/home/tersoo/autonomous-robot-logging-with-ROS2-jazzy/myros2_ws/install/nav2_util' for CMake config files
[89.857s] Level 1:colcon.colcon_core.environment:checking '/home/tersoo/autonomous-robot-logging-with-ROS2-jazzy/myros2_ws/install/nav2_util/bin'
[89.857s] Level 1:colcon.colcon_core.environment:checking '/home/tersoo/autonomous-robot-logging-with-ROS2-jazzy/myros2_ws/install/nav2_util/lib/pkgconfig/nav2_util.pc'
[89.857s] Level 1:colcon.colcon_core.environment:checking '/home/tersoo/autonomous-robot-logging-with-ROS2-jazzy/myros2_ws/install/nav2_util/lib/python3.12/site-packages'
[89.858s] Level 1:colcon.colcon_core.environment:checking '/home/tersoo/autonomous-robot-logging-with-ROS2-jazzy/myros2_ws/install/nav2_util/bin'
[89.858s] INFO:colcon.colcon_core.shell:Creating package script '/home/tersoo/autonomous-robot-logging-with-ROS2-jazzy/myros2_ws/install/nav2_util/share/nav2_util/package.ps1'
[89.860s] INFO:colcon.colcon_core.shell:Creating package descriptor '/home/tersoo/autonomous-robot-logging-with-ROS2-jazzy/myros2_ws/install/nav2_util/share/nav2_util/package.dsv'
[89.860s] INFO:colcon.colcon_core.shell:Creating package script '/home/tersoo/autonomous-robot-logging-with-ROS2-jazzy/myros2_ws/install/nav2_util/share/nav2_util/package.sh'
[89.861s] INFO:colcon.colcon_core.shell:Creating package script '/home/tersoo/autonomous-robot-logging-with-ROS2-jazzy/myros2_ws/install/nav2_util/share/nav2_util/package.bash'
[89.862s] INFO:colcon.colcon_core.shell:Creating package script '/home/tersoo/autonomous-robot-logging-with-ROS2-jazzy/myros2_ws/install/nav2_util/share/nav2_util/package.zsh'
[89.863s] Level 1:colcon.colcon_core.environment:create_file_with_runtime_dependencies(/home/tersoo/autonomous-robot-logging-with-ROS2-jazzy/myros2_ws/install/nav2_util/share/colcon-core/packages/nav2_util)
[89.874s] DEBUG:colcon.colcon_parallel_executor.executor.parallel:closing loop
[89.874s] DEBUG:colcon.colcon_parallel_executor.executor.parallel:loop closed
[89.874s] DEBUG:colcon.colcon_parallel_executor.executor.parallel:run_until_complete finished with '1'
[89.874s] DEBUG:colcon.colcon_core.event_reactor:joining thread
[89.891s] INFO:colcon.colcon_core.plugin_system:Skipping extension 'colcon_notification.desktop_notification.terminal_notifier': Not used on non-Darwin systems
[89.891s] INFO:colcon.colcon_core.plugin_system:Skipping extension 'colcon_notification.desktop_notification.win32': Not used on non-Windows systems
[89.891s] INFO:colcon.colcon_notification.desktop_notification:Sending desktop notification using 'notify2'
[89.925s] DEBUG:colcon.colcon_core.event_reactor:joined thread
[89.926s] INFO:colcon.colcon_core.shell:Creating prefix script '/home/tersoo/autonomous-robot-logging-with-ROS2-jazzy/myros2_ws/install/local_setup.ps1'
[89.928s] INFO:colcon.colcon_core.shell:Creating prefix util module '/home/tersoo/autonomous-robot-logging-with-ROS2-jazzy/myros2_ws/install/_local_setup_util_ps1.py'
[89.931s] INFO:colcon.colcon_core.shell:Creating prefix chain script '/home/tersoo/autonomous-robot-logging-with-ROS2-jazzy/myros2_ws/install/setup.ps1'
[89.933s] INFO:colcon.colcon_core.shell:Creating prefix script '/home/tersoo/autonomous-robot-logging-with-ROS2-jazzy/myros2_ws/install/local_setup.sh'
[89.934s] INFO:colcon.colcon_core.shell:Creating prefix util module '/home/tersoo/autonomous-robot-logging-with-ROS2-jazzy/myros2_ws/install/_local_setup_util_sh.py'
[89.935s] INFO:colcon.colcon_core.shell:Creating prefix chain script '/home/tersoo/autonomous-robot-logging-with-ROS2-jazzy/myros2_ws/install/setup.sh'
[89.938s] INFO:colcon.colcon_core.shell:Creating prefix script '/home/tersoo/autonomous-robot-logging-with-ROS2-jazzy/myros2_ws/install/local_setup.bash'
[89.939s] INFO:colcon.colcon_core.shell:Creating prefix chain script '/home/tersoo/autonomous-robot-logging-with-ROS2-jazzy/myros2_ws/install/setup.bash'
[89.941s] INFO:colcon.colcon_core.shell:Creating prefix script '/home/tersoo/autonomous-robot-logging-with-ROS2-jazzy/myros2_ws/install/local_setup.zsh'
[89.942s] INFO:colcon.colcon_core.shell:Creating prefix chain script '/home/tersoo/autonomous-robot-logging-with-ROS2-jazzy/myros2_ws/install/setup.zsh'
