[0.129s] DEBUG:colcon:Command line arguments: ['/usr/bin/colcon', 'build', '--packages-select', 'waypoint_runner']
[0.129s] DEBUG:colcon:Parsed command line arguments: Namespace(log_base=None, log_level=None, verb_name='build', build_base='build', install_base='install', merge_install=False, symlink_install=False, test_result_base=None, continue_on_error=False, executor='parallel', parallel_workers=12, event_handlers=None, ignore_user_meta=False, metas=['./colcon.meta'], base_paths=['.'], packages_ignore=None, packages_ignore_regex=None, paths=None, packages_up_to=None, packages_up_to_regex=None, packages_above=None, packages_above_and_dependencies=None, packages_above_depth=None, packages_select_by_dep=None, packages_skip_by_dep=None, packages_skip_up_to=None, packages_select_build_failed=False, packages_skip_build_finished=False, packages_select_test_failures=False, packages_skip_test_passed=False, packages_select=['waypoint_runner'], packages_skip=None, packages_select_regex=None, packages_skip_regex=None, packages_start=None, packages_end=None, allow_overriding=[], cmake_args=None, cmake_target=None, cmake_target_skip_unavailable=False, cmake_clean_cache=False, cmake_clean_first=False, cmake_force_configure=False, ament_cmake_args=None, catkin_cmake_args=None, catkin_skip_building_tests=False, mixin_files=None, mixin=None, verb_parser=<colcon_mixin.mixin.mixin_argument.MixinArgumentDecorator object at 0x74895d29a240>, verb_extension=<colcon_core.verb.build.BuildVerb object at 0x74895d299f10>, main=<bound method BuildVerb.main of <colcon_core.verb.build.BuildVerb object at 0x74895d299f10>>, mixin_verb=('build',))
[0.173s] Level 1:colcon.colcon_core.package_discovery:discover_packages(colcon_meta) check parameters
[0.174s] Level 1:colcon.colcon_core.package_discovery:discover_packages(recursive) check parameters
[0.174s] Level 1:colcon.colcon_core.package_discovery:discover_packages(ignore) check parameters
[0.174s] Level 1:colcon.colcon_core.package_discovery:discover_packages(path) check parameters
[0.174s] Level 1:colcon.colcon_core.package_discovery:discover_packages(colcon_meta) discover
[0.174s] Level 1:colcon.colcon_core.package_discovery:discover_packages(recursive) discover
[0.174s] INFO:colcon.colcon_core.package_discovery:Crawling recursively for packages in '/home/tersoo/autonomous-robot-logging-with-ROS2-jazzy'
[0.174s] Level 1:colcon.colcon_core.package_identification:_identify(.) by extensions ['ignore', 'ignore_ament_install']
[0.174s] Level 1:colcon.colcon_core.package_identification:_identify(.) by extension 'ignore'
[0.174s] Level 1:colcon.colcon_core.package_identification:_identify(.) by extension 'ignore_ament_install'
[0.174s] Level 1:colcon.colcon_core.package_identification:_identify(.) by extensions ['colcon_pkg']
[0.174s] Level 1:colcon.colcon_core.package_identification:_identify(.) by extension 'colcon_pkg'
[0.175s] Level 1:colcon.colcon_core.package_identification:_identify(.) by extensions ['colcon_meta']
[0.175s] Level 1:colcon.colcon_core.package_identification:_identify(.) by extension 'colcon_meta'
[0.175s] Level 1:colcon.colcon_core.package_identification:_identify(.) by extensions ['ros']
[0.175s] Level 1:colcon.colcon_core.package_identification:_identify(.) by extension 'ros'
[0.203s] Level 1:colcon.colcon_core.package_identification:_identify(.) by extensions ['cmake', 'python']
[0.203s] Level 1:colcon.colcon_core.package_identification:_identify(.) by extension 'cmake'
[0.203s] Level 1:colcon.colcon_core.package_identification:_identify(.) by extension 'python'
[0.203s] Level 1:colcon.colcon_core.package_identification:_identify(.) by extensions ['python_setup_py']
[0.203s] Level 1:colcon.colcon_core.package_identification:_identify(.) by extension 'python_setup_py'
[0.204s] Level 1:colcon.colcon_core.package_identification:_identify(build) by extensions ['ignore', 'ignore_ament_install']
[0.204s] Level 1:colcon.colcon_core.package_identification:_identify(build) by extension 'ignore'
[0.204s] Level 1:colcon.colcon_core.package_identification:_identify(build) ignored
[0.204s] Level 1:colcon.colcon_core.package_identification:_identify(install) by extensions ['ignore', 'ignore_ament_install']
[0.204s] Level 1:colcon.colcon_core.package_identification:_identify(install) by extension 'ignore'
[0.204s] Level 1:colcon.colcon_core.package_identification:_identify(install) ignored
[0.204s] Level 1:colcon.colcon_core.package_identification:_identify(log) by extensions ['ignore', 'ignore_ament_install']
[0.204s] Level 1:colcon.colcon_core.package_identification:_identify(log) by extension 'ignore'
[0.204s] Level 1:colcon.colcon_core.package_identification:_identify(log) ignored
[0.204s] Level 1:colcon.colcon_core.package_identification:_identify(myenv) by extensions ['ignore', 'ignore_ament_install']
[0.205s] Level 1:colcon.colcon_core.package_identification:_identify(myenv) by extension 'ignore'
[0.205s] Level 1:colcon.colcon_core.package_identification:_identify(myenv) by extension 'ignore_ament_install'
[0.205s] Level 1:colcon.colcon_core.package_identification:_identify(myenv) by extensions ['colcon_pkg']
[0.205s] Level 1:colcon.colcon_core.package_identification:_identify(myenv) by extension 'colcon_pkg'
[0.205s] Level 1:colcon.colcon_core.package_identification:_identify(myenv) by extensions ['colcon_meta']
[0.205s] Level 1:colcon.colcon_core.package_identification:_identify(myenv) by extension 'colcon_meta'
[0.205s] Level 1:colcon.colcon_core.package_identification:_identify(myenv) by extensions ['ros']
[0.205s] Level 1:colcon.colcon_core.package_identification:_identify(myenv) by extension 'ros'
[0.205s] Level 1:colcon.colcon_core.package_identification:_identify(myenv) by extensions ['cmake', 'python']
[0.205s] Level 1:colcon.colcon_core.package_identification:_identify(myenv) by extension 'cmake'
[0.205s] Level 1:colcon.colcon_core.package_identification:_identify(myenv) by extension 'python'
[0.205s] Level 1:colcon.colcon_core.package_identification:_identify(myenv) by extensions ['python_setup_py']
[0.205s] Level 1:colcon.colcon_core.package_identification:_identify(myenv) by extension 'python_setup_py'
[0.205s] Level 1:colcon.colcon_core.package_identification:_identify(myenv/bin) by extensions ['ignore', 'ignore_ament_install']
[0.206s] Level 1:colcon.colcon_core.package_identification:_identify(myenv/bin) by extension 'ignore'
[0.206s] Level 1:colcon.colcon_core.package_identification:_identify(myenv/bin) by extension 'ignore_ament_install'
[0.206s] Level 1:colcon.colcon_core.package_identification:_identify(myenv/bin) by extensions ['colcon_pkg']
[0.206s] Level 1:colcon.colcon_core.package_identification:_identify(myenv/bin) by extension 'colcon_pkg'
[0.206s] Level 1:colcon.colcon_core.package_identification:_identify(myenv/bin) by extensions ['colcon_meta']
[0.206s] Level 1:colcon.colcon_core.package_identification:_identify(myenv/bin) by extension 'colcon_meta'
[0.206s] Level 1:colcon.colcon_core.package_identification:_identify(myenv/bin) by extensions ['ros']
[0.206s] Level 1:colcon.colcon_core.package_identification:_identify(myenv/bin) by extension 'ros'
[0.206s] Level 1:colcon.colcon_core.package_identification:_identify(myenv/bin) by extensions ['cmake', 'python']
[0.206s] Level 1:colcon.colcon_core.package_identification:_identify(myenv/bin) by extension 'cmake'
[0.206s] Level 1:colcon.colcon_core.package_identification:_identify(myenv/bin) by extension 'python'
[0.206s] Level 1:colcon.colcon_core.package_identification:_identify(myenv/bin) by extensions ['python_setup_py']
[0.206s] Level 1:colcon.colcon_core.package_identification:_identify(myenv/bin) by extension 'python_setup_py'
[0.206s] Level 1:colcon.colcon_core.package_identification:_identify(myenv/include) by extensions ['ignore', 'ignore_ament_install']
[0.206s] Level 1:colcon.colcon_core.package_identification:_identify(myenv/include) by extension 'ignore'
[0.207s] Level 1:colcon.colcon_core.package_identification:_identify(myenv/include) by extension 'ignore_ament_install'
[0.207s] Level 1:colcon.colcon_core.package_identification:_identify(myenv/include) by extensions ['colcon_pkg']
[0.207s] Level 1:colcon.colcon_core.package_identification:_identify(myenv/include) by extension 'colcon_pkg'
[0.207s] Level 1:colcon.colcon_core.package_identification:_identify(myenv/include) by extensions ['colcon_meta']
[0.207s] Level 1:colcon.colcon_core.package_identification:_identify(myenv/include) by extension 'colcon_meta'
[0.207s] Level 1:colcon.colcon_core.package_identification:_identify(myenv/include) by extensions ['ros']
[0.207s] Level 1:colcon.colcon_core.package_identification:_identify(myenv/include) by extension 'ros'
[0.207s] Level 1:colcon.colcon_core.package_identification:_identify(myenv/include) by extensions ['cmake', 'python']
[0.207s] Level 1:colcon.colcon_core.package_identification:_identify(myenv/include) by extension 'cmake'
[0.207s] Level 1:colcon.colcon_core.package_identification:_identify(myenv/include) by extension 'python'
[0.207s] Level 1:colcon.colcon_core.package_identification:_identify(myenv/include) by extensions ['python_setup_py']
[0.207s] Level 1:colcon.colcon_core.package_identification:_identify(myenv/include) by extension 'python_setup_py'
[0.207s] Level 1:colcon.colcon_core.package_identification:_identify(myenv/include/python3.12) by extensions ['ignore', 'ignore_ament_install']
[0.207s] Level 1:colcon.colcon_core.package_identification:_identify(myenv/include/python3.12) by extension 'ignore'
[0.207s] Level 1:colcon.colcon_core.package_identification:_identify(myenv/include/python3.12) by extension 'ignore_ament_install'
[0.207s] Level 1:colcon.colcon_core.package_identification:_identify(myenv/include/python3.12) by extensions ['colcon_pkg']
[0.207s] Level 1:colcon.colcon_core.package_identification:_identify(myenv/include/python3.12) by extension 'colcon_pkg'
[0.208s] Level 1:colcon.colcon_core.package_identification:_identify(myenv/include/python3.12) by extensions ['colcon_meta']
[0.208s] Level 1:colcon.colcon_core.package_identification:_identify(myenv/include/python3.12) by extension 'colcon_meta'
[0.208s] Level 1:colcon.colcon_core.package_identification:_identify(myenv/include/python3.12) by extensions ['ros']
[0.208s] Level 1:colcon.colcon_core.package_identification:_identify(myenv/include/python3.12) by extension 'ros'
[0.208s] Level 1:colcon.colcon_core.package_identification:_identify(myenv/include/python3.12) by extensions ['cmake', 'python']
[0.208s] Level 1:colcon.colcon_core.package_identification:_identify(myenv/include/python3.12) by extension 'cmake'
[0.208s] Level 1:colcon.colcon_core.package_identification:_identify(myenv/include/python3.12) by extension 'python'
[0.208s] Level 1:colcon.colcon_core.package_identification:_identify(myenv/include/python3.12) by extensions ['python_setup_py']
[0.208s] Level 1:colcon.colcon_core.package_identification:_identify(myenv/include/python3.12) by extension 'python_setup_py'
[0.208s] Level 1:colcon.colcon_core.package_identification:_identify(myenv/lib) by extensions ['ignore', 'ignore_ament_install']
[0.208s] Level 1:colcon.colcon_core.package_identification:_identify(myenv/lib) by extension 'ignore'
[0.208s] Level 1:colcon.colcon_core.package_identification:_identify(myenv/lib) by extension 'ignore_ament_install'
[0.208s] Level 1:colcon.colcon_core.package_identification:_identify(myenv/lib) by extensions ['colcon_pkg']
[0.208s] Level 1:colcon.colcon_core.package_identification:_identify(myenv/lib) by extension 'colcon_pkg'
[0.208s] Level 1:colcon.colcon_core.package_identification:_identify(myenv/lib) by extensions ['colcon_meta']
[0.208s] Level 1:colcon.colcon_core.package_identification:_identify(myenv/lib) by extension 'colcon_meta'
[0.208s] Level 1:colcon.colcon_core.package_identification:_identify(myenv/lib) by extensions ['ros']
[0.209s] Level 1:colcon.colcon_core.package_identification:_identify(myenv/lib) by extension 'ros'
[0.209s] Level 1:colcon.colcon_core.package_identification:_identify(myenv/lib) by extensions ['cmake', 'python']
[0.209s] Level 1:colcon.colcon_core.package_identification:_identify(myenv/lib) by extension 'cmake'
[0.209s] Level 1:colcon.colcon_core.package_identification:_identify(myenv/lib) by extension 'python'
[0.209s] Level 1:colcon.colcon_core.package_identification:_identify(myenv/lib) by extensions ['python_setup_py']
[0.209s] Level 1:colcon.colcon_core.package_identification:_identify(myenv/lib) by extension 'python_setup_py'
[0.209s] Level 1:colcon.colcon_core.package_identification:_identify(myenv/lib/python3.12) by extensions ['ignore', 'ignore_ament_install']
[0.209s] Level 1:colcon.colcon_core.package_identification:_identify(myenv/lib/python3.12) by extension 'ignore'
[0.209s] Level 1:colcon.colcon_core.package_identification:_identify(myenv/lib/python3.12) by extension 'ignore_ament_install'
[0.209s] Level 1:colcon.colcon_core.package_identification:_identify(myenv/lib/python3.12) by extensions ['colcon_pkg']
[0.209s] Level 1:colcon.colcon_core.package_identification:_identify(myenv/lib/python3.12) by extension 'colcon_pkg'
[0.209s] Level 1:colcon.colcon_core.package_identification:_identify(myenv/lib/python3.12) by extensions ['colcon_meta']
[0.209s] Level 1:colcon.colcon_core.package_identification:_identify(myenv/lib/python3.12) by extension 'colcon_meta'
[0.209s] Level 1:colcon.colcon_core.package_identification:_identify(myenv/lib/python3.12) by extensions ['ros']
[0.209s] Level 1:colcon.colcon_core.package_identification:_identify(myenv/lib/python3.12) by extension 'ros'
[0.209s] Level 1:colcon.colcon_core.package_identification:_identify(myenv/lib/python3.12) by extensions ['cmake', 'python']
[0.210s] Level 1:colcon.colcon_core.package_identification:_identify(myenv/lib/python3.12) by extension 'cmake'
[0.210s] Level 1:colcon.colcon_core.package_identification:_identify(myenv/lib/python3.12) by extension 'python'
[0.210s] Level 1:colcon.colcon_core.package_identification:_identify(myenv/lib/python3.12) by extensions ['python_setup_py']
[0.210s] Level 1:colcon.colcon_core.package_identification:_identify(myenv/lib/python3.12) by extension 'python_setup_py'
[0.210s] Level 1:colcon.colcon_core.package_identification:_identify(myenv/lib/python3.12/site-packages) by extensions ['ignore', 'ignore_ament_install']
[0.210s] Level 1:colcon.colcon_core.package_identification:_identify(myenv/lib/python3.12/site-packages) by extension 'ignore'
[0.210s] Level 1:colcon.colcon_core.package_identification:_identify(myenv/lib/python3.12/site-packages) by extension 'ignore_ament_install'
[0.210s] Level 1:colcon.colcon_core.package_identification:_identify(myenv/lib/python3.12/site-packages) by extensions ['colcon_pkg']
[0.210s] Level 1:colcon.colcon_core.package_identification:_identify(myenv/lib/python3.12/site-packages) by extension 'colcon_pkg'
[0.210s] Level 1:colcon.colcon_core.package_identification:_identify(myenv/lib/python3.12/site-packages) by extensions ['colcon_meta']
[0.210s] Level 1:colcon.colcon_core.package_identification:_identify(myenv/lib/python3.12/site-packages) by extension 'colcon_meta'
[0.210s] Level 1:colcon.colcon_core.package_identification:_identify(myenv/lib/python3.12/site-packages) by extensions ['ros']
[0.210s] Level 1:colcon.colcon_core.package_identification:_identify(myenv/lib/python3.12/site-packages) by extension 'ros'
[0.210s] Level 1:colcon.colcon_core.package_identification:_identify(myenv/lib/python3.12/site-packages) by extensions ['cmake', 'python']
[0.210s] Level 1:colcon.colcon_core.package_identification:_identify(myenv/lib/python3.12/site-packages) by extension 'cmake'
[0.211s] Level 1:colcon.colcon_core.package_identification:_identify(myenv/lib/python3.12/site-packages) by extension 'python'
[0.211s] Level 1:colcon.colcon_core.package_identification:_identify(myenv/lib/python3.12/site-packages) by extensions ['python_setup_py']
[0.211s] Level 1:colcon.colcon_core.package_identification:_identify(myenv/lib/python3.12/site-packages) by extension 'python_setup_py'
[0.211s] Level 1:colcon.colcon_core.package_identification:_identify(myenv/lib/python3.12/site-packages/Crypto) by extensions ['ignore', 'ignore_ament_install']
[0.211s] Level 1:colcon.colcon_core.package_identification:_identify(myenv/lib/python3.12/site-packages/Crypto) by extension 'ignore'
[0.211s] Level 1:colcon.colcon_core.package_identification:_identify(myenv/lib/python3.12/site-packages/Crypto) by extension 'ignore_ament_install'
[0.211s] Level 1:colcon.colcon_core.package_identification:_identify(myenv/lib/python3.12/site-packages/Crypto) by extensions ['colcon_pkg']
[0.211s] Level 1:colcon.colcon_core.package_identification:_identify(myenv/lib/python3.12/site-packages/Crypto) by extension 'colcon_pkg'
[0.211s] Level 1:colcon.colcon_core.package_identification:_identify(myenv/lib/python3.12/site-packages/Crypto) by extensions ['colcon_meta']
[0.211s] Level 1:colcon.colcon_core.package_identification:_identify(myenv/lib/python3.12/site-packages/Crypto) by extension 'colcon_meta'
[0.211s] Level 1:colcon.colcon_core.package_identification:_identify(myenv/lib/python3.12/site-packages/Crypto) by extensions ['ros']
[0.211s] Level 1:colcon.colcon_core.package_identification:_identify(myenv/lib/python3.12/site-packages/Crypto) by extension 'ros'
[0.211s] Level 1:colcon.colcon_core.package_identification:_identify(myenv/lib/python3.12/site-packages/Crypto) by extensions ['cmake', 'python']
[0.212s] Level 1:colcon.colcon_core.package_identification:_identify(myenv/lib/python3.12/site-packages/Crypto) by extension 'cmake'
[0.212s] Level 1:colcon.colcon_core.package_identification:_identify(myenv/lib/python3.12/site-packages/Crypto) by extension 'python'
[0.212s] Level 1:colcon.colcon_core.package_identification:_identify(myenv/lib/python3.12/site-packages/Crypto) by extensions ['python_setup_py']
[0.212s] Level 1:colcon.colcon_core.package_identification:_identify(myenv/lib/python3.12/site-packages/Crypto) by extension 'python_setup_py'
[0.212s] Level 1:colcon.colcon_core.package_identification:_identify(myenv/lib/python3.12/site-packages/Crypto/Cipher) by extensions ['ignore', 'ignore_ament_install']
[0.212s] Level 1:colcon.colcon_core.package_identification:_identify(myenv/lib/python3.12/site-packages/Crypto/Cipher) by extension 'ignore'
[0.212s] Level 1:colcon.colcon_core.package_identification:_identify(myenv/lib/python3.12/site-packages/Crypto/Cipher) by extension 'ignore_ament_install'
[0.212s] Level 1:colcon.colcon_core.package_identification:_identify(myenv/lib/python3.12/site-packages/Crypto/Cipher) by extensions ['colcon_pkg']
[0.212s] Level 1:colcon.colcon_core.package_identification:_identify(myenv/lib/python3.12/site-packages/Crypto/Cipher) by extension 'colcon_pkg'
[0.212s] Level 1:colcon.colcon_core.package_identification:_identify(myenv/lib/python3.12/site-packages/Crypto/Cipher) by extensions ['colcon_meta']
[0.212s] Level 1:colcon.colcon_core.package_identification:_identify(myenv/lib/python3.12/site-packages/Crypto/Cipher) by extension 'colcon_meta'
[0.212s] Level 1:colcon.colcon_core.package_identification:_identify(myenv/lib/python3.12/site-packages/Crypto/Cipher) by extensions ['ros']
[0.212s] Level 1:colcon.colcon_core.package_identification:_identify(myenv/lib/python3.12/site-packages/Crypto/Cipher) by extension 'ros'
[0.212s] Level 1:colcon.colcon_core.package_identification:_identify(myenv/lib/python3.12/site-packages/Crypto/Cipher) by extensions ['cmake', 'python']
[0.213s] Level 1:colcon.colcon_core.package_identification:_identify(myenv/lib/python3.12/site-packages/Crypto/Cipher) by extension 'cmake'
[0.213s] Level 1:colcon.colcon_core.package_identification:_identify(myenv/lib/python3.12/site-packages/Crypto/Cipher) by extension 'python'
[0.213s] Level 1:colcon.colcon_core.package_identification:_identify(myenv/lib/python3.12/site-packages/Crypto/Cipher) by extensions ['python_setup_py']
[0.213s] Level 1:colcon.colcon_core.package_identification:_identify(myenv/lib/python3.12/site-packages/Crypto/Cipher) by extension 'python_setup_py'
[0.213s] Level 1:colcon.colcon_core.package_identification:_identify(myenv/lib/python3.12/site-packages/Crypto/Cipher/__pycache__) by extensions ['ignore', 'ignore_ament_install']
[0.213s] Level 1:colcon.colcon_core.package_identification:_identify(myenv/lib/python3.12/site-packages/Crypto/Cipher/__pycache__) by extension 'ignore'
[0.213s] Level 1:colcon.colcon_core.package_identification:_identify(myenv/lib/python3.12/site-packages/Crypto/Cipher/__pycache__) by extension 'ignore_ament_install'
[0.213s] Level 1:colcon.colcon_core.package_identification:_identify(myenv/lib/python3.12/site-packages/Crypto/Cipher/__pycache__) by extensions ['colcon_pkg']
[0.213s] Level 1:colcon.colcon_core.package_identification:_identify(myenv/lib/python3.12/site-packages/Crypto/Cipher/__pycache__) by extension 'colcon_pkg'
[0.213s] Level 1:colcon.colcon_core.package_identification:_identify(myenv/lib/python3.12/site-packages/Crypto/Cipher/__pycache__) by extensions ['colcon_meta']
[0.213s] Level 1:colcon.colcon_core.package_identification:_identify(myenv/lib/python3.12/site-packages/Crypto/Cipher/__pycache__) by extension 'colcon_meta'
[0.213s] Level 1:colcon.colcon_core.package_identification:_identify(myenv/lib/python3.12/site-packages/Crypto/Cipher/__pycache__) by extensions ['ros']
[0.213s] Level 1:colcon.colcon_core.package_identification:_identify(myenv/lib/python3.12/site-packages/Crypto/Cipher/__pycache__) by extension 'ros'
[0.213s] Level 1:colcon.colcon_core.package_identification:_identify(myenv/lib/python3.12/site-packages/Crypto/Cipher/__pycache__) by extensions ['cmake', 'python']
[0.213s] Level 1:colcon.colcon_core.package_identification:_identify(myenv/lib/python3.12/site-packages/Crypto/Cipher/__pycache__) by extension 'cmake'
[0.214s] Level 1:colcon.colcon_core.package_identification:_identify(myenv/lib/python3.12/site-packages/Crypto/Cipher/__pycache__) by extension 'python'
[0.214s] Level 1:colcon.colcon_core.package_identification:_identify(myenv/lib/python3.12/site-packages/Crypto/Cipher/__pycache__) by extensions ['python_setup_py']
[0.214s] Level 1:colcon.colcon_core.package_identification:_identify(myenv/lib/python3.12/site-packages/Crypto/Cipher/__pycache__) by extension 'python_setup_py'
[0.214s] Level 1:colcon.colcon_core.package_identification:_identify(myenv/lib/python3.12/site-packages/Crypto/Hash) by extensions ['ignore', 'ignore_ament_install']
[0.214s] Level 1:colcon.colcon_core.package_identification:_identify(myenv/lib/python3.12/site-packages/Crypto/Hash) by extension 'ignore'
[0.214s] Level 1:colcon.colcon_core.package_identification:_identify(myenv/lib/python3.12/site-packages/Crypto/Hash) by extension 'ignore_ament_install'
[0.214s] Level 1:colcon.colcon_core.package_identification:_identify(myenv/lib/python3.12/site-packages/Crypto/Hash) by extensions ['colcon_pkg']
[0.214s] Level 1:colcon.colcon_core.package_identification:_identify(myenv/lib/python3.12/site-packages/Crypto/Hash) by extension 'colcon_pkg'
[0.214s] Level 1:colcon.colcon_core.package_identification:_identify(myenv/lib/python3.12/site-packages/Crypto/Hash) by extensions ['colcon_meta']
[0.214s] Level 1:colcon.colcon_core.package_identification:_identify(myenv/lib/python3.12/site-packages/Crypto/Hash) by extension 'colcon_meta'
[0.214s] Level 1:colcon.colcon_core.package_identification:_identify(myenv/lib/python3.12/site-packages/Crypto/Hash) by extensions ['ros']
[0.214s] Level 1:colcon.colcon_core.package_identification:_identify(myenv/lib/python3.12/site-packages/Crypto/Hash) by extension 'ros'
[0.214s] Level 1:colcon.colcon_core.package_identification:_identify(myenv/lib/python3.12/site-packages/Crypto/Hash) by extensions ['cmake', 'python']
[0.214s] Level 1:colcon.colcon_core.package_identification:_identify(myenv/lib/python3.12/site-packages/Crypto/Hash) by extension 'cmake'
[0.215s] Level 1:colcon.colcon_core.package_identification:_identify(myenv/lib/python3.12/site-packages/Crypto/Hash) by extension 'python'
[0.215s] Level 1:colcon.colcon_core.package_identification:_identify(myenv/lib/python3.12/site-packages/Crypto/Hash) by extensions ['python_setup_py']
[0.215s] Level 1:colcon.colcon_core.package_identification:_identify(myenv/lib/python3.12/site-packages/Crypto/Hash) by extension 'python_setup_py'
[0.215s] Level 1:colcon.colcon_core.package_identification:_identify(myenv/lib/python3.12/site-packages/Crypto/Hash/__pycache__) by extensions ['ignore', 'ignore_ament_install']
[0.215s] Level 1:colcon.colcon_core.package_identification:_identify(myenv/lib/python3.12/site-packages/Crypto/Hash/__pycache__) by extension 'ignore'
[0.215s] Level 1:colcon.colcon_core.package_identification:_identify(myenv/lib/python3.12/site-packages/Crypto/Hash/__pycache__) by extension 'ignore_ament_install'
[0.215s] Level 1:colcon.colcon_core.package_identification:_identify(myenv/lib/python3.12/site-packages/Crypto/Hash/__pycache__) by extensions ['colcon_pkg']
[0.215s] Level 1:colcon.colcon_core.package_identification:_identify(myenv/lib/python3.12/site-packages/Crypto/Hash/__pycache__) by extension 'colcon_pkg'
[0.215s] Level 1:colcon.colcon_core.package_identification:_identify(myenv/lib/python3.12/site-packages/Crypto/Hash/__pycache__) by extensions ['colcon_meta']
[0.215s] Level 1:colcon.colcon_core.package_identification:_identify(myenv/lib/python3.12/site-packages/Crypto/Hash/__pycache__) by extension 'colcon_meta'
[0.215s] Level 1:colcon.colcon_core.package_identification:_identify(myenv/lib/python3.12/site-packages/Crypto/Hash/__pycache__) by extensions ['ros']
[0.215s] Level 1:colcon.colcon_core.package_identification:_identify(myenv/lib/python3.12/site-packages/Crypto/Hash/__pycache__) by extension 'ros'
[0.215s] Level 1:colcon.colcon_core.package_identification:_identify(myenv/lib/python3.12/site-packages/Crypto/Hash/__pycache__) by extensions ['cmake', 'python']
[0.215s] Level 1:colcon.colcon_core.package_identification:_identify(myenv/lib/python3.12/site-packages/Crypto/Hash/__pycache__) by extension 'cmake'
[0.216s] Level 1:colcon.colcon_core.package_identification:_identify(myenv/lib/python3.12/site-packages/Crypto/Hash/__pycache__) by extension 'python'
[0.216s] Level 1:colcon.colcon_core.package_identification:_identify(myenv/lib/python3.12/site-packages/Crypto/Hash/__pycache__) by extensions ['python_setup_py']
[0.216s] Level 1:colcon.colcon_core.package_identification:_identify(myenv/lib/python3.12/site-packages/Crypto/Hash/__pycache__) by extension 'python_setup_py'
[0.216s] Level 1:colcon.colcon_core.package_identification:_identify(myenv/lib/python3.12/site-packages/Crypto/IO) by extensions ['ignore', 'ignore_ament_install']
[0.216s] Level 1:colcon.colcon_core.package_identification:_identify(myenv/lib/python3.12/site-packages/Crypto/IO) by extension 'ignore'
[0.216s] Level 1:colcon.colcon_core.package_identification:_identify(myenv/lib/python3.12/site-packages/Crypto/IO) by extension 'ignore_ament_install'
[0.216s] Level 1:colcon.colcon_core.package_identification:_identify(myenv/lib/python3.12/site-packages/Crypto/IO) by extensions ['colcon_pkg']
[0.216s] Level 1:colcon.colcon_core.package_identification:_identify(myenv/lib/python3.12/site-packages/Crypto/IO) by extension 'colcon_pkg'
[0.216s] Level 1:colcon.colcon_core.package_identification:_identify(myenv/lib/python3.12/site-packages/Crypto/IO) by extensions ['colcon_meta']
[0.216s] Level 1:colcon.colcon_core.package_identification:_identify(myenv/lib/python3.12/site-packages/Crypto/IO) by extension 'colcon_meta'
[0.216s] Level 1:colcon.colcon_core.package_identification:_identify(myenv/lib/python3.12/site-packages/Crypto/IO) by extensions ['ros']
[0.216s] Level 1:colcon.colcon_core.package_identification:_identify(myenv/lib/python3.12/site-packages/Crypto/IO) by extension 'ros'
[0.216s] Level 1:colcon.colcon_core.package_identification:_identify(myenv/lib/python3.12/site-packages/Crypto/IO) by extensions ['cmake', 'python']
[0.216s] Level 1:colcon.colcon_core.package_identification:_identify(myenv/lib/python3.12/site-packages/Crypto/IO) by extension 'cmake'
[0.216s] Level 1:colcon.colcon_core.package_identification:_identify(myenv/lib/python3.12/site-packages/Crypto/IO) by extension 'python'
[0.216s] Level 1:colcon.colcon_core.package_identification:_identify(myenv/lib/python3.12/site-packages/Crypto/IO) by extensions ['python_setup_py']
[0.217s] Level 1:colcon.colcon_core.package_identification:_identify(myenv/lib/python3.12/site-packages/Crypto/IO) by extension 'python_setup_py'
[0.217s] Level 1:colcon.colcon_core.package_identification:_identify(myenv/lib/python3.12/site-packages/Crypto/IO/__pycache__) by extensions ['ignore', 'ignore_ament_install']
[0.217s] Level 1:colcon.colcon_core.package_identification:_identify(myenv/lib/python3.12/site-packages/Crypto/IO/__pycache__) by extension 'ignore'
[0.217s] Level 1:colcon.colcon_core.package_identification:_identify(myenv/lib/python3.12/site-packages/Crypto/IO/__pycache__) by extension 'ignore_ament_install'
[0.217s] Level 1:colcon.colcon_core.package_identification:_identify(myenv/lib/python3.12/site-packages/Crypto/IO/__pycache__) by extensions ['colcon_pkg']
[0.217s] Level 1:colcon.colcon_core.package_identification:_identify(myenv/lib/python3.12/site-packages/Crypto/IO/__pycache__) by extension 'colcon_pkg'
[0.217s] Level 1:colcon.colcon_core.package_identification:_identify(myenv/lib/python3.12/site-packages/Crypto/IO/__pycache__) by extensions ['colcon_meta']
[0.217s] Level 1:colcon.colcon_core.package_identification:_identify(myenv/lib/python3.12/site-packages/Crypto/IO/__pycache__) by extension 'colcon_meta'
[0.217s] Level 1:colcon.colcon_core.package_identification:_identify(myenv/lib/python3.12/site-packages/Crypto/IO/__pycache__) by extensions ['ros']
[0.217s] Level 1:colcon.colcon_core.package_identification:_identify(myenv/lib/python3.12/site-packages/Crypto/IO/__pycache__) by extension 'ros'
[0.217s] Level 1:colcon.colcon_core.package_identification:_identify(myenv/lib/python3.12/site-packages/Crypto/IO/__pycache__) by extensions ['cmake', 'python']
[0.217s] Level 1:colcon.colcon_core.package_identification:_identify(myenv/lib/python3.12/site-packages/Crypto/IO/__pycache__) by extension 'cmake'
[0.217s] Level 1:colcon.colcon_core.package_identification:_identify(myenv/lib/python3.12/site-packages/Crypto/IO/__pycache__) by extension 'python'
[0.217s] Level 1:colcon.colcon_core.package_identification:_identify(myenv/lib/python3.12/site-packages/Crypto/IO/__pycache__) by extensions ['python_setup_py']
[0.217s] Level 1:colcon.colcon_core.package_identification:_identify(myenv/lib/python3.12/site-packages/Crypto/IO/__pycache__) by extension 'python_setup_py'
[0.218s] Level 1:colcon.colcon_core.package_identification:_identify(myenv/lib/python3.12/site-packages/Crypto/Math) by extensions ['ignore', 'ignore_ament_install']
[0.218s] Level 1:colcon.colcon_core.package_identification:_identify(myenv/lib/python3.12/site-packages/Crypto/Math) by extension 'ignore'
[0.218s] Level 1:colcon.colcon_core.package_identification:_identify(myenv/lib/python3.12/site-packages/Crypto/Math) by extension 'ignore_ament_install'
[0.218s] Level 1:colcon.colcon_core.package_identification:_identify(myenv/lib/python3.12/site-packages/Crypto/Math) by extensions ['colcon_pkg']
[0.218s] Level 1:colcon.colcon_core.package_identification:_identify(myenv/lib/python3.12/site-packages/Crypto/Math) by extension 'colcon_pkg'
[0.218s] Level 1:colcon.colcon_core.package_identification:_identify(myenv/lib/python3.12/site-packages/Crypto/Math) by extensions ['colcon_meta']
[0.218s] Level 1:colcon.colcon_core.package_identification:_identify(myenv/lib/python3.12/site-packages/Crypto/Math) by extension 'colcon_meta'
[0.218s] Level 1:colcon.colcon_core.package_identification:_identify(myenv/lib/python3.12/site-packages/Crypto/Math) by extensions ['ros']
[0.218s] Level 1:colcon.colcon_core.package_identification:_identify(myenv/lib/python3.12/site-packages/Crypto/Math) by extension 'ros'
[0.218s] Level 1:colcon.colcon_core.package_identification:_identify(myenv/lib/python3.12/site-packages/Crypto/Math) by extensions ['cmake', 'python']
[0.218s] Level 1:colcon.colcon_core.package_identification:_identify(myenv/lib/python3.12/site-packages/Crypto/Math) by extension 'cmake'
[0.218s] Level 1:colcon.colcon_core.package_identification:_identify(myenv/lib/python3.12/site-packages/Crypto/Math) by extension 'python'
[0.218s] Level 1:colcon.colcon_core.package_identification:_identify(myenv/lib/python3.12/site-packages/Crypto/Math) by extensions ['python_setup_py']
[0.218s] Level 1:colcon.colcon_core.package_identification:_identify(myenv/lib/python3.12/site-packages/Crypto/Math) by extension 'python_setup_py'
[0.218s] Level 1:colcon.colcon_core.package_identification:_identify(myenv/lib/python3.12/site-packages/Crypto/Math/__pycache__) by extensions ['ignore', 'ignore_ament_install']
[0.219s] Level 1:colcon.colcon_core.package_identification:_identify(myenv/lib/python3.12/site-packages/Crypto/Math/__pycache__) by extension 'ignore'
[0.219s] Level 1:colcon.colcon_core.package_identification:_identify(myenv/lib/python3.12/site-packages/Crypto/Math/__pycache__) by extension 'ignore_ament_install'
[0.219s] Level 1:colcon.colcon_core.package_identification:_identify(myenv/lib/python3.12/site-packages/Crypto/Math/__pycache__) by extensions ['colcon_pkg']
[0.219s] Level 1:colcon.colcon_core.package_identification:_identify(myenv/lib/python3.12/site-packages/Crypto/Math/__pycache__) by extension 'colcon_pkg'
[0.219s] Level 1:colcon.colcon_core.package_identification:_identify(myenv/lib/python3.12/site-packages/Crypto/Math/__pycache__) by extensions ['colcon_meta']
[0.219s] Level 1:colcon.colcon_core.package_identification:_identify(myenv/lib/python3.12/site-packages/Crypto/Math/__pycache__) by extension 'colcon_meta'
[0.219s] Level 1:colcon.colcon_core.package_identification:_identify(myenv/lib/python3.12/site-packages/Crypto/Math/__pycache__) by extensions ['ros']
[0.219s] Level 1:colcon.colcon_core.package_identification:_identify(myenv/lib/python3.12/site-packages/Crypto/Math/__pycache__) by extension 'ros'
[0.219s] Level 1:colcon.colcon_core.package_identification:_identify(myenv/lib/python3.12/site-packages/Crypto/Math/__pycache__) by extensions ['cmake', 'python']
[0.219s] Level 1:colcon.colcon_core.package_identification:_identify(myenv/lib/python3.12/site-packages/Crypto/Math/__pycache__) by extension 'cmake'
[0.219s] Level 1:colcon.colcon_core.package_identification:_identify(myenv/lib/python3.12/site-packages/Crypto/Math/__pycache__) by extension 'python'
[0.219s] Level 1:colcon.colcon_core.package_identification:_identify(myenv/lib/python3.12/site-packages/Crypto/Math/__pycache__) by extensions ['python_setup_py']
[0.219s] Level 1:colcon.colcon_core.package_identification:_identify(myenv/lib/python3.12/site-packages/Crypto/Math/__pycache__) by extension 'python_setup_py'
[0.219s] Level 1:colcon.colcon_core.package_identification:_identify(myenv/lib/python3.12/site-packages/Crypto/Protocol) by extensions ['ignore', 'ignore_ament_install']
[0.220s] Level 1:colcon.colcon_core.package_identification:_identify(myenv/lib/python3.12/site-packages/Crypto/Protocol) by extension 'ignore'
[0.220s] Level 1:colcon.colcon_core.package_identification:_identify(myenv/lib/python3.12/site-packages/Crypto/Protocol) by extension 'ignore_ament_install'
[0.220s] Level 1:colcon.colcon_core.package_identification:_identify(myenv/lib/python3.12/site-packages/Crypto/Protocol) by extensions ['colcon_pkg']
[0.220s] Level 1:colcon.colcon_core.package_identification:_identify(myenv/lib/python3.12/site-packages/Crypto/Protocol) by extension 'colcon_pkg'
[0.220s] Level 1:colcon.colcon_core.package_identification:_identify(myenv/lib/python3.12/site-packages/Crypto/Protocol) by extensions ['colcon_meta']
[0.220s] Level 1:colcon.colcon_core.package_identification:_identify(myenv/lib/python3.12/site-packages/Crypto/Protocol) by extension 'colcon_meta'
[0.220s] Level 1:colcon.colcon_core.package_identification:_identify(myenv/lib/python3.12/site-packages/Crypto/Protocol) by extensions ['ros']
[0.220s] Level 1:colcon.colcon_core.package_identification:_identify(myenv/lib/python3.12/site-packages/Crypto/Protocol) by extension 'ros'
[0.220s] Level 1:colcon.colcon_core.package_identification:_identify(myenv/lib/python3.12/site-packages/Crypto/Protocol) by extensions ['cmake', 'python']
[0.220s] Level 1:colcon.colcon_core.package_identification:_identify(myenv/lib/python3.12/site-packages/Crypto/Protocol) by extension 'cmake'
[0.220s] Level 1:colcon.colcon_core.package_identification:_identify(myenv/lib/python3.12/site-packages/Crypto/Protocol) by extension 'python'
[0.220s] Level 1:colcon.colcon_core.package_identification:_identify(myenv/lib/python3.12/site-packages/Crypto/Protocol) by extensions ['python_setup_py']
[0.220s] Level 1:colcon.colcon_core.package_identification:_identify(myenv/lib/python3.12/site-packages/Crypto/Protocol) by extension 'python_setup_py'
[0.220s] Level 1:colcon.colcon_core.package_identification:_identify(myenv/lib/python3.12/site-packages/Crypto/Protocol/__pycache__) by extensions ['ignore', 'ignore_ament_install']
[0.220s] Level 1:colcon.colcon_core.package_identification:_identify(myenv/lib/python3.12/site-packages/Crypto/Protocol/__pycache__) by extension 'ignore'
[0.221s] Level 1:colcon.colcon_core.package_identification:_identify(myenv/lib/python3.12/site-packages/Crypto/Protocol/__pycache__) by extension 'ignore_ament_install'
[0.221s] Level 1:colcon.colcon_core.package_identification:_identify(myenv/lib/python3.12/site-packages/Crypto/Protocol/__pycache__) by extensions ['colcon_pkg']
[0.221s] Level 1:colcon.colcon_core.package_identification:_identify(myenv/lib/python3.12/site-packages/Crypto/Protocol/__pycache__) by extension 'colcon_pkg'
[0.221s] Level 1:colcon.colcon_core.package_identification:_identify(myenv/lib/python3.12/site-packages/Crypto/Protocol/__pycache__) by extensions ['colcon_meta']
[0.221s] Level 1:colcon.colcon_core.package_identification:_identify(myenv/lib/python3.12/site-packages/Crypto/Protocol/__pycache__) by extension 'colcon_meta'
[0.221s] Level 1:colcon.colcon_core.package_identification:_identify(myenv/lib/python3.12/site-packages/Crypto/Protocol/__pycache__) by extensions ['ros']
[0.221s] Level 1:colcon.colcon_core.package_identification:_identify(myenv/lib/python3.12/site-packages/Crypto/Protocol/__pycache__) by extension 'ros'
[0.221s] Level 1:colcon.colcon_core.package_identification:_identify(myenv/lib/python3.12/site-packages/Crypto/Protocol/__pycache__) by extensions ['cmake', 'python']
[0.221s] Level 1:colcon.colcon_core.package_identification:_identify(myenv/lib/python3.12/site-packages/Crypto/Protocol/__pycache__) by extension 'cmake'
[0.221s] Level 1:colcon.colcon_core.package_identification:_identify(myenv/lib/python3.12/site-packages/Crypto/Protocol/__pycache__) by extension 'python'
[0.221s] Level 1:colcon.colcon_core.package_identification:_identify(myenv/lib/python3.12/site-packages/Crypto/Protocol/__pycache__) by extensions ['python_setup_py']
[0.221s] Level 1:colcon.colcon_core.package_identification:_identify(myenv/lib/python3.12/site-packages/Crypto/Protocol/__pycache__) by extension 'python_setup_py'
[0.221s] Level 1:colcon.colcon_core.package_identification:_identify(myenv/lib/python3.12/site-packages/Crypto/PublicKey) by extensions ['ignore', 'ignore_ament_install']
[0.221s] Level 1:colcon.colcon_core.package_identification:_identify(myenv/lib/python3.12/site-packages/Crypto/PublicKey) by extension 'ignore'
[0.221s] Level 1:colcon.colcon_core.package_identification:_identify(myenv/lib/python3.12/site-packages/Crypto/PublicKey) by extension 'ignore_ament_install'
[0.221s] Level 1:colcon.colcon_core.package_identification:_identify(myenv/lib/python3.12/site-packages/Crypto/PublicKey) by extensions ['colcon_pkg']
[0.221s] Level 1:colcon.colcon_core.package_identification:_identify(myenv/lib/python3.12/site-packages/Crypto/PublicKey) by extension 'colcon_pkg'
[0.222s] Level 1:colcon.colcon_core.package_identification:_identify(myenv/lib/python3.12/site-packages/Crypto/PublicKey) by extensions ['colcon_meta']
[0.222s] Level 1:colcon.colcon_core.package_identification:_identify(myenv/lib/python3.12/site-packages/Crypto/PublicKey) by extension 'colcon_meta'
[0.222s] Level 1:colcon.colcon_core.package_identification:_identify(myenv/lib/python3.12/site-packages/Crypto/PublicKey) by extensions ['ros']
[0.222s] Level 1:colcon.colcon_core.package_identification:_identify(myenv/lib/python3.12/site-packages/Crypto/PublicKey) by extension 'ros'
[0.222s] Level 1:colcon.colcon_core.package_identification:_identify(myenv/lib/python3.12/site-packages/Crypto/PublicKey) by extensions ['cmake', 'python']
[0.222s] Level 1:colcon.colcon_core.package_identification:_identify(myenv/lib/python3.12/site-packages/Crypto/PublicKey) by extension 'cmake'
[0.222s] Level 1:colcon.colcon_core.package_identification:_identify(myenv/lib/python3.12/site-packages/Crypto/PublicKey) by extension 'python'
[0.222s] Level 1:colcon.colcon_core.package_identification:_identify(myenv/lib/python3.12/site-packages/Crypto/PublicKey) by extensions ['python_setup_py']
[0.222s] Level 1:colcon.colcon_core.package_identification:_identify(myenv/lib/python3.12/site-packages/Crypto/PublicKey) by extension 'python_setup_py'
[0.222s] Level 1:colcon.colcon_core.package_identification:_identify(myenv/lib/python3.12/site-packages/Crypto/PublicKey/__pycache__) by extensions ['ignore', 'ignore_ament_install']
[0.222s] Level 1:colcon.colcon_core.package_identification:_identify(myenv/lib/python3.12/site-packages/Crypto/PublicKey/__pycache__) by extension 'ignore'
[0.222s] Level 1:colcon.colcon_core.package_identification:_identify(myenv/lib/python3.12/site-packages/Crypto/PublicKey/__pycache__) by extension 'ignore_ament_install'
[0.222s] Level 1:colcon.colcon_core.package_identification:_identify(myenv/lib/python3.12/site-packages/Crypto/PublicKey/__pycache__) by extensions ['colcon_pkg']
[0.222s] Level 1:colcon.colcon_core.package_identification:_identify(myenv/lib/python3.12/site-packages/Crypto/PublicKey/__pycache__) by extension 'colcon_pkg'
[0.222s] Level 1:colcon.colcon_core.package_identification:_identify(myenv/lib/python3.12/site-packages/Crypto/PublicKey/__pycache__) by extensions ['colcon_meta']
[0.222s] Level 1:colcon.colcon_core.package_identification:_identify(myenv/lib/python3.12/site-packages/Crypto/PublicKey/__pycache__) by extension 'colcon_meta'
[0.222s] Level 1:colcon.colcon_core.package_identification:_identify(myenv/lib/python3.12/site-packages/Crypto/PublicKey/__pycache__) by extensions ['ros']
[0.222s] Level 1:colcon.colcon_core.package_identification:_identify(myenv/lib/python3.12/site-packages/Crypto/PublicKey/__pycache__) by extension 'ros'
[0.223s] Level 1:colcon.colcon_core.package_identification:_identify(myenv/lib/python3.12/site-packages/Crypto/PublicKey/__pycache__) by extensions ['cmake', 'python']
[0.223s] Level 1:colcon.colcon_core.package_identification:_identify(myenv/lib/python3.12/site-packages/Crypto/PublicKey/__pycache__) by extension 'cmake'
[0.223s] Level 1:colcon.colcon_core.package_identification:_identify(myenv/lib/python3.12/site-packages/Crypto/PublicKey/__pycache__) by extension 'python'
[0.223s] Level 1:colcon.colcon_core.package_identification:_identify(myenv/lib/python3.12/site-packages/Crypto/PublicKey/__pycache__) by extensions ['python_setup_py']
[0.223s] Level 1:colcon.colcon_core.package_identification:_identify(myenv/lib/python3.12/site-packages/Crypto/PublicKey/__pycache__) by extension 'python_setup_py'
[0.223s] Level 1:colcon.colcon_core.package_identification:_identify(myenv/lib/python3.12/site-packages/Crypto/Random) by extensions ['ignore', 'ignore_ament_install']
[0.223s] Level 1:colcon.colcon_core.package_identification:_identify(myenv/lib/python3.12/site-packages/Crypto/Random) by extension 'ignore'
[0.223s] Level 1:colcon.colcon_core.package_identification:_identify(myenv/lib/python3.12/site-packages/Crypto/Random) by extension 'ignore_ament_install'
[0.223s] Level 1:colcon.colcon_core.package_identification:_identify(myenv/lib/python3.12/site-packages/Crypto/Random) by extensions ['colcon_pkg']
[0.223s] Level 1:colcon.colcon_core.package_identification:_identify(myenv/lib/python3.12/site-packages/Crypto/Random) by extension 'colcon_pkg'
[0.223s] Level 1:colcon.colcon_core.package_identification:_identify(myenv/lib/python3.12/site-packages/Crypto/Random) by extensions ['colcon_meta']
[0.223s] Level 1:colcon.colcon_core.package_identification:_identify(myenv/lib/python3.12/site-packages/Crypto/Random) by extension 'colcon_meta'
[0.223s] Level 1:colcon.colcon_core.package_identification:_identify(myenv/lib/python3.12/site-packages/Crypto/Random) by extensions ['ros']
[0.223s] Level 1:colcon.colcon_core.package_identification:_identify(myenv/lib/python3.12/site-packages/Crypto/Random) by extension 'ros'
[0.223s] Level 1:colcon.colcon_core.package_identification:_identify(myenv/lib/python3.12/site-packages/Crypto/Random) by extensions ['cmake', 'python']
[0.223s] Level 1:colcon.colcon_core.package_identification:_identify(myenv/lib/python3.12/site-packages/Crypto/Random) by extension 'cmake'
[0.224s] Level 1:colcon.colcon_core.package_identification:_identify(myenv/lib/python3.12/site-packages/Crypto/Random) by extension 'python'
[0.224s] Level 1:colcon.colcon_core.package_identification:_identify(myenv/lib/python3.12/site-packages/Crypto/Random) by extensions ['python_setup_py']
[0.224s] Level 1:colcon.colcon_core.package_identification:_identify(myenv/lib/python3.12/site-packages/Crypto/Random) by extension 'python_setup_py'
[0.224s] Level 1:colcon.colcon_core.package_identification:_identify(myenv/lib/python3.12/site-packages/Crypto/Random/__pycache__) by extensions ['ignore', 'ignore_ament_install']
[0.224s] Level 1:colcon.colcon_core.package_identification:_identify(myenv/lib/python3.12/site-packages/Crypto/Random/__pycache__) by extension 'ignore'
[0.224s] Level 1:colcon.colcon_core.package_identification:_identify(myenv/lib/python3.12/site-packages/Crypto/Random/__pycache__) by extension 'ignore_ament_install'
[0.224s] Level 1:colcon.colcon_core.package_identification:_identify(myenv/lib/python3.12/site-packages/Crypto/Random/__pycache__) by extensions ['colcon_pkg']
[0.224s] Level 1:colcon.colcon_core.package_identification:_identify(myenv/lib/python3.12/site-packages/Crypto/Random/__pycache__) by extension 'colcon_pkg'
[0.224s] Level 1:colcon.colcon_core.package_identification:_identify(myenv/lib/python3.12/site-packages/Crypto/Random/__pycache__) by extensions ['colcon_meta']
[0.224s] Level 1:colcon.colcon_core.package_identification:_identify(myenv/lib/python3.12/site-packages/Crypto/Random/__pycache__) by extension 'colcon_meta'
[0.224s] Level 1:colcon.colcon_core.package_identification:_identify(myenv/lib/python3.12/site-packages/Crypto/Random/__pycache__) by extensions ['ros']
[0.224s] Level 1:colcon.colcon_core.package_identification:_identify(myenv/lib/python3.12/site-packages/Crypto/Random/__pycache__) by extension 'ros'
[0.224s] Level 1:colcon.colcon_core.package_identification:_identify(myenv/lib/python3.12/site-packages/Crypto/Random/__pycache__) by extensions ['cmake', 'python']
[0.224s] Level 1:colcon.colcon_core.package_identification:_identify(myenv/lib/python3.12/site-packages/Crypto/Random/__pycache__) by extension 'cmake'
[0.224s] Level 1:colcon.colcon_core.package_identification:_identify(myenv/lib/python3.12/site-packages/Crypto/Random/__pycache__) by extension 'python'
[0.224s] Level 1:colcon.colcon_core.package_identification:_identify(myenv/lib/python3.12/site-packages/Crypto/Random/__pycache__) by extensions ['python_setup_py']
[0.224s] Level 1:colcon.colcon_core.package_identification:_identify(myenv/lib/python3.12/site-packages/Crypto/Random/__pycache__) by extension 'python_setup_py'
[0.225s] Level 1:colcon.colcon_core.package_identification:_identify(myenv/lib/python3.12/site-packages/Crypto/SelfTest) by extensions ['ignore', 'ignore_ament_install']
[0.225s] Level 1:colcon.colcon_core.package_identification:_identify(myenv/lib/python3.12/site-packages/Crypto/SelfTest) by extension 'ignore'
[0.225s] Level 1:colcon.colcon_core.package_identification:_identify(myenv/lib/python3.12/site-packages/Crypto/SelfTest) by extension 'ignore_ament_install'
[0.225s] Level 1:colcon.colcon_core.package_identification:_identify(myenv/lib/python3.12/site-packages/Crypto/SelfTest) by extensions ['colcon_pkg']
[0.225s] Level 1:colcon.colcon_core.package_identification:_identify(myenv/lib/python3.12/site-packages/Crypto/SelfTest) by extension 'colcon_pkg'
[0.225s] Level 1:colcon.colcon_core.package_identification:_identify(myenv/lib/python3.12/site-packages/Crypto/SelfTest) by extensions ['colcon_meta']
[0.225s] Level 1:colcon.colcon_core.package_identification:_identify(myenv/lib/python3.12/site-packages/Crypto/SelfTest) by extension 'colcon_meta'
[0.225s] Level 1:colcon.colcon_core.package_identification:_identify(myenv/lib/python3.12/site-packages/Crypto/SelfTest) by extensions ['ros']
[0.225s] Level 1:colcon.colcon_core.package_identification:_identify(myenv/lib/python3.12/site-packages/Crypto/SelfTest) by extension 'ros'
[0.225s] Level 1:colcon.colcon_core.package_identification:_identify(myenv/lib/python3.12/site-packages/Crypto/SelfTest) by extensions ['cmake', 'python']
[0.225s] Level 1:colcon.colcon_core.package_identification:_identify(myenv/lib/python3.12/site-packages/Crypto/SelfTest) by extension 'cmake'
[0.225s] Level 1:colcon.colcon_core.package_identification:_identify(myenv/lib/python3.12/site-packages/Crypto/SelfTest) by extension 'python'
[0.225s] Level 1:colcon.colcon_core.package_identification:_identify(myenv/lib/python3.12/site-packages/Crypto/SelfTest) by extensions ['python_setup_py']
[0.225s] Level 1:colcon.colcon_core.package_identification:_identify(myenv/lib/python3.12/site-packages/Crypto/SelfTest) by extension 'python_setup_py'
[0.225s] Level 1:colcon.colcon_core.package_identification:_identify(myenv/lib/python3.12/site-packages/Crypto/SelfTest/Cipher) by extensions ['ignore', 'ignore_ament_install']
[0.226s] Level 1:colcon.colcon_core.package_identification:_identify(myenv/lib/python3.12/site-packages/Crypto/SelfTest/Cipher) by extension 'ignore'
[0.226s] Level 1:colcon.colcon_core.package_identification:_identify(myenv/lib/python3.12/site-packages/Crypto/SelfTest/Cipher) by extension 'ignore_ament_install'
[0.226s] Level 1:colcon.colcon_core.package_identification:_identify(myenv/lib/python3.12/site-packages/Crypto/SelfTest/Cipher) by extensions ['colcon_pkg']
[0.226s] Level 1:colcon.colcon_core.package_identification:_identify(myenv/lib/python3.12/site-packages/Crypto/SelfTest/Cipher) by extension 'colcon_pkg'
[0.226s] Level 1:colcon.colcon_core.package_identification:_identify(myenv/lib/python3.12/site-packages/Crypto/SelfTest/Cipher) by extensions ['colcon_meta']
[0.226s] Level 1:colcon.colcon_core.package_identification:_identify(myenv/lib/python3.12/site-packages/Crypto/SelfTest/Cipher) by extension 'colcon_meta'
[0.226s] Level 1:colcon.colcon_core.package_identification:_identify(myenv/lib/python3.12/site-packages/Crypto/SelfTest/Cipher) by extensions ['ros']
[0.226s] Level 1:colcon.colcon_core.package_identification:_identify(myenv/lib/python3.12/site-packages/Crypto/SelfTest/Cipher) by extension 'ros'
[0.226s] Level 1:colcon.colcon_core.package_identification:_identify(myenv/lib/python3.12/site-packages/Crypto/SelfTest/Cipher) by extensions ['cmake', 'python']
[0.226s] Level 1:colcon.colcon_core.package_identification:_identify(myenv/lib/python3.12/site-packages/Crypto/SelfTest/Cipher) by extension 'cmake'
[0.226s] Level 1:colcon.colcon_core.package_identification:_identify(myenv/lib/python3.12/site-packages/Crypto/SelfTest/Cipher) by extension 'python'
[0.226s] Level 1:colcon.colcon_core.package_identification:_identify(myenv/lib/python3.12/site-packages/Crypto/SelfTest/Cipher) by extensions ['python_setup_py']
[0.226s] Level 1:colcon.colcon_core.package_identification:_identify(myenv/lib/python3.12/site-packages/Crypto/SelfTest/Cipher) by extension 'python_setup_py'
[0.226s] Level 1:colcon.colcon_core.package_identification:_identify(myenv/lib/python3.12/site-packages/Crypto/SelfTest/Cipher/__pycache__) by extensions ['ignore', 'ignore_ament_install']
[0.227s] Level 1:colcon.colcon_core.package_identification:_identify(myenv/lib/python3.12/site-packages/Crypto/SelfTest/Cipher/__pycache__) by extension 'ignore'
[0.227s] Level 1:colcon.colcon_core.package_identification:_identify(myenv/lib/python3.12/site-packages/Crypto/SelfTest/Cipher/__pycache__) by extension 'ignore_ament_install'
[0.227s] Level 1:colcon.colcon_core.package_identification:_identify(myenv/lib/python3.12/site-packages/Crypto/SelfTest/Cipher/__pycache__) by extensions ['colcon_pkg']
[0.227s] Level 1:colcon.colcon_core.package_identification:_identify(myenv/lib/python3.12/site-packages/Crypto/SelfTest/Cipher/__pycache__) by extension 'colcon_pkg'
[0.227s] Level 1:colcon.colcon_core.package_identification:_identify(myenv/lib/python3.12/site-packages/Crypto/SelfTest/Cipher/__pycache__) by extensions ['colcon_meta']
[0.227s] Level 1:colcon.colcon_core.package_identification:_identify(myenv/lib/python3.12/site-packages/Crypto/SelfTest/Cipher/__pycache__) by extension 'colcon_meta'
[0.227s] Level 1:colcon.colcon_core.package_identification:_identify(myenv/lib/python3.12/site-packages/Crypto/SelfTest/Cipher/__pycache__) by extensions ['ros']
[0.227s] Level 1:colcon.colcon_core.package_identification:_identify(myenv/lib/python3.12/site-packages/Crypto/SelfTest/Cipher/__pycache__) by extension 'ros'
[0.227s] Level 1:colcon.colcon_core.package_identification:_identify(myenv/lib/python3.12/site-packages/Crypto/SelfTest/Cipher/__pycache__) by extensions ['cmake', 'python']
[0.227s] Level 1:colcon.colcon_core.package_identification:_identify(myenv/lib/python3.12/site-packages/Crypto/SelfTest/Cipher/__pycache__) by extension 'cmake'
[0.227s] Level 1:colcon.colcon_core.package_identification:_identify(myenv/lib/python3.12/site-packages/Crypto/SelfTest/Cipher/__pycache__) by extension 'python'
[0.227s] Level 1:colcon.colcon_core.package_identification:_identify(myenv/lib/python3.12/site-packages/Crypto/SelfTest/Cipher/__pycache__) by extensions ['python_setup_py']
[0.227s] Level 1:colcon.colcon_core.package_identification:_identify(myenv/lib/python3.12/site-packages/Crypto/SelfTest/Cipher/__pycache__) by extension 'python_setup_py'
[0.227s] Level 1:colcon.colcon_core.package_identification:_identify(myenv/lib/python3.12/site-packages/Crypto/SelfTest/Hash) by extensions ['ignore', 'ignore_ament_install']
[0.228s] Level 1:colcon.colcon_core.package_identification:_identify(myenv/lib/python3.12/site-packages/Crypto/SelfTest/Hash) by extension 'ignore'
[0.228s] Level 1:colcon.colcon_core.package_identification:_identify(myenv/lib/python3.12/site-packages/Crypto/SelfTest/Hash) by extension 'ignore_ament_install'
[0.228s] Level 1:colcon.colcon_core.package_identification:_identify(myenv/lib/python3.12/site-packages/Crypto/SelfTest/Hash) by extensions ['colcon_pkg']
[0.228s] Level 1:colcon.colcon_core.package_identification:_identify(myenv/lib/python3.12/site-packages/Crypto/SelfTest/Hash) by extension 'colcon_pkg'
[0.228s] Level 1:colcon.colcon_core.package_identification:_identify(myenv/lib/python3.12/site-packages/Crypto/SelfTest/Hash) by extensions ['colcon_meta']
[0.228s] Level 1:colcon.colcon_core.package_identification:_identify(myenv/lib/python3.12/site-packages/Crypto/SelfTest/Hash) by extension 'colcon_meta'
[0.228s] Level 1:colcon.colcon_core.package_identification:_identify(myenv/lib/python3.12/site-packages/Crypto/SelfTest/Hash) by extensions ['ros']
[0.228s] Level 1:colcon.colcon_core.package_identification:_identify(myenv/lib/python3.12/site-packages/Crypto/SelfTest/Hash) by extension 'ros'
[0.228s] Level 1:colcon.colcon_core.package_identification:_identify(myenv/lib/python3.12/site-packages/Crypto/SelfTest/Hash) by extensions ['cmake', 'python']
[0.228s] Level 1:colcon.colcon_core.package_identification:_identify(myenv/lib/python3.12/site-packages/Crypto/SelfTest/Hash) by extension 'cmake'
[0.228s] Level 1:colcon.colcon_core.package_identification:_identify(myenv/lib/python3.12/site-packages/Crypto/SelfTest/Hash) by extension 'python'
[0.228s] Level 1:colcon.colcon_core.package_identification:_identify(myenv/lib/python3.12/site-packages/Crypto/SelfTest/Hash) by extensions ['python_setup_py']
[0.228s] Level 1:colcon.colcon_core.package_identification:_identify(myenv/lib/python3.12/site-packages/Crypto/SelfTest/Hash) by extension 'python_setup_py'
[0.228s] Level 1:colcon.colcon_core.package_identification:_identify(myenv/lib/python3.12/site-packages/Crypto/SelfTest/Hash/__pycache__) by extensions ['ignore', 'ignore_ament_install']
[0.228s] Level 1:colcon.colcon_core.package_identification:_identify(myenv/lib/python3.12/site-packages/Crypto/SelfTest/Hash/__pycache__) by extension 'ignore'
[0.228s] Level 1:colcon.colcon_core.package_identification:_identify(myenv/lib/python3.12/site-packages/Crypto/SelfTest/Hash/__pycache__) by extension 'ignore_ament_install'
[0.229s] Level 1:colcon.colcon_core.package_identification:_identify(myenv/lib/python3.12/site-packages/Crypto/SelfTest/Hash/__pycache__) by extensions ['colcon_pkg']
[0.229s] Level 1:colcon.colcon_core.package_identification:_identify(myenv/lib/python3.12/site-packages/Crypto/SelfTest/Hash/__pycache__) by extension 'colcon_pkg'
[0.229s] Level 1:colcon.colcon_core.package_identification:_identify(myenv/lib/python3.12/site-packages/Crypto/SelfTest/Hash/__pycache__) by extensions ['colcon_meta']
[0.229s] Level 1:colcon.colcon_core.package_identification:_identify(myenv/lib/python3.12/site-packages/Crypto/SelfTest/Hash/__pycache__) by extension 'colcon_meta'
[0.229s] Level 1:colcon.colcon_core.package_identification:_identify(myenv/lib/python3.12/site-packages/Crypto/SelfTest/Hash/__pycache__) by extensions ['ros']
[0.229s] Level 1:colcon.colcon_core.package_identification:_identify(myenv/lib/python3.12/site-packages/Crypto/SelfTest/Hash/__pycache__) by extension 'ros'
[0.229s] Level 1:colcon.colcon_core.package_identification:_identify(myenv/lib/python3.12/site-packages/Crypto/SelfTest/Hash/__pycache__) by extensions ['cmake', 'python']
[0.229s] Level 1:colcon.colcon_core.package_identification:_identify(myenv/lib/python3.12/site-packages/Crypto/SelfTest/Hash/__pycache__) by extension 'cmake'
[0.229s] Level 1:colcon.colcon_core.package_identification:_identify(myenv/lib/python3.12/site-packages/Crypto/SelfTest/Hash/__pycache__) by extension 'python'
[0.229s] Level 1:colcon.colcon_core.package_identification:_identify(myenv/lib/python3.12/site-packages/Crypto/SelfTest/Hash/__pycache__) by extensions ['python_setup_py']
[0.229s] Level 1:colcon.colcon_core.package_identification:_identify(myenv/lib/python3.12/site-packages/Crypto/SelfTest/Hash/__pycache__) by extension 'python_setup_py'
[0.229s] Level 1:colcon.colcon_core.package_identification:_identify(myenv/lib/python3.12/site-packages/Crypto/SelfTest/IO) by extensions ['ignore', 'ignore_ament_install']
[0.229s] Level 1:colcon.colcon_core.package_identification:_identify(myenv/lib/python3.12/site-packages/Crypto/SelfTest/IO) by extension 'ignore'
[0.229s] Level 1:colcon.colcon_core.package_identification:_identify(myenv/lib/python3.12/site-packages/Crypto/SelfTest/IO) by extension 'ignore_ament_install'
[0.229s] Level 1:colcon.colcon_core.package_identification:_identify(myenv/lib/python3.12/site-packages/Crypto/SelfTest/IO) by extensions ['colcon_pkg']
[0.229s] Level 1:colcon.colcon_core.package_identification:_identify(myenv/lib/python3.12/site-packages/Crypto/SelfTest/IO) by extension 'colcon_pkg'
[0.230s] Level 1:colcon.colcon_core.package_identification:_identify(myenv/lib/python3.12/site-packages/Crypto/SelfTest/IO) by extensions ['colcon_meta']
[0.230s] Level 1:colcon.colcon_core.package_identification:_identify(myenv/lib/python3.12/site-packages/Crypto/SelfTest/IO) by extension 'colcon_meta'
[0.230s] Level 1:colcon.colcon_core.package_identification:_identify(myenv/lib/python3.12/site-packages/Crypto/SelfTest/IO) by extensions ['ros']
[0.230s] Level 1:colcon.colcon_core.package_identification:_identify(myenv/lib/python3.12/site-packages/Crypto/SelfTest/IO) by extension 'ros'
[0.230s] Level 1:colcon.colcon_core.package_identification:_identify(myenv/lib/python3.12/site-packages/Crypto/SelfTest/IO) by extensions ['cmake', 'python']
[0.230s] Level 1:colcon.colcon_core.package_identification:_identify(myenv/lib/python3.12/site-packages/Crypto/SelfTest/IO) by extension 'cmake'
[0.230s] Level 1:colcon.colcon_core.package_identification:_identify(myenv/lib/python3.12/site-packages/Crypto/SelfTest/IO) by extension 'python'
[0.230s] Level 1:colcon.colcon_core.package_identification:_identify(myenv/lib/python3.12/site-packages/Crypto/SelfTest/IO) by extensions ['python_setup_py']
[0.230s] Level 1:colcon.colcon_core.package_identification:_identify(myenv/lib/python3.12/site-packages/Crypto/SelfTest/IO) by extension 'python_setup_py'
[0.230s] Level 1:colcon.colcon_core.package_identification:_identify(myenv/lib/python3.12/site-packages/Crypto/SelfTest/IO/__pycache__) by extensions ['ignore', 'ignore_ament_install']
[0.230s] Level 1:colcon.colcon_core.package_identification:_identify(myenv/lib/python3.12/site-packages/Crypto/SelfTest/IO/__pycache__) by extension 'ignore'
[0.230s] Level 1:colcon.colcon_core.package_identification:_identify(myenv/lib/python3.12/site-packages/Crypto/SelfTest/IO/__pycache__) by extension 'ignore_ament_install'
[0.230s] Level 1:colcon.colcon_core.package_identification:_identify(myenv/lib/python3.12/site-packages/Crypto/SelfTest/IO/__pycache__) by extensions ['colcon_pkg']
[0.230s] Level 1:colcon.colcon_core.package_identification:_identify(myenv/lib/python3.12/site-packages/Crypto/SelfTest/IO/__pycache__) by extension 'colcon_pkg'
[0.230s] Level 1:colcon.colcon_core.package_identification:_identify(myenv/lib/python3.12/site-packages/Crypto/SelfTest/IO/__pycache__) by extensions ['colcon_meta']
[0.231s] Level 1:colcon.colcon_core.package_identification:_identify(myenv/lib/python3.12/site-packages/Crypto/SelfTest/IO/__pycache__) by extension 'colcon_meta'
[0.231s] Level 1:colcon.colcon_core.package_identification:_identify(myenv/lib/python3.12/site-packages/Crypto/SelfTest/IO/__pycache__) by extensions ['ros']
[0.231s] Level 1:colcon.colcon_core.package_identification:_identify(myenv/lib/python3.12/site-packages/Crypto/SelfTest/IO/__pycache__) by extension 'ros'
[0.231s] Level 1:colcon.colcon_core.package_identification:_identify(myenv/lib/python3.12/site-packages/Crypto/SelfTest/IO/__pycache__) by extensions ['cmake', 'python']
[0.231s] Level 1:colcon.colcon_core.package_identification:_identify(myenv/lib/python3.12/site-packages/Crypto/SelfTest/IO/__pycache__) by extension 'cmake'
[0.231s] Level 1:colcon.colcon_core.package_identification:_identify(myenv/lib/python3.12/site-packages/Crypto/SelfTest/IO/__pycache__) by extension 'python'
[0.231s] Level 1:colcon.colcon_core.package_identification:_identify(myenv/lib/python3.12/site-packages/Crypto/SelfTest/IO/__pycache__) by extensions ['python_setup_py']
[0.231s] Level 1:colcon.colcon_core.package_identification:_identify(myenv/lib/python3.12/site-packages/Crypto/SelfTest/IO/__pycache__) by extension 'python_setup_py'
[0.231s] Level 1:colcon.colcon_core.package_identification:_identify(myenv/lib/python3.12/site-packages/Crypto/SelfTest/Math) by extensions ['ignore', 'ignore_ament_install']
[0.231s] Level 1:colcon.colcon_core.package_identification:_identify(myenv/lib/python3.12/site-packages/Crypto/SelfTest/Math) by extension 'ignore'
[0.231s] Level 1:colcon.colcon_core.package_identification:_identify(myenv/lib/python3.12/site-packages/Crypto/SelfTest/Math) by extension 'ignore_ament_install'
[0.231s] Level 1:colcon.colcon_core.package_identification:_identify(myenv/lib/python3.12/site-packages/Crypto/SelfTest/Math) by extensions ['colcon_pkg']
[0.231s] Level 1:colcon.colcon_core.package_identification:_identify(myenv/lib/python3.12/site-packages/Crypto/SelfTest/Math) by extension 'colcon_pkg'
[0.231s] Level 1:colcon.colcon_core.package_identification:_identify(myenv/lib/python3.12/site-packages/Crypto/SelfTest/Math) by extensions ['colcon_meta']
[0.231s] Level 1:colcon.colcon_core.package_identification:_identify(myenv/lib/python3.12/site-packages/Crypto/SelfTest/Math) by extension 'colcon_meta'
[0.232s] Level 1:colcon.colcon_core.package_identification:_identify(myenv/lib/python3.12/site-packages/Crypto/SelfTest/Math) by extensions ['ros']
[0.232s] Level 1:colcon.colcon_core.package_identification:_identify(myenv/lib/python3.12/site-packages/Crypto/SelfTest/Math) by extension 'ros'
[0.232s] Level 1:colcon.colcon_core.package_identification:_identify(myenv/lib/python3.12/site-packages/Crypto/SelfTest/Math) by extensions ['cmake', 'python']
[0.232s] Level 1:colcon.colcon_core.package_identification:_identify(myenv/lib/python3.12/site-packages/Crypto/SelfTest/Math) by extension 'cmake'
[0.232s] Level 1:colcon.colcon_core.package_identification:_identify(myenv/lib/python3.12/site-packages/Crypto/SelfTest/Math) by extension 'python'
[0.232s] Level 1:colcon.colcon_core.package_identification:_identify(myenv/lib/python3.12/site-packages/Crypto/SelfTest/Math) by extensions ['python_setup_py']
[0.232s] Level 1:colcon.colcon_core.package_identification:_identify(myenv/lib/python3.12/site-packages/Crypto/SelfTest/Math) by extension 'python_setup_py'
[0.232s] Level 1:colcon.colcon_core.package_identification:_identify(myenv/lib/python3.12/site-packages/Crypto/SelfTest/Math/__pycache__) by extensions ['ignore', 'ignore_ament_install']
[0.232s] Level 1:colcon.colcon_core.package_identification:_identify(myenv/lib/python3.12/site-packages/Crypto/SelfTest/Math/__pycache__) by extension 'ignore'
[0.232s] Level 1:colcon.colcon_core.package_identification:_identify(myenv/lib/python3.12/site-packages/Crypto/SelfTest/Math/__pycache__) by extension 'ignore_ament_install'
[0.232s] Level 1:colcon.colcon_core.package_identification:_identify(myenv/lib/python3.12/site-packages/Crypto/SelfTest/Math/__pycache__) by extensions ['colcon_pkg']
[0.232s] Level 1:colcon.colcon_core.package_identification:_identify(myenv/lib/python3.12/site-packages/Crypto/SelfTest/Math/__pycache__) by extension 'colcon_pkg'
[0.232s] Level 1:colcon.colcon_core.package_identification:_identify(myenv/lib/python3.12/site-packages/Crypto/SelfTest/Math/__pycache__) by extensions ['colcon_meta']
[0.232s] Level 1:colcon.colcon_core.package_identification:_identify(myenv/lib/python3.12/site-packages/Crypto/SelfTest/Math/__pycache__) by extension 'colcon_meta'
[0.232s] Level 1:colcon.colcon_core.package_identification:_identify(myenv/lib/python3.12/site-packages/Crypto/SelfTest/Math/__pycache__) by extensions ['ros']
[0.232s] Level 1:colcon.colcon_core.package_identification:_identify(myenv/lib/python3.12/site-packages/Crypto/SelfTest/Math/__pycache__) by extension 'ros'
[0.233s] Level 1:colcon.colcon_core.package_identification:_identify(myenv/lib/python3.12/site-packages/Crypto/SelfTest/Math/__pycache__) by extensions ['cmake', 'python']
[0.233s] Level 1:colcon.colcon_core.package_identification:_identify(myenv/lib/python3.12/site-packages/Crypto/SelfTest/Math/__pycache__) by extension 'cmake'
[0.233s] Level 1:colcon.colcon_core.package_identification:_identify(myenv/lib/python3.12/site-packages/Crypto/SelfTest/Math/__pycache__) by extension 'python'
[0.233s] Level 1:colcon.colcon_core.package_identification:_identify(myenv/lib/python3.12/site-packages/Crypto/SelfTest/Math/__pycache__) by extensions ['python_setup_py']
[0.233s] Level 1:colcon.colcon_core.package_identification:_identify(myenv/lib/python3.12/site-packages/Crypto/SelfTest/Math/__pycache__) by extension 'python_setup_py'
[0.233s] Level 1:colcon.colcon_core.package_identification:_identify(myenv/lib/python3.12/site-packages/Crypto/SelfTest/Protocol) by extensions ['ignore', 'ignore_ament_install']
[0.233s] Level 1:colcon.colcon_core.package_identification:_identify(myenv/lib/python3.12/site-packages/Crypto/SelfTest/Protocol) by extension 'ignore'
[0.233s] Level 1:colcon.colcon_core.package_identification:_identify(myenv/lib/python3.12/site-packages/Crypto/SelfTest/Protocol) by extension 'ignore_ament_install'
[0.233s] Level 1:colcon.colcon_core.package_identification:_identify(myenv/lib/python3.12/site-packages/Crypto/SelfTest/Protocol) by extensions ['colcon_pkg']
[0.233s] Level 1:colcon.colcon_core.package_identification:_identify(myenv/lib/python3.12/site-packages/Crypto/SelfTest/Protocol) by extension 'colcon_pkg'
[0.233s] Level 1:colcon.colcon_core.package_identification:_identify(myenv/lib/python3.12/site-packages/Crypto/SelfTest/Protocol) by extensions ['colcon_meta']
[0.233s] Level 1:colcon.colcon_core.package_identification:_identify(myenv/lib/python3.12/site-packages/Crypto/SelfTest/Protocol) by extension 'colcon_meta'
[0.233s] Level 1:colcon.colcon_core.package_identification:_identify(myenv/lib/python3.12/site-packages/Crypto/SelfTest/Protocol) by extensions ['ros']
[0.233s] Level 1:colcon.colcon_core.package_identification:_identify(myenv/lib/python3.12/site-packages/Crypto/SelfTest/Protocol) by extension 'ros'
[0.233s] Level 1:colcon.colcon_core.package_identification:_identify(myenv/lib/python3.12/site-packages/Crypto/SelfTest/Protocol) by extensions ['cmake', 'python']
[0.233s] Level 1:colcon.colcon_core.package_identification:_identify(myenv/lib/python3.12/site-packages/Crypto/SelfTest/Protocol) by extension 'cmake'
[0.233s] Level 1:colcon.colcon_core.package_identification:_identify(myenv/lib/python3.12/site-packages/Crypto/SelfTest/Protocol) by extension 'python'
[0.234s] Level 1:colcon.colcon_core.package_identification:_identify(myenv/lib/python3.12/site-packages/Crypto/SelfTest/Protocol) by extensions ['python_setup_py']
[0.234s] Level 1:colcon.colcon_core.package_identification:_identify(myenv/lib/python3.12/site-packages/Crypto/SelfTest/Protocol) by extension 'python_setup_py'
[0.234s] Level 1:colcon.colcon_core.package_identification:_identify(myenv/lib/python3.12/site-packages/Crypto/SelfTest/Protocol/__pycache__) by extensions ['ignore', 'ignore_ament_install']
[0.234s] Level 1:colcon.colcon_core.package_identification:_identify(myenv/lib/python3.12/site-packages/Crypto/SelfTest/Protocol/__pycache__) by extension 'ignore'
[0.234s] Level 1:colcon.colcon_core.package_identification:_identify(myenv/lib/python3.12/site-packages/Crypto/SelfTest/Protocol/__pycache__) by extension 'ignore_ament_install'
[0.234s] Level 1:colcon.colcon_core.package_identification:_identify(myenv/lib/python3.12/site-packages/Crypto/SelfTest/Protocol/__pycache__) by extensions ['colcon_pkg']
[0.234s] Level 1:colcon.colcon_core.package_identification:_identify(myenv/lib/python3.12/site-packages/Crypto/SelfTest/Protocol/__pycache__) by extension 'colcon_pkg'
[0.234s] Level 1:colcon.colcon_core.package_identification:_identify(myenv/lib/python3.12/site-packages/Crypto/SelfTest/Protocol/__pycache__) by extensions ['colcon_meta']
[0.234s] Level 1:colcon.colcon_core.package_identification:_identify(myenv/lib/python3.12/site-packages/Crypto/SelfTest/Protocol/__pycache__) by extension 'colcon_meta'
[0.234s] Level 1:colcon.colcon_core.package_identification:_identify(myenv/lib/python3.12/site-packages/Crypto/SelfTest/Protocol/__pycache__) by extensions ['ros']
[0.234s] Level 1:colcon.colcon_core.package_identification:_identify(myenv/lib/python3.12/site-packages/Crypto/SelfTest/Protocol/__pycache__) by extension 'ros'
[0.234s] Level 1:colcon.colcon_core.package_identification:_identify(myenv/lib/python3.12/site-packages/Crypto/SelfTest/Protocol/__pycache__) by extensions ['cmake', 'python']
[0.234s] Level 1:colcon.colcon_core.package_identification:_identify(myenv/lib/python3.12/site-packages/Crypto/SelfTest/Protocol/__pycache__) by extension 'cmake'
[0.234s] Level 1:colcon.colcon_core.package_identification:_identify(myenv/lib/python3.12/site-packages/Crypto/SelfTest/Protocol/__pycache__) by extension 'python'
[0.234s] Level 1:colcon.colcon_core.package_identification:_identify(myenv/lib/python3.12/site-packages/Crypto/SelfTest/Protocol/__pycache__) by extensions ['python_setup_py']
[0.234s] Level 1:colcon.colcon_core.package_identification:_identify(myenv/lib/python3.12/site-packages/Crypto/SelfTest/Protocol/__pycache__) by extension 'python_setup_py'
[0.235s] Level 1:colcon.colcon_core.package_identification:_identify(myenv/lib/python3.12/site-packages/Crypto/SelfTest/PublicKey) by extensions ['ignore', 'ignore_ament_install']
[0.235s] Level 1:colcon.colcon_core.package_identification:_identify(myenv/lib/python3.12/site-packages/Crypto/SelfTest/PublicKey) by extension 'ignore'
[0.235s] Level 1:colcon.colcon_core.package_identification:_identify(myenv/lib/python3.12/site-packages/Crypto/SelfTest/PublicKey) by extension 'ignore_ament_install'
[0.235s] Level 1:colcon.colcon_core.package_identification:_identify(myenv/lib/python3.12/site-packages/Crypto/SelfTest/PublicKey) by extensions ['colcon_pkg']
[0.235s] Level 1:colcon.colcon_core.package_identification:_identify(myenv/lib/python3.12/site-packages/Crypto/SelfTest/PublicKey) by extension 'colcon_pkg'
[0.235s] Level 1:colcon.colcon_core.package_identification:_identify(myenv/lib/python3.12/site-packages/Crypto/SelfTest/PublicKey) by extensions ['colcon_meta']
[0.235s] Level 1:colcon.colcon_core.package_identification:_identify(myenv/lib/python3.12/site-packages/Crypto/SelfTest/PublicKey) by extension 'colcon_meta'
[0.235s] Level 1:colcon.colcon_core.package_identification:_identify(myenv/lib/python3.12/site-packages/Crypto/SelfTest/PublicKey) by extensions ['ros']
[0.235s] Level 1:colcon.colcon_core.package_identification:_identify(myenv/lib/python3.12/site-packages/Crypto/SelfTest/PublicKey) by extension 'ros'
[0.235s] Level 1:colcon.colcon_core.package_identification:_identify(myenv/lib/python3.12/site-packages/Crypto/SelfTest/PublicKey) by extensions ['cmake', 'python']
[0.235s] Level 1:colcon.colcon_core.package_identification:_identify(myenv/lib/python3.12/site-packages/Crypto/SelfTest/PublicKey) by extension 'cmake'
[0.235s] Level 1:colcon.colcon_core.package_identification:_identify(myenv/lib/python3.12/site-packages/Crypto/SelfTest/PublicKey) by extension 'python'
[0.235s] Level 1:colcon.colcon_core.package_identification:_identify(myenv/lib/python3.12/site-packages/Crypto/SelfTest/PublicKey) by extensions ['python_setup_py']
[0.235s] Level 1:colcon.colcon_core.package_identification:_identify(myenv/lib/python3.12/site-packages/Crypto/SelfTest/PublicKey) by extension 'python_setup_py'
[0.235s] Level 1:colcon.colcon_core.package_identification:_identify(myenv/lib/python3.12/site-packages/Crypto/SelfTest/PublicKey/__pycache__) by extensions ['ignore', 'ignore_ament_install']
[0.236s] Level 1:colcon.colcon_core.package_identification:_identify(myenv/lib/python3.12/site-packages/Crypto/SelfTest/PublicKey/__pycache__) by extension 'ignore'
[0.236s] Level 1:colcon.colcon_core.package_identification:_identify(myenv/lib/python3.12/site-packages/Crypto/SelfTest/PublicKey/__pycache__) by extension 'ignore_ament_install'
[0.236s] Level 1:colcon.colcon_core.package_identification:_identify(myenv/lib/python3.12/site-packages/Crypto/SelfTest/PublicKey/__pycache__) by extensions ['colcon_pkg']
[0.236s] Level 1:colcon.colcon_core.package_identification:_identify(myenv/lib/python3.12/site-packages/Crypto/SelfTest/PublicKey/__pycache__) by extension 'colcon_pkg'
[0.236s] Level 1:colcon.colcon_core.package_identification:_identify(myenv/lib/python3.12/site-packages/Crypto/SelfTest/PublicKey/__pycache__) by extensions ['colcon_meta']
[0.236s] Level 1:colcon.colcon_core.package_identification:_identify(myenv/lib/python3.12/site-packages/Crypto/SelfTest/PublicKey/__pycache__) by extension 'colcon_meta'
[0.236s] Level 1:colcon.colcon_core.package_identification:_identify(myenv/lib/python3.12/site-packages/Crypto/SelfTest/PublicKey/__pycache__) by extensions ['ros']
[0.236s] Level 1:colcon.colcon_core.package_identification:_identify(myenv/lib/python3.12/site-packages/Crypto/SelfTest/PublicKey/__pycache__) by extension 'ros'
[0.236s] Level 1:colcon.colcon_core.package_identification:_identify(myenv/lib/python3.12/site-packages/Crypto/SelfTest/PublicKey/__pycache__) by extensions ['cmake', 'python']
[0.236s] Level 1:colcon.colcon_core.package_identification:_identify(myenv/lib/python3.12/site-packages/Crypto/SelfTest/PublicKey/__pycache__) by extension 'cmake'
[0.236s] Level 1:colcon.colcon_core.package_identification:_identify(myenv/lib/python3.12/site-packages/Crypto/SelfTest/PublicKey/__pycache__) by extension 'python'
[0.236s] Level 1:colcon.colcon_core.package_identification:_identify(myenv/lib/python3.12/site-packages/Crypto/SelfTest/PublicKey/__pycache__) by extensions ['python_setup_py']
[0.236s] Level 1:colcon.colcon_core.package_identification:_identify(myenv/lib/python3.12/site-packages/Crypto/SelfTest/PublicKey/__pycache__) by extension 'python_setup_py'
[0.236s] Level 1:colcon.colcon_core.package_identification:_identify(myenv/lib/python3.12/site-packages/Crypto/SelfTest/Random) by extensions ['ignore', 'ignore_ament_install']
[0.236s] Level 1:colcon.colcon_core.package_identification:_identify(myenv/lib/python3.12/site-packages/Crypto/SelfTest/Random) by extension 'ignore'
[0.237s] Level 1:colcon.colcon_core.package_identification:_identify(myenv/lib/python3.12/site-packages/Crypto/SelfTest/Random) by extension 'ignore_ament_install'
[0.237s] Level 1:colcon.colcon_core.package_identification:_identify(myenv/lib/python3.12/site-packages/Crypto/SelfTest/Random) by extensions ['colcon_pkg']
[0.237s] Level 1:colcon.colcon_core.package_identification:_identify(myenv/lib/python3.12/site-packages/Crypto/SelfTest/Random) by extension 'colcon_pkg'
[0.237s] Level 1:colcon.colcon_core.package_identification:_identify(myenv/lib/python3.12/site-packages/Crypto/SelfTest/Random) by extensions ['colcon_meta']
[0.237s] Level 1:colcon.colcon_core.package_identification:_identify(myenv/lib/python3.12/site-packages/Crypto/SelfTest/Random) by extension 'colcon_meta'
[0.237s] Level 1:colcon.colcon_core.package_identification:_identify(myenv/lib/python3.12/site-packages/Crypto/SelfTest/Random) by extensions ['ros']
[0.237s] Level 1:colcon.colcon_core.package_identification:_identify(myenv/lib/python3.12/site-packages/Crypto/SelfTest/Random) by extension 'ros'
[0.237s] Level 1:colcon.colcon_core.package_identification:_identify(myenv/lib/python3.12/site-packages/Crypto/SelfTest/Random) by extensions ['cmake', 'python']
[0.237s] Level 1:colcon.colcon_core.package_identification:_identify(myenv/lib/python3.12/site-packages/Crypto/SelfTest/Random) by extension 'cmake'
[0.237s] Level 1:colcon.colcon_core.package_identification:_identify(myenv/lib/python3.12/site-packages/Crypto/SelfTest/Random) by extension 'python'
[0.237s] Level 1:colcon.colcon_core.package_identification:_identify(myenv/lib/python3.12/site-packages/Crypto/SelfTest/Random) by extensions ['python_setup_py']
[0.237s] Level 1:colcon.colcon_core.package_identification:_identify(myenv/lib/python3.12/site-packages/Crypto/SelfTest/Random) by extension 'python_setup_py'
[0.237s] Level 1:colcon.colcon_core.package_identification:_identify(myenv/lib/python3.12/site-packages/Crypto/SelfTest/Random/__pycache__) by extensions ['ignore', 'ignore_ament_install']
[0.237s] Level 1:colcon.colcon_core.package_identification:_identify(myenv/lib/python3.12/site-packages/Crypto/SelfTest/Random/__pycache__) by extension 'ignore'
[0.238s] Level 1:colcon.colcon_core.package_identification:_identify(myenv/lib/python3.12/site-packages/Crypto/SelfTest/Random/__pycache__) by extension 'ignore_ament_install'
[0.238s] Level 1:colcon.colcon_core.package_identification:_identify(myenv/lib/python3.12/site-packages/Crypto/SelfTest/Random/__pycache__) by extensions ['colcon_pkg']
[0.238s] Level 1:colcon.colcon_core.package_identification:_identify(myenv/lib/python3.12/site-packages/Crypto/SelfTest/Random/__pycache__) by extension 'colcon_pkg'
[0.238s] Level 1:colcon.colcon_core.package_identification:_identify(myenv/lib/python3.12/site-packages/Crypto/SelfTest/Random/__pycache__) by extensions ['colcon_meta']
[0.238s] Level 1:colcon.colcon_core.package_identification:_identify(myenv/lib/python3.12/site-packages/Crypto/SelfTest/Random/__pycache__) by extension 'colcon_meta'
[0.238s] Level 1:colcon.colcon_core.package_identification:_identify(myenv/lib/python3.12/site-packages/Crypto/SelfTest/Random/__pycache__) by extensions ['ros']
[0.238s] Level 1:colcon.colcon_core.package_identification:_identify(myenv/lib/python3.12/site-packages/Crypto/SelfTest/Random/__pycache__) by extension 'ros'
[0.238s] Level 1:colcon.colcon_core.package_identification:_identify(myenv/lib/python3.12/site-packages/Crypto/SelfTest/Random/__pycache__) by extensions ['cmake', 'python']
[0.238s] Level 1:colcon.colcon_core.package_identification:_identify(myenv/lib/python3.12/site-packages/Crypto/SelfTest/Random/__pycache__) by extension 'cmake'
[0.238s] Level 1:colcon.colcon_core.package_identification:_identify(myenv/lib/python3.12/site-packages/Crypto/SelfTest/Random/__pycache__) by extension 'python'
[0.238s] Level 1:colcon.colcon_core.package_identification:_identify(myenv/lib/python3.12/site-packages/Crypto/SelfTest/Random/__pycache__) by extensions ['python_setup_py']
[0.238s] Level 1:colcon.colcon_core.package_identification:_identify(myenv/lib/python3.12/site-packages/Crypto/SelfTest/Random/__pycache__) by extension 'python_setup_py'
[0.238s] Level 1:colcon.colcon_core.package_identification:_identify(myenv/lib/python3.12/site-packages/Crypto/SelfTest/Signature) by extensions ['ignore', 'ignore_ament_install']
[0.238s] Level 1:colcon.colcon_core.package_identification:_identify(myenv/lib/python3.12/site-packages/Crypto/SelfTest/Signature) by extension 'ignore'
[0.238s] Level 1:colcon.colcon_core.package_identification:_identify(myenv/lib/python3.12/site-packages/Crypto/SelfTest/Signature) by extension 'ignore_ament_install'
[0.238s] Level 1:colcon.colcon_core.package_identification:_identify(myenv/lib/python3.12/site-packages/Crypto/SelfTest/Signature) by extensions ['colcon_pkg']
[0.238s] Level 1:colcon.colcon_core.package_identification:_identify(myenv/lib/python3.12/site-packages/Crypto/SelfTest/Signature) by extension 'colcon_pkg'
[0.239s] Level 1:colcon.colcon_core.package_identification:_identify(myenv/lib/python3.12/site-packages/Crypto/SelfTest/Signature) by extensions ['colcon_meta']
[0.239s] Level 1:colcon.colcon_core.package_identification:_identify(myenv/lib/python3.12/site-packages/Crypto/SelfTest/Signature) by extension 'colcon_meta'
[0.239s] Level 1:colcon.colcon_core.package_identification:_identify(myenv/lib/python3.12/site-packages/Crypto/SelfTest/Signature) by extensions ['ros']
[0.239s] Level 1:colcon.colcon_core.package_identification:_identify(myenv/lib/python3.12/site-packages/Crypto/SelfTest/Signature) by extension 'ros'
[0.239s] Level 1:colcon.colcon_core.package_identification:_identify(myenv/lib/python3.12/site-packages/Crypto/SelfTest/Signature) by extensions ['cmake', 'python']
[0.239s] Level 1:colcon.colcon_core.package_identification:_identify(myenv/lib/python3.12/site-packages/Crypto/SelfTest/Signature) by extension 'cmake'
[0.239s] Level 1:colcon.colcon_core.package_identification:_identify(myenv/lib/python3.12/site-packages/Crypto/SelfTest/Signature) by extension 'python'
[0.239s] Level 1:colcon.colcon_core.package_identification:_identify(myenv/lib/python3.12/site-packages/Crypto/SelfTest/Signature) by extensions ['python_setup_py']
[0.239s] Level 1:colcon.colcon_core.package_identification:_identify(myenv/lib/python3.12/site-packages/Crypto/SelfTest/Signature) by extension 'python_setup_py'
[0.239s] Level 1:colcon.colcon_core.package_identification:_identify(myenv/lib/python3.12/site-packages/Crypto/SelfTest/Signature/__pycache__) by extensions ['ignore', 'ignore_ament_install']
[0.239s] Level 1:colcon.colcon_core.package_identification:_identify(myenv/lib/python3.12/site-packages/Crypto/SelfTest/Signature/__pycache__) by extension 'ignore'
[0.239s] Level 1:colcon.colcon_core.package_identification:_identify(myenv/lib/python3.12/site-packages/Crypto/SelfTest/Signature/__pycache__) by extension 'ignore_ament_install'
[0.239s] Level 1:colcon.colcon_core.package_identification:_identify(myenv/lib/python3.12/site-packages/Crypto/SelfTest/Signature/__pycache__) by extensions ['colcon_pkg']
[0.239s] Level 1:colcon.colcon_core.package_identification:_identify(myenv/lib/python3.12/site-packages/Crypto/SelfTest/Signature/__pycache__) by extension 'colcon_pkg'
[0.239s] Level 1:colcon.colcon_core.package_identification:_identify(myenv/lib/python3.12/site-packages/Crypto/SelfTest/Signature/__pycache__) by extensions ['colcon_meta']
[0.239s] Level 1:colcon.colcon_core.package_identification:_identify(myenv/lib/python3.12/site-packages/Crypto/SelfTest/Signature/__pycache__) by extension 'colcon_meta'
[0.239s] Level 1:colcon.colcon_core.package_identification:_identify(myenv/lib/python3.12/site-packages/Crypto/SelfTest/Signature/__pycache__) by extensions ['ros']
[0.240s] Level 1:colcon.colcon_core.package_identification:_identify(myenv/lib/python3.12/site-packages/Crypto/SelfTest/Signature/__pycache__) by extension 'ros'
[0.240s] Level 1:colcon.colcon_core.package_identification:_identify(myenv/lib/python3.12/site-packages/Crypto/SelfTest/Signature/__pycache__) by extensions ['cmake', 'python']
[0.240s] Level 1:colcon.colcon_core.package_identification:_identify(myenv/lib/python3.12/site-packages/Crypto/SelfTest/Signature/__pycache__) by extension 'cmake'
[0.240s] Level 1:colcon.colcon_core.package_identification:_identify(myenv/lib/python3.12/site-packages/Crypto/SelfTest/Signature/__pycache__) by extension 'python'
[0.240s] Level 1:colcon.colcon_core.package_identification:_identify(myenv/lib/python3.12/site-packages/Crypto/SelfTest/Signature/__pycache__) by extensions ['python_setup_py']
[0.240s] Level 1:colcon.colcon_core.package_identification:_identify(myenv/lib/python3.12/site-packages/Crypto/SelfTest/Signature/__pycache__) by extension 'python_setup_py'
[0.240s] Level 1:colcon.colcon_core.package_identification:_identify(myenv/lib/python3.12/site-packages/Crypto/SelfTest/Util) by extensions ['ignore', 'ignore_ament_install']
[0.240s] Level 1:colcon.colcon_core.package_identification:_identify(myenv/lib/python3.12/site-packages/Crypto/SelfTest/Util) by extension 'ignore'
[0.240s] Level 1:colcon.colcon_core.package_identification:_identify(myenv/lib/python3.12/site-packages/Crypto/SelfTest/Util) by extension 'ignore_ament_install'
[0.240s] Level 1:colcon.colcon_core.package_identification:_identify(myenv/lib/python3.12/site-packages/Crypto/SelfTest/Util) by extensions ['colcon_pkg']
[0.240s] Level 1:colcon.colcon_core.package_identification:_identify(myenv/lib/python3.12/site-packages/Crypto/SelfTest/Util) by extension 'colcon_pkg'
[0.240s] Level 1:colcon.colcon_core.package_identification:_identify(myenv/lib/python3.12/site-packages/Crypto/SelfTest/Util) by extensions ['colcon_meta']
[0.240s] Level 1:colcon.colcon_core.package_identification:_identify(myenv/lib/python3.12/site-packages/Crypto/SelfTest/Util) by extension 'colcon_meta'
[0.240s] Level 1:colcon.colcon_core.package_identification:_identify(myenv/lib/python3.12/site-packages/Crypto/SelfTest/Util) by extensions ['ros']
[0.240s] Level 1:colcon.colcon_core.package_identification:_identify(myenv/lib/python3.12/site-packages/Crypto/SelfTest/Util) by extension 'ros'
[0.240s] Level 1:colcon.colcon_core.package_identification:_identify(myenv/lib/python3.12/site-packages/Crypto/SelfTest/Util) by extensions ['cmake', 'python']
[0.241s] Level 1:colcon.colcon_core.package_identification:_identify(myenv/lib/python3.12/site-packages/Crypto/SelfTest/Util) by extension 'cmake'
[0.241s] Level 1:colcon.colcon_core.package_identification:_identify(myenv/lib/python3.12/site-packages/Crypto/SelfTest/Util) by extension 'python'
[0.241s] Level 1:colcon.colcon_core.package_identification:_identify(myenv/lib/python3.12/site-packages/Crypto/SelfTest/Util) by extensions ['python_setup_py']
[0.241s] Level 1:colcon.colcon_core.package_identification:_identify(myenv/lib/python3.12/site-packages/Crypto/SelfTest/Util) by extension 'python_setup_py'
[0.241s] Level 1:colcon.colcon_core.package_identification:_identify(myenv/lib/python3.12/site-packages/Crypto/SelfTest/Util/__pycache__) by extensions ['ignore', 'ignore_ament_install']
[0.241s] Level 1:colcon.colcon_core.package_identification:_identify(myenv/lib/python3.12/site-packages/Crypto/SelfTest/Util/__pycache__) by extension 'ignore'
[0.241s] Level 1:colcon.colcon_core.package_identification:_identify(myenv/lib/python3.12/site-packages/Crypto/SelfTest/Util/__pycache__) by extension 'ignore_ament_install'
[0.241s] Level 1:colcon.colcon_core.package_identification:_identify(myenv/lib/python3.12/site-packages/Crypto/SelfTest/Util/__pycache__) by extensions ['colcon_pkg']
[0.241s] Level 1:colcon.colcon_core.package_identification:_identify(myenv/lib/python3.12/site-packages/Crypto/SelfTest/Util/__pycache__) by extension 'colcon_pkg'
[0.241s] Level 1:colcon.colcon_core.package_identification:_identify(myenv/lib/python3.12/site-packages/Crypto/SelfTest/Util/__pycache__) by extensions ['colcon_meta']
[0.241s] Level 1:colcon.colcon_core.package_identification:_identify(myenv/lib/python3.12/site-packages/Crypto/SelfTest/Util/__pycache__) by extension 'colcon_meta'
[0.241s] Level 1:colcon.colcon_core.package_identification:_identify(myenv/lib/python3.12/site-packages/Crypto/SelfTest/Util/__pycache__) by extensions ['ros']
[0.241s] Level 1:colcon.colcon_core.package_identification:_identify(myenv/lib/python3.12/site-packages/Crypto/SelfTest/Util/__pycache__) by extension 'ros'
[0.241s] Level 1:colcon.colcon_core.package_identification:_identify(myenv/lib/python3.12/site-packages/Crypto/SelfTest/Util/__pycache__) by extensions ['cmake', 'python']
[0.241s] Level 1:colcon.colcon_core.package_identification:_identify(myenv/lib/python3.12/site-packages/Crypto/SelfTest/Util/__pycache__) by extension 'cmake'
[0.241s] Level 1:colcon.colcon_core.package_identification:_identify(myenv/lib/python3.12/site-packages/Crypto/SelfTest/Util/__pycache__) by extension 'python'
[0.241s] Level 1:colcon.colcon_core.package_identification:_identify(myenv/lib/python3.12/site-packages/Crypto/SelfTest/Util/__pycache__) by extensions ['python_setup_py']
[0.242s] Level 1:colcon.colcon_core.package_identification:_identify(myenv/lib/python3.12/site-packages/Crypto/SelfTest/Util/__pycache__) by extension 'python_setup_py'
[0.242s] Level 1:colcon.colcon_core.package_identification:_identify(myenv/lib/python3.12/site-packages/Crypto/SelfTest/__pycache__) by extensions ['ignore', 'ignore_ament_install']
[0.242s] Level 1:colcon.colcon_core.package_identification:_identify(myenv/lib/python3.12/site-packages/Crypto/SelfTest/__pycache__) by extension 'ignore'
[0.242s] Level 1:colcon.colcon_core.package_identification:_identify(myenv/lib/python3.12/site-packages/Crypto/SelfTest/__pycache__) by extension 'ignore_ament_install'
[0.242s] Level 1:colcon.colcon_core.package_identification:_identify(myenv/lib/python3.12/site-packages/Crypto/SelfTest/__pycache__) by extensions ['colcon_pkg']
[0.242s] Level 1:colcon.colcon_core.package_identification:_identify(myenv/lib/python3.12/site-packages/Crypto/SelfTest/__pycache__) by extension 'colcon_pkg'
[0.242s] Level 1:colcon.colcon_core.package_identification:_identify(myenv/lib/python3.12/site-packages/Crypto/SelfTest/__pycache__) by extensions ['colcon_meta']
[0.242s] Level 1:colcon.colcon_core.package_identification:_identify(myenv/lib/python3.12/site-packages/Crypto/SelfTest/__pycache__) by extension 'colcon_meta'
[0.242s] Level 1:colcon.colcon_core.package_identification:_identify(myenv/lib/python3.12/site-packages/Crypto/SelfTest/__pycache__) by extensions ['ros']
[0.242s] Level 1:colcon.colcon_core.package_identification:_identify(myenv/lib/python3.12/site-packages/Crypto/SelfTest/__pycache__) by extension 'ros'
[0.242s] Level 1:colcon.colcon_core.package_identification:_identify(myenv/lib/python3.12/site-packages/Crypto/SelfTest/__pycache__) by extensions ['cmake', 'python']
[0.242s] Level 1:colcon.colcon_core.package_identification:_identify(myenv/lib/python3.12/site-packages/Crypto/SelfTest/__pycache__) by extension 'cmake'
[0.242s] Level 1:colcon.colcon_core.package_identification:_identify(myenv/lib/python3.12/site-packages/Crypto/SelfTest/__pycache__) by extension 'python'
[0.242s] Level 1:colcon.colcon_core.package_identification:_identify(myenv/lib/python3.12/site-packages/Crypto/SelfTest/__pycache__) by extensions ['python_setup_py']
[0.242s] Level 1:colcon.colcon_core.package_identification:_identify(myenv/lib/python3.12/site-packages/Crypto/SelfTest/__pycache__) by extension 'python_setup_py'
[0.243s] Level 1:colcon.colcon_core.package_identification:_identify(myenv/lib/python3.12/site-packages/Crypto/Signature) by extensions ['ignore', 'ignore_ament_install']
[0.243s] Level 1:colcon.colcon_core.package_identification:_identify(myenv/lib/python3.12/site-packages/Crypto/Signature) by extension 'ignore'
[0.243s] Level 1:colcon.colcon_core.package_identification:_identify(myenv/lib/python3.12/site-packages/Crypto/Signature) by extension 'ignore_ament_install'
[0.243s] Level 1:colcon.colcon_core.package_identification:_identify(myenv/lib/python3.12/site-packages/Crypto/Signature) by extensions ['colcon_pkg']
[0.243s] Level 1:colcon.colcon_core.package_identification:_identify(myenv/lib/python3.12/site-packages/Crypto/Signature) by extension 'colcon_pkg'
[0.243s] Level 1:colcon.colcon_core.package_identification:_identify(myenv/lib/python3.12/site-packages/Crypto/Signature) by extensions ['colcon_meta']
[0.243s] Level 1:colcon.colcon_core.package_identification:_identify(myenv/lib/python3.12/site-packages/Crypto/Signature) by extension 'colcon_meta'
[0.243s] Level 1:colcon.colcon_core.package_identification:_identify(myenv/lib/python3.12/site-packages/Crypto/Signature) by extensions ['ros']
[0.243s] Level 1:colcon.colcon_core.package_identification:_identify(myenv/lib/python3.12/site-packages/Crypto/Signature) by extension 'ros'
[0.243s] Level 1:colcon.colcon_core.package_identification:_identify(myenv/lib/python3.12/site-packages/Crypto/Signature) by extensions ['cmake', 'python']
[0.243s] Level 1:colcon.colcon_core.package_identification:_identify(myenv/lib/python3.12/site-packages/Crypto/Signature) by extension 'cmake'
[0.243s] Level 1:colcon.colcon_core.package_identification:_identify(myenv/lib/python3.12/site-packages/Crypto/Signature) by extension 'python'
[0.243s] Level 1:colcon.colcon_core.package_identification:_identify(myenv/lib/python3.12/site-packages/Crypto/Signature) by extensions ['python_setup_py']
[0.243s] Level 1:colcon.colcon_core.package_identification:_identify(myenv/lib/python3.12/site-packages/Crypto/Signature) by extension 'python_setup_py'
[0.243s] Level 1:colcon.colcon_core.package_identification:_identify(myenv/lib/python3.12/site-packages/Crypto/Signature/__pycache__) by extensions ['ignore', 'ignore_ament_install']
[0.244s] Level 1:colcon.colcon_core.package_identification:_identify(myenv/lib/python3.12/site-packages/Crypto/Signature/__pycache__) by extension 'ignore'
[0.244s] Level 1:colcon.colcon_core.package_identification:_identify(myenv/lib/python3.12/site-packages/Crypto/Signature/__pycache__) by extension 'ignore_ament_install'
[0.244s] Level 1:colcon.colcon_core.package_identification:_identify(myenv/lib/python3.12/site-packages/Crypto/Signature/__pycache__) by extensions ['colcon_pkg']
[0.244s] Level 1:colcon.colcon_core.package_identification:_identify(myenv/lib/python3.12/site-packages/Crypto/Signature/__pycache__) by extension 'colcon_pkg'
[0.244s] Level 1:colcon.colcon_core.package_identification:_identify(myenv/lib/python3.12/site-packages/Crypto/Signature/__pycache__) by extensions ['colcon_meta']
[0.244s] Level 1:colcon.colcon_core.package_identification:_identify(myenv/lib/python3.12/site-packages/Crypto/Signature/__pycache__) by extension 'colcon_meta'
[0.244s] Level 1:colcon.colcon_core.package_identification:_identify(myenv/lib/python3.12/site-packages/Crypto/Signature/__pycache__) by extensions ['ros']
[0.244s] Level 1:colcon.colcon_core.package_identification:_identify(myenv/lib/python3.12/site-packages/Crypto/Signature/__pycache__) by extension 'ros'
[0.244s] Level 1:colcon.colcon_core.package_identification:_identify(myenv/lib/python3.12/site-packages/Crypto/Signature/__pycache__) by extensions ['cmake', 'python']
[0.244s] Level 1:colcon.colcon_core.package_identification:_identify(myenv/lib/python3.12/site-packages/Crypto/Signature/__pycache__) by extension 'cmake'
[0.244s] Level 1:colcon.colcon_core.package_identification:_identify(myenv/lib/python3.12/site-packages/Crypto/Signature/__pycache__) by extension 'python'
[0.244s] Level 1:colcon.colcon_core.package_identification:_identify(myenv/lib/python3.12/site-packages/Crypto/Signature/__pycache__) by extensions ['python_setup_py']
[0.244s] Level 1:colcon.colcon_core.package_identification:_identify(myenv/lib/python3.12/site-packages/Crypto/Signature/__pycache__) by extension 'python_setup_py'
[0.244s] Level 1:colcon.colcon_core.package_identification:_identify(myenv/lib/python3.12/site-packages/Crypto/Util) by extensions ['ignore', 'ignore_ament_install']
[0.244s] Level 1:colcon.colcon_core.package_identification:_identify(myenv/lib/python3.12/site-packages/Crypto/Util) by extension 'ignore'
[0.245s] Level 1:colcon.colcon_core.package_identification:_identify(myenv/lib/python3.12/site-packages/Crypto/Util) by extension 'ignore_ament_install'
[0.245s] Level 1:colcon.colcon_core.package_identification:_identify(myenv/lib/python3.12/site-packages/Crypto/Util) by extensions ['colcon_pkg']
[0.245s] Level 1:colcon.colcon_core.package_identification:_identify(myenv/lib/python3.12/site-packages/Crypto/Util) by extension 'colcon_pkg'
[0.245s] Level 1:colcon.colcon_core.package_identification:_identify(myenv/lib/python3.12/site-packages/Crypto/Util) by extensions ['colcon_meta']
[0.245s] Level 1:colcon.colcon_core.package_identification:_identify(myenv/lib/python3.12/site-packages/Crypto/Util) by extension 'colcon_meta'
[0.245s] Level 1:colcon.colcon_core.package_identification:_identify(myenv/lib/python3.12/site-packages/Crypto/Util) by extensions ['ros']
[0.245s] Level 1:colcon.colcon_core.package_identification:_identify(myenv/lib/python3.12/site-packages/Crypto/Util) by extension 'ros'
[0.245s] Level 1:colcon.colcon_core.package_identification:_identify(myenv/lib/python3.12/site-packages/Crypto/Util) by extensions ['cmake', 'python']
[0.245s] Level 1:colcon.colcon_core.package_identification:_identify(myenv/lib/python3.12/site-packages/Crypto/Util) by extension 'cmake'
[0.245s] Level 1:colcon.colcon_core.package_identification:_identify(myenv/lib/python3.12/site-packages/Crypto/Util) by extension 'python'
[0.245s] Level 1:colcon.colcon_core.package_identification:_identify(myenv/lib/python3.12/site-packages/Crypto/Util) by extensions ['python_setup_py']
[0.245s] Level 1:colcon.colcon_core.package_identification:_identify(myenv/lib/python3.12/site-packages/Crypto/Util) by extension 'python_setup_py'
[0.245s] Level 1:colcon.colcon_core.package_identification:_identify(myenv/lib/python3.12/site-packages/Crypto/Util/__pycache__) by extensions ['ignore', 'ignore_ament_install']
[0.245s] Level 1:colcon.colcon_core.package_identification:_identify(myenv/lib/python3.12/site-packages/Crypto/Util/__pycache__) by extension 'ignore'
[0.245s] Level 1:colcon.colcon_core.package_identification:_identify(myenv/lib/python3.12/site-packages/Crypto/Util/__pycache__) by extension 'ignore_ament_install'
[0.245s] Level 1:colcon.colcon_core.package_identification:_identify(myenv/lib/python3.12/site-packages/Crypto/Util/__pycache__) by extensions ['colcon_pkg']
[0.246s] Level 1:colcon.colcon_core.package_identification:_identify(myenv/lib/python3.12/site-packages/Crypto/Util/__pycache__) by extension 'colcon_pkg'
[0.246s] Level 1:colcon.colcon_core.package_identification:_identify(myenv/lib/python3.12/site-packages/Crypto/Util/__pycache__) by extensions ['colcon_meta']
[0.246s] Level 1:colcon.colcon_core.package_identification:_identify(myenv/lib/python3.12/site-packages/Crypto/Util/__pycache__) by extension 'colcon_meta'
[0.246s] Level 1:colcon.colcon_core.package_identification:_identify(myenv/lib/python3.12/site-packages/Crypto/Util/__pycache__) by extensions ['ros']
[0.246s] Level 1:colcon.colcon_core.package_identification:_identify(myenv/lib/python3.12/site-packages/Crypto/Util/__pycache__) by extension 'ros'
[0.246s] Level 1:colcon.colcon_core.package_identification:_identify(myenv/lib/python3.12/site-packages/Crypto/Util/__pycache__) by extensions ['cmake', 'python']
[0.246s] Level 1:colcon.colcon_core.package_identification:_identify(myenv/lib/python3.12/site-packages/Crypto/Util/__pycache__) by extension 'cmake'
[0.246s] Level 1:colcon.colcon_core.package_identification:_identify(myenv/lib/python3.12/site-packages/Crypto/Util/__pycache__) by extension 'python'
[0.246s] Level 1:colcon.colcon_core.package_identification:_identify(myenv/lib/python3.12/site-packages/Crypto/Util/__pycache__) by extensions ['python_setup_py']
[0.246s] Level 1:colcon.colcon_core.package_identification:_identify(myenv/lib/python3.12/site-packages/Crypto/Util/__pycache__) by extension 'python_setup_py'
[0.246s] Level 1:colcon.colcon_core.package_identification:_identify(myenv/lib/python3.12/site-packages/Crypto/__pycache__) by extensions ['ignore', 'ignore_ament_install']
[0.246s] Level 1:colcon.colcon_core.package_identification:_identify(myenv/lib/python3.12/site-packages/Crypto/__pycache__) by extension 'ignore'
[0.246s] Level 1:colcon.colcon_core.package_identification:_identify(myenv/lib/python3.12/site-packages/Crypto/__pycache__) by extension 'ignore_ament_install'
[0.246s] Level 1:colcon.colcon_core.package_identification:_identify(myenv/lib/python3.12/site-packages/Crypto/__pycache__) by extensions ['colcon_pkg']
[0.246s] Level 1:colcon.colcon_core.package_identification:_identify(myenv/lib/python3.12/site-packages/Crypto/__pycache__) by extension 'colcon_pkg'
[0.247s] Level 1:colcon.colcon_core.package_identification:_identify(myenv/lib/python3.12/site-packages/Crypto/__pycache__) by extensions ['colcon_meta']
[0.247s] Level 1:colcon.colcon_core.package_identification:_identify(myenv/lib/python3.12/site-packages/Crypto/__pycache__) by extension 'colcon_meta'
[0.247s] Level 1:colcon.colcon_core.package_identification:_identify(myenv/lib/python3.12/site-packages/Crypto/__pycache__) by extensions ['ros']
[0.247s] Level 1:colcon.colcon_core.package_identification:_identify(myenv/lib/python3.12/site-packages/Crypto/__pycache__) by extension 'ros'
[0.247s] Level 1:colcon.colcon_core.package_identification:_identify(myenv/lib/python3.12/site-packages/Crypto/__pycache__) by extensions ['cmake', 'python']
[0.247s] Level 1:colcon.colcon_core.package_identification:_identify(myenv/lib/python3.12/site-packages/Crypto/__pycache__) by extension 'cmake'
[0.247s] Level 1:colcon.colcon_core.package_identification:_identify(myenv/lib/python3.12/site-packages/Crypto/__pycache__) by extension 'python'
[0.247s] Level 1:colcon.colcon_core.package_identification:_identify(myenv/lib/python3.12/site-packages/Crypto/__pycache__) by extensions ['python_setup_py']
[0.247s] Level 1:colcon.colcon_core.package_identification:_identify(myenv/lib/python3.12/site-packages/Crypto/__pycache__) by extension 'python_setup_py'
[0.247s] Level 1:colcon.colcon_core.package_identification:_identify(myenv/lib/python3.12/site-packages/__pycache__) by extensions ['ignore', 'ignore_ament_install']
[0.247s] Level 1:colcon.colcon_core.package_identification:_identify(myenv/lib/python3.12/site-packages/__pycache__) by extension 'ignore'
[0.247s] Level 1:colcon.colcon_core.package_identification:_identify(myenv/lib/python3.12/site-packages/__pycache__) by extension 'ignore_ament_install'
[0.247s] Level 1:colcon.colcon_core.package_identification:_identify(myenv/lib/python3.12/site-packages/__pycache__) by extensions ['colcon_pkg']
[0.247s] Level 1:colcon.colcon_core.package_identification:_identify(myenv/lib/python3.12/site-packages/__pycache__) by extension 'colcon_pkg'
[0.247s] Level 1:colcon.colcon_core.package_identification:_identify(myenv/lib/python3.12/site-packages/__pycache__) by extensions ['colcon_meta']
[0.247s] Level 1:colcon.colcon_core.package_identification:_identify(myenv/lib/python3.12/site-packages/__pycache__) by extension 'colcon_meta'
[0.247s] Level 1:colcon.colcon_core.package_identification:_identify(myenv/lib/python3.12/site-packages/__pycache__) by extensions ['ros']
[0.247s] Level 1:colcon.colcon_core.package_identification:_identify(myenv/lib/python3.12/site-packages/__pycache__) by extension 'ros'
[0.248s] Level 1:colcon.colcon_core.package_identification:_identify(myenv/lib/python3.12/site-packages/__pycache__) by extensions ['cmake', 'python']
[0.248s] Level 1:colcon.colcon_core.package_identification:_identify(myenv/lib/python3.12/site-packages/__pycache__) by extension 'cmake'
[0.248s] Level 1:colcon.colcon_core.package_identification:_identify(myenv/lib/python3.12/site-packages/__pycache__) by extension 'python'
[0.248s] Level 1:colcon.colcon_core.package_identification:_identify(myenv/lib/python3.12/site-packages/__pycache__) by extensions ['python_setup_py']
[0.248s] Level 1:colcon.colcon_core.package_identification:_identify(myenv/lib/python3.12/site-packages/__pycache__) by extension 'python_setup_py'
[0.248s] Level 1:colcon.colcon_core.package_identification:_identify(myenv/lib/python3.12/site-packages/aiohappyeyeballs) by extensions ['ignore', 'ignore_ament_install']
[0.248s] Level 1:colcon.colcon_core.package_identification:_identify(myenv/lib/python3.12/site-packages/aiohappyeyeballs) by extension 'ignore'
[0.248s] Level 1:colcon.colcon_core.package_identification:_identify(myenv/lib/python3.12/site-packages/aiohappyeyeballs) by extension 'ignore_ament_install'
[0.248s] Level 1:colcon.colcon_core.package_identification:_identify(myenv/lib/python3.12/site-packages/aiohappyeyeballs) by extensions ['colcon_pkg']
[0.248s] Level 1:colcon.colcon_core.package_identification:_identify(myenv/lib/python3.12/site-packages/aiohappyeyeballs) by extension 'colcon_pkg'
[0.248s] Level 1:colcon.colcon_core.package_identification:_identify(myenv/lib/python3.12/site-packages/aiohappyeyeballs) by extensions ['colcon_meta']
[0.248s] Level 1:colcon.colcon_core.package_identification:_identify(myenv/lib/python3.12/site-packages/aiohappyeyeballs) by extension 'colcon_meta'
[0.248s] Level 1:colcon.colcon_core.package_identification:_identify(myenv/lib/python3.12/site-packages/aiohappyeyeballs) by extensions ['ros']
[0.248s] Level 1:colcon.colcon_core.package_identification:_identify(myenv/lib/python3.12/site-packages/aiohappyeyeballs) by extension 'ros'
[0.248s] Level 1:colcon.colcon_core.package_identification:_identify(myenv/lib/python3.12/site-packages/aiohappyeyeballs) by extensions ['cmake', 'python']
[0.248s] Level 1:colcon.colcon_core.package_identification:_identify(myenv/lib/python3.12/site-packages/aiohappyeyeballs) by extension 'cmake'
[0.248s] Level 1:colcon.colcon_core.package_identification:_identify(myenv/lib/python3.12/site-packages/aiohappyeyeballs) by extension 'python'
[0.248s] Level 1:colcon.colcon_core.package_identification:_identify(myenv/lib/python3.12/site-packages/aiohappyeyeballs) by extensions ['python_setup_py']
[0.249s] Level 1:colcon.colcon_core.package_identification:_identify(myenv/lib/python3.12/site-packages/aiohappyeyeballs) by extension 'python_setup_py'
[0.249s] Level 1:colcon.colcon_core.package_identification:_identify(myenv/lib/python3.12/site-packages/aiohappyeyeballs/__pycache__) by extensions ['ignore', 'ignore_ament_install']
[0.249s] Level 1:colcon.colcon_core.package_identification:_identify(myenv/lib/python3.12/site-packages/aiohappyeyeballs/__pycache__) by extension 'ignore'
[0.249s] Level 1:colcon.colcon_core.package_identification:_identify(myenv/lib/python3.12/site-packages/aiohappyeyeballs/__pycache__) by extension 'ignore_ament_install'
[0.249s] Level 1:colcon.colcon_core.package_identification:_identify(myenv/lib/python3.12/site-packages/aiohappyeyeballs/__pycache__) by extensions ['colcon_pkg']
[0.249s] Level 1:colcon.colcon_core.package_identification:_identify(myenv/lib/python3.12/site-packages/aiohappyeyeballs/__pycache__) by extension 'colcon_pkg'
[0.249s] Level 1:colcon.colcon_core.package_identification:_identify(myenv/lib/python3.12/site-packages/aiohappyeyeballs/__pycache__) by extensions ['colcon_meta']
[0.249s] Level 1:colcon.colcon_core.package_identification:_identify(myenv/lib/python3.12/site-packages/aiohappyeyeballs/__pycache__) by extension 'colcon_meta'
[0.249s] Level 1:colcon.colcon_core.package_identification:_identify(myenv/lib/python3.12/site-packages/aiohappyeyeballs/__pycache__) by extensions ['ros']
[0.249s] Level 1:colcon.colcon_core.package_identification:_identify(myenv/lib/python3.12/site-packages/aiohappyeyeballs/__pycache__) by extension 'ros'
[0.249s] Level 1:colcon.colcon_core.package_identification:_identify(myenv/lib/python3.12/site-packages/aiohappyeyeballs/__pycache__) by extensions ['cmake', 'python']
[0.249s] Level 1:colcon.colcon_core.package_identification:_identify(myenv/lib/python3.12/site-packages/aiohappyeyeballs/__pycache__) by extension 'cmake'
[0.249s] Level 1:colcon.colcon_core.package_identification:_identify(myenv/lib/python3.12/site-packages/aiohappyeyeballs/__pycache__) by extension 'python'
[0.249s] Level 1:colcon.colcon_core.package_identification:_identify(myenv/lib/python3.12/site-packages/aiohappyeyeballs/__pycache__) by extensions ['python_setup_py']
[0.249s] Level 1:colcon.colcon_core.package_identification:_identify(myenv/lib/python3.12/site-packages/aiohappyeyeballs/__pycache__) by extension 'python_setup_py'
[0.249s] Level 1:colcon.colcon_core.package_identification:_identify(myenv/lib/python3.12/site-packages/aiohappyeyeballs-2.6.1.dist-info) by extensions ['ignore', 'ignore_ament_install']
[0.250s] Level 1:colcon.colcon_core.package_identification:_identify(myenv/lib/python3.12/site-packages/aiohappyeyeballs-2.6.1.dist-info) by extension 'ignore'
[0.250s] Level 1:colcon.colcon_core.package_identification:_identify(myenv/lib/python3.12/site-packages/aiohappyeyeballs-2.6.1.dist-info) by extension 'ignore_ament_install'
[0.250s] Level 1:colcon.colcon_core.package_identification:_identify(myenv/lib/python3.12/site-packages/aiohappyeyeballs-2.6.1.dist-info) by extensions ['colcon_pkg']
[0.250s] Level 1:colcon.colcon_core.package_identification:_identify(myenv/lib/python3.12/site-packages/aiohappyeyeballs-2.6.1.dist-info) by extension 'colcon_pkg'
[0.250s] Level 1:colcon.colcon_core.package_identification:_identify(myenv/lib/python3.12/site-packages/aiohappyeyeballs-2.6.1.dist-info) by extensions ['colcon_meta']
[0.250s] Level 1:colcon.colcon_core.package_identification:_identify(myenv/lib/python3.12/site-packages/aiohappyeyeballs-2.6.1.dist-info) by extension 'colcon_meta'
[0.250s] Level 1:colcon.colcon_core.package_identification:_identify(myenv/lib/python3.12/site-packages/aiohappyeyeballs-2.6.1.dist-info) by extensions ['ros']
[0.250s] Level 1:colcon.colcon_core.package_identification:_identify(myenv/lib/python3.12/site-packages/aiohappyeyeballs-2.6.1.dist-info) by extension 'ros'
[0.250s] Level 1:colcon.colcon_core.package_identification:_identify(myenv/lib/python3.12/site-packages/aiohappyeyeballs-2.6.1.dist-info) by extensions ['cmake', 'python']
[0.250s] Level 1:colcon.colcon_core.package_identification:_identify(myenv/lib/python3.12/site-packages/aiohappyeyeballs-2.6.1.dist-info) by extension 'cmake'
[0.250s] Level 1:colcon.colcon_core.package_identification:_identify(myenv/lib/python3.12/site-packages/aiohappyeyeballs-2.6.1.dist-info) by extension 'python'
[0.250s] Level 1:colcon.colcon_core.package_identification:_identify(myenv/lib/python3.12/site-packages/aiohappyeyeballs-2.6.1.dist-info) by extensions ['python_setup_py']
[0.250s] Level 1:colcon.colcon_core.package_identification:_identify(myenv/lib/python3.12/site-packages/aiohappyeyeballs-2.6.1.dist-info) by extension 'python_setup_py'
[0.250s] Level 1:colcon.colcon_core.package_identification:_identify(myenv/lib/python3.12/site-packages/aiohttp) by extensions ['ignore', 'ignore_ament_install']
[0.250s] Level 1:colcon.colcon_core.package_identification:_identify(myenv/lib/python3.12/site-packages/aiohttp) by extension 'ignore'
[0.250s] Level 1:colcon.colcon_core.package_identification:_identify(myenv/lib/python3.12/site-packages/aiohttp) by extension 'ignore_ament_install'
[0.251s] Level 1:colcon.colcon_core.package_identification:_identify(myenv/lib/python3.12/site-packages/aiohttp) by extensions ['colcon_pkg']
[0.251s] Level 1:colcon.colcon_core.package_identification:_identify(myenv/lib/python3.12/site-packages/aiohttp) by extension 'colcon_pkg'
[0.251s] Level 1:colcon.colcon_core.package_identification:_identify(myenv/lib/python3.12/site-packages/aiohttp) by extensions ['colcon_meta']
[0.251s] Level 1:colcon.colcon_core.package_identification:_identify(myenv/lib/python3.12/site-packages/aiohttp) by extension 'colcon_meta'
[0.251s] Level 1:colcon.colcon_core.package_identification:_identify(myenv/lib/python3.12/site-packages/aiohttp) by extensions ['ros']
[0.251s] Level 1:colcon.colcon_core.package_identification:_identify(myenv/lib/python3.12/site-packages/aiohttp) by extension 'ros'
[0.251s] Level 1:colcon.colcon_core.package_identification:_identify(myenv/lib/python3.12/site-packages/aiohttp) by extensions ['cmake', 'python']
[0.251s] Level 1:colcon.colcon_core.package_identification:_identify(myenv/lib/python3.12/site-packages/aiohttp) by extension 'cmake'
[0.251s] Level 1:colcon.colcon_core.package_identification:_identify(myenv/lib/python3.12/site-packages/aiohttp) by extension 'python'
[0.251s] Level 1:colcon.colcon_core.package_identification:_identify(myenv/lib/python3.12/site-packages/aiohttp) by extensions ['python_setup_py']
[0.251s] Level 1:colcon.colcon_core.package_identification:_identify(myenv/lib/python3.12/site-packages/aiohttp) by extension 'python_setup_py'
[0.251s] Level 1:colcon.colcon_core.package_identification:_identify(myenv/lib/python3.12/site-packages/aiohttp/__pycache__) by extensions ['ignore', 'ignore_ament_install']
[0.251s] Level 1:colcon.colcon_core.package_identification:_identify(myenv/lib/python3.12/site-packages/aiohttp/__pycache__) by extension 'ignore'
[0.251s] Level 1:colcon.colcon_core.package_identification:_identify(myenv/lib/python3.12/site-packages/aiohttp/__pycache__) by extension 'ignore_ament_install'
[0.251s] Level 1:colcon.colcon_core.package_identification:_identify(myenv/lib/python3.12/site-packages/aiohttp/__pycache__) by extensions ['colcon_pkg']
[0.251s] Level 1:colcon.colcon_core.package_identification:_identify(myenv/lib/python3.12/site-packages/aiohttp/__pycache__) by extension 'colcon_pkg'
[0.252s] Level 1:colcon.colcon_core.package_identification:_identify(myenv/lib/python3.12/site-packages/aiohttp/__pycache__) by extensions ['colcon_meta']
[0.252s] Level 1:colcon.colcon_core.package_identification:_identify(myenv/lib/python3.12/site-packages/aiohttp/__pycache__) by extension 'colcon_meta'
[0.252s] Level 1:colcon.colcon_core.package_identification:_identify(myenv/lib/python3.12/site-packages/aiohttp/__pycache__) by extensions ['ros']
[0.252s] Level 1:colcon.colcon_core.package_identification:_identify(myenv/lib/python3.12/site-packages/aiohttp/__pycache__) by extension 'ros'
[0.252s] Level 1:colcon.colcon_core.package_identification:_identify(myenv/lib/python3.12/site-packages/aiohttp/__pycache__) by extensions ['cmake', 'python']
[0.252s] Level 1:colcon.colcon_core.package_identification:_identify(myenv/lib/python3.12/site-packages/aiohttp/__pycache__) by extension 'cmake'
[0.252s] Level 1:colcon.colcon_core.package_identification:_identify(myenv/lib/python3.12/site-packages/aiohttp/__pycache__) by extension 'python'
[0.252s] Level 1:colcon.colcon_core.package_identification:_identify(myenv/lib/python3.12/site-packages/aiohttp/__pycache__) by extensions ['python_setup_py']
[0.252s] Level 1:colcon.colcon_core.package_identification:_identify(myenv/lib/python3.12/site-packages/aiohttp/__pycache__) by extension 'python_setup_py'
[0.252s] Level 1:colcon.colcon_core.package_identification:_identify(myenv/lib/python3.12/site-packages/aiohttp/_websocket) by extensions ['ignore', 'ignore_ament_install']
[0.252s] Level 1:colcon.colcon_core.package_identification:_identify(myenv/lib/python3.12/site-packages/aiohttp/_websocket) by extension 'ignore'
[0.252s] Level 1:colcon.colcon_core.package_identification:_identify(myenv/lib/python3.12/site-packages/aiohttp/_websocket) by extension 'ignore_ament_install'
[0.252s] Level 1:colcon.colcon_core.package_identification:_identify(myenv/lib/python3.12/site-packages/aiohttp/_websocket) by extensions ['colcon_pkg']
[0.252s] Level 1:colcon.colcon_core.package_identification:_identify(myenv/lib/python3.12/site-packages/aiohttp/_websocket) by extension 'colcon_pkg'
[0.252s] Level 1:colcon.colcon_core.package_identification:_identify(myenv/lib/python3.12/site-packages/aiohttp/_websocket) by extensions ['colcon_meta']
[0.252s] Level 1:colcon.colcon_core.package_identification:_identify(myenv/lib/python3.12/site-packages/aiohttp/_websocket) by extension 'colcon_meta'
[0.252s] Level 1:colcon.colcon_core.package_identification:_identify(myenv/lib/python3.12/site-packages/aiohttp/_websocket) by extensions ['ros']
[0.252s] Level 1:colcon.colcon_core.package_identification:_identify(myenv/lib/python3.12/site-packages/aiohttp/_websocket) by extension 'ros'
[0.253s] Level 1:colcon.colcon_core.package_identification:_identify(myenv/lib/python3.12/site-packages/aiohttp/_websocket) by extensions ['cmake', 'python']
[0.253s] Level 1:colcon.colcon_core.package_identification:_identify(myenv/lib/python3.12/site-packages/aiohttp/_websocket) by extension 'cmake'
[0.253s] Level 1:colcon.colcon_core.package_identification:_identify(myenv/lib/python3.12/site-packages/aiohttp/_websocket) by extension 'python'
[0.253s] Level 1:colcon.colcon_core.package_identification:_identify(myenv/lib/python3.12/site-packages/aiohttp/_websocket) by extensions ['python_setup_py']
[0.253s] Level 1:colcon.colcon_core.package_identification:_identify(myenv/lib/python3.12/site-packages/aiohttp/_websocket) by extension 'python_setup_py'
[0.253s] Level 1:colcon.colcon_core.package_identification:_identify(myenv/lib/python3.12/site-packages/aiohttp/_websocket/__pycache__) by extensions ['ignore', 'ignore_ament_install']
[0.253s] Level 1:colcon.colcon_core.package_identification:_identify(myenv/lib/python3.12/site-packages/aiohttp/_websocket/__pycache__) by extension 'ignore'
[0.253s] Level 1:colcon.colcon_core.package_identification:_identify(myenv/lib/python3.12/site-packages/aiohttp/_websocket/__pycache__) by extension 'ignore_ament_install'
[0.253s] Level 1:colcon.colcon_core.package_identification:_identify(myenv/lib/python3.12/site-packages/aiohttp/_websocket/__pycache__) by extensions ['colcon_pkg']
[0.253s] Level 1:colcon.colcon_core.package_identification:_identify(myenv/lib/python3.12/site-packages/aiohttp/_websocket/__pycache__) by extension 'colcon_pkg'
[0.253s] Level 1:colcon.colcon_core.package_identification:_identify(myenv/lib/python3.12/site-packages/aiohttp/_websocket/__pycache__) by extensions ['colcon_meta']
[0.253s] Level 1:colcon.colcon_core.package_identification:_identify(myenv/lib/python3.12/site-packages/aiohttp/_websocket/__pycache__) by extension 'colcon_meta'
[0.253s] Level 1:colcon.colcon_core.package_identification:_identify(myenv/lib/python3.12/site-packages/aiohttp/_websocket/__pycache__) by extensions ['ros']
[0.253s] Level 1:colcon.colcon_core.package_identification:_identify(myenv/lib/python3.12/site-packages/aiohttp/_websocket/__pycache__) by extension 'ros'
[0.253s] Level 1:colcon.colcon_core.package_identification:_identify(myenv/lib/python3.12/site-packages/aiohttp/_websocket/__pycache__) by extensions ['cmake', 'python']
[0.254s] Level 1:colcon.colcon_core.package_identification:_identify(myenv/lib/python3.12/site-packages/aiohttp/_websocket/__pycache__) by extension 'cmake'
[0.254s] Level 1:colcon.colcon_core.package_identification:_identify(myenv/lib/python3.12/site-packages/aiohttp/_websocket/__pycache__) by extension 'python'
[0.254s] Level 1:colcon.colcon_core.package_identification:_identify(myenv/lib/python3.12/site-packages/aiohttp/_websocket/__pycache__) by extensions ['python_setup_py']
[0.254s] Level 1:colcon.colcon_core.package_identification:_identify(myenv/lib/python3.12/site-packages/aiohttp/_websocket/__pycache__) by extension 'python_setup_py'
[0.254s] Level 1:colcon.colcon_core.package_identification:_identify(myenv/lib/python3.12/site-packages/aiohttp-3.12.15.dist-info) by extensions ['ignore', 'ignore_ament_install']
[0.254s] Level 1:colcon.colcon_core.package_identification:_identify(myenv/lib/python3.12/site-packages/aiohttp-3.12.15.dist-info) by extension 'ignore'
[0.254s] Level 1:colcon.colcon_core.package_identification:_identify(myenv/lib/python3.12/site-packages/aiohttp-3.12.15.dist-info) by extension 'ignore_ament_install'
[0.254s] Level 1:colcon.colcon_core.package_identification:_identify(myenv/lib/python3.12/site-packages/aiohttp-3.12.15.dist-info) by extensions ['colcon_pkg']
[0.254s] Level 1:colcon.colcon_core.package_identification:_identify(myenv/lib/python3.12/site-packages/aiohttp-3.12.15.dist-info) by extension 'colcon_pkg'
[0.254s] Level 1:colcon.colcon_core.package_identification:_identify(myenv/lib/python3.12/site-packages/aiohttp-3.12.15.dist-info) by extensions ['colcon_meta']
[0.254s] Level 1:colcon.colcon_core.package_identification:_identify(myenv/lib/python3.12/site-packages/aiohttp-3.12.15.dist-info) by extension 'colcon_meta'
[0.254s] Level 1:colcon.colcon_core.package_identification:_identify(myenv/lib/python3.12/site-packages/aiohttp-3.12.15.dist-info) by extensions ['ros']
[0.254s] Level 1:colcon.colcon_core.package_identification:_identify(myenv/lib/python3.12/site-packages/aiohttp-3.12.15.dist-info) by extension 'ros'
[0.254s] Level 1:colcon.colcon_core.package_identification:_identify(myenv/lib/python3.12/site-packages/aiohttp-3.12.15.dist-info) by extensions ['cmake', 'python']
[0.254s] Level 1:colcon.colcon_core.package_identification:_identify(myenv/lib/python3.12/site-packages/aiohttp-3.12.15.dist-info) by extension 'cmake'
[0.254s] Level 1:colcon.colcon_core.package_identification:_identify(myenv/lib/python3.12/site-packages/aiohttp-3.12.15.dist-info) by extension 'python'
[0.255s] Level 1:colcon.colcon_core.package_identification:_identify(myenv/lib/python3.12/site-packages/aiohttp-3.12.15.dist-info) by extensions ['python_setup_py']
[0.255s] Level 1:colcon.colcon_core.package_identification:_identify(myenv/lib/python3.12/site-packages/aiohttp-3.12.15.dist-info) by extension 'python_setup_py'
[0.255s] Level 1:colcon.colcon_core.package_identification:_identify(myenv/lib/python3.12/site-packages/aiohttp-3.12.15.dist-info/licenses) by extensions ['ignore', 'ignore_ament_install']
[0.255s] Level 1:colcon.colcon_core.package_identification:_identify(myenv/lib/python3.12/site-packages/aiohttp-3.12.15.dist-info/licenses) by extension 'ignore'
[0.255s] Level 1:colcon.colcon_core.package_identification:_identify(myenv/lib/python3.12/site-packages/aiohttp-3.12.15.dist-info/licenses) by extension 'ignore_ament_install'
[0.255s] Level 1:colcon.colcon_core.package_identification:_identify(myenv/lib/python3.12/site-packages/aiohttp-3.12.15.dist-info/licenses) by extensions ['colcon_pkg']
[0.255s] Level 1:colcon.colcon_core.package_identification:_identify(myenv/lib/python3.12/site-packages/aiohttp-3.12.15.dist-info/licenses) by extension 'colcon_pkg'
[0.255s] Level 1:colcon.colcon_core.package_identification:_identify(myenv/lib/python3.12/site-packages/aiohttp-3.12.15.dist-info/licenses) by extensions ['colcon_meta']
[0.255s] Level 1:colcon.colcon_core.package_identification:_identify(myenv/lib/python3.12/site-packages/aiohttp-3.12.15.dist-info/licenses) by extension 'colcon_meta'
[0.255s] Level 1:colcon.colcon_core.package_identification:_identify(myenv/lib/python3.12/site-packages/aiohttp-3.12.15.dist-info/licenses) by extensions ['ros']
[0.255s] Level 1:colcon.colcon_core.package_identification:_identify(myenv/lib/python3.12/site-packages/aiohttp-3.12.15.dist-info/licenses) by extension 'ros'
[0.255s] Level 1:colcon.colcon_core.package_identification:_identify(myenv/lib/python3.12/site-packages/aiohttp-3.12.15.dist-info/licenses) by extensions ['cmake', 'python']
[0.255s] Level 1:colcon.colcon_core.package_identification:_identify(myenv/lib/python3.12/site-packages/aiohttp-3.12.15.dist-info/licenses) by extension 'cmake'
[0.255s] Level 1:colcon.colcon_core.package_identification:_identify(myenv/lib/python3.12/site-packages/aiohttp-3.12.15.dist-info/licenses) by extension 'python'
[0.255s] Level 1:colcon.colcon_core.package_identification:_identify(myenv/lib/python3.12/site-packages/aiohttp-3.12.15.dist-info/licenses) by extensions ['python_setup_py']
[0.255s] Level 1:colcon.colcon_core.package_identification:_identify(myenv/lib/python3.12/site-packages/aiohttp-3.12.15.dist-info/licenses) by extension 'python_setup_py'
[0.256s] Level 1:colcon.colcon_core.package_identification:_identify(myenv/lib/python3.12/site-packages/aiohttp-3.12.15.dist-info/licenses/vendor) by extensions ['ignore', 'ignore_ament_install']
[0.256s] Level 1:colcon.colcon_core.package_identification:_identify(myenv/lib/python3.12/site-packages/aiohttp-3.12.15.dist-info/licenses/vendor) by extension 'ignore'
[0.256s] Level 1:colcon.colcon_core.package_identification:_identify(myenv/lib/python3.12/site-packages/aiohttp-3.12.15.dist-info/licenses/vendor) by extension 'ignore_ament_install'
[0.256s] Level 1:colcon.colcon_core.package_identification:_identify(myenv/lib/python3.12/site-packages/aiohttp-3.12.15.dist-info/licenses/vendor) by extensions ['colcon_pkg']
[0.256s] Level 1:colcon.colcon_core.package_identification:_identify(myenv/lib/python3.12/site-packages/aiohttp-3.12.15.dist-info/licenses/vendor) by extension 'colcon_pkg'
[0.256s] Level 1:colcon.colcon_core.package_identification:_identify(myenv/lib/python3.12/site-packages/aiohttp-3.12.15.dist-info/licenses/vendor) by extensions ['colcon_meta']
[0.256s] Level 1:colcon.colcon_core.package_identification:_identify(myenv/lib/python3.12/site-packages/aiohttp-3.12.15.dist-info/licenses/vendor) by extension 'colcon_meta'
[0.256s] Level 1:colcon.colcon_core.package_identification:_identify(myenv/lib/python3.12/site-packages/aiohttp-3.12.15.dist-info/licenses/vendor) by extensions ['ros']
[0.256s] Level 1:colcon.colcon_core.package_identification:_identify(myenv/lib/python3.12/site-packages/aiohttp-3.12.15.dist-info/licenses/vendor) by extension 'ros'
[0.256s] Level 1:colcon.colcon_core.package_identification:_identify(myenv/lib/python3.12/site-packages/aiohttp-3.12.15.dist-info/licenses/vendor) by extensions ['cmake', 'python']
[0.256s] Level 1:colcon.colcon_core.package_identification:_identify(myenv/lib/python3.12/site-packages/aiohttp-3.12.15.dist-info/licenses/vendor) by extension 'cmake'
[0.256s] Level 1:colcon.colcon_core.package_identification:_identify(myenv/lib/python3.12/site-packages/aiohttp-3.12.15.dist-info/licenses/vendor) by extension 'python'
[0.256s] Level 1:colcon.colcon_core.package_identification:_identify(myenv/lib/python3.12/site-packages/aiohttp-3.12.15.dist-info/licenses/vendor) by extensions ['python_setup_py']
[0.256s] Level 1:colcon.colcon_core.package_identification:_identify(myenv/lib/python3.12/site-packages/aiohttp-3.12.15.dist-info/licenses/vendor) by extension 'python_setup_py'
[0.257s] Level 1:colcon.colcon_core.package_identification:_identify(myenv/lib/python3.12/site-packages/aiohttp-3.12.15.dist-info/licenses/vendor/llhttp) by extensions ['ignore', 'ignore_ament_install']
[0.257s] Level 1:colcon.colcon_core.package_identification:_identify(myenv/lib/python3.12/site-packages/aiohttp-3.12.15.dist-info/licenses/vendor/llhttp) by extension 'ignore'
[0.257s] Level 1:colcon.colcon_core.package_identification:_identify(myenv/lib/python3.12/site-packages/aiohttp-3.12.15.dist-info/licenses/vendor/llhttp) by extension 'ignore_ament_install'
[0.257s] Level 1:colcon.colcon_core.package_identification:_identify(myenv/lib/python3.12/site-packages/aiohttp-3.12.15.dist-info/licenses/vendor/llhttp) by extensions ['colcon_pkg']
[0.257s] Level 1:colcon.colcon_core.package_identification:_identify(myenv/lib/python3.12/site-packages/aiohttp-3.12.15.dist-info/licenses/vendor/llhttp) by extension 'colcon_pkg'
[0.257s] Level 1:colcon.colcon_core.package_identification:_identify(myenv/lib/python3.12/site-packages/aiohttp-3.12.15.dist-info/licenses/vendor/llhttp) by extensions ['colcon_meta']
[0.257s] Level 1:colcon.colcon_core.package_identification:_identify(myenv/lib/python3.12/site-packages/aiohttp-3.12.15.dist-info/licenses/vendor/llhttp) by extension 'colcon_meta'
[0.257s] Level 1:colcon.colcon_core.package_identification:_identify(myenv/lib/python3.12/site-packages/aiohttp-3.12.15.dist-info/licenses/vendor/llhttp) by extensions ['ros']
[0.257s] Level 1:colcon.colcon_core.package_identification:_identify(myenv/lib/python3.12/site-packages/aiohttp-3.12.15.dist-info/licenses/vendor/llhttp) by extension 'ros'
[0.257s] Level 1:colcon.colcon_core.package_identification:_identify(myenv/lib/python3.12/site-packages/aiohttp-3.12.15.dist-info/licenses/vendor/llhttp) by extensions ['cmake', 'python']
[0.257s] Level 1:colcon.colcon_core.package_identification:_identify(myenv/lib/python3.12/site-packages/aiohttp-3.12.15.dist-info/licenses/vendor/llhttp) by extension 'cmake'
[0.257s] Level 1:colcon.colcon_core.package_identification:_identify(myenv/lib/python3.12/site-packages/aiohttp-3.12.15.dist-info/licenses/vendor/llhttp) by extension 'python'
[0.257s] Level 1:colcon.colcon_core.package_identification:_identify(myenv/lib/python3.12/site-packages/aiohttp-3.12.15.dist-info/licenses/vendor/llhttp) by extensions ['python_setup_py']
[0.257s] Level 1:colcon.colcon_core.package_identification:_identify(myenv/lib/python3.12/site-packages/aiohttp-3.12.15.dist-info/licenses/vendor/llhttp) by extension 'python_setup_py'
[0.258s] Level 1:colcon.colcon_core.package_identification:_identify(myenv/lib/python3.12/site-packages/aiosignal) by extensions ['ignore', 'ignore_ament_install']
[0.258s] Level 1:colcon.colcon_core.package_identification:_identify(myenv/lib/python3.12/site-packages/aiosignal) by extension 'ignore'
[0.258s] Level 1:colcon.colcon_core.package_identification:_identify(myenv/lib/python3.12/site-packages/aiosignal) by extension 'ignore_ament_install'
[0.258s] Level 1:colcon.colcon_core.package_identification:_identify(myenv/lib/python3.12/site-packages/aiosignal) by extensions ['colcon_pkg']
[0.258s] Level 1:colcon.colcon_core.package_identification:_identify(myenv/lib/python3.12/site-packages/aiosignal) by extension 'colcon_pkg'
[0.258s] Level 1:colcon.colcon_core.package_identification:_identify(myenv/lib/python3.12/site-packages/aiosignal) by extensions ['colcon_meta']
[0.258s] Level 1:colcon.colcon_core.package_identification:_identify(myenv/lib/python3.12/site-packages/aiosignal) by extension 'colcon_meta'
[0.258s] Level 1:colcon.colcon_core.package_identification:_identify(myenv/lib/python3.12/site-packages/aiosignal) by extensions ['ros']
[0.258s] Level 1:colcon.colcon_core.package_identification:_identify(myenv/lib/python3.12/site-packages/aiosignal) by extension 'ros'
[0.258s] Level 1:colcon.colcon_core.package_identification:_identify(myenv/lib/python3.12/site-packages/aiosignal) by extensions ['cmake', 'python']
[0.258s] Level 1:colcon.colcon_core.package_identification:_identify(myenv/lib/python3.12/site-packages/aiosignal) by extension 'cmake'
[0.258s] Level 1:colcon.colcon_core.package_identification:_identify(myenv/lib/python3.12/site-packages/aiosignal) by extension 'python'
[0.258s] Level 1:colcon.colcon_core.package_identification:_identify(myenv/lib/python3.12/site-packages/aiosignal) by extensions ['python_setup_py']
[0.258s] Level 1:colcon.colcon_core.package_identification:_identify(myenv/lib/python3.12/site-packages/aiosignal) by extension 'python_setup_py'
[0.258s] Level 1:colcon.colcon_core.package_identification:_identify(myenv/lib/python3.12/site-packages/aiosignal/__pycache__) by extensions ['ignore', 'ignore_ament_install']
[0.259s] Level 1:colcon.colcon_core.package_identification:_identify(myenv/lib/python3.12/site-packages/aiosignal/__pycache__) by extension 'ignore'
[0.259s] Level 1:colcon.colcon_core.package_identification:_identify(myenv/lib/python3.12/site-packages/aiosignal/__pycache__) by extension 'ignore_ament_install'
[0.259s] Level 1:colcon.colcon_core.package_identification:_identify(myenv/lib/python3.12/site-packages/aiosignal/__pycache__) by extensions ['colcon_pkg']
[0.259s] Level 1:colcon.colcon_core.package_identification:_identify(myenv/lib/python3.12/site-packages/aiosignal/__pycache__) by extension 'colcon_pkg'
[0.259s] Level 1:colcon.colcon_core.package_identification:_identify(myenv/lib/python3.12/site-packages/aiosignal/__pycache__) by extensions ['colcon_meta']
[0.259s] Level 1:colcon.colcon_core.package_identification:_identify(myenv/lib/python3.12/site-packages/aiosignal/__pycache__) by extension 'colcon_meta'
[0.259s] Level 1:colcon.colcon_core.package_identification:_identify(myenv/lib/python3.12/site-packages/aiosignal/__pycache__) by extensions ['ros']
[0.259s] Level 1:colcon.colcon_core.package_identification:_identify(myenv/lib/python3.12/site-packages/aiosignal/__pycache__) by extension 'ros'
[0.259s] Level 1:colcon.colcon_core.package_identification:_identify(myenv/lib/python3.12/site-packages/aiosignal/__pycache__) by extensions ['cmake', 'python']
[0.259s] Level 1:colcon.colcon_core.package_identification:_identify(myenv/lib/python3.12/site-packages/aiosignal/__pycache__) by extension 'cmake'
[0.259s] Level 1:colcon.colcon_core.package_identification:_identify(myenv/lib/python3.12/site-packages/aiosignal/__pycache__) by extension 'python'
[0.259s] Level 1:colcon.colcon_core.package_identification:_identify(myenv/lib/python3.12/site-packages/aiosignal/__pycache__) by extensions ['python_setup_py']
[0.259s] Level 1:colcon.colcon_core.package_identification:_identify(myenv/lib/python3.12/site-packages/aiosignal/__pycache__) by extension 'python_setup_py'
[0.259s] Level 1:colcon.colcon_core.package_identification:_identify(myenv/lib/python3.12/site-packages/aiosignal-1.4.0.dist-info) by extensions ['ignore', 'ignore_ament_install']
[0.259s] Level 1:colcon.colcon_core.package_identification:_identify(myenv/lib/python3.12/site-packages/aiosignal-1.4.0.dist-info) by extension 'ignore'
[0.260s] Level 1:colcon.colcon_core.package_identification:_identify(myenv/lib/python3.12/site-packages/aiosignal-1.4.0.dist-info) by extension 'ignore_ament_install'
[0.260s] Level 1:colcon.colcon_core.package_identification:_identify(myenv/lib/python3.12/site-packages/aiosignal-1.4.0.dist-info) by extensions ['colcon_pkg']
[0.260s] Level 1:colcon.colcon_core.package_identification:_identify(myenv/lib/python3.12/site-packages/aiosignal-1.4.0.dist-info) by extension 'colcon_pkg'
[0.260s] Level 1:colcon.colcon_core.package_identification:_identify(myenv/lib/python3.12/site-packages/aiosignal-1.4.0.dist-info) by extensions ['colcon_meta']
[0.260s] Level 1:colcon.colcon_core.package_identification:_identify(myenv/lib/python3.12/site-packages/aiosignal-1.4.0.dist-info) by extension 'colcon_meta'
[0.260s] Level 1:colcon.colcon_core.package_identification:_identify(myenv/lib/python3.12/site-packages/aiosignal-1.4.0.dist-info) by extensions ['ros']
[0.260s] Level 1:colcon.colcon_core.package_identification:_identify(myenv/lib/python3.12/site-packages/aiosignal-1.4.0.dist-info) by extension 'ros'
[0.260s] Level 1:colcon.colcon_core.package_identification:_identify(myenv/lib/python3.12/site-packages/aiosignal-1.4.0.dist-info) by extensions ['cmake', 'python']
[0.260s] Level 1:colcon.colcon_core.package_identification:_identify(myenv/lib/python3.12/site-packages/aiosignal-1.4.0.dist-info) by extension 'cmake'
[0.260s] Level 1:colcon.colcon_core.package_identification:_identify(myenv/lib/python3.12/site-packages/aiosignal-1.4.0.dist-info) by extension 'python'
[0.260s] Level 1:colcon.colcon_core.package_identification:_identify(myenv/lib/python3.12/site-packages/aiosignal-1.4.0.dist-info) by extensions ['python_setup_py']
[0.260s] Level 1:colcon.colcon_core.package_identification:_identify(myenv/lib/python3.12/site-packages/aiosignal-1.4.0.dist-info) by extension 'python_setup_py'
[0.260s] Level 1:colcon.colcon_core.package_identification:_identify(myenv/lib/python3.12/site-packages/aiosignal-1.4.0.dist-info/licenses) by extensions ['ignore', 'ignore_ament_install']
[0.260s] Level 1:colcon.colcon_core.package_identification:_identify(myenv/lib/python3.12/site-packages/aiosignal-1.4.0.dist-info/licenses) by extension 'ignore'
[0.260s] Level 1:colcon.colcon_core.package_identification:_identify(myenv/lib/python3.12/site-packages/aiosignal-1.4.0.dist-info/licenses) by extension 'ignore_ament_install'
[0.261s] Level 1:colcon.colcon_core.package_identification:_identify(myenv/lib/python3.12/site-packages/aiosignal-1.4.0.dist-info/licenses) by extensions ['colcon_pkg']
[0.261s] Level 1:colcon.colcon_core.package_identification:_identify(myenv/lib/python3.12/site-packages/aiosignal-1.4.0.dist-info/licenses) by extension 'colcon_pkg'
[0.261s] Level 1:colcon.colcon_core.package_identification:_identify(myenv/lib/python3.12/site-packages/aiosignal-1.4.0.dist-info/licenses) by extensions ['colcon_meta']
[0.261s] Level 1:colcon.colcon_core.package_identification:_identify(myenv/lib/python3.12/site-packages/aiosignal-1.4.0.dist-info/licenses) by extension 'colcon_meta'
[0.261s] Level 1:colcon.colcon_core.package_identification:_identify(myenv/lib/python3.12/site-packages/aiosignal-1.4.0.dist-info/licenses) by extensions ['ros']
[0.261s] Level 1:colcon.colcon_core.package_identification:_identify(myenv/lib/python3.12/site-packages/aiosignal-1.4.0.dist-info/licenses) by extension 'ros'
[0.261s] Level 1:colcon.colcon_core.package_identification:_identify(myenv/lib/python3.12/site-packages/aiosignal-1.4.0.dist-info/licenses) by extensions ['cmake', 'python']
[0.261s] Level 1:colcon.colcon_core.package_identification:_identify(myenv/lib/python3.12/site-packages/aiosignal-1.4.0.dist-info/licenses) by extension 'cmake'
[0.261s] Level 1:colcon.colcon_core.package_identification:_identify(myenv/lib/python3.12/site-packages/aiosignal-1.4.0.dist-info/licenses) by extension 'python'
[0.261s] Level 1:colcon.colcon_core.package_identification:_identify(myenv/lib/python3.12/site-packages/aiosignal-1.4.0.dist-info/licenses) by extensions ['python_setup_py']
[0.261s] Level 1:colcon.colcon_core.package_identification:_identify(myenv/lib/python3.12/site-packages/aiosignal-1.4.0.dist-info/licenses) by extension 'python_setup_py'
[0.261s] Level 1:colcon.colcon_core.package_identification:_identify(myenv/lib/python3.12/site-packages/annotated_types) by extensions ['ignore', 'ignore_ament_install']
[0.261s] Level 1:colcon.colcon_core.package_identification:_identify(myenv/lib/python3.12/site-packages/annotated_types) by extension 'ignore'
[0.261s] Level 1:colcon.colcon_core.package_identification:_identify(myenv/lib/python3.12/site-packages/annotated_types) by extension 'ignore_ament_install'
[0.261s] Level 1:colcon.colcon_core.package_identification:_identify(myenv/lib/python3.12/site-packages/annotated_types) by extensions ['colcon_pkg']
[0.262s] Level 1:colcon.colcon_core.package_identification:_identify(myenv/lib/python3.12/site-packages/annotated_types) by extension 'colcon_pkg'
[0.262s] Level 1:colcon.colcon_core.package_identification:_identify(myenv/lib/python3.12/site-packages/annotated_types) by extensions ['colcon_meta']
[0.262s] Level 1:colcon.colcon_core.package_identification:_identify(myenv/lib/python3.12/site-packages/annotated_types) by extension 'colcon_meta'
[0.262s] Level 1:colcon.colcon_core.package_identification:_identify(myenv/lib/python3.12/site-packages/annotated_types) by extensions ['ros']
[0.262s] Level 1:colcon.colcon_core.package_identification:_identify(myenv/lib/python3.12/site-packages/annotated_types) by extension 'ros'
[0.262s] Level 1:colcon.colcon_core.package_identification:_identify(myenv/lib/python3.12/site-packages/annotated_types) by extensions ['cmake', 'python']
[0.262s] Level 1:colcon.colcon_core.package_identification:_identify(myenv/lib/python3.12/site-packages/annotated_types) by extension 'cmake'
[0.262s] Level 1:colcon.colcon_core.package_identification:_identify(myenv/lib/python3.12/site-packages/annotated_types) by extension 'python'
[0.262s] Level 1:colcon.colcon_core.package_identification:_identify(myenv/lib/python3.12/site-packages/annotated_types) by extensions ['python_setup_py']
[0.262s] Level 1:colcon.colcon_core.package_identification:_identify(myenv/lib/python3.12/site-packages/annotated_types) by extension 'python_setup_py'
[0.262s] Level 1:colcon.colcon_core.package_identification:_identify(myenv/lib/python3.12/site-packages/annotated_types/__pycache__) by extensions ['ignore', 'ignore_ament_install']
[0.262s] Level 1:colcon.colcon_core.package_identification:_identify(myenv/lib/python3.12/site-packages/annotated_types/__pycache__) by extension 'ignore'
[0.262s] Level 1:colcon.colcon_core.package_identification:_identify(myenv/lib/python3.12/site-packages/annotated_types/__pycache__) by extension 'ignore_ament_install'
[0.262s] Level 1:colcon.colcon_core.package_identification:_identify(myenv/lib/python3.12/site-packages/annotated_types/__pycache__) by extensions ['colcon_pkg']
[0.262s] Level 1:colcon.colcon_core.package_identification:_identify(myenv/lib/python3.12/site-packages/annotated_types/__pycache__) by extension 'colcon_pkg'
[0.262s] Level 1:colcon.colcon_core.package_identification:_identify(myenv/lib/python3.12/site-packages/annotated_types/__pycache__) by extensions ['colcon_meta']
[0.263s] Level 1:colcon.colcon_core.package_identification:_identify(myenv/lib/python3.12/site-packages/annotated_types/__pycache__) by extension 'colcon_meta'
[0.263s] Level 1:colcon.colcon_core.package_identification:_identify(myenv/lib/python3.12/site-packages/annotated_types/__pycache__) by extensions ['ros']
[0.263s] Level 1:colcon.colcon_core.package_identification:_identify(myenv/lib/python3.12/site-packages/annotated_types/__pycache__) by extension 'ros'
[0.263s] Level 1:colcon.colcon_core.package_identification:_identify(myenv/lib/python3.12/site-packages/annotated_types/__pycache__) by extensions ['cmake', 'python']
[0.263s] Level 1:colcon.colcon_core.package_identification:_identify(myenv/lib/python3.12/site-packages/annotated_types/__pycache__) by extension 'cmake'
[0.263s] Level 1:colcon.colcon_core.package_identification:_identify(myenv/lib/python3.12/site-packages/annotated_types/__pycache__) by extension 'python'
[0.263s] Level 1:colcon.colcon_core.package_identification:_identify(myenv/lib/python3.12/site-packages/annotated_types/__pycache__) by extensions ['python_setup_py']
[0.263s] Level 1:colcon.colcon_core.package_identification:_identify(myenv/lib/python3.12/site-packages/annotated_types/__pycache__) by extension 'python_setup_py'
[0.263s] Level 1:colcon.colcon_core.package_identification:_identify(myenv/lib/python3.12/site-packages/annotated_types-0.7.0.dist-info) by extensions ['ignore', 'ignore_ament_install']
[0.263s] Level 1:colcon.colcon_core.package_identification:_identify(myenv/lib/python3.12/site-packages/annotated_types-0.7.0.dist-info) by extension 'ignore'
[0.263s] Level 1:colcon.colcon_core.package_identification:_identify(myenv/lib/python3.12/site-packages/annotated_types-0.7.0.dist-info) by extension 'ignore_ament_install'
[0.263s] Level 1:colcon.colcon_core.package_identification:_identify(myenv/lib/python3.12/site-packages/annotated_types-0.7.0.dist-info) by extensions ['colcon_pkg']
[0.263s] Level 1:colcon.colcon_core.package_identification:_identify(myenv/lib/python3.12/site-packages/annotated_types-0.7.0.dist-info) by extension 'colcon_pkg'
[0.263s] Level 1:colcon.colcon_core.package_identification:_identify(myenv/lib/python3.12/site-packages/annotated_types-0.7.0.dist-info) by extensions ['colcon_meta']
[0.263s] Level 1:colcon.colcon_core.package_identification:_identify(myenv/lib/python3.12/site-packages/annotated_types-0.7.0.dist-info) by extension 'colcon_meta'
[0.264s] Level 1:colcon.colcon_core.package_identification:_identify(myenv/lib/python3.12/site-packages/annotated_types-0.7.0.dist-info) by extensions ['ros']
[0.264s] Level 1:colcon.colcon_core.package_identification:_identify(myenv/lib/python3.12/site-packages/annotated_types-0.7.0.dist-info) by extension 'ros'
[0.264s] Level 1:colcon.colcon_core.package_identification:_identify(myenv/lib/python3.12/site-packages/annotated_types-0.7.0.dist-info) by extensions ['cmake', 'python']
[0.264s] Level 1:colcon.colcon_core.package_identification:_identify(myenv/lib/python3.12/site-packages/annotated_types-0.7.0.dist-info) by extension 'cmake'
[0.264s] Level 1:colcon.colcon_core.package_identification:_identify(myenv/lib/python3.12/site-packages/annotated_types-0.7.0.dist-info) by extension 'python'
[0.264s] Level 1:colcon.colcon_core.package_identification:_identify(myenv/lib/python3.12/site-packages/annotated_types-0.7.0.dist-info) by extensions ['python_setup_py']
[0.264s] Level 1:colcon.colcon_core.package_identification:_identify(myenv/lib/python3.12/site-packages/annotated_types-0.7.0.dist-info) by extension 'python_setup_py'
[0.264s] Level 1:colcon.colcon_core.package_identification:_identify(myenv/lib/python3.12/site-packages/annotated_types-0.7.0.dist-info/licenses) by extensions ['ignore', 'ignore_ament_install']
[0.264s] Level 1:colcon.colcon_core.package_identification:_identify(myenv/lib/python3.12/site-packages/annotated_types-0.7.0.dist-info/licenses) by extension 'ignore'
[0.264s] Level 1:colcon.colcon_core.package_identification:_identify(myenv/lib/python3.12/site-packages/annotated_types-0.7.0.dist-info/licenses) by extension 'ignore_ament_install'
[0.264s] Level 1:colcon.colcon_core.package_identification:_identify(myenv/lib/python3.12/site-packages/annotated_types-0.7.0.dist-info/licenses) by extensions ['colcon_pkg']
[0.264s] Level 1:colcon.colcon_core.package_identification:_identify(myenv/lib/python3.12/site-packages/annotated_types-0.7.0.dist-info/licenses) by extension 'colcon_pkg'
[0.264s] Level 1:colcon.colcon_core.package_identification:_identify(myenv/lib/python3.12/site-packages/annotated_types-0.7.0.dist-info/licenses) by extensions ['colcon_meta']
[0.264s] Level 1:colcon.colcon_core.package_identification:_identify(myenv/lib/python3.12/site-packages/annotated_types-0.7.0.dist-info/licenses) by extension 'colcon_meta'
[0.264s] Level 1:colcon.colcon_core.package_identification:_identify(myenv/lib/python3.12/site-packages/annotated_types-0.7.0.dist-info/licenses) by extensions ['ros']
[0.264s] Level 1:colcon.colcon_core.package_identification:_identify(myenv/lib/python3.12/site-packages/annotated_types-0.7.0.dist-info/licenses) by extension 'ros'
[0.265s] Level 1:colcon.colcon_core.package_identification:_identify(myenv/lib/python3.12/site-packages/annotated_types-0.7.0.dist-info/licenses) by extensions ['cmake', 'python']
[0.265s] Level 1:colcon.colcon_core.package_identification:_identify(myenv/lib/python3.12/site-packages/annotated_types-0.7.0.dist-info/licenses) by extension 'cmake'
[0.265s] Level 1:colcon.colcon_core.package_identification:_identify(myenv/lib/python3.12/site-packages/annotated_types-0.7.0.dist-info/licenses) by extension 'python'
[0.265s] Level 1:colcon.colcon_core.package_identification:_identify(myenv/lib/python3.12/site-packages/annotated_types-0.7.0.dist-info/licenses) by extensions ['python_setup_py']
[0.265s] Level 1:colcon.colcon_core.package_identification:_identify(myenv/lib/python3.12/site-packages/annotated_types-0.7.0.dist-info/licenses) by extension 'python_setup_py'
[0.265s] Level 1:colcon.colcon_core.package_identification:_identify(myenv/lib/python3.12/site-packages/attr) by extensions ['ignore', 'ignore_ament_install']
[0.265s] Level 1:colcon.colcon_core.package_identification:_identify(myenv/lib/python3.12/site-packages/attr) by extension 'ignore'
[0.265s] Level 1:colcon.colcon_core.package_identification:_identify(myenv/lib/python3.12/site-packages/attr) by extension 'ignore_ament_install'
[0.265s] Level 1:colcon.colcon_core.package_identification:_identify(myenv/lib/python3.12/site-packages/attr) by extensions ['colcon_pkg']
[0.265s] Level 1:colcon.colcon_core.package_identification:_identify(myenv/lib/python3.12/site-packages/attr) by extension 'colcon_pkg'
[0.265s] Level 1:colcon.colcon_core.package_identification:_identify(myenv/lib/python3.12/site-packages/attr) by extensions ['colcon_meta']
[0.265s] Level 1:colcon.colcon_core.package_identification:_identify(myenv/lib/python3.12/site-packages/attr) by extension 'colcon_meta'
[0.265s] Level 1:colcon.colcon_core.package_identification:_identify(myenv/lib/python3.12/site-packages/attr) by extensions ['ros']
[0.265s] Level 1:colcon.colcon_core.package_identification:_identify(myenv/lib/python3.12/site-packages/attr) by extension 'ros'
[0.265s] Level 1:colcon.colcon_core.package_identification:_identify(myenv/lib/python3.12/site-packages/attr) by extensions ['cmake', 'python']
[0.266s] Level 1:colcon.colcon_core.package_identification:_identify(myenv/lib/python3.12/site-packages/attr) by extension 'cmake'
[0.266s] Level 1:colcon.colcon_core.package_identification:_identify(myenv/lib/python3.12/site-packages/attr) by extension 'python'
[0.266s] Level 1:colcon.colcon_core.package_identification:_identify(myenv/lib/python3.12/site-packages/attr) by extensions ['python_setup_py']
[0.266s] Level 1:colcon.colcon_core.package_identification:_identify(myenv/lib/python3.12/site-packages/attr) by extension 'python_setup_py'
[0.266s] Level 1:colcon.colcon_core.package_identification:_identify(myenv/lib/python3.12/site-packages/attr/__pycache__) by extensions ['ignore', 'ignore_ament_install']
[0.266s] Level 1:colcon.colcon_core.package_identification:_identify(myenv/lib/python3.12/site-packages/attr/__pycache__) by extension 'ignore'
[0.266s] Level 1:colcon.colcon_core.package_identification:_identify(myenv/lib/python3.12/site-packages/attr/__pycache__) by extension 'ignore_ament_install'
[0.266s] Level 1:colcon.colcon_core.package_identification:_identify(myenv/lib/python3.12/site-packages/attr/__pycache__) by extensions ['colcon_pkg']
[0.266s] Level 1:colcon.colcon_core.package_identification:_identify(myenv/lib/python3.12/site-packages/attr/__pycache__) by extension 'colcon_pkg'
[0.266s] Level 1:colcon.colcon_core.package_identification:_identify(myenv/lib/python3.12/site-packages/attr/__pycache__) by extensions ['colcon_meta']
[0.266s] Level 1:colcon.colcon_core.package_identification:_identify(myenv/lib/python3.12/site-packages/attr/__pycache__) by extension 'colcon_meta'
[0.266s] Level 1:colcon.colcon_core.package_identification:_identify(myenv/lib/python3.12/site-packages/attr/__pycache__) by extensions ['ros']
[0.266s] Level 1:colcon.colcon_core.package_identification:_identify(myenv/lib/python3.12/site-packages/attr/__pycache__) by extension 'ros'
[0.266s] Level 1:colcon.colcon_core.package_identification:_identify(myenv/lib/python3.12/site-packages/attr/__pycache__) by extensions ['cmake', 'python']
[0.266s] Level 1:colcon.colcon_core.package_identification:_identify(myenv/lib/python3.12/site-packages/attr/__pycache__) by extension 'cmake'
[0.267s] Level 1:colcon.colcon_core.package_identification:_identify(myenv/lib/python3.12/site-packages/attr/__pycache__) by extension 'python'
[0.267s] Level 1:colcon.colcon_core.package_identification:_identify(myenv/lib/python3.12/site-packages/attr/__pycache__) by extensions ['python_setup_py']
[0.267s] Level 1:colcon.colcon_core.package_identification:_identify(myenv/lib/python3.12/site-packages/attr/__pycache__) by extension 'python_setup_py'
[0.267s] Level 1:colcon.colcon_core.package_identification:_identify(myenv/lib/python3.12/site-packages/attrs) by extensions ['ignore', 'ignore_ament_install']
[0.267s] Level 1:colcon.colcon_core.package_identification:_identify(myenv/lib/python3.12/site-packages/attrs) by extension 'ignore'
[0.267s] Level 1:colcon.colcon_core.package_identification:_identify(myenv/lib/python3.12/site-packages/attrs) by extension 'ignore_ament_install'
[0.267s] Level 1:colcon.colcon_core.package_identification:_identify(myenv/lib/python3.12/site-packages/attrs) by extensions ['colcon_pkg']
[0.267s] Level 1:colcon.colcon_core.package_identification:_identify(myenv/lib/python3.12/site-packages/attrs) by extension 'colcon_pkg'
[0.267s] Level 1:colcon.colcon_core.package_identification:_identify(myenv/lib/python3.12/site-packages/attrs) by extensions ['colcon_meta']
[0.267s] Level 1:colcon.colcon_core.package_identification:_identify(myenv/lib/python3.12/site-packages/attrs) by extension 'colcon_meta'
[0.267s] Level 1:colcon.colcon_core.package_identification:_identify(myenv/lib/python3.12/site-packages/attrs) by extensions ['ros']
[0.267s] Level 1:colcon.colcon_core.package_identification:_identify(myenv/lib/python3.12/site-packages/attrs) by extension 'ros'
[0.267s] Level 1:colcon.colcon_core.package_identification:_identify(myenv/lib/python3.12/site-packages/attrs) by extensions ['cmake', 'python']
[0.267s] Level 1:colcon.colcon_core.package_identification:_identify(myenv/lib/python3.12/site-packages/attrs) by extension 'cmake'
[0.267s] Level 1:colcon.colcon_core.package_identification:_identify(myenv/lib/python3.12/site-packages/attrs) by extension 'python'
[0.267s] Level 1:colcon.colcon_core.package_identification:_identify(myenv/lib/python3.12/site-packages/attrs) by extensions ['python_setup_py']
[0.267s] Level 1:colcon.colcon_core.package_identification:_identify(myenv/lib/python3.12/site-packages/attrs) by extension 'python_setup_py'
[0.268s] Level 1:colcon.colcon_core.package_identification:_identify(myenv/lib/python3.12/site-packages/attrs/__pycache__) by extensions ['ignore', 'ignore_ament_install']
[0.268s] Level 1:colcon.colcon_core.package_identification:_identify(myenv/lib/python3.12/site-packages/attrs/__pycache__) by extension 'ignore'
[0.268s] Level 1:colcon.colcon_core.package_identification:_identify(myenv/lib/python3.12/site-packages/attrs/__pycache__) by extension 'ignore_ament_install'
[0.268s] Level 1:colcon.colcon_core.package_identification:_identify(myenv/lib/python3.12/site-packages/attrs/__pycache__) by extensions ['colcon_pkg']
[0.268s] Level 1:colcon.colcon_core.package_identification:_identify(myenv/lib/python3.12/site-packages/attrs/__pycache__) by extension 'colcon_pkg'
[0.268s] Level 1:colcon.colcon_core.package_identification:_identify(myenv/lib/python3.12/site-packages/attrs/__pycache__) by extensions ['colcon_meta']
[0.268s] Level 1:colcon.colcon_core.package_identification:_identify(myenv/lib/python3.12/site-packages/attrs/__pycache__) by extension 'colcon_meta'
[0.268s] Level 1:colcon.colcon_core.package_identification:_identify(myenv/lib/python3.12/site-packages/attrs/__pycache__) by extensions ['ros']
[0.268s] Level 1:colcon.colcon_core.package_identification:_identify(myenv/lib/python3.12/site-packages/attrs/__pycache__) by extension 'ros'
[0.268s] Level 1:colcon.colcon_core.package_identification:_identify(myenv/lib/python3.12/site-packages/attrs/__pycache__) by extensions ['cmake', 'python']
[0.268s] Level 1:colcon.colcon_core.package_identification:_identify(myenv/lib/python3.12/site-packages/attrs/__pycache__) by extension 'cmake'
[0.268s] Level 1:colcon.colcon_core.package_identification:_identify(myenv/lib/python3.12/site-packages/attrs/__pycache__) by extension 'python'
[0.268s] Level 1:colcon.colcon_core.package_identification:_identify(myenv/lib/python3.12/site-packages/attrs/__pycache__) by extensions ['python_setup_py']
[0.268s] Level 1:colcon.colcon_core.package_identification:_identify(myenv/lib/python3.12/site-packages/attrs/__pycache__) by extension 'python_setup_py'
[0.269s] Level 1:colcon.colcon_core.package_identification:_identify(myenv/lib/python3.12/site-packages/attrs-25.3.0.dist-info) by extensions ['ignore', 'ignore_ament_install']
[0.269s] Level 1:colcon.colcon_core.package_identification:_identify(myenv/lib/python3.12/site-packages/attrs-25.3.0.dist-info) by extension 'ignore'
[0.269s] Level 1:colcon.colcon_core.package_identification:_identify(myenv/lib/python3.12/site-packages/attrs-25.3.0.dist-info) by extension 'ignore_ament_install'
[0.269s] Level 1:colcon.colcon_core.package_identification:_identify(myenv/lib/python3.12/site-packages/attrs-25.3.0.dist-info) by extensions ['colcon_pkg']
[0.269s] Level 1:colcon.colcon_core.package_identification:_identify(myenv/lib/python3.12/site-packages/attrs-25.3.0.dist-info) by extension 'colcon_pkg'
[0.269s] Level 1:colcon.colcon_core.package_identification:_identify(myenv/lib/python3.12/site-packages/attrs-25.3.0.dist-info) by extensions ['colcon_meta']
[0.269s] Level 1:colcon.colcon_core.package_identification:_identify(myenv/lib/python3.12/site-packages/attrs-25.3.0.dist-info) by extension 'colcon_meta'
[0.269s] Level 1:colcon.colcon_core.package_identification:_identify(myenv/lib/python3.12/site-packages/attrs-25.3.0.dist-info) by extensions ['ros']
[0.269s] Level 1:colcon.colcon_core.package_identification:_identify(myenv/lib/python3.12/site-packages/attrs-25.3.0.dist-info) by extension 'ros'
[0.269s] Level 1:colcon.colcon_core.package_identification:_identify(myenv/lib/python3.12/site-packages/attrs-25.3.0.dist-info) by extensions ['cmake', 'python']
[0.269s] Level 1:colcon.colcon_core.package_identification:_identify(myenv/lib/python3.12/site-packages/attrs-25.3.0.dist-info) by extension 'cmake'
[0.269s] Level 1:colcon.colcon_core.package_identification:_identify(myenv/lib/python3.12/site-packages/attrs-25.3.0.dist-info) by extension 'python'
[0.269s] Level 1:colcon.colcon_core.package_identification:_identify(myenv/lib/python3.12/site-packages/attrs-25.3.0.dist-info) by extensions ['python_setup_py']
[0.269s] Level 1:colcon.colcon_core.package_identification:_identify(myenv/lib/python3.12/site-packages/attrs-25.3.0.dist-info) by extension 'python_setup_py'
[0.269s] Level 1:colcon.colcon_core.package_identification:_identify(myenv/lib/python3.12/site-packages/attrs-25.3.0.dist-info/licenses) by extensions ['ignore', 'ignore_ament_install']
[0.270s] Level 1:colcon.colcon_core.package_identification:_identify(myenv/lib/python3.12/site-packages/attrs-25.3.0.dist-info/licenses) by extension 'ignore'
[0.270s] Level 1:colcon.colcon_core.package_identification:_identify(myenv/lib/python3.12/site-packages/attrs-25.3.0.dist-info/licenses) by extension 'ignore_ament_install'
[0.270s] Level 1:colcon.colcon_core.package_identification:_identify(myenv/lib/python3.12/site-packages/attrs-25.3.0.dist-info/licenses) by extensions ['colcon_pkg']
[0.270s] Level 1:colcon.colcon_core.package_identification:_identify(myenv/lib/python3.12/site-packages/attrs-25.3.0.dist-info/licenses) by extension 'colcon_pkg'
[0.270s] Level 1:colcon.colcon_core.package_identification:_identify(myenv/lib/python3.12/site-packages/attrs-25.3.0.dist-info/licenses) by extensions ['colcon_meta']
[0.270s] Level 1:colcon.colcon_core.package_identification:_identify(myenv/lib/python3.12/site-packages/attrs-25.3.0.dist-info/licenses) by extension 'colcon_meta'
[0.270s] Level 1:colcon.colcon_core.package_identification:_identify(myenv/lib/python3.12/site-packages/attrs-25.3.0.dist-info/licenses) by extensions ['ros']
[0.270s] Level 1:colcon.colcon_core.package_identification:_identify(myenv/lib/python3.12/site-packages/attrs-25.3.0.dist-info/licenses) by extension 'ros'
[0.270s] Level 1:colcon.colcon_core.package_identification:_identify(myenv/lib/python3.12/site-packages/attrs-25.3.0.dist-info/licenses) by extensions ['cmake', 'python']
[0.270s] Level 1:colcon.colcon_core.package_identification:_identify(myenv/lib/python3.12/site-packages/attrs-25.3.0.dist-info/licenses) by extension 'cmake'
[0.270s] Level 1:colcon.colcon_core.package_identification:_identify(myenv/lib/python3.12/site-packages/attrs-25.3.0.dist-info/licenses) by extension 'python'
[0.270s] Level 1:colcon.colcon_core.package_identification:_identify(myenv/lib/python3.12/site-packages/attrs-25.3.0.dist-info/licenses) by extensions ['python_setup_py']
[0.270s] Level 1:colcon.colcon_core.package_identification:_identify(myenv/lib/python3.12/site-packages/attrs-25.3.0.dist-info/licenses) by extension 'python_setup_py'
[0.270s] Level 1:colcon.colcon_core.package_identification:_identify(myenv/lib/python3.12/site-packages/bitarray) by extensions ['ignore', 'ignore_ament_install']
[0.270s] Level 1:colcon.colcon_core.package_identification:_identify(myenv/lib/python3.12/site-packages/bitarray) by extension 'ignore'
[0.271s] Level 1:colcon.colcon_core.package_identification:_identify(myenv/lib/python3.12/site-packages/bitarray) by extension 'ignore_ament_install'
[0.271s] Level 1:colcon.colcon_core.package_identification:_identify(myenv/lib/python3.12/site-packages/bitarray) by extensions ['colcon_pkg']
[0.271s] Level 1:colcon.colcon_core.package_identification:_identify(myenv/lib/python3.12/site-packages/bitarray) by extension 'colcon_pkg'
[0.271s] Level 1:colcon.colcon_core.package_identification:_identify(myenv/lib/python3.12/site-packages/bitarray) by extensions ['colcon_meta']
[0.271s] Level 1:colcon.colcon_core.package_identification:_identify(myenv/lib/python3.12/site-packages/bitarray) by extension 'colcon_meta'
[0.271s] Level 1:colcon.colcon_core.package_identification:_identify(myenv/lib/python3.12/site-packages/bitarray) by extensions ['ros']
[0.271s] Level 1:colcon.colcon_core.package_identification:_identify(myenv/lib/python3.12/site-packages/bitarray) by extension 'ros'
[0.271s] Level 1:colcon.colcon_core.package_identification:_identify(myenv/lib/python3.12/site-packages/bitarray) by extensions ['cmake', 'python']
[0.271s] Level 1:colcon.colcon_core.package_identification:_identify(myenv/lib/python3.12/site-packages/bitarray) by extension 'cmake'
[0.271s] Level 1:colcon.colcon_core.package_identification:_identify(myenv/lib/python3.12/site-packages/bitarray) by extension 'python'
[0.271s] Level 1:colcon.colcon_core.package_identification:_identify(myenv/lib/python3.12/site-packages/bitarray) by extensions ['python_setup_py']
[0.271s] Level 1:colcon.colcon_core.package_identification:_identify(myenv/lib/python3.12/site-packages/bitarray) by extension 'python_setup_py'
[0.271s] Level 1:colcon.colcon_core.package_identification:_identify(myenv/lib/python3.12/site-packages/bitarray/__pycache__) by extensions ['ignore', 'ignore_ament_install']
[0.271s] Level 1:colcon.colcon_core.package_identification:_identify(myenv/lib/python3.12/site-packages/bitarray/__pycache__) by extension 'ignore'
[0.271s] Level 1:colcon.colcon_core.package_identification:_identify(myenv/lib/python3.12/site-packages/bitarray/__pycache__) by extension 'ignore_ament_install'
[0.272s] Level 1:colcon.colcon_core.package_identification:_identify(myenv/lib/python3.12/site-packages/bitarray/__pycache__) by extensions ['colcon_pkg']
[0.272s] Level 1:colcon.colcon_core.package_identification:_identify(myenv/lib/python3.12/site-packages/bitarray/__pycache__) by extension 'colcon_pkg'
[0.272s] Level 1:colcon.colcon_core.package_identification:_identify(myenv/lib/python3.12/site-packages/bitarray/__pycache__) by extensions ['colcon_meta']
[0.272s] Level 1:colcon.colcon_core.package_identification:_identify(myenv/lib/python3.12/site-packages/bitarray/__pycache__) by extension 'colcon_meta'
[0.272s] Level 1:colcon.colcon_core.package_identification:_identify(myenv/lib/python3.12/site-packages/bitarray/__pycache__) by extensions ['ros']
[0.272s] Level 1:colcon.colcon_core.package_identification:_identify(myenv/lib/python3.12/site-packages/bitarray/__pycache__) by extension 'ros'
[0.272s] Level 1:colcon.colcon_core.package_identification:_identify(myenv/lib/python3.12/site-packages/bitarray/__pycache__) by extensions ['cmake', 'python']
[0.272s] Level 1:colcon.colcon_core.package_identification:_identify(myenv/lib/python3.12/site-packages/bitarray/__pycache__) by extension 'cmake'
[0.272s] Level 1:colcon.colcon_core.package_identification:_identify(myenv/lib/python3.12/site-packages/bitarray/__pycache__) by extension 'python'
[0.272s] Level 1:colcon.colcon_core.package_identification:_identify(myenv/lib/python3.12/site-packages/bitarray/__pycache__) by extensions ['python_setup_py']
[0.272s] Level 1:colcon.colcon_core.package_identification:_identify(myenv/lib/python3.12/site-packages/bitarray/__pycache__) by extension 'python_setup_py'
[0.272s] Level 1:colcon.colcon_core.package_identification:_identify(myenv/lib/python3.12/site-packages/bitarray-3.6.1.dist-info) by extensions ['ignore', 'ignore_ament_install']
[0.272s] Level 1:colcon.colcon_core.package_identification:_identify(myenv/lib/python3.12/site-packages/bitarray-3.6.1.dist-info) by extension 'ignore'
[0.272s] Level 1:colcon.colcon_core.package_identification:_identify(myenv/lib/python3.12/site-packages/bitarray-3.6.1.dist-info) by extension 'ignore_ament_install'
[0.272s] Level 1:colcon.colcon_core.package_identification:_identify(myenv/lib/python3.12/site-packages/bitarray-3.6.1.dist-info) by extensions ['colcon_pkg']
[0.272s] Level 1:colcon.colcon_core.package_identification:_identify(myenv/lib/python3.12/site-packages/bitarray-3.6.1.dist-info) by extension 'colcon_pkg'
[0.273s] Level 1:colcon.colcon_core.package_identification:_identify(myenv/lib/python3.12/site-packages/bitarray-3.6.1.dist-info) by extensions ['colcon_meta']
[0.273s] Level 1:colcon.colcon_core.package_identification:_identify(myenv/lib/python3.12/site-packages/bitarray-3.6.1.dist-info) by extension 'colcon_meta'
[0.273s] Level 1:colcon.colcon_core.package_identification:_identify(myenv/lib/python3.12/site-packages/bitarray-3.6.1.dist-info) by extensions ['ros']
[0.273s] Level 1:colcon.colcon_core.package_identification:_identify(myenv/lib/python3.12/site-packages/bitarray-3.6.1.dist-info) by extension 'ros'
[0.273s] Level 1:colcon.colcon_core.package_identification:_identify(myenv/lib/python3.12/site-packages/bitarray-3.6.1.dist-info) by extensions ['cmake', 'python']
[0.273s] Level 1:colcon.colcon_core.package_identification:_identify(myenv/lib/python3.12/site-packages/bitarray-3.6.1.dist-info) by extension 'cmake'
[0.273s] Level 1:colcon.colcon_core.package_identification:_identify(myenv/lib/python3.12/site-packages/bitarray-3.6.1.dist-info) by extension 'python'
[0.273s] Level 1:colcon.colcon_core.package_identification:_identify(myenv/lib/python3.12/site-packages/bitarray-3.6.1.dist-info) by extensions ['python_setup_py']
[0.273s] Level 1:colcon.colcon_core.package_identification:_identify(myenv/lib/python3.12/site-packages/bitarray-3.6.1.dist-info) by extension 'python_setup_py'
[0.273s] Level 1:colcon.colcon_core.package_identification:_identify(myenv/lib/python3.12/site-packages/bitarray-3.6.1.dist-info/licenses) by extensions ['ignore', 'ignore_ament_install']
[0.273s] Level 1:colcon.colcon_core.package_identification:_identify(myenv/lib/python3.12/site-packages/bitarray-3.6.1.dist-info/licenses) by extension 'ignore'
[0.273s] Level 1:colcon.colcon_core.package_identification:_identify(myenv/lib/python3.12/site-packages/bitarray-3.6.1.dist-info/licenses) by extension 'ignore_ament_install'
[0.273s] Level 1:colcon.colcon_core.package_identification:_identify(myenv/lib/python3.12/site-packages/bitarray-3.6.1.dist-info/licenses) by extensions ['colcon_pkg']
[0.273s] Level 1:colcon.colcon_core.package_identification:_identify(myenv/lib/python3.12/site-packages/bitarray-3.6.1.dist-info/licenses) by extension 'colcon_pkg'
[0.273s] Level 1:colcon.colcon_core.package_identification:_identify(myenv/lib/python3.12/site-packages/bitarray-3.6.1.dist-info/licenses) by extensions ['colcon_meta']
[0.273s] Level 1:colcon.colcon_core.package_identification:_identify(myenv/lib/python3.12/site-packages/bitarray-3.6.1.dist-info/licenses) by extension 'colcon_meta'
[0.274s] Level 1:colcon.colcon_core.package_identification:_identify(myenv/lib/python3.12/site-packages/bitarray-3.6.1.dist-info/licenses) by extensions ['ros']
[0.274s] Level 1:colcon.colcon_core.package_identification:_identify(myenv/lib/python3.12/site-packages/bitarray-3.6.1.dist-info/licenses) by extension 'ros'
[0.274s] Level 1:colcon.colcon_core.package_identification:_identify(myenv/lib/python3.12/site-packages/bitarray-3.6.1.dist-info/licenses) by extensions ['cmake', 'python']
[0.274s] Level 1:colcon.colcon_core.package_identification:_identify(myenv/lib/python3.12/site-packages/bitarray-3.6.1.dist-info/licenses) by extension 'cmake'
[0.274s] Level 1:colcon.colcon_core.package_identification:_identify(myenv/lib/python3.12/site-packages/bitarray-3.6.1.dist-info/licenses) by extension 'python'
[0.274s] Level 1:colcon.colcon_core.package_identification:_identify(myenv/lib/python3.12/site-packages/bitarray-3.6.1.dist-info/licenses) by extensions ['python_setup_py']
[0.274s] Level 1:colcon.colcon_core.package_identification:_identify(myenv/lib/python3.12/site-packages/bitarray-3.6.1.dist-info/licenses) by extension 'python_setup_py'
[0.274s] Level 1:colcon.colcon_core.package_identification:_identify(myenv/lib/python3.12/site-packages/certifi) by extensions ['ignore', 'ignore_ament_install']
[0.274s] Level 1:colcon.colcon_core.package_identification:_identify(myenv/lib/python3.12/site-packages/certifi) by extension 'ignore'
[0.274s] Level 1:colcon.colcon_core.package_identification:_identify(myenv/lib/python3.12/site-packages/certifi) by extension 'ignore_ament_install'
[0.274s] Level 1:colcon.colcon_core.package_identification:_identify(myenv/lib/python3.12/site-packages/certifi) by extensions ['colcon_pkg']
[0.274s] Level 1:colcon.colcon_core.package_identification:_identify(myenv/lib/python3.12/site-packages/certifi) by extension 'colcon_pkg'
[0.274s] Level 1:colcon.colcon_core.package_identification:_identify(myenv/lib/python3.12/site-packages/certifi) by extensions ['colcon_meta']
[0.274s] Level 1:colcon.colcon_core.package_identification:_identify(myenv/lib/python3.12/site-packages/certifi) by extension 'colcon_meta'
[0.274s] Level 1:colcon.colcon_core.package_identification:_identify(myenv/lib/python3.12/site-packages/certifi) by extensions ['ros']
[0.275s] Level 1:colcon.colcon_core.package_identification:_identify(myenv/lib/python3.12/site-packages/certifi) by extension 'ros'
[0.275s] Level 1:colcon.colcon_core.package_identification:_identify(myenv/lib/python3.12/site-packages/certifi) by extensions ['cmake', 'python']
[0.275s] Level 1:colcon.colcon_core.package_identification:_identify(myenv/lib/python3.12/site-packages/certifi) by extension 'cmake'
[0.275s] Level 1:colcon.colcon_core.package_identification:_identify(myenv/lib/python3.12/site-packages/certifi) by extension 'python'
[0.275s] Level 1:colcon.colcon_core.package_identification:_identify(myenv/lib/python3.12/site-packages/certifi) by extensions ['python_setup_py']
[0.275s] Level 1:colcon.colcon_core.package_identification:_identify(myenv/lib/python3.12/site-packages/certifi) by extension 'python_setup_py'
[0.275s] Level 1:colcon.colcon_core.package_identification:_identify(myenv/lib/python3.12/site-packages/certifi/__pycache__) by extensions ['ignore', 'ignore_ament_install']
[0.275s] Level 1:colcon.colcon_core.package_identification:_identify(myenv/lib/python3.12/site-packages/certifi/__pycache__) by extension 'ignore'
[0.275s] Level 1:colcon.colcon_core.package_identification:_identify(myenv/lib/python3.12/site-packages/certifi/__pycache__) by extension 'ignore_ament_install'
[0.275s] Level 1:colcon.colcon_core.package_identification:_identify(myenv/lib/python3.12/site-packages/certifi/__pycache__) by extensions ['colcon_pkg']
[0.275s] Level 1:colcon.colcon_core.package_identification:_identify(myenv/lib/python3.12/site-packages/certifi/__pycache__) by extension 'colcon_pkg'
[0.275s] Level 1:colcon.colcon_core.package_identification:_identify(myenv/lib/python3.12/site-packages/certifi/__pycache__) by extensions ['colcon_meta']
[0.275s] Level 1:colcon.colcon_core.package_identification:_identify(myenv/lib/python3.12/site-packages/certifi/__pycache__) by extension 'colcon_meta'
[0.275s] Level 1:colcon.colcon_core.package_identification:_identify(myenv/lib/python3.12/site-packages/certifi/__pycache__) by extensions ['ros']
[0.275s] Level 1:colcon.colcon_core.package_identification:_identify(myenv/lib/python3.12/site-packages/certifi/__pycache__) by extension 'ros'
[0.276s] Level 1:colcon.colcon_core.package_identification:_identify(myenv/lib/python3.12/site-packages/certifi/__pycache__) by extensions ['cmake', 'python']
[0.276s] Level 1:colcon.colcon_core.package_identification:_identify(myenv/lib/python3.12/site-packages/certifi/__pycache__) by extension 'cmake'
[0.276s] Level 1:colcon.colcon_core.package_identification:_identify(myenv/lib/python3.12/site-packages/certifi/__pycache__) by extension 'python'
[0.276s] Level 1:colcon.colcon_core.package_identification:_identify(myenv/lib/python3.12/site-packages/certifi/__pycache__) by extensions ['python_setup_py']
[0.276s] Level 1:colcon.colcon_core.package_identification:_identify(myenv/lib/python3.12/site-packages/certifi/__pycache__) by extension 'python_setup_py'
[0.276s] Level 1:colcon.colcon_core.package_identification:_identify(myenv/lib/python3.12/site-packages/certifi-2025.8.3.dist-info) by extensions ['ignore', 'ignore_ament_install']
[0.276s] Level 1:colcon.colcon_core.package_identification:_identify(myenv/lib/python3.12/site-packages/certifi-2025.8.3.dist-info) by extension 'ignore'
[0.276s] Level 1:colcon.colcon_core.package_identification:_identify(myenv/lib/python3.12/site-packages/certifi-2025.8.3.dist-info) by extension 'ignore_ament_install'
[0.276s] Level 1:colcon.colcon_core.package_identification:_identify(myenv/lib/python3.12/site-packages/certifi-2025.8.3.dist-info) by extensions ['colcon_pkg']
[0.276s] Level 1:colcon.colcon_core.package_identification:_identify(myenv/lib/python3.12/site-packages/certifi-2025.8.3.dist-info) by extension 'colcon_pkg'
[0.276s] Level 1:colcon.colcon_core.package_identification:_identify(myenv/lib/python3.12/site-packages/certifi-2025.8.3.dist-info) by extensions ['colcon_meta']
[0.276s] Level 1:colcon.colcon_core.package_identification:_identify(myenv/lib/python3.12/site-packages/certifi-2025.8.3.dist-info) by extension 'colcon_meta'
[0.276s] Level 1:colcon.colcon_core.package_identification:_identify(myenv/lib/python3.12/site-packages/certifi-2025.8.3.dist-info) by extensions ['ros']
[0.276s] Level 1:colcon.colcon_core.package_identification:_identify(myenv/lib/python3.12/site-packages/certifi-2025.8.3.dist-info) by extension 'ros'
[0.276s] Level 1:colcon.colcon_core.package_identification:_identify(myenv/lib/python3.12/site-packages/certifi-2025.8.3.dist-info) by extensions ['cmake', 'python']
[0.276s] Level 1:colcon.colcon_core.package_identification:_identify(myenv/lib/python3.12/site-packages/certifi-2025.8.3.dist-info) by extension 'cmake'
[0.277s] Level 1:colcon.colcon_core.package_identification:_identify(myenv/lib/python3.12/site-packages/certifi-2025.8.3.dist-info) by extension 'python'
[0.277s] Level 1:colcon.colcon_core.package_identification:_identify(myenv/lib/python3.12/site-packages/certifi-2025.8.3.dist-info) by extensions ['python_setup_py']
[0.277s] Level 1:colcon.colcon_core.package_identification:_identify(myenv/lib/python3.12/site-packages/certifi-2025.8.3.dist-info) by extension 'python_setup_py'
[0.277s] Level 1:colcon.colcon_core.package_identification:_identify(myenv/lib/python3.12/site-packages/certifi-2025.8.3.dist-info/licenses) by extensions ['ignore', 'ignore_ament_install']
[0.277s] Level 1:colcon.colcon_core.package_identification:_identify(myenv/lib/python3.12/site-packages/certifi-2025.8.3.dist-info/licenses) by extension 'ignore'
[0.277s] Level 1:colcon.colcon_core.package_identification:_identify(myenv/lib/python3.12/site-packages/certifi-2025.8.3.dist-info/licenses) by extension 'ignore_ament_install'
[0.277s] Level 1:colcon.colcon_core.package_identification:_identify(myenv/lib/python3.12/site-packages/certifi-2025.8.3.dist-info/licenses) by extensions ['colcon_pkg']
[0.277s] Level 1:colcon.colcon_core.package_identification:_identify(myenv/lib/python3.12/site-packages/certifi-2025.8.3.dist-info/licenses) by extension 'colcon_pkg'
[0.277s] Level 1:colcon.colcon_core.package_identification:_identify(myenv/lib/python3.12/site-packages/certifi-2025.8.3.dist-info/licenses) by extensions ['colcon_meta']
[0.277s] Level 1:colcon.colcon_core.package_identification:_identify(myenv/lib/python3.12/site-packages/certifi-2025.8.3.dist-info/licenses) by extension 'colcon_meta'
[0.277s] Level 1:colcon.colcon_core.package_identification:_identify(myenv/lib/python3.12/site-packages/certifi-2025.8.3.dist-info/licenses) by extensions ['ros']
[0.277s] Level 1:colcon.colcon_core.package_identification:_identify(myenv/lib/python3.12/site-packages/certifi-2025.8.3.dist-info/licenses) by extension 'ros'
[0.277s] Level 1:colcon.colcon_core.package_identification:_identify(myenv/lib/python3.12/site-packages/certifi-2025.8.3.dist-info/licenses) by extensions ['cmake', 'python']
[0.277s] Level 1:colcon.colcon_core.package_identification:_identify(myenv/lib/python3.12/site-packages/certifi-2025.8.3.dist-info/licenses) by extension 'cmake'
[0.277s] Level 1:colcon.colcon_core.package_identification:_identify(myenv/lib/python3.12/site-packages/certifi-2025.8.3.dist-info/licenses) by extension 'python'
[0.278s] Level 1:colcon.colcon_core.package_identification:_identify(myenv/lib/python3.12/site-packages/certifi-2025.8.3.dist-info/licenses) by extensions ['python_setup_py']
[0.278s] Level 1:colcon.colcon_core.package_identification:_identify(myenv/lib/python3.12/site-packages/certifi-2025.8.3.dist-info/licenses) by extension 'python_setup_py'
[0.278s] Level 1:colcon.colcon_core.package_identification:_identify(myenv/lib/python3.12/site-packages/charset_normalizer) by extensions ['ignore', 'ignore_ament_install']
[0.278s] Level 1:colcon.colcon_core.package_identification:_identify(myenv/lib/python3.12/site-packages/charset_normalizer) by extension 'ignore'
[0.278s] Level 1:colcon.colcon_core.package_identification:_identify(myenv/lib/python3.12/site-packages/charset_normalizer) by extension 'ignore_ament_install'
[0.278s] Level 1:colcon.colcon_core.package_identification:_identify(myenv/lib/python3.12/site-packages/charset_normalizer) by extensions ['colcon_pkg']
[0.278s] Level 1:colcon.colcon_core.package_identification:_identify(myenv/lib/python3.12/site-packages/charset_normalizer) by extension 'colcon_pkg'
[0.278s] Level 1:colcon.colcon_core.package_identification:_identify(myenv/lib/python3.12/site-packages/charset_normalizer) by extensions ['colcon_meta']
[0.278s] Level 1:colcon.colcon_core.package_identification:_identify(myenv/lib/python3.12/site-packages/charset_normalizer) by extension 'colcon_meta'
[0.278s] Level 1:colcon.colcon_core.package_identification:_identify(myenv/lib/python3.12/site-packages/charset_normalizer) by extensions ['ros']
[0.278s] Level 1:colcon.colcon_core.package_identification:_identify(myenv/lib/python3.12/site-packages/charset_normalizer) by extension 'ros'
[0.278s] Level 1:colcon.colcon_core.package_identification:_identify(myenv/lib/python3.12/site-packages/charset_normalizer) by extensions ['cmake', 'python']
[0.278s] Level 1:colcon.colcon_core.package_identification:_identify(myenv/lib/python3.12/site-packages/charset_normalizer) by extension 'cmake'
[0.278s] Level 1:colcon.colcon_core.package_identification:_identify(myenv/lib/python3.12/site-packages/charset_normalizer) by extension 'python'
[0.278s] Level 1:colcon.colcon_core.package_identification:_identify(myenv/lib/python3.12/site-packages/charset_normalizer) by extensions ['python_setup_py']
[0.278s] Level 1:colcon.colcon_core.package_identification:_identify(myenv/lib/python3.12/site-packages/charset_normalizer) by extension 'python_setup_py'
[0.279s] Level 1:colcon.colcon_core.package_identification:_identify(myenv/lib/python3.12/site-packages/charset_normalizer/__pycache__) by extensions ['ignore', 'ignore_ament_install']
[0.279s] Level 1:colcon.colcon_core.package_identification:_identify(myenv/lib/python3.12/site-packages/charset_normalizer/__pycache__) by extension 'ignore'
[0.279s] Level 1:colcon.colcon_core.package_identification:_identify(myenv/lib/python3.12/site-packages/charset_normalizer/__pycache__) by extension 'ignore_ament_install'
[0.279s] Level 1:colcon.colcon_core.package_identification:_identify(myenv/lib/python3.12/site-packages/charset_normalizer/__pycache__) by extensions ['colcon_pkg']
[0.279s] Level 1:colcon.colcon_core.package_identification:_identify(myenv/lib/python3.12/site-packages/charset_normalizer/__pycache__) by extension 'colcon_pkg'
[0.279s] Level 1:colcon.colcon_core.package_identification:_identify(myenv/lib/python3.12/site-packages/charset_normalizer/__pycache__) by extensions ['colcon_meta']
[0.279s] Level 1:colcon.colcon_core.package_identification:_identify(myenv/lib/python3.12/site-packages/charset_normalizer/__pycache__) by extension 'colcon_meta'
[0.279s] Level 1:colcon.colcon_core.package_identification:_identify(myenv/lib/python3.12/site-packages/charset_normalizer/__pycache__) by extensions ['ros']
[0.279s] Level 1:colcon.colcon_core.package_identification:_identify(myenv/lib/python3.12/site-packages/charset_normalizer/__pycache__) by extension 'ros'
[0.279s] Level 1:colcon.colcon_core.package_identification:_identify(myenv/lib/python3.12/site-packages/charset_normalizer/__pycache__) by extensions ['cmake', 'python']
[0.279s] Level 1:colcon.colcon_core.package_identification:_identify(myenv/lib/python3.12/site-packages/charset_normalizer/__pycache__) by extension 'cmake'
[0.279s] Level 1:colcon.colcon_core.package_identification:_identify(myenv/lib/python3.12/site-packages/charset_normalizer/__pycache__) by extension 'python'
[0.279s] Level 1:colcon.colcon_core.package_identification:_identify(myenv/lib/python3.12/site-packages/charset_normalizer/__pycache__) by extensions ['python_setup_py']
[0.279s] Level 1:colcon.colcon_core.package_identification:_identify(myenv/lib/python3.12/site-packages/charset_normalizer/__pycache__) by extension 'python_setup_py'
[0.280s] Level 1:colcon.colcon_core.package_identification:_identify(myenv/lib/python3.12/site-packages/charset_normalizer/cli) by extensions ['ignore', 'ignore_ament_install']
[0.280s] Level 1:colcon.colcon_core.package_identification:_identify(myenv/lib/python3.12/site-packages/charset_normalizer/cli) by extension 'ignore'
[0.280s] Level 1:colcon.colcon_core.package_identification:_identify(myenv/lib/python3.12/site-packages/charset_normalizer/cli) by extension 'ignore_ament_install'
[0.280s] Level 1:colcon.colcon_core.package_identification:_identify(myenv/lib/python3.12/site-packages/charset_normalizer/cli) by extensions ['colcon_pkg']
[0.280s] Level 1:colcon.colcon_core.package_identification:_identify(myenv/lib/python3.12/site-packages/charset_normalizer/cli) by extension 'colcon_pkg'
[0.280s] Level 1:colcon.colcon_core.package_identification:_identify(myenv/lib/python3.12/site-packages/charset_normalizer/cli) by extensions ['colcon_meta']
[0.280s] Level 1:colcon.colcon_core.package_identification:_identify(myenv/lib/python3.12/site-packages/charset_normalizer/cli) by extension 'colcon_meta'
[0.280s] Level 1:colcon.colcon_core.package_identification:_identify(myenv/lib/python3.12/site-packages/charset_normalizer/cli) by extensions ['ros']
[0.280s] Level 1:colcon.colcon_core.package_identification:_identify(myenv/lib/python3.12/site-packages/charset_normalizer/cli) by extension 'ros'
[0.280s] Level 1:colcon.colcon_core.package_identification:_identify(myenv/lib/python3.12/site-packages/charset_normalizer/cli) by extensions ['cmake', 'python']
[0.280s] Level 1:colcon.colcon_core.package_identification:_identify(myenv/lib/python3.12/site-packages/charset_normalizer/cli) by extension 'cmake'
[0.280s] Level 1:colcon.colcon_core.package_identification:_identify(myenv/lib/python3.12/site-packages/charset_normalizer/cli) by extension 'python'
[0.280s] Level 1:colcon.colcon_core.package_identification:_identify(myenv/lib/python3.12/site-packages/charset_normalizer/cli) by extensions ['python_setup_py']
[0.280s] Level 1:colcon.colcon_core.package_identification:_identify(myenv/lib/python3.12/site-packages/charset_normalizer/cli) by extension 'python_setup_py'
[0.280s] Level 1:colcon.colcon_core.package_identification:_identify(myenv/lib/python3.12/site-packages/charset_normalizer/cli/__pycache__) by extensions ['ignore', 'ignore_ament_install']
[0.281s] Level 1:colcon.colcon_core.package_identification:_identify(myenv/lib/python3.12/site-packages/charset_normalizer/cli/__pycache__) by extension 'ignore'
[0.281s] Level 1:colcon.colcon_core.package_identification:_identify(myenv/lib/python3.12/site-packages/charset_normalizer/cli/__pycache__) by extension 'ignore_ament_install'
[0.281s] Level 1:colcon.colcon_core.package_identification:_identify(myenv/lib/python3.12/site-packages/charset_normalizer/cli/__pycache__) by extensions ['colcon_pkg']
[0.281s] Level 1:colcon.colcon_core.package_identification:_identify(myenv/lib/python3.12/site-packages/charset_normalizer/cli/__pycache__) by extension 'colcon_pkg'
[0.281s] Level 1:colcon.colcon_core.package_identification:_identify(myenv/lib/python3.12/site-packages/charset_normalizer/cli/__pycache__) by extensions ['colcon_meta']
[0.281s] Level 1:colcon.colcon_core.package_identification:_identify(myenv/lib/python3.12/site-packages/charset_normalizer/cli/__pycache__) by extension 'colcon_meta'
[0.281s] Level 1:colcon.colcon_core.package_identification:_identify(myenv/lib/python3.12/site-packages/charset_normalizer/cli/__pycache__) by extensions ['ros']
[0.281s] Level 1:colcon.colcon_core.package_identification:_identify(myenv/lib/python3.12/site-packages/charset_normalizer/cli/__pycache__) by extension 'ros'
[0.281s] Level 1:colcon.colcon_core.package_identification:_identify(myenv/lib/python3.12/site-packages/charset_normalizer/cli/__pycache__) by extensions ['cmake', 'python']
[0.281s] Level 1:colcon.colcon_core.package_identification:_identify(myenv/lib/python3.12/site-packages/charset_normalizer/cli/__pycache__) by extension 'cmake'
[0.281s] Level 1:colcon.colcon_core.package_identification:_identify(myenv/lib/python3.12/site-packages/charset_normalizer/cli/__pycache__) by extension 'python'
[0.281s] Level 1:colcon.colcon_core.package_identification:_identify(myenv/lib/python3.12/site-packages/charset_normalizer/cli/__pycache__) by extensions ['python_setup_py']
[0.281s] Level 1:colcon.colcon_core.package_identification:_identify(myenv/lib/python3.12/site-packages/charset_normalizer/cli/__pycache__) by extension 'python_setup_py'
[0.281s] Level 1:colcon.colcon_core.package_identification:_identify(myenv/lib/python3.12/site-packages/charset_normalizer-3.4.3.dist-info) by extensions ['ignore', 'ignore_ament_install']
[0.282s] Level 1:colcon.colcon_core.package_identification:_identify(myenv/lib/python3.12/site-packages/charset_normalizer-3.4.3.dist-info) by extension 'ignore'
[0.282s] Level 1:colcon.colcon_core.package_identification:_identify(myenv/lib/python3.12/site-packages/charset_normalizer-3.4.3.dist-info) by extension 'ignore_ament_install'
[0.282s] Level 1:colcon.colcon_core.package_identification:_identify(myenv/lib/python3.12/site-packages/charset_normalizer-3.4.3.dist-info) by extensions ['colcon_pkg']
[0.282s] Level 1:colcon.colcon_core.package_identification:_identify(myenv/lib/python3.12/site-packages/charset_normalizer-3.4.3.dist-info) by extension 'colcon_pkg'
[0.282s] Level 1:colcon.colcon_core.package_identification:_identify(myenv/lib/python3.12/site-packages/charset_normalizer-3.4.3.dist-info) by extensions ['colcon_meta']
[0.282s] Level 1:colcon.colcon_core.package_identification:_identify(myenv/lib/python3.12/site-packages/charset_normalizer-3.4.3.dist-info) by extension 'colcon_meta'
[0.282s] Level 1:colcon.colcon_core.package_identification:_identify(myenv/lib/python3.12/site-packages/charset_normalizer-3.4.3.dist-info) by extensions ['ros']
[0.282s] Level 1:colcon.colcon_core.package_identification:_identify(myenv/lib/python3.12/site-packages/charset_normalizer-3.4.3.dist-info) by extension 'ros'
[0.282s] Level 1:colcon.colcon_core.package_identification:_identify(myenv/lib/python3.12/site-packages/charset_normalizer-3.4.3.dist-info) by extensions ['cmake', 'python']
[0.282s] Level 1:colcon.colcon_core.package_identification:_identify(myenv/lib/python3.12/site-packages/charset_normalizer-3.4.3.dist-info) by extension 'cmake'
[0.282s] Level 1:colcon.colcon_core.package_identification:_identify(myenv/lib/python3.12/site-packages/charset_normalizer-3.4.3.dist-info) by extension 'python'
[0.282s] Level 1:colcon.colcon_core.package_identification:_identify(myenv/lib/python3.12/site-packages/charset_normalizer-3.4.3.dist-info) by extensions ['python_setup_py']
[0.282s] Level 1:colcon.colcon_core.package_identification:_identify(myenv/lib/python3.12/site-packages/charset_normalizer-3.4.3.dist-info) by extension 'python_setup_py'
[0.282s] Level 1:colcon.colcon_core.package_identification:_identify(myenv/lib/python3.12/site-packages/charset_normalizer-3.4.3.dist-info/licenses) by extensions ['ignore', 'ignore_ament_install']
[0.282s] Level 1:colcon.colcon_core.package_identification:_identify(myenv/lib/python3.12/site-packages/charset_normalizer-3.4.3.dist-info/licenses) by extension 'ignore'
[0.283s] Level 1:colcon.colcon_core.package_identification:_identify(myenv/lib/python3.12/site-packages/charset_normalizer-3.4.3.dist-info/licenses) by extension 'ignore_ament_install'
[0.283s] Level 1:colcon.colcon_core.package_identification:_identify(myenv/lib/python3.12/site-packages/charset_normalizer-3.4.3.dist-info/licenses) by extensions ['colcon_pkg']
[0.283s] Level 1:colcon.colcon_core.package_identification:_identify(myenv/lib/python3.12/site-packages/charset_normalizer-3.4.3.dist-info/licenses) by extension 'colcon_pkg'
[0.283s] Level 1:colcon.colcon_core.package_identification:_identify(myenv/lib/python3.12/site-packages/charset_normalizer-3.4.3.dist-info/licenses) by extensions ['colcon_meta']
[0.283s] Level 1:colcon.colcon_core.package_identification:_identify(myenv/lib/python3.12/site-packages/charset_normalizer-3.4.3.dist-info/licenses) by extension 'colcon_meta'
[0.283s] Level 1:colcon.colcon_core.package_identification:_identify(myenv/lib/python3.12/site-packages/charset_normalizer-3.4.3.dist-info/licenses) by extensions ['ros']
[0.283s] Level 1:colcon.colcon_core.package_identification:_identify(myenv/lib/python3.12/site-packages/charset_normalizer-3.4.3.dist-info/licenses) by extension 'ros'
[0.283s] Level 1:colcon.colcon_core.package_identification:_identify(myenv/lib/python3.12/site-packages/charset_normalizer-3.4.3.dist-info/licenses) by extensions ['cmake', 'python']
[0.283s] Level 1:colcon.colcon_core.package_identification:_identify(myenv/lib/python3.12/site-packages/charset_normalizer-3.4.3.dist-info/licenses) by extension 'cmake'
[0.283s] Level 1:colcon.colcon_core.package_identification:_identify(myenv/lib/python3.12/site-packages/charset_normalizer-3.4.3.dist-info/licenses) by extension 'python'
[0.283s] Level 1:colcon.colcon_core.package_identification:_identify(myenv/lib/python3.12/site-packages/charset_normalizer-3.4.3.dist-info/licenses) by extensions ['python_setup_py']
[0.283s] Level 1:colcon.colcon_core.package_identification:_identify(myenv/lib/python3.12/site-packages/charset_normalizer-3.4.3.dist-info/licenses) by extension 'python_setup_py'
[0.283s] Level 1:colcon.colcon_core.package_identification:_identify(myenv/lib/python3.12/site-packages/ckzg-2.1.1.dist-info) by extensions ['ignore', 'ignore_ament_install']
[0.283s] Level 1:colcon.colcon_core.package_identification:_identify(myenv/lib/python3.12/site-packages/ckzg-2.1.1.dist-info) by extension 'ignore'
[0.283s] Level 1:colcon.colcon_core.package_identification:_identify(myenv/lib/python3.12/site-packages/ckzg-2.1.1.dist-info) by extension 'ignore_ament_install'
[0.284s] Level 1:colcon.colcon_core.package_identification:_identify(myenv/lib/python3.12/site-packages/ckzg-2.1.1.dist-info) by extensions ['colcon_pkg']
[0.284s] Level 1:colcon.colcon_core.package_identification:_identify(myenv/lib/python3.12/site-packages/ckzg-2.1.1.dist-info) by extension 'colcon_pkg'
[0.284s] Level 1:colcon.colcon_core.package_identification:_identify(myenv/lib/python3.12/site-packages/ckzg-2.1.1.dist-info) by extensions ['colcon_meta']
[0.284s] Level 1:colcon.colcon_core.package_identification:_identify(myenv/lib/python3.12/site-packages/ckzg-2.1.1.dist-info) by extension 'colcon_meta'
[0.284s] Level 1:colcon.colcon_core.package_identification:_identify(myenv/lib/python3.12/site-packages/ckzg-2.1.1.dist-info) by extensions ['ros']
[0.284s] Level 1:colcon.colcon_core.package_identification:_identify(myenv/lib/python3.12/site-packages/ckzg-2.1.1.dist-info) by extension 'ros'
[0.284s] Level 1:colcon.colcon_core.package_identification:_identify(myenv/lib/python3.12/site-packages/ckzg-2.1.1.dist-info) by extensions ['cmake', 'python']
[0.284s] Level 1:colcon.colcon_core.package_identification:_identify(myenv/lib/python3.12/site-packages/ckzg-2.1.1.dist-info) by extension 'cmake'
[0.284s] Level 1:colcon.colcon_core.package_identification:_identify(myenv/lib/python3.12/site-packages/ckzg-2.1.1.dist-info) by extension 'python'
[0.284s] Level 1:colcon.colcon_core.package_identification:_identify(myenv/lib/python3.12/site-packages/ckzg-2.1.1.dist-info) by extensions ['python_setup_py']
[0.284s] Level 1:colcon.colcon_core.package_identification:_identify(myenv/lib/python3.12/site-packages/ckzg-2.1.1.dist-info) by extension 'python_setup_py'
[0.284s] Level 1:colcon.colcon_core.package_identification:_identify(myenv/lib/python3.12/site-packages/ckzg-2.1.1.dist-info/licenses) by extensions ['ignore', 'ignore_ament_install']
[0.284s] Level 1:colcon.colcon_core.package_identification:_identify(myenv/lib/python3.12/site-packages/ckzg-2.1.1.dist-info/licenses) by extension 'ignore'
[0.284s] Level 1:colcon.colcon_core.package_identification:_identify(myenv/lib/python3.12/site-packages/ckzg-2.1.1.dist-info/licenses) by extension 'ignore_ament_install'
[0.284s] Level 1:colcon.colcon_core.package_identification:_identify(myenv/lib/python3.12/site-packages/ckzg-2.1.1.dist-info/licenses) by extensions ['colcon_pkg']
[0.284s] Level 1:colcon.colcon_core.package_identification:_identify(myenv/lib/python3.12/site-packages/ckzg-2.1.1.dist-info/licenses) by extension 'colcon_pkg'
[0.285s] Level 1:colcon.colcon_core.package_identification:_identify(myenv/lib/python3.12/site-packages/ckzg-2.1.1.dist-info/licenses) by extensions ['colcon_meta']
[0.285s] Level 1:colcon.colcon_core.package_identification:_identify(myenv/lib/python3.12/site-packages/ckzg-2.1.1.dist-info/licenses) by extension 'colcon_meta'
[0.285s] Level 1:colcon.colcon_core.package_identification:_identify(myenv/lib/python3.12/site-packages/ckzg-2.1.1.dist-info/licenses) by extensions ['ros']
[0.285s] Level 1:colcon.colcon_core.package_identification:_identify(myenv/lib/python3.12/site-packages/ckzg-2.1.1.dist-info/licenses) by extension 'ros'
[0.285s] Level 1:colcon.colcon_core.package_identification:_identify(myenv/lib/python3.12/site-packages/ckzg-2.1.1.dist-info/licenses) by extensions ['cmake', 'python']
[0.285s] Level 1:colcon.colcon_core.package_identification:_identify(myenv/lib/python3.12/site-packages/ckzg-2.1.1.dist-info/licenses) by extension 'cmake'
[0.285s] Level 1:colcon.colcon_core.package_identification:_identify(myenv/lib/python3.12/site-packages/ckzg-2.1.1.dist-info/licenses) by extension 'python'
[0.285s] Level 1:colcon.colcon_core.package_identification:_identify(myenv/lib/python3.12/site-packages/ckzg-2.1.1.dist-info/licenses) by extensions ['python_setup_py']
[0.285s] Level 1:colcon.colcon_core.package_identification:_identify(myenv/lib/python3.12/site-packages/ckzg-2.1.1.dist-info/licenses) by extension 'python_setup_py'
[0.285s] Level 1:colcon.colcon_core.package_identification:_identify(myenv/lib/python3.12/site-packages/cytoolz) by extensions ['ignore', 'ignore_ament_install']
[0.285s] Level 1:colcon.colcon_core.package_identification:_identify(myenv/lib/python3.12/site-packages/cytoolz) by extension 'ignore'
[0.285s] Level 1:colcon.colcon_core.package_identification:_identify(myenv/lib/python3.12/site-packages/cytoolz) by extension 'ignore_ament_install'
[0.285s] Level 1:colcon.colcon_core.package_identification:_identify(myenv/lib/python3.12/site-packages/cytoolz) by extensions ['colcon_pkg']
[0.285s] Level 1:colcon.colcon_core.package_identification:_identify(myenv/lib/python3.12/site-packages/cytoolz) by extension 'colcon_pkg'
[0.285s] Level 1:colcon.colcon_core.package_identification:_identify(myenv/lib/python3.12/site-packages/cytoolz) by extensions ['colcon_meta']
[0.285s] Level 1:colcon.colcon_core.package_identification:_identify(myenv/lib/python3.12/site-packages/cytoolz) by extension 'colcon_meta'
[0.286s] Level 1:colcon.colcon_core.package_identification:_identify(myenv/lib/python3.12/site-packages/cytoolz) by extensions ['ros']
[0.286s] Level 1:colcon.colcon_core.package_identification:_identify(myenv/lib/python3.12/site-packages/cytoolz) by extension 'ros'
[0.286s] Level 1:colcon.colcon_core.package_identification:_identify(myenv/lib/python3.12/site-packages/cytoolz) by extensions ['cmake', 'python']
[0.286s] Level 1:colcon.colcon_core.package_identification:_identify(myenv/lib/python3.12/site-packages/cytoolz) by extension 'cmake'
[0.286s] Level 1:colcon.colcon_core.package_identification:_identify(myenv/lib/python3.12/site-packages/cytoolz) by extension 'python'
[0.286s] Level 1:colcon.colcon_core.package_identification:_identify(myenv/lib/python3.12/site-packages/cytoolz) by extensions ['python_setup_py']
[0.286s] Level 1:colcon.colcon_core.package_identification:_identify(myenv/lib/python3.12/site-packages/cytoolz) by extension 'python_setup_py'
[0.286s] Level 1:colcon.colcon_core.package_identification:_identify(myenv/lib/python3.12/site-packages/cytoolz/__pycache__) by extensions ['ignore', 'ignore_ament_install']
[0.286s] Level 1:colcon.colcon_core.package_identification:_identify(myenv/lib/python3.12/site-packages/cytoolz/__pycache__) by extension 'ignore'
[0.286s] Level 1:colcon.colcon_core.package_identification:_identify(myenv/lib/python3.12/site-packages/cytoolz/__pycache__) by extension 'ignore_ament_install'
[0.286s] Level 1:colcon.colcon_core.package_identification:_identify(myenv/lib/python3.12/site-packages/cytoolz/__pycache__) by extensions ['colcon_pkg']
[0.286s] Level 1:colcon.colcon_core.package_identification:_identify(myenv/lib/python3.12/site-packages/cytoolz/__pycache__) by extension 'colcon_pkg'
[0.286s] Level 1:colcon.colcon_core.package_identification:_identify(myenv/lib/python3.12/site-packages/cytoolz/__pycache__) by extensions ['colcon_meta']
[0.286s] Level 1:colcon.colcon_core.package_identification:_identify(myenv/lib/python3.12/site-packages/cytoolz/__pycache__) by extension 'colcon_meta'
[0.286s] Level 1:colcon.colcon_core.package_identification:_identify(myenv/lib/python3.12/site-packages/cytoolz/__pycache__) by extensions ['ros']
[0.287s] Level 1:colcon.colcon_core.package_identification:_identify(myenv/lib/python3.12/site-packages/cytoolz/__pycache__) by extension 'ros'
[0.287s] Level 1:colcon.colcon_core.package_identification:_identify(myenv/lib/python3.12/site-packages/cytoolz/__pycache__) by extensions ['cmake', 'python']
[0.287s] Level 1:colcon.colcon_core.package_identification:_identify(myenv/lib/python3.12/site-packages/cytoolz/__pycache__) by extension 'cmake'
[0.287s] Level 1:colcon.colcon_core.package_identification:_identify(myenv/lib/python3.12/site-packages/cytoolz/__pycache__) by extension 'python'
[0.287s] Level 1:colcon.colcon_core.package_identification:_identify(myenv/lib/python3.12/site-packages/cytoolz/__pycache__) by extensions ['python_setup_py']
[0.287s] Level 1:colcon.colcon_core.package_identification:_identify(myenv/lib/python3.12/site-packages/cytoolz/__pycache__) by extension 'python_setup_py'
[0.287s] Level 1:colcon.colcon_core.package_identification:_identify(myenv/lib/python3.12/site-packages/cytoolz/curried) by extensions ['ignore', 'ignore_ament_install']
[0.287s] Level 1:colcon.colcon_core.package_identification:_identify(myenv/lib/python3.12/site-packages/cytoolz/curried) by extension 'ignore'
[0.287s] Level 1:colcon.colcon_core.package_identification:_identify(myenv/lib/python3.12/site-packages/cytoolz/curried) by extension 'ignore_ament_install'
[0.287s] Level 1:colcon.colcon_core.package_identification:_identify(myenv/lib/python3.12/site-packages/cytoolz/curried) by extensions ['colcon_pkg']
[0.287s] Level 1:colcon.colcon_core.package_identification:_identify(myenv/lib/python3.12/site-packages/cytoolz/curried) by extension 'colcon_pkg'
[0.287s] Level 1:colcon.colcon_core.package_identification:_identify(myenv/lib/python3.12/site-packages/cytoolz/curried) by extensions ['colcon_meta']
[0.287s] Level 1:colcon.colcon_core.package_identification:_identify(myenv/lib/python3.12/site-packages/cytoolz/curried) by extension 'colcon_meta'
[0.287s] Level 1:colcon.colcon_core.package_identification:_identify(myenv/lib/python3.12/site-packages/cytoolz/curried) by extensions ['ros']
[0.287s] Level 1:colcon.colcon_core.package_identification:_identify(myenv/lib/python3.12/site-packages/cytoolz/curried) by extension 'ros'
[0.288s] Level 1:colcon.colcon_core.package_identification:_identify(myenv/lib/python3.12/site-packages/cytoolz/curried) by extensions ['cmake', 'python']
[0.288s] Level 1:colcon.colcon_core.package_identification:_identify(myenv/lib/python3.12/site-packages/cytoolz/curried) by extension 'cmake'
[0.288s] Level 1:colcon.colcon_core.package_identification:_identify(myenv/lib/python3.12/site-packages/cytoolz/curried) by extension 'python'
[0.288s] Level 1:colcon.colcon_core.package_identification:_identify(myenv/lib/python3.12/site-packages/cytoolz/curried) by extensions ['python_setup_py']
[0.288s] Level 1:colcon.colcon_core.package_identification:_identify(myenv/lib/python3.12/site-packages/cytoolz/curried) by extension 'python_setup_py'
[0.288s] Level 1:colcon.colcon_core.package_identification:_identify(myenv/lib/python3.12/site-packages/cytoolz/curried/__pycache__) by extensions ['ignore', 'ignore_ament_install']
[0.288s] Level 1:colcon.colcon_core.package_identification:_identify(myenv/lib/python3.12/site-packages/cytoolz/curried/__pycache__) by extension 'ignore'
[0.288s] Level 1:colcon.colcon_core.package_identification:_identify(myenv/lib/python3.12/site-packages/cytoolz/curried/__pycache__) by extension 'ignore_ament_install'
[0.288s] Level 1:colcon.colcon_core.package_identification:_identify(myenv/lib/python3.12/site-packages/cytoolz/curried/__pycache__) by extensions ['colcon_pkg']
[0.288s] Level 1:colcon.colcon_core.package_identification:_identify(myenv/lib/python3.12/site-packages/cytoolz/curried/__pycache__) by extension 'colcon_pkg'
[0.288s] Level 1:colcon.colcon_core.package_identification:_identify(myenv/lib/python3.12/site-packages/cytoolz/curried/__pycache__) by extensions ['colcon_meta']
[0.288s] Level 1:colcon.colcon_core.package_identification:_identify(myenv/lib/python3.12/site-packages/cytoolz/curried/__pycache__) by extension 'colcon_meta'
[0.288s] Level 1:colcon.colcon_core.package_identification:_identify(myenv/lib/python3.12/site-packages/cytoolz/curried/__pycache__) by extensions ['ros']
[0.288s] Level 1:colcon.colcon_core.package_identification:_identify(myenv/lib/python3.12/site-packages/cytoolz/curried/__pycache__) by extension 'ros'
[0.288s] Level 1:colcon.colcon_core.package_identification:_identify(myenv/lib/python3.12/site-packages/cytoolz/curried/__pycache__) by extensions ['cmake', 'python']
[0.289s] Level 1:colcon.colcon_core.package_identification:_identify(myenv/lib/python3.12/site-packages/cytoolz/curried/__pycache__) by extension 'cmake'
[0.289s] Level 1:colcon.colcon_core.package_identification:_identify(myenv/lib/python3.12/site-packages/cytoolz/curried/__pycache__) by extension 'python'
[0.289s] Level 1:colcon.colcon_core.package_identification:_identify(myenv/lib/python3.12/site-packages/cytoolz/curried/__pycache__) by extensions ['python_setup_py']
[0.289s] Level 1:colcon.colcon_core.package_identification:_identify(myenv/lib/python3.12/site-packages/cytoolz/curried/__pycache__) by extension 'python_setup_py'
[0.289s] Level 1:colcon.colcon_core.package_identification:_identify(myenv/lib/python3.12/site-packages/cytoolz/tests) by extensions ['ignore', 'ignore_ament_install']
[0.289s] Level 1:colcon.colcon_core.package_identification:_identify(myenv/lib/python3.12/site-packages/cytoolz/tests) by extension 'ignore'
[0.289s] Level 1:colcon.colcon_core.package_identification:_identify(myenv/lib/python3.12/site-packages/cytoolz/tests) by extension 'ignore_ament_install'
[0.289s] Level 1:colcon.colcon_core.package_identification:_identify(myenv/lib/python3.12/site-packages/cytoolz/tests) by extensions ['colcon_pkg']
[0.289s] Level 1:colcon.colcon_core.package_identification:_identify(myenv/lib/python3.12/site-packages/cytoolz/tests) by extension 'colcon_pkg'
[0.289s] Level 1:colcon.colcon_core.package_identification:_identify(myenv/lib/python3.12/site-packages/cytoolz/tests) by extensions ['colcon_meta']
[0.289s] Level 1:colcon.colcon_core.package_identification:_identify(myenv/lib/python3.12/site-packages/cytoolz/tests) by extension 'colcon_meta'
[0.289s] Level 1:colcon.colcon_core.package_identification:_identify(myenv/lib/python3.12/site-packages/cytoolz/tests) by extensions ['ros']
[0.289s] Level 1:colcon.colcon_core.package_identification:_identify(myenv/lib/python3.12/site-packages/cytoolz/tests) by extension 'ros'
[0.289s] Level 1:colcon.colcon_core.package_identification:_identify(myenv/lib/python3.12/site-packages/cytoolz/tests) by extensions ['cmake', 'python']
[0.289s] Level 1:colcon.colcon_core.package_identification:_identify(myenv/lib/python3.12/site-packages/cytoolz/tests) by extension 'cmake'
[0.289s] Level 1:colcon.colcon_core.package_identification:_identify(myenv/lib/python3.12/site-packages/cytoolz/tests) by extension 'python'
[0.290s] Level 1:colcon.colcon_core.package_identification:_identify(myenv/lib/python3.12/site-packages/cytoolz/tests) by extensions ['python_setup_py']
[0.290s] Level 1:colcon.colcon_core.package_identification:_identify(myenv/lib/python3.12/site-packages/cytoolz/tests) by extension 'python_setup_py'
[0.290s] Level 1:colcon.colcon_core.package_identification:_identify(myenv/lib/python3.12/site-packages/cytoolz/tests/__pycache__) by extensions ['ignore', 'ignore_ament_install']
[0.290s] Level 1:colcon.colcon_core.package_identification:_identify(myenv/lib/python3.12/site-packages/cytoolz/tests/__pycache__) by extension 'ignore'
[0.290s] Level 1:colcon.colcon_core.package_identification:_identify(myenv/lib/python3.12/site-packages/cytoolz/tests/__pycache__) by extension 'ignore_ament_install'
[0.290s] Level 1:colcon.colcon_core.package_identification:_identify(myenv/lib/python3.12/site-packages/cytoolz/tests/__pycache__) by extensions ['colcon_pkg']
[0.290s] Level 1:colcon.colcon_core.package_identification:_identify(myenv/lib/python3.12/site-packages/cytoolz/tests/__pycache__) by extension 'colcon_pkg'
[0.290s] Level 1:colcon.colcon_core.package_identification:_identify(myenv/lib/python3.12/site-packages/cytoolz/tests/__pycache__) by extensions ['colcon_meta']
[0.290s] Level 1:colcon.colcon_core.package_identification:_identify(myenv/lib/python3.12/site-packages/cytoolz/tests/__pycache__) by extension 'colcon_meta'
[0.290s] Level 1:colcon.colcon_core.package_identification:_identify(myenv/lib/python3.12/site-packages/cytoolz/tests/__pycache__) by extensions ['ros']
[0.290s] Level 1:colcon.colcon_core.package_identification:_identify(myenv/lib/python3.12/site-packages/cytoolz/tests/__pycache__) by extension 'ros'
[0.290s] Level 1:colcon.colcon_core.package_identification:_identify(myenv/lib/python3.12/site-packages/cytoolz/tests/__pycache__) by extensions ['cmake', 'python']
[0.290s] Level 1:colcon.colcon_core.package_identification:_identify(myenv/lib/python3.12/site-packages/cytoolz/tests/__pycache__) by extension 'cmake'
[0.290s] Level 1:colcon.colcon_core.package_identification:_identify(myenv/lib/python3.12/site-packages/cytoolz/tests/__pycache__) by extension 'python'
[0.291s] Level 1:colcon.colcon_core.package_identification:_identify(myenv/lib/python3.12/site-packages/cytoolz/tests/__pycache__) by extensions ['python_setup_py']
[0.291s] Level 1:colcon.colcon_core.package_identification:_identify(myenv/lib/python3.12/site-packages/cytoolz/tests/__pycache__) by extension 'python_setup_py'
[0.291s] Level 1:colcon.colcon_core.package_identification:_identify(myenv/lib/python3.12/site-packages/cytoolz-1.0.1.dist-info) by extensions ['ignore', 'ignore_ament_install']
[0.291s] Level 1:colcon.colcon_core.package_identification:_identify(myenv/lib/python3.12/site-packages/cytoolz-1.0.1.dist-info) by extension 'ignore'
[0.291s] Level 1:colcon.colcon_core.package_identification:_identify(myenv/lib/python3.12/site-packages/cytoolz-1.0.1.dist-info) by extension 'ignore_ament_install'
[0.291s] Level 1:colcon.colcon_core.package_identification:_identify(myenv/lib/python3.12/site-packages/cytoolz-1.0.1.dist-info) by extensions ['colcon_pkg']
[0.291s] Level 1:colcon.colcon_core.package_identification:_identify(myenv/lib/python3.12/site-packages/cytoolz-1.0.1.dist-info) by extension 'colcon_pkg'
[0.291s] Level 1:colcon.colcon_core.package_identification:_identify(myenv/lib/python3.12/site-packages/cytoolz-1.0.1.dist-info) by extensions ['colcon_meta']
[0.291s] Level 1:colcon.colcon_core.package_identification:_identify(myenv/lib/python3.12/site-packages/cytoolz-1.0.1.dist-info) by extension 'colcon_meta'
[0.291s] Level 1:colcon.colcon_core.package_identification:_identify(myenv/lib/python3.12/site-packages/cytoolz-1.0.1.dist-info) by extensions ['ros']
[0.291s] Level 1:colcon.colcon_core.package_identification:_identify(myenv/lib/python3.12/site-packages/cytoolz-1.0.1.dist-info) by extension 'ros'
[0.291s] Level 1:colcon.colcon_core.package_identification:_identify(myenv/lib/python3.12/site-packages/cytoolz-1.0.1.dist-info) by extensions ['cmake', 'python']
[0.291s] Level 1:colcon.colcon_core.package_identification:_identify(myenv/lib/python3.12/site-packages/cytoolz-1.0.1.dist-info) by extension 'cmake'
[0.291s] Level 1:colcon.colcon_core.package_identification:_identify(myenv/lib/python3.12/site-packages/cytoolz-1.0.1.dist-info) by extension 'python'
[0.291s] Level 1:colcon.colcon_core.package_identification:_identify(myenv/lib/python3.12/site-packages/cytoolz-1.0.1.dist-info) by extensions ['python_setup_py']
[0.291s] Level 1:colcon.colcon_core.package_identification:_identify(myenv/lib/python3.12/site-packages/cytoolz-1.0.1.dist-info) by extension 'python_setup_py'
[0.292s] Level 1:colcon.colcon_core.package_identification:_identify(myenv/lib/python3.12/site-packages/ens) by extensions ['ignore', 'ignore_ament_install']
[0.292s] Level 1:colcon.colcon_core.package_identification:_identify(myenv/lib/python3.12/site-packages/ens) by extension 'ignore'
[0.292s] Level 1:colcon.colcon_core.package_identification:_identify(myenv/lib/python3.12/site-packages/ens) by extension 'ignore_ament_install'
[0.292s] Level 1:colcon.colcon_core.package_identification:_identify(myenv/lib/python3.12/site-packages/ens) by extensions ['colcon_pkg']
[0.292s] Level 1:colcon.colcon_core.package_identification:_identify(myenv/lib/python3.12/site-packages/ens) by extension 'colcon_pkg'
[0.292s] Level 1:colcon.colcon_core.package_identification:_identify(myenv/lib/python3.12/site-packages/ens) by extensions ['colcon_meta']
[0.292s] Level 1:colcon.colcon_core.package_identification:_identify(myenv/lib/python3.12/site-packages/ens) by extension 'colcon_meta'
[0.292s] Level 1:colcon.colcon_core.package_identification:_identify(myenv/lib/python3.12/site-packages/ens) by extensions ['ros']
[0.292s] Level 1:colcon.colcon_core.package_identification:_identify(myenv/lib/python3.12/site-packages/ens) by extension 'ros'
[0.292s] Level 1:colcon.colcon_core.package_identification:_identify(myenv/lib/python3.12/site-packages/ens) by extensions ['cmake', 'python']
[0.292s] Level 1:colcon.colcon_core.package_identification:_identify(myenv/lib/python3.12/site-packages/ens) by extension 'cmake'
[0.292s] Level 1:colcon.colcon_core.package_identification:_identify(myenv/lib/python3.12/site-packages/ens) by extension 'python'
[0.292s] Level 1:colcon.colcon_core.package_identification:_identify(myenv/lib/python3.12/site-packages/ens) by extensions ['python_setup_py']
[0.292s] Level 1:colcon.colcon_core.package_identification:_identify(myenv/lib/python3.12/site-packages/ens) by extension 'python_setup_py'
[0.292s] Level 1:colcon.colcon_core.package_identification:_identify(myenv/lib/python3.12/site-packages/ens/__pycache__) by extensions ['ignore', 'ignore_ament_install']
[0.293s] Level 1:colcon.colcon_core.package_identification:_identify(myenv/lib/python3.12/site-packages/ens/__pycache__) by extension 'ignore'
[0.293s] Level 1:colcon.colcon_core.package_identification:_identify(myenv/lib/python3.12/site-packages/ens/__pycache__) by extension 'ignore_ament_install'
[0.293s] Level 1:colcon.colcon_core.package_identification:_identify(myenv/lib/python3.12/site-packages/ens/__pycache__) by extensions ['colcon_pkg']
[0.293s] Level 1:colcon.colcon_core.package_identification:_identify(myenv/lib/python3.12/site-packages/ens/__pycache__) by extension 'colcon_pkg'
[0.293s] Level 1:colcon.colcon_core.package_identification:_identify(myenv/lib/python3.12/site-packages/ens/__pycache__) by extensions ['colcon_meta']
[0.293s] Level 1:colcon.colcon_core.package_identification:_identify(myenv/lib/python3.12/site-packages/ens/__pycache__) by extension 'colcon_meta'
[0.293s] Level 1:colcon.colcon_core.package_identification:_identify(myenv/lib/python3.12/site-packages/ens/__pycache__) by extensions ['ros']
[0.293s] Level 1:colcon.colcon_core.package_identification:_identify(myenv/lib/python3.12/site-packages/ens/__pycache__) by extension 'ros'
[0.293s] Level 1:colcon.colcon_core.package_identification:_identify(myenv/lib/python3.12/site-packages/ens/__pycache__) by extensions ['cmake', 'python']
[0.293s] Level 1:colcon.colcon_core.package_identification:_identify(myenv/lib/python3.12/site-packages/ens/__pycache__) by extension 'cmake'
[0.293s] Level 1:colcon.colcon_core.package_identification:_identify(myenv/lib/python3.12/site-packages/ens/__pycache__) by extension 'python'
[0.293s] Level 1:colcon.colcon_core.package_identification:_identify(myenv/lib/python3.12/site-packages/ens/__pycache__) by extensions ['python_setup_py']
[0.293s] Level 1:colcon.colcon_core.package_identification:_identify(myenv/lib/python3.12/site-packages/ens/__pycache__) by extension 'python_setup_py'
[0.293s] Level 1:colcon.colcon_core.package_identification:_identify(myenv/lib/python3.12/site-packages/ens/specs) by extensions ['ignore', 'ignore_ament_install']
[0.293s] Level 1:colcon.colcon_core.package_identification:_identify(myenv/lib/python3.12/site-packages/ens/specs) by extension 'ignore'
[0.294s] Level 1:colcon.colcon_core.package_identification:_identify(myenv/lib/python3.12/site-packages/ens/specs) by extension 'ignore_ament_install'
[0.294s] Level 1:colcon.colcon_core.package_identification:_identify(myenv/lib/python3.12/site-packages/ens/specs) by extensions ['colcon_pkg']
[0.294s] Level 1:colcon.colcon_core.package_identification:_identify(myenv/lib/python3.12/site-packages/ens/specs) by extension 'colcon_pkg'
[0.294s] Level 1:colcon.colcon_core.package_identification:_identify(myenv/lib/python3.12/site-packages/ens/specs) by extensions ['colcon_meta']
[0.294s] Level 1:colcon.colcon_core.package_identification:_identify(myenv/lib/python3.12/site-packages/ens/specs) by extension 'colcon_meta'
[0.294s] Level 1:colcon.colcon_core.package_identification:_identify(myenv/lib/python3.12/site-packages/ens/specs) by extensions ['ros']
[0.294s] Level 1:colcon.colcon_core.package_identification:_identify(myenv/lib/python3.12/site-packages/ens/specs) by extension 'ros'
[0.294s] Level 1:colcon.colcon_core.package_identification:_identify(myenv/lib/python3.12/site-packages/ens/specs) by extensions ['cmake', 'python']
[0.294s] Level 1:colcon.colcon_core.package_identification:_identify(myenv/lib/python3.12/site-packages/ens/specs) by extension 'cmake'
[0.294s] Level 1:colcon.colcon_core.package_identification:_identify(myenv/lib/python3.12/site-packages/ens/specs) by extension 'python'
[0.294s] Level 1:colcon.colcon_core.package_identification:_identify(myenv/lib/python3.12/site-packages/ens/specs) by extensions ['python_setup_py']
[0.294s] Level 1:colcon.colcon_core.package_identification:_identify(myenv/lib/python3.12/site-packages/ens/specs) by extension 'python_setup_py'
[0.294s] Level 1:colcon.colcon_core.package_identification:_identify(myenv/lib/python3.12/site-packages/eth_abi) by extensions ['ignore', 'ignore_ament_install']
[0.294s] Level 1:colcon.colcon_core.package_identification:_identify(myenv/lib/python3.12/site-packages/eth_abi) by extension 'ignore'
[0.294s] Level 1:colcon.colcon_core.package_identification:_identify(myenv/lib/python3.12/site-packages/eth_abi) by extension 'ignore_ament_install'
[0.295s] Level 1:colcon.colcon_core.package_identification:_identify(myenv/lib/python3.12/site-packages/eth_abi) by extensions ['colcon_pkg']
[0.295s] Level 1:colcon.colcon_core.package_identification:_identify(myenv/lib/python3.12/site-packages/eth_abi) by extension 'colcon_pkg'
[0.295s] Level 1:colcon.colcon_core.package_identification:_identify(myenv/lib/python3.12/site-packages/eth_abi) by extensions ['colcon_meta']
[0.295s] Level 1:colcon.colcon_core.package_identification:_identify(myenv/lib/python3.12/site-packages/eth_abi) by extension 'colcon_meta'
[0.295s] Level 1:colcon.colcon_core.package_identification:_identify(myenv/lib/python3.12/site-packages/eth_abi) by extensions ['ros']
[0.295s] Level 1:colcon.colcon_core.package_identification:_identify(myenv/lib/python3.12/site-packages/eth_abi) by extension 'ros'
[0.295s] Level 1:colcon.colcon_core.package_identification:_identify(myenv/lib/python3.12/site-packages/eth_abi) by extensions ['cmake', 'python']
[0.295s] Level 1:colcon.colcon_core.package_identification:_identify(myenv/lib/python3.12/site-packages/eth_abi) by extension 'cmake'
[0.295s] Level 1:colcon.colcon_core.package_identification:_identify(myenv/lib/python3.12/site-packages/eth_abi) by extension 'python'
[0.295s] Level 1:colcon.colcon_core.package_identification:_identify(myenv/lib/python3.12/site-packages/eth_abi) by extensions ['python_setup_py']
[0.295s] Level 1:colcon.colcon_core.package_identification:_identify(myenv/lib/python3.12/site-packages/eth_abi) by extension 'python_setup_py'
[0.295s] Level 1:colcon.colcon_core.package_identification:_identify(myenv/lib/python3.12/site-packages/eth_abi/__pycache__) by extensions ['ignore', 'ignore_ament_install']
[0.295s] Level 1:colcon.colcon_core.package_identification:_identify(myenv/lib/python3.12/site-packages/eth_abi/__pycache__) by extension 'ignore'
[0.295s] Level 1:colcon.colcon_core.package_identification:_identify(myenv/lib/python3.12/site-packages/eth_abi/__pycache__) by extension 'ignore_ament_install'
[0.295s] Level 1:colcon.colcon_core.package_identification:_identify(myenv/lib/python3.12/site-packages/eth_abi/__pycache__) by extensions ['colcon_pkg']
[0.296s] Level 1:colcon.colcon_core.package_identification:_identify(myenv/lib/python3.12/site-packages/eth_abi/__pycache__) by extension 'colcon_pkg'
[0.296s] Level 1:colcon.colcon_core.package_identification:_identify(myenv/lib/python3.12/site-packages/eth_abi/__pycache__) by extensions ['colcon_meta']
[0.296s] Level 1:colcon.colcon_core.package_identification:_identify(myenv/lib/python3.12/site-packages/eth_abi/__pycache__) by extension 'colcon_meta'
[0.296s] Level 1:colcon.colcon_core.package_identification:_identify(myenv/lib/python3.12/site-packages/eth_abi/__pycache__) by extensions ['ros']
[0.296s] Level 1:colcon.colcon_core.package_identification:_identify(myenv/lib/python3.12/site-packages/eth_abi/__pycache__) by extension 'ros'
[0.296s] Level 1:colcon.colcon_core.package_identification:_identify(myenv/lib/python3.12/site-packages/eth_abi/__pycache__) by extensions ['cmake', 'python']
[0.296s] Level 1:colcon.colcon_core.package_identification:_identify(myenv/lib/python3.12/site-packages/eth_abi/__pycache__) by extension 'cmake'
[0.296s] Level 1:colcon.colcon_core.package_identification:_identify(myenv/lib/python3.12/site-packages/eth_abi/__pycache__) by extension 'python'
[0.296s] Level 1:colcon.colcon_core.package_identification:_identify(myenv/lib/python3.12/site-packages/eth_abi/__pycache__) by extensions ['python_setup_py']
[0.296s] Level 1:colcon.colcon_core.package_identification:_identify(myenv/lib/python3.12/site-packages/eth_abi/__pycache__) by extension 'python_setup_py'
[0.296s] Level 1:colcon.colcon_core.package_identification:_identify(myenv/lib/python3.12/site-packages/eth_abi/tools) by extensions ['ignore', 'ignore_ament_install']
[0.296s] Level 1:colcon.colcon_core.package_identification:_identify(myenv/lib/python3.12/site-packages/eth_abi/tools) by extension 'ignore'
[0.296s] Level 1:colcon.colcon_core.package_identification:_identify(myenv/lib/python3.12/site-packages/eth_abi/tools) by extension 'ignore_ament_install'
[0.296s] Level 1:colcon.colcon_core.package_identification:_identify(myenv/lib/python3.12/site-packages/eth_abi/tools) by extensions ['colcon_pkg']
[0.296s] Level 1:colcon.colcon_core.package_identification:_identify(myenv/lib/python3.12/site-packages/eth_abi/tools) by extension 'colcon_pkg'
[0.296s] Level 1:colcon.colcon_core.package_identification:_identify(myenv/lib/python3.12/site-packages/eth_abi/tools) by extensions ['colcon_meta']
[0.297s] Level 1:colcon.colcon_core.package_identification:_identify(myenv/lib/python3.12/site-packages/eth_abi/tools) by extension 'colcon_meta'
[0.297s] Level 1:colcon.colcon_core.package_identification:_identify(myenv/lib/python3.12/site-packages/eth_abi/tools) by extensions ['ros']
[0.297s] Level 1:colcon.colcon_core.package_identification:_identify(myenv/lib/python3.12/site-packages/eth_abi/tools) by extension 'ros'
[0.297s] Level 1:colcon.colcon_core.package_identification:_identify(myenv/lib/python3.12/site-packages/eth_abi/tools) by extensions ['cmake', 'python']
[0.297s] Level 1:colcon.colcon_core.package_identification:_identify(myenv/lib/python3.12/site-packages/eth_abi/tools) by extension 'cmake'
[0.297s] Level 1:colcon.colcon_core.package_identification:_identify(myenv/lib/python3.12/site-packages/eth_abi/tools) by extension 'python'
[0.297s] Level 1:colcon.colcon_core.package_identification:_identify(myenv/lib/python3.12/site-packages/eth_abi/tools) by extensions ['python_setup_py']
[0.297s] Level 1:colcon.colcon_core.package_identification:_identify(myenv/lib/python3.12/site-packages/eth_abi/tools) by extension 'python_setup_py'
[0.297s] Level 1:colcon.colcon_core.package_identification:_identify(myenv/lib/python3.12/site-packages/eth_abi/tools/__pycache__) by extensions ['ignore', 'ignore_ament_install']
[0.297s] Level 1:colcon.colcon_core.package_identification:_identify(myenv/lib/python3.12/site-packages/eth_abi/tools/__pycache__) by extension 'ignore'
[0.297s] Level 1:colcon.colcon_core.package_identification:_identify(myenv/lib/python3.12/site-packages/eth_abi/tools/__pycache__) by extension 'ignore_ament_install'
[0.297s] Level 1:colcon.colcon_core.package_identification:_identify(myenv/lib/python3.12/site-packages/eth_abi/tools/__pycache__) by extensions ['colcon_pkg']
[0.297s] Level 1:colcon.colcon_core.package_identification:_identify(myenv/lib/python3.12/site-packages/eth_abi/tools/__pycache__) by extension 'colcon_pkg'
[0.297s] Level 1:colcon.colcon_core.package_identification:_identify(myenv/lib/python3.12/site-packages/eth_abi/tools/__pycache__) by extensions ['colcon_meta']
[0.297s] Level 1:colcon.colcon_core.package_identification:_identify(myenv/lib/python3.12/site-packages/eth_abi/tools/__pycache__) by extension 'colcon_meta'
[0.298s] Level 1:colcon.colcon_core.package_identification:_identify(myenv/lib/python3.12/site-packages/eth_abi/tools/__pycache__) by extensions ['ros']
[0.298s] Level 1:colcon.colcon_core.package_identification:_identify(myenv/lib/python3.12/site-packages/eth_abi/tools/__pycache__) by extension 'ros'
[0.298s] Level 1:colcon.colcon_core.package_identification:_identify(myenv/lib/python3.12/site-packages/eth_abi/tools/__pycache__) by extensions ['cmake', 'python']
[0.298s] Level 1:colcon.colcon_core.package_identification:_identify(myenv/lib/python3.12/site-packages/eth_abi/tools/__pycache__) by extension 'cmake'
[0.298s] Level 1:colcon.colcon_core.package_identification:_identify(myenv/lib/python3.12/site-packages/eth_abi/tools/__pycache__) by extension 'python'
[0.298s] Level 1:colcon.colcon_core.package_identification:_identify(myenv/lib/python3.12/site-packages/eth_abi/tools/__pycache__) by extensions ['python_setup_py']
[0.298s] Level 1:colcon.colcon_core.package_identification:_identify(myenv/lib/python3.12/site-packages/eth_abi/tools/__pycache__) by extension 'python_setup_py'
[0.298s] Level 1:colcon.colcon_core.package_identification:_identify(myenv/lib/python3.12/site-packages/eth_abi/utils) by extensions ['ignore', 'ignore_ament_install']
[0.298s] Level 1:colcon.colcon_core.package_identification:_identify(myenv/lib/python3.12/site-packages/eth_abi/utils) by extension 'ignore'
[0.298s] Level 1:colcon.colcon_core.package_identification:_identify(myenv/lib/python3.12/site-packages/eth_abi/utils) by extension 'ignore_ament_install'
[0.298s] Level 1:colcon.colcon_core.package_identification:_identify(myenv/lib/python3.12/site-packages/eth_abi/utils) by extensions ['colcon_pkg']
[0.298s] Level 1:colcon.colcon_core.package_identification:_identify(myenv/lib/python3.12/site-packages/eth_abi/utils) by extension 'colcon_pkg'
[0.298s] Level 1:colcon.colcon_core.package_identification:_identify(myenv/lib/python3.12/site-packages/eth_abi/utils) by extensions ['colcon_meta']
[0.298s] Level 1:colcon.colcon_core.package_identification:_identify(myenv/lib/python3.12/site-packages/eth_abi/utils) by extension 'colcon_meta'
[0.298s] Level 1:colcon.colcon_core.package_identification:_identify(myenv/lib/python3.12/site-packages/eth_abi/utils) by extensions ['ros']
[0.298s] Level 1:colcon.colcon_core.package_identification:_identify(myenv/lib/python3.12/site-packages/eth_abi/utils) by extension 'ros'
[0.299s] Level 1:colcon.colcon_core.package_identification:_identify(myenv/lib/python3.12/site-packages/eth_abi/utils) by extensions ['cmake', 'python']
[0.299s] Level 1:colcon.colcon_core.package_identification:_identify(myenv/lib/python3.12/site-packages/eth_abi/utils) by extension 'cmake'
[0.299s] Level 1:colcon.colcon_core.package_identification:_identify(myenv/lib/python3.12/site-packages/eth_abi/utils) by extension 'python'
[0.299s] Level 1:colcon.colcon_core.package_identification:_identify(myenv/lib/python3.12/site-packages/eth_abi/utils) by extensions ['python_setup_py']
[0.299s] Level 1:colcon.colcon_core.package_identification:_identify(myenv/lib/python3.12/site-packages/eth_abi/utils) by extension 'python_setup_py'
[0.299s] Level 1:colcon.colcon_core.package_identification:_identify(myenv/lib/python3.12/site-packages/eth_abi/utils/__pycache__) by extensions ['ignore', 'ignore_ament_install']
[0.299s] Level 1:colcon.colcon_core.package_identification:_identify(myenv/lib/python3.12/site-packages/eth_abi/utils/__pycache__) by extension 'ignore'
[0.299s] Level 1:colcon.colcon_core.package_identification:_identify(myenv/lib/python3.12/site-packages/eth_abi/utils/__pycache__) by extension 'ignore_ament_install'
[0.299s] Level 1:colcon.colcon_core.package_identification:_identify(myenv/lib/python3.12/site-packages/eth_abi/utils/__pycache__) by extensions ['colcon_pkg']
[0.299s] Level 1:colcon.colcon_core.package_identification:_identify(myenv/lib/python3.12/site-packages/eth_abi/utils/__pycache__) by extension 'colcon_pkg'
[0.299s] Level 1:colcon.colcon_core.package_identification:_identify(myenv/lib/python3.12/site-packages/eth_abi/utils/__pycache__) by extensions ['colcon_meta']
[0.299s] Level 1:colcon.colcon_core.package_identification:_identify(myenv/lib/python3.12/site-packages/eth_abi/utils/__pycache__) by extension 'colcon_meta'
[0.299s] Level 1:colcon.colcon_core.package_identification:_identify(myenv/lib/python3.12/site-packages/eth_abi/utils/__pycache__) by extensions ['ros']
[0.299s] Level 1:colcon.colcon_core.package_identification:_identify(myenv/lib/python3.12/site-packages/eth_abi/utils/__pycache__) by extension 'ros'
[0.300s] Level 1:colcon.colcon_core.package_identification:_identify(myenv/lib/python3.12/site-packages/eth_abi/utils/__pycache__) by extensions ['cmake', 'python']
[0.300s] Level 1:colcon.colcon_core.package_identification:_identify(myenv/lib/python3.12/site-packages/eth_abi/utils/__pycache__) by extension 'cmake'
[0.300s] Level 1:colcon.colcon_core.package_identification:_identify(myenv/lib/python3.12/site-packages/eth_abi/utils/__pycache__) by extension 'python'
[0.300s] Level 1:colcon.colcon_core.package_identification:_identify(myenv/lib/python3.12/site-packages/eth_abi/utils/__pycache__) by extensions ['python_setup_py']
[0.300s] Level 1:colcon.colcon_core.package_identification:_identify(myenv/lib/python3.12/site-packages/eth_abi/utils/__pycache__) by extension 'python_setup_py'
[0.300s] Level 1:colcon.colcon_core.package_identification:_identify(myenv/lib/python3.12/site-packages/eth_abi-5.2.0.dist-info) by extensions ['ignore', 'ignore_ament_install']
[0.300s] Level 1:colcon.colcon_core.package_identification:_identify(myenv/lib/python3.12/site-packages/eth_abi-5.2.0.dist-info) by extension 'ignore'
[0.300s] Level 1:colcon.colcon_core.package_identification:_identify(myenv/lib/python3.12/site-packages/eth_abi-5.2.0.dist-info) by extension 'ignore_ament_install'
[0.300s] Level 1:colcon.colcon_core.package_identification:_identify(myenv/lib/python3.12/site-packages/eth_abi-5.2.0.dist-info) by extensions ['colcon_pkg']
[0.300s] Level 1:colcon.colcon_core.package_identification:_identify(myenv/lib/python3.12/site-packages/eth_abi-5.2.0.dist-info) by extension 'colcon_pkg'
[0.300s] Level 1:colcon.colcon_core.package_identification:_identify(myenv/lib/python3.12/site-packages/eth_abi-5.2.0.dist-info) by extensions ['colcon_meta']
[0.300s] Level 1:colcon.colcon_core.package_identification:_identify(myenv/lib/python3.12/site-packages/eth_abi-5.2.0.dist-info) by extension 'colcon_meta'
[0.300s] Level 1:colcon.colcon_core.package_identification:_identify(myenv/lib/python3.12/site-packages/eth_abi-5.2.0.dist-info) by extensions ['ros']
[0.300s] Level 1:colcon.colcon_core.package_identification:_identify(myenv/lib/python3.12/site-packages/eth_abi-5.2.0.dist-info) by extension 'ros'
[0.300s] Level 1:colcon.colcon_core.package_identification:_identify(myenv/lib/python3.12/site-packages/eth_abi-5.2.0.dist-info) by extensions ['cmake', 'python']
[0.300s] Level 1:colcon.colcon_core.package_identification:_identify(myenv/lib/python3.12/site-packages/eth_abi-5.2.0.dist-info) by extension 'cmake'
[0.301s] Level 1:colcon.colcon_core.package_identification:_identify(myenv/lib/python3.12/site-packages/eth_abi-5.2.0.dist-info) by extension 'python'
[0.301s] Level 1:colcon.colcon_core.package_identification:_identify(myenv/lib/python3.12/site-packages/eth_abi-5.2.0.dist-info) by extensions ['python_setup_py']
[0.301s] Level 1:colcon.colcon_core.package_identification:_identify(myenv/lib/python3.12/site-packages/eth_abi-5.2.0.dist-info) by extension 'python_setup_py'
[0.301s] Level 1:colcon.colcon_core.package_identification:_identify(myenv/lib/python3.12/site-packages/eth_account) by extensions ['ignore', 'ignore_ament_install']
[0.301s] Level 1:colcon.colcon_core.package_identification:_identify(myenv/lib/python3.12/site-packages/eth_account) by extension 'ignore'
[0.301s] Level 1:colcon.colcon_core.package_identification:_identify(myenv/lib/python3.12/site-packages/eth_account) by extension 'ignore_ament_install'
[0.301s] Level 1:colcon.colcon_core.package_identification:_identify(myenv/lib/python3.12/site-packages/eth_account) by extensions ['colcon_pkg']
[0.301s] Level 1:colcon.colcon_core.package_identification:_identify(myenv/lib/python3.12/site-packages/eth_account) by extension 'colcon_pkg'
[0.301s] Level 1:colcon.colcon_core.package_identification:_identify(myenv/lib/python3.12/site-packages/eth_account) by extensions ['colcon_meta']
[0.301s] Level 1:colcon.colcon_core.package_identification:_identify(myenv/lib/python3.12/site-packages/eth_account) by extension 'colcon_meta'
[0.301s] Level 1:colcon.colcon_core.package_identification:_identify(myenv/lib/python3.12/site-packages/eth_account) by extensions ['ros']
[0.301s] Level 1:colcon.colcon_core.package_identification:_identify(myenv/lib/python3.12/site-packages/eth_account) by extension 'ros'
[0.301s] Level 1:colcon.colcon_core.package_identification:_identify(myenv/lib/python3.12/site-packages/eth_account) by extensions ['cmake', 'python']
[0.301s] Level 1:colcon.colcon_core.package_identification:_identify(myenv/lib/python3.12/site-packages/eth_account) by extension 'cmake'
[0.301s] Level 1:colcon.colcon_core.package_identification:_identify(myenv/lib/python3.12/site-packages/eth_account) by extension 'python'
[0.301s] Level 1:colcon.colcon_core.package_identification:_identify(myenv/lib/python3.12/site-packages/eth_account) by extensions ['python_setup_py']
[0.302s] Level 1:colcon.colcon_core.package_identification:_identify(myenv/lib/python3.12/site-packages/eth_account) by extension 'python_setup_py'
[0.302s] Level 1:colcon.colcon_core.package_identification:_identify(myenv/lib/python3.12/site-packages/eth_account/__pycache__) by extensions ['ignore', 'ignore_ament_install']
[0.302s] Level 1:colcon.colcon_core.package_identification:_identify(myenv/lib/python3.12/site-packages/eth_account/__pycache__) by extension 'ignore'
[0.302s] Level 1:colcon.colcon_core.package_identification:_identify(myenv/lib/python3.12/site-packages/eth_account/__pycache__) by extension 'ignore_ament_install'
[0.302s] Level 1:colcon.colcon_core.package_identification:_identify(myenv/lib/python3.12/site-packages/eth_account/__pycache__) by extensions ['colcon_pkg']
[0.302s] Level 1:colcon.colcon_core.package_identification:_identify(myenv/lib/python3.12/site-packages/eth_account/__pycache__) by extension 'colcon_pkg'
[0.302s] Level 1:colcon.colcon_core.package_identification:_identify(myenv/lib/python3.12/site-packages/eth_account/__pycache__) by extensions ['colcon_meta']
[0.302s] Level 1:colcon.colcon_core.package_identification:_identify(myenv/lib/python3.12/site-packages/eth_account/__pycache__) by extension 'colcon_meta'
[0.302s] Level 1:colcon.colcon_core.package_identification:_identify(myenv/lib/python3.12/site-packages/eth_account/__pycache__) by extensions ['ros']
[0.302s] Level 1:colcon.colcon_core.package_identification:_identify(myenv/lib/python3.12/site-packages/eth_account/__pycache__) by extension 'ros'
[0.302s] Level 1:colcon.colcon_core.package_identification:_identify(myenv/lib/python3.12/site-packages/eth_account/__pycache__) by extensions ['cmake', 'python']
[0.302s] Level 1:colcon.colcon_core.package_identification:_identify(myenv/lib/python3.12/site-packages/eth_account/__pycache__) by extension 'cmake'
[0.302s] Level 1:colcon.colcon_core.package_identification:_identify(myenv/lib/python3.12/site-packages/eth_account/__pycache__) by extension 'python'
[0.302s] Level 1:colcon.colcon_core.package_identification:_identify(myenv/lib/python3.12/site-packages/eth_account/__pycache__) by extensions ['python_setup_py']
[0.302s] Level 1:colcon.colcon_core.package_identification:_identify(myenv/lib/python3.12/site-packages/eth_account/__pycache__) by extension 'python_setup_py'
[0.303s] Level 1:colcon.colcon_core.package_identification:_identify(myenv/lib/python3.12/site-packages/eth_account/_utils) by extensions ['ignore', 'ignore_ament_install']
[0.303s] Level 1:colcon.colcon_core.package_identification:_identify(myenv/lib/python3.12/site-packages/eth_account/_utils) by extension 'ignore'
[0.303s] Level 1:colcon.colcon_core.package_identification:_identify(myenv/lib/python3.12/site-packages/eth_account/_utils) by extension 'ignore_ament_install'
[0.303s] Level 1:colcon.colcon_core.package_identification:_identify(myenv/lib/python3.12/site-packages/eth_account/_utils) by extensions ['colcon_pkg']
[0.303s] Level 1:colcon.colcon_core.package_identification:_identify(myenv/lib/python3.12/site-packages/eth_account/_utils) by extension 'colcon_pkg'
[0.303s] Level 1:colcon.colcon_core.package_identification:_identify(myenv/lib/python3.12/site-packages/eth_account/_utils) by extensions ['colcon_meta']
[0.303s] Level 1:colcon.colcon_core.package_identification:_identify(myenv/lib/python3.12/site-packages/eth_account/_utils) by extension 'colcon_meta'
[0.303s] Level 1:colcon.colcon_core.package_identification:_identify(myenv/lib/python3.12/site-packages/eth_account/_utils) by extensions ['ros']
[0.303s] Level 1:colcon.colcon_core.package_identification:_identify(myenv/lib/python3.12/site-packages/eth_account/_utils) by extension 'ros'
[0.303s] Level 1:colcon.colcon_core.package_identification:_identify(myenv/lib/python3.12/site-packages/eth_account/_utils) by extensions ['cmake', 'python']
[0.303s] Level 1:colcon.colcon_core.package_identification:_identify(myenv/lib/python3.12/site-packages/eth_account/_utils) by extension 'cmake'
[0.303s] Level 1:colcon.colcon_core.package_identification:_identify(myenv/lib/python3.12/site-packages/eth_account/_utils) by extension 'python'
[0.303s] Level 1:colcon.colcon_core.package_identification:_identify(myenv/lib/python3.12/site-packages/eth_account/_utils) by extensions ['python_setup_py']
[0.303s] Level 1:colcon.colcon_core.package_identification:_identify(myenv/lib/python3.12/site-packages/eth_account/_utils) by extension 'python_setup_py'
[0.304s] Level 1:colcon.colcon_core.package_identification:_identify(myenv/lib/python3.12/site-packages/eth_account/_utils/__pycache__) by extensions ['ignore', 'ignore_ament_install']
[0.304s] Level 1:colcon.colcon_core.package_identification:_identify(myenv/lib/python3.12/site-packages/eth_account/_utils/__pycache__) by extension 'ignore'
[0.304s] Level 1:colcon.colcon_core.package_identification:_identify(myenv/lib/python3.12/site-packages/eth_account/_utils/__pycache__) by extension 'ignore_ament_install'
[0.304s] Level 1:colcon.colcon_core.package_identification:_identify(myenv/lib/python3.12/site-packages/eth_account/_utils/__pycache__) by extensions ['colcon_pkg']
[0.304s] Level 1:colcon.colcon_core.package_identification:_identify(myenv/lib/python3.12/site-packages/eth_account/_utils/__pycache__) by extension 'colcon_pkg'
[0.304s] Level 1:colcon.colcon_core.package_identification:_identify(myenv/lib/python3.12/site-packages/eth_account/_utils/__pycache__) by extensions ['colcon_meta']
[0.304s] Level 1:colcon.colcon_core.package_identification:_identify(myenv/lib/python3.12/site-packages/eth_account/_utils/__pycache__) by extension 'colcon_meta'
[0.304s] Level 1:colcon.colcon_core.package_identification:_identify(myenv/lib/python3.12/site-packages/eth_account/_utils/__pycache__) by extensions ['ros']
[0.304s] Level 1:colcon.colcon_core.package_identification:_identify(myenv/lib/python3.12/site-packages/eth_account/_utils/__pycache__) by extension 'ros'
[0.304s] Level 1:colcon.colcon_core.package_identification:_identify(myenv/lib/python3.12/site-packages/eth_account/_utils/__pycache__) by extensions ['cmake', 'python']
[0.304s] Level 1:colcon.colcon_core.package_identification:_identify(myenv/lib/python3.12/site-packages/eth_account/_utils/__pycache__) by extension 'cmake'
[0.304s] Level 1:colcon.colcon_core.package_identification:_identify(myenv/lib/python3.12/site-packages/eth_account/_utils/__pycache__) by extension 'python'
[0.304s] Level 1:colcon.colcon_core.package_identification:_identify(myenv/lib/python3.12/site-packages/eth_account/_utils/__pycache__) by extensions ['python_setup_py']
[0.304s] Level 1:colcon.colcon_core.package_identification:_identify(myenv/lib/python3.12/site-packages/eth_account/_utils/__pycache__) by extension 'python_setup_py'
[0.304s] Level 1:colcon.colcon_core.package_identification:_identify(myenv/lib/python3.12/site-packages/eth_account/_utils/encode_typed_data) by extensions ['ignore', 'ignore_ament_install']
[0.305s] Level 1:colcon.colcon_core.package_identification:_identify(myenv/lib/python3.12/site-packages/eth_account/_utils/encode_typed_data) by extension 'ignore'
[0.305s] Level 1:colcon.colcon_core.package_identification:_identify(myenv/lib/python3.12/site-packages/eth_account/_utils/encode_typed_data) by extension 'ignore_ament_install'
[0.305s] Level 1:colcon.colcon_core.package_identification:_identify(myenv/lib/python3.12/site-packages/eth_account/_utils/encode_typed_data) by extensions ['colcon_pkg']
[0.305s] Level 1:colcon.colcon_core.package_identification:_identify(myenv/lib/python3.12/site-packages/eth_account/_utils/encode_typed_data) by extension 'colcon_pkg'
[0.305s] Level 1:colcon.colcon_core.package_identification:_identify(myenv/lib/python3.12/site-packages/eth_account/_utils/encode_typed_data) by extensions ['colcon_meta']
[0.305s] Level 1:colcon.colcon_core.package_identification:_identify(myenv/lib/python3.12/site-packages/eth_account/_utils/encode_typed_data) by extension 'colcon_meta'
[0.305s] Level 1:colcon.colcon_core.package_identification:_identify(myenv/lib/python3.12/site-packages/eth_account/_utils/encode_typed_data) by extensions ['ros']
[0.305s] Level 1:colcon.colcon_core.package_identification:_identify(myenv/lib/python3.12/site-packages/eth_account/_utils/encode_typed_data) by extension 'ros'
[0.305s] Level 1:colcon.colcon_core.package_identification:_identify(myenv/lib/python3.12/site-packages/eth_account/_utils/encode_typed_data) by extensions ['cmake', 'python']
[0.305s] Level 1:colcon.colcon_core.package_identification:_identify(myenv/lib/python3.12/site-packages/eth_account/_utils/encode_typed_data) by extension 'cmake'
[0.305s] Level 1:colcon.colcon_core.package_identification:_identify(myenv/lib/python3.12/site-packages/eth_account/_utils/encode_typed_data) by extension 'python'
[0.305s] Level 1:colcon.colcon_core.package_identification:_identify(myenv/lib/python3.12/site-packages/eth_account/_utils/encode_typed_data) by extensions ['python_setup_py']
[0.305s] Level 1:colcon.colcon_core.package_identification:_identify(myenv/lib/python3.12/site-packages/eth_account/_utils/encode_typed_data) by extension 'python_setup_py'
[0.305s] Level 1:colcon.colcon_core.package_identification:_identify(myenv/lib/python3.12/site-packages/eth_account/_utils/encode_typed_data/__pycache__) by extensions ['ignore', 'ignore_ament_install']
[0.306s] Level 1:colcon.colcon_core.package_identification:_identify(myenv/lib/python3.12/site-packages/eth_account/_utils/encode_typed_data/__pycache__) by extension 'ignore'
[0.306s] Level 1:colcon.colcon_core.package_identification:_identify(myenv/lib/python3.12/site-packages/eth_account/_utils/encode_typed_data/__pycache__) by extension 'ignore_ament_install'
[0.306s] Level 1:colcon.colcon_core.package_identification:_identify(myenv/lib/python3.12/site-packages/eth_account/_utils/encode_typed_data/__pycache__) by extensions ['colcon_pkg']
[0.306s] Level 1:colcon.colcon_core.package_identification:_identify(myenv/lib/python3.12/site-packages/eth_account/_utils/encode_typed_data/__pycache__) by extension 'colcon_pkg'
[0.306s] Level 1:colcon.colcon_core.package_identification:_identify(myenv/lib/python3.12/site-packages/eth_account/_utils/encode_typed_data/__pycache__) by extensions ['colcon_meta']
[0.306s] Level 1:colcon.colcon_core.package_identification:_identify(myenv/lib/python3.12/site-packages/eth_account/_utils/encode_typed_data/__pycache__) by extension 'colcon_meta'
[0.306s] Level 1:colcon.colcon_core.package_identification:_identify(myenv/lib/python3.12/site-packages/eth_account/_utils/encode_typed_data/__pycache__) by extensions ['ros']
[0.306s] Level 1:colcon.colcon_core.package_identification:_identify(myenv/lib/python3.12/site-packages/eth_account/_utils/encode_typed_data/__pycache__) by extension 'ros'
[0.306s] Level 1:colcon.colcon_core.package_identification:_identify(myenv/lib/python3.12/site-packages/eth_account/_utils/encode_typed_data/__pycache__) by extensions ['cmake', 'python']
[0.306s] Level 1:colcon.colcon_core.package_identification:_identify(myenv/lib/python3.12/site-packages/eth_account/_utils/encode_typed_data/__pycache__) by extension 'cmake'
[0.306s] Level 1:colcon.colcon_core.package_identification:_identify(myenv/lib/python3.12/site-packages/eth_account/_utils/encode_typed_data/__pycache__) by extension 'python'
[0.306s] Level 1:colcon.colcon_core.package_identification:_identify(myenv/lib/python3.12/site-packages/eth_account/_utils/encode_typed_data/__pycache__) by extensions ['python_setup_py']
[0.306s] Level 1:colcon.colcon_core.package_identification:_identify(myenv/lib/python3.12/site-packages/eth_account/_utils/encode_typed_data/__pycache__) by extension 'python_setup_py'
[0.306s] Level 1:colcon.colcon_core.package_identification:_identify(myenv/lib/python3.12/site-packages/eth_account/hdaccount) by extensions ['ignore', 'ignore_ament_install']
[0.306s] Level 1:colcon.colcon_core.package_identification:_identify(myenv/lib/python3.12/site-packages/eth_account/hdaccount) by extension 'ignore'
[0.307s] Level 1:colcon.colcon_core.package_identification:_identify(myenv/lib/python3.12/site-packages/eth_account/hdaccount) by extension 'ignore_ament_install'
[0.307s] Level 1:colcon.colcon_core.package_identification:_identify(myenv/lib/python3.12/site-packages/eth_account/hdaccount) by extensions ['colcon_pkg']
[0.307s] Level 1:colcon.colcon_core.package_identification:_identify(myenv/lib/python3.12/site-packages/eth_account/hdaccount) by extension 'colcon_pkg'
[0.307s] Level 1:colcon.colcon_core.package_identification:_identify(myenv/lib/python3.12/site-packages/eth_account/hdaccount) by extensions ['colcon_meta']
[0.307s] Level 1:colcon.colcon_core.package_identification:_identify(myenv/lib/python3.12/site-packages/eth_account/hdaccount) by extension 'colcon_meta'
[0.307s] Level 1:colcon.colcon_core.package_identification:_identify(myenv/lib/python3.12/site-packages/eth_account/hdaccount) by extensions ['ros']
[0.307s] Level 1:colcon.colcon_core.package_identification:_identify(myenv/lib/python3.12/site-packages/eth_account/hdaccount) by extension 'ros'
[0.307s] Level 1:colcon.colcon_core.package_identification:_identify(myenv/lib/python3.12/site-packages/eth_account/hdaccount) by extensions ['cmake', 'python']
[0.307s] Level 1:colcon.colcon_core.package_identification:_identify(myenv/lib/python3.12/site-packages/eth_account/hdaccount) by extension 'cmake'
[0.307s] Level 1:colcon.colcon_core.package_identification:_identify(myenv/lib/python3.12/site-packages/eth_account/hdaccount) by extension 'python'
[0.307s] Level 1:colcon.colcon_core.package_identification:_identify(myenv/lib/python3.12/site-packages/eth_account/hdaccount) by extensions ['python_setup_py']
[0.307s] Level 1:colcon.colcon_core.package_identification:_identify(myenv/lib/python3.12/site-packages/eth_account/hdaccount) by extension 'python_setup_py'
[0.307s] Level 1:colcon.colcon_core.package_identification:_identify(myenv/lib/python3.12/site-packages/eth_account/hdaccount/__pycache__) by extensions ['ignore', 'ignore_ament_install']
[0.307s] Level 1:colcon.colcon_core.package_identification:_identify(myenv/lib/python3.12/site-packages/eth_account/hdaccount/__pycache__) by extension 'ignore'
[0.307s] Level 1:colcon.colcon_core.package_identification:_identify(myenv/lib/python3.12/site-packages/eth_account/hdaccount/__pycache__) by extension 'ignore_ament_install'
[0.308s] Level 1:colcon.colcon_core.package_identification:_identify(myenv/lib/python3.12/site-packages/eth_account/hdaccount/__pycache__) by extensions ['colcon_pkg']
[0.308s] Level 1:colcon.colcon_core.package_identification:_identify(myenv/lib/python3.12/site-packages/eth_account/hdaccount/__pycache__) by extension 'colcon_pkg'
[0.308s] Level 1:colcon.colcon_core.package_identification:_identify(myenv/lib/python3.12/site-packages/eth_account/hdaccount/__pycache__) by extensions ['colcon_meta']
[0.308s] Level 1:colcon.colcon_core.package_identification:_identify(myenv/lib/python3.12/site-packages/eth_account/hdaccount/__pycache__) by extension 'colcon_meta'
[0.308s] Level 1:colcon.colcon_core.package_identification:_identify(myenv/lib/python3.12/site-packages/eth_account/hdaccount/__pycache__) by extensions ['ros']
[0.308s] Level 1:colcon.colcon_core.package_identification:_identify(myenv/lib/python3.12/site-packages/eth_account/hdaccount/__pycache__) by extension 'ros'
[0.308s] Level 1:colcon.colcon_core.package_identification:_identify(myenv/lib/python3.12/site-packages/eth_account/hdaccount/__pycache__) by extensions ['cmake', 'python']
[0.308s] Level 1:colcon.colcon_core.package_identification:_identify(myenv/lib/python3.12/site-packages/eth_account/hdaccount/__pycache__) by extension 'cmake'
[0.308s] Level 1:colcon.colcon_core.package_identification:_identify(myenv/lib/python3.12/site-packages/eth_account/hdaccount/__pycache__) by extension 'python'
[0.308s] Level 1:colcon.colcon_core.package_identification:_identify(myenv/lib/python3.12/site-packages/eth_account/hdaccount/__pycache__) by extensions ['python_setup_py']
[0.308s] Level 1:colcon.colcon_core.package_identification:_identify(myenv/lib/python3.12/site-packages/eth_account/hdaccount/__pycache__) by extension 'python_setup_py'
[0.308s] Level 1:colcon.colcon_core.package_identification:_identify(myenv/lib/python3.12/site-packages/eth_account/hdaccount/wordlist) by extensions ['ignore', 'ignore_ament_install']
[0.308s] Level 1:colcon.colcon_core.package_identification:_identify(myenv/lib/python3.12/site-packages/eth_account/hdaccount/wordlist) by extension 'ignore'
[0.308s] Level 1:colcon.colcon_core.package_identification:_identify(myenv/lib/python3.12/site-packages/eth_account/hdaccount/wordlist) by extension 'ignore_ament_install'
[0.309s] Level 1:colcon.colcon_core.package_identification:_identify(myenv/lib/python3.12/site-packages/eth_account/hdaccount/wordlist) by extensions ['colcon_pkg']
[0.309s] Level 1:colcon.colcon_core.package_identification:_identify(myenv/lib/python3.12/site-packages/eth_account/hdaccount/wordlist) by extension 'colcon_pkg'
[0.309s] Level 1:colcon.colcon_core.package_identification:_identify(myenv/lib/python3.12/site-packages/eth_account/hdaccount/wordlist) by extensions ['colcon_meta']
[0.309s] Level 1:colcon.colcon_core.package_identification:_identify(myenv/lib/python3.12/site-packages/eth_account/hdaccount/wordlist) by extension 'colcon_meta'
[0.309s] Level 1:colcon.colcon_core.package_identification:_identify(myenv/lib/python3.12/site-packages/eth_account/hdaccount/wordlist) by extensions ['ros']
[0.309s] Level 1:colcon.colcon_core.package_identification:_identify(myenv/lib/python3.12/site-packages/eth_account/hdaccount/wordlist) by extension 'ros'
[0.309s] Level 1:colcon.colcon_core.package_identification:_identify(myenv/lib/python3.12/site-packages/eth_account/hdaccount/wordlist) by extensions ['cmake', 'python']
[0.309s] Level 1:colcon.colcon_core.package_identification:_identify(myenv/lib/python3.12/site-packages/eth_account/hdaccount/wordlist) by extension 'cmake'
[0.309s] Level 1:colcon.colcon_core.package_identification:_identify(myenv/lib/python3.12/site-packages/eth_account/hdaccount/wordlist) by extension 'python'
[0.309s] Level 1:colcon.colcon_core.package_identification:_identify(myenv/lib/python3.12/site-packages/eth_account/hdaccount/wordlist) by extensions ['python_setup_py']
[0.309s] Level 1:colcon.colcon_core.package_identification:_identify(myenv/lib/python3.12/site-packages/eth_account/hdaccount/wordlist) by extension 'python_setup_py'
[0.309s] Level 1:colcon.colcon_core.package_identification:_identify(myenv/lib/python3.12/site-packages/eth_account/signers) by extensions ['ignore', 'ignore_ament_install']
[0.309s] Level 1:colcon.colcon_core.package_identification:_identify(myenv/lib/python3.12/site-packages/eth_account/signers) by extension 'ignore'
[0.309s] Level 1:colcon.colcon_core.package_identification:_identify(myenv/lib/python3.12/site-packages/eth_account/signers) by extension 'ignore_ament_install'
[0.309s] Level 1:colcon.colcon_core.package_identification:_identify(myenv/lib/python3.12/site-packages/eth_account/signers) by extensions ['colcon_pkg']
[0.309s] Level 1:colcon.colcon_core.package_identification:_identify(myenv/lib/python3.12/site-packages/eth_account/signers) by extension 'colcon_pkg'
[0.310s] Level 1:colcon.colcon_core.package_identification:_identify(myenv/lib/python3.12/site-packages/eth_account/signers) by extensions ['colcon_meta']
[0.310s] Level 1:colcon.colcon_core.package_identification:_identify(myenv/lib/python3.12/site-packages/eth_account/signers) by extension 'colcon_meta'
[0.310s] Level 1:colcon.colcon_core.package_identification:_identify(myenv/lib/python3.12/site-packages/eth_account/signers) by extensions ['ros']
[0.310s] Level 1:colcon.colcon_core.package_identification:_identify(myenv/lib/python3.12/site-packages/eth_account/signers) by extension 'ros'
[0.310s] Level 1:colcon.colcon_core.package_identification:_identify(myenv/lib/python3.12/site-packages/eth_account/signers) by extensions ['cmake', 'python']
[0.310s] Level 1:colcon.colcon_core.package_identification:_identify(myenv/lib/python3.12/site-packages/eth_account/signers) by extension 'cmake'
[0.310s] Level 1:colcon.colcon_core.package_identification:_identify(myenv/lib/python3.12/site-packages/eth_account/signers) by extension 'python'
[0.310s] Level 1:colcon.colcon_core.package_identification:_identify(myenv/lib/python3.12/site-packages/eth_account/signers) by extensions ['python_setup_py']
[0.310s] Level 1:colcon.colcon_core.package_identification:_identify(myenv/lib/python3.12/site-packages/eth_account/signers) by extension 'python_setup_py'
[0.310s] Level 1:colcon.colcon_core.package_identification:_identify(myenv/lib/python3.12/site-packages/eth_account/signers/__pycache__) by extensions ['ignore', 'ignore_ament_install']
[0.310s] Level 1:colcon.colcon_core.package_identification:_identify(myenv/lib/python3.12/site-packages/eth_account/signers/__pycache__) by extension 'ignore'
[0.310s] Level 1:colcon.colcon_core.package_identification:_identify(myenv/lib/python3.12/site-packages/eth_account/signers/__pycache__) by extension 'ignore_ament_install'
[0.310s] Level 1:colcon.colcon_core.package_identification:_identify(myenv/lib/python3.12/site-packages/eth_account/signers/__pycache__) by extensions ['colcon_pkg']
[0.310s] Level 1:colcon.colcon_core.package_identification:_identify(myenv/lib/python3.12/site-packages/eth_account/signers/__pycache__) by extension 'colcon_pkg'
[0.310s] Level 1:colcon.colcon_core.package_identification:_identify(myenv/lib/python3.12/site-packages/eth_account/signers/__pycache__) by extensions ['colcon_meta']
[0.311s] Level 1:colcon.colcon_core.package_identification:_identify(myenv/lib/python3.12/site-packages/eth_account/signers/__pycache__) by extension 'colcon_meta'
[0.311s] Level 1:colcon.colcon_core.package_identification:_identify(myenv/lib/python3.12/site-packages/eth_account/signers/__pycache__) by extensions ['ros']
[0.311s] Level 1:colcon.colcon_core.package_identification:_identify(myenv/lib/python3.12/site-packages/eth_account/signers/__pycache__) by extension 'ros'
[0.311s] Level 1:colcon.colcon_core.package_identification:_identify(myenv/lib/python3.12/site-packages/eth_account/signers/__pycache__) by extensions ['cmake', 'python']
[0.311s] Level 1:colcon.colcon_core.package_identification:_identify(myenv/lib/python3.12/site-packages/eth_account/signers/__pycache__) by extension 'cmake'
[0.311s] Level 1:colcon.colcon_core.package_identification:_identify(myenv/lib/python3.12/site-packages/eth_account/signers/__pycache__) by extension 'python'
[0.311s] Level 1:colcon.colcon_core.package_identification:_identify(myenv/lib/python3.12/site-packages/eth_account/signers/__pycache__) by extensions ['python_setup_py']
[0.311s] Level 1:colcon.colcon_core.package_identification:_identify(myenv/lib/python3.12/site-packages/eth_account/signers/__pycache__) by extension 'python_setup_py'
[0.311s] Level 1:colcon.colcon_core.package_identification:_identify(myenv/lib/python3.12/site-packages/eth_account/typed_transactions) by extensions ['ignore', 'ignore_ament_install']
[0.311s] Level 1:colcon.colcon_core.package_identification:_identify(myenv/lib/python3.12/site-packages/eth_account/typed_transactions) by extension 'ignore'
[0.311s] Level 1:colcon.colcon_core.package_identification:_identify(myenv/lib/python3.12/site-packages/eth_account/typed_transactions) by extension 'ignore_ament_install'
[0.311s] Level 1:colcon.colcon_core.package_identification:_identify(myenv/lib/python3.12/site-packages/eth_account/typed_transactions) by extensions ['colcon_pkg']
[0.311s] Level 1:colcon.colcon_core.package_identification:_identify(myenv/lib/python3.12/site-packages/eth_account/typed_transactions) by extension 'colcon_pkg'
[0.311s] Level 1:colcon.colcon_core.package_identification:_identify(myenv/lib/python3.12/site-packages/eth_account/typed_transactions) by extensions ['colcon_meta']
[0.311s] Level 1:colcon.colcon_core.package_identification:_identify(myenv/lib/python3.12/site-packages/eth_account/typed_transactions) by extension 'colcon_meta'
[0.312s] Level 1:colcon.colcon_core.package_identification:_identify(myenv/lib/python3.12/site-packages/eth_account/typed_transactions) by extensions ['ros']
[0.312s] Level 1:colcon.colcon_core.package_identification:_identify(myenv/lib/python3.12/site-packages/eth_account/typed_transactions) by extension 'ros'
[0.312s] Level 1:colcon.colcon_core.package_identification:_identify(myenv/lib/python3.12/site-packages/eth_account/typed_transactions) by extensions ['cmake', 'python']
[0.312s] Level 1:colcon.colcon_core.package_identification:_identify(myenv/lib/python3.12/site-packages/eth_account/typed_transactions) by extension 'cmake'
[0.312s] Level 1:colcon.colcon_core.package_identification:_identify(myenv/lib/python3.12/site-packages/eth_account/typed_transactions) by extension 'python'
[0.312s] Level 1:colcon.colcon_core.package_identification:_identify(myenv/lib/python3.12/site-packages/eth_account/typed_transactions) by extensions ['python_setup_py']
[0.312s] Level 1:colcon.colcon_core.package_identification:_identify(myenv/lib/python3.12/site-packages/eth_account/typed_transactions) by extension 'python_setup_py'
[0.312s] Level 1:colcon.colcon_core.package_identification:_identify(myenv/lib/python3.12/site-packages/eth_account/typed_transactions/__pycache__) by extensions ['ignore', 'ignore_ament_install']
[0.312s] Level 1:colcon.colcon_core.package_identification:_identify(myenv/lib/python3.12/site-packages/eth_account/typed_transactions/__pycache__) by extension 'ignore'
[0.312s] Level 1:colcon.colcon_core.package_identification:_identify(myenv/lib/python3.12/site-packages/eth_account/typed_transactions/__pycache__) by extension 'ignore_ament_install'
[0.312s] Level 1:colcon.colcon_core.package_identification:_identify(myenv/lib/python3.12/site-packages/eth_account/typed_transactions/__pycache__) by extensions ['colcon_pkg']
[0.312s] Level 1:colcon.colcon_core.package_identification:_identify(myenv/lib/python3.12/site-packages/eth_account/typed_transactions/__pycache__) by extension 'colcon_pkg'
[0.312s] Level 1:colcon.colcon_core.package_identification:_identify(myenv/lib/python3.12/site-packages/eth_account/typed_transactions/__pycache__) by extensions ['colcon_meta']
[0.312s] Level 1:colcon.colcon_core.package_identification:_identify(myenv/lib/python3.12/site-packages/eth_account/typed_transactions/__pycache__) by extension 'colcon_meta'
[0.312s] Level 1:colcon.colcon_core.package_identification:_identify(myenv/lib/python3.12/site-packages/eth_account/typed_transactions/__pycache__) by extensions ['ros']
[0.312s] Level 1:colcon.colcon_core.package_identification:_identify(myenv/lib/python3.12/site-packages/eth_account/typed_transactions/__pycache__) by extension 'ros'
[0.313s] Level 1:colcon.colcon_core.package_identification:_identify(myenv/lib/python3.12/site-packages/eth_account/typed_transactions/__pycache__) by extensions ['cmake', 'python']
[0.313s] Level 1:colcon.colcon_core.package_identification:_identify(myenv/lib/python3.12/site-packages/eth_account/typed_transactions/__pycache__) by extension 'cmake'
[0.313s] Level 1:colcon.colcon_core.package_identification:_identify(myenv/lib/python3.12/site-packages/eth_account/typed_transactions/__pycache__) by extension 'python'
[0.313s] Level 1:colcon.colcon_core.package_identification:_identify(myenv/lib/python3.12/site-packages/eth_account/typed_transactions/__pycache__) by extensions ['python_setup_py']
[0.313s] Level 1:colcon.colcon_core.package_identification:_identify(myenv/lib/python3.12/site-packages/eth_account/typed_transactions/__pycache__) by extension 'python_setup_py'
[0.313s] Level 1:colcon.colcon_core.package_identification:_identify(myenv/lib/python3.12/site-packages/eth_account/typed_transactions/blob_transactions) by extensions ['ignore', 'ignore_ament_install']
[0.313s] Level 1:colcon.colcon_core.package_identification:_identify(myenv/lib/python3.12/site-packages/eth_account/typed_transactions/blob_transactions) by extension 'ignore'
[0.313s] Level 1:colcon.colcon_core.package_identification:_identify(myenv/lib/python3.12/site-packages/eth_account/typed_transactions/blob_transactions) by extension 'ignore_ament_install'
[0.313s] Level 1:colcon.colcon_core.package_identification:_identify(myenv/lib/python3.12/site-packages/eth_account/typed_transactions/blob_transactions) by extensions ['colcon_pkg']
[0.313s] Level 1:colcon.colcon_core.package_identification:_identify(myenv/lib/python3.12/site-packages/eth_account/typed_transactions/blob_transactions) by extension 'colcon_pkg'
[0.313s] Level 1:colcon.colcon_core.package_identification:_identify(myenv/lib/python3.12/site-packages/eth_account/typed_transactions/blob_transactions) by extensions ['colcon_meta']
[0.313s] Level 1:colcon.colcon_core.package_identification:_identify(myenv/lib/python3.12/site-packages/eth_account/typed_transactions/blob_transactions) by extension 'colcon_meta'
[0.313s] Level 1:colcon.colcon_core.package_identification:_identify(myenv/lib/python3.12/site-packages/eth_account/typed_transactions/blob_transactions) by extensions ['ros']
[0.313s] Level 1:colcon.colcon_core.package_identification:_identify(myenv/lib/python3.12/site-packages/eth_account/typed_transactions/blob_transactions) by extension 'ros'
[0.314s] Level 1:colcon.colcon_core.package_identification:_identify(myenv/lib/python3.12/site-packages/eth_account/typed_transactions/blob_transactions) by extensions ['cmake', 'python']
[0.314s] Level 1:colcon.colcon_core.package_identification:_identify(myenv/lib/python3.12/site-packages/eth_account/typed_transactions/blob_transactions) by extension 'cmake'
[0.314s] Level 1:colcon.colcon_core.package_identification:_identify(myenv/lib/python3.12/site-packages/eth_account/typed_transactions/blob_transactions) by extension 'python'
[0.314s] Level 1:colcon.colcon_core.package_identification:_identify(myenv/lib/python3.12/site-packages/eth_account/typed_transactions/blob_transactions) by extensions ['python_setup_py']
[0.314s] Level 1:colcon.colcon_core.package_identification:_identify(myenv/lib/python3.12/site-packages/eth_account/typed_transactions/blob_transactions) by extension 'python_setup_py'
[0.314s] Level 1:colcon.colcon_core.package_identification:_identify(myenv/lib/python3.12/site-packages/eth_account/typed_transactions/blob_transactions/__pycache__) by extensions ['ignore', 'ignore_ament_install']
[0.314s] Level 1:colcon.colcon_core.package_identification:_identify(myenv/lib/python3.12/site-packages/eth_account/typed_transactions/blob_transactions/__pycache__) by extension 'ignore'
[0.314s] Level 1:colcon.colcon_core.package_identification:_identify(myenv/lib/python3.12/site-packages/eth_account/typed_transactions/blob_transactions/__pycache__) by extension 'ignore_ament_install'
[0.314s] Level 1:colcon.colcon_core.package_identification:_identify(myenv/lib/python3.12/site-packages/eth_account/typed_transactions/blob_transactions/__pycache__) by extensions ['colcon_pkg']
[0.314s] Level 1:colcon.colcon_core.package_identification:_identify(myenv/lib/python3.12/site-packages/eth_account/typed_transactions/blob_transactions/__pycache__) by extension 'colcon_pkg'
[0.314s] Level 1:colcon.colcon_core.package_identification:_identify(myenv/lib/python3.12/site-packages/eth_account/typed_transactions/blob_transactions/__pycache__) by extensions ['colcon_meta']
[0.314s] Level 1:colcon.colcon_core.package_identification:_identify(myenv/lib/python3.12/site-packages/eth_account/typed_transactions/blob_transactions/__pycache__) by extension 'colcon_meta'
[0.314s] Level 1:colcon.colcon_core.package_identification:_identify(myenv/lib/python3.12/site-packages/eth_account/typed_transactions/blob_transactions/__pycache__) by extensions ['ros']
[0.314s] Level 1:colcon.colcon_core.package_identification:_identify(myenv/lib/python3.12/site-packages/eth_account/typed_transactions/blob_transactions/__pycache__) by extension 'ros'
[0.315s] Level 1:colcon.colcon_core.package_identification:_identify(myenv/lib/python3.12/site-packages/eth_account/typed_transactions/blob_transactions/__pycache__) by extensions ['cmake', 'python']
[0.315s] Level 1:colcon.colcon_core.package_identification:_identify(myenv/lib/python3.12/site-packages/eth_account/typed_transactions/blob_transactions/__pycache__) by extension 'cmake'
[0.315s] Level 1:colcon.colcon_core.package_identification:_identify(myenv/lib/python3.12/site-packages/eth_account/typed_transactions/blob_transactions/__pycache__) by extension 'python'
[0.315s] Level 1:colcon.colcon_core.package_identification:_identify(myenv/lib/python3.12/site-packages/eth_account/typed_transactions/blob_transactions/__pycache__) by extensions ['python_setup_py']
[0.315s] Level 1:colcon.colcon_core.package_identification:_identify(myenv/lib/python3.12/site-packages/eth_account/typed_transactions/blob_transactions/__pycache__) by extension 'python_setup_py'
[0.315s] Level 1:colcon.colcon_core.package_identification:_identify(myenv/lib/python3.12/site-packages/eth_account-0.13.7.dist-info) by extensions ['ignore', 'ignore_ament_install']
[0.315s] Level 1:colcon.colcon_core.package_identification:_identify(myenv/lib/python3.12/site-packages/eth_account-0.13.7.dist-info) by extension 'ignore'
[0.315s] Level 1:colcon.colcon_core.package_identification:_identify(myenv/lib/python3.12/site-packages/eth_account-0.13.7.dist-info) by extension 'ignore_ament_install'
[0.315s] Level 1:colcon.colcon_core.package_identification:_identify(myenv/lib/python3.12/site-packages/eth_account-0.13.7.dist-info) by extensions ['colcon_pkg']
[0.315s] Level 1:colcon.colcon_core.package_identification:_identify(myenv/lib/python3.12/site-packages/eth_account-0.13.7.dist-info) by extension 'colcon_pkg'
[0.315s] Level 1:colcon.colcon_core.package_identification:_identify(myenv/lib/python3.12/site-packages/eth_account-0.13.7.dist-info) by extensions ['colcon_meta']
[0.315s] Level 1:colcon.colcon_core.package_identification:_identify(myenv/lib/python3.12/site-packages/eth_account-0.13.7.dist-info) by extension 'colcon_meta'
[0.315s] Level 1:colcon.colcon_core.package_identification:_identify(myenv/lib/python3.12/site-packages/eth_account-0.13.7.dist-info) by extensions ['ros']
[0.315s] Level 1:colcon.colcon_core.package_identification:_identify(myenv/lib/python3.12/site-packages/eth_account-0.13.7.dist-info) by extension 'ros'
[0.315s] Level 1:colcon.colcon_core.package_identification:_identify(myenv/lib/python3.12/site-packages/eth_account-0.13.7.dist-info) by extensions ['cmake', 'python']
[0.315s] Level 1:colcon.colcon_core.package_identification:_identify(myenv/lib/python3.12/site-packages/eth_account-0.13.7.dist-info) by extension 'cmake'
[0.316s] Level 1:colcon.colcon_core.package_identification:_identify(myenv/lib/python3.12/site-packages/eth_account-0.13.7.dist-info) by extension 'python'
[0.316s] Level 1:colcon.colcon_core.package_identification:_identify(myenv/lib/python3.12/site-packages/eth_account-0.13.7.dist-info) by extensions ['python_setup_py']
[0.316s] Level 1:colcon.colcon_core.package_identification:_identify(myenv/lib/python3.12/site-packages/eth_account-0.13.7.dist-info) by extension 'python_setup_py'
[0.316s] Level 1:colcon.colcon_core.package_identification:_identify(myenv/lib/python3.12/site-packages/eth_account-0.13.7.dist-info/licenses) by extensions ['ignore', 'ignore_ament_install']
[0.316s] Level 1:colcon.colcon_core.package_identification:_identify(myenv/lib/python3.12/site-packages/eth_account-0.13.7.dist-info/licenses) by extension 'ignore'
[0.316s] Level 1:colcon.colcon_core.package_identification:_identify(myenv/lib/python3.12/site-packages/eth_account-0.13.7.dist-info/licenses) by extension 'ignore_ament_install'
[0.316s] Level 1:colcon.colcon_core.package_identification:_identify(myenv/lib/python3.12/site-packages/eth_account-0.13.7.dist-info/licenses) by extensions ['colcon_pkg']
[0.316s] Level 1:colcon.colcon_core.package_identification:_identify(myenv/lib/python3.12/site-packages/eth_account-0.13.7.dist-info/licenses) by extension 'colcon_pkg'
[0.316s] Level 1:colcon.colcon_core.package_identification:_identify(myenv/lib/python3.12/site-packages/eth_account-0.13.7.dist-info/licenses) by extensions ['colcon_meta']
[0.316s] Level 1:colcon.colcon_core.package_identification:_identify(myenv/lib/python3.12/site-packages/eth_account-0.13.7.dist-info/licenses) by extension 'colcon_meta'
[0.316s] Level 1:colcon.colcon_core.package_identification:_identify(myenv/lib/python3.12/site-packages/eth_account-0.13.7.dist-info/licenses) by extensions ['ros']
[0.316s] Level 1:colcon.colcon_core.package_identification:_identify(myenv/lib/python3.12/site-packages/eth_account-0.13.7.dist-info/licenses) by extension 'ros'
[0.316s] Level 1:colcon.colcon_core.package_identification:_identify(myenv/lib/python3.12/site-packages/eth_account-0.13.7.dist-info/licenses) by extensions ['cmake', 'python']
[0.316s] Level 1:colcon.colcon_core.package_identification:_identify(myenv/lib/python3.12/site-packages/eth_account-0.13.7.dist-info/licenses) by extension 'cmake'
[0.316s] Level 1:colcon.colcon_core.package_identification:_identify(myenv/lib/python3.12/site-packages/eth_account-0.13.7.dist-info/licenses) by extension 'python'
[0.317s] Level 1:colcon.colcon_core.package_identification:_identify(myenv/lib/python3.12/site-packages/eth_account-0.13.7.dist-info/licenses) by extensions ['python_setup_py']
[0.317s] Level 1:colcon.colcon_core.package_identification:_identify(myenv/lib/python3.12/site-packages/eth_account-0.13.7.dist-info/licenses) by extension 'python_setup_py'
[0.317s] Level 1:colcon.colcon_core.package_identification:_identify(myenv/lib/python3.12/site-packages/eth_hash) by extensions ['ignore', 'ignore_ament_install']
[0.317s] Level 1:colcon.colcon_core.package_identification:_identify(myenv/lib/python3.12/site-packages/eth_hash) by extension 'ignore'
[0.317s] Level 1:colcon.colcon_core.package_identification:_identify(myenv/lib/python3.12/site-packages/eth_hash) by extension 'ignore_ament_install'
[0.317s] Level 1:colcon.colcon_core.package_identification:_identify(myenv/lib/python3.12/site-packages/eth_hash) by extensions ['colcon_pkg']
[0.317s] Level 1:colcon.colcon_core.package_identification:_identify(myenv/lib/python3.12/site-packages/eth_hash) by extension 'colcon_pkg'
[0.317s] Level 1:colcon.colcon_core.package_identification:_identify(myenv/lib/python3.12/site-packages/eth_hash) by extensions ['colcon_meta']
[0.317s] Level 1:colcon.colcon_core.package_identification:_identify(myenv/lib/python3.12/site-packages/eth_hash) by extension 'colcon_meta'
[0.317s] Level 1:colcon.colcon_core.package_identification:_identify(myenv/lib/python3.12/site-packages/eth_hash) by extensions ['ros']
[0.317s] Level 1:colcon.colcon_core.package_identification:_identify(myenv/lib/python3.12/site-packages/eth_hash) by extension 'ros'
[0.317s] Level 1:colcon.colcon_core.package_identification:_identify(myenv/lib/python3.12/site-packages/eth_hash) by extensions ['cmake', 'python']
[0.317s] Level 1:colcon.colcon_core.package_identification:_identify(myenv/lib/python3.12/site-packages/eth_hash) by extension 'cmake'
[0.317s] Level 1:colcon.colcon_core.package_identification:_identify(myenv/lib/python3.12/site-packages/eth_hash) by extension 'python'
[0.317s] Level 1:colcon.colcon_core.package_identification:_identify(myenv/lib/python3.12/site-packages/eth_hash) by extensions ['python_setup_py']
[0.317s] Level 1:colcon.colcon_core.package_identification:_identify(myenv/lib/python3.12/site-packages/eth_hash) by extension 'python_setup_py'
[0.318s] Level 1:colcon.colcon_core.package_identification:_identify(myenv/lib/python3.12/site-packages/eth_hash/__pycache__) by extensions ['ignore', 'ignore_ament_install']
[0.318s] Level 1:colcon.colcon_core.package_identification:_identify(myenv/lib/python3.12/site-packages/eth_hash/__pycache__) by extension 'ignore'
[0.318s] Level 1:colcon.colcon_core.package_identification:_identify(myenv/lib/python3.12/site-packages/eth_hash/__pycache__) by extension 'ignore_ament_install'
[0.318s] Level 1:colcon.colcon_core.package_identification:_identify(myenv/lib/python3.12/site-packages/eth_hash/__pycache__) by extensions ['colcon_pkg']
[0.318s] Level 1:colcon.colcon_core.package_identification:_identify(myenv/lib/python3.12/site-packages/eth_hash/__pycache__) by extension 'colcon_pkg'
[0.318s] Level 1:colcon.colcon_core.package_identification:_identify(myenv/lib/python3.12/site-packages/eth_hash/__pycache__) by extensions ['colcon_meta']
[0.318s] Level 1:colcon.colcon_core.package_identification:_identify(myenv/lib/python3.12/site-packages/eth_hash/__pycache__) by extension 'colcon_meta'
[0.318s] Level 1:colcon.colcon_core.package_identification:_identify(myenv/lib/python3.12/site-packages/eth_hash/__pycache__) by extensions ['ros']
[0.318s] Level 1:colcon.colcon_core.package_identification:_identify(myenv/lib/python3.12/site-packages/eth_hash/__pycache__) by extension 'ros'
[0.318s] Level 1:colcon.colcon_core.package_identification:_identify(myenv/lib/python3.12/site-packages/eth_hash/__pycache__) by extensions ['cmake', 'python']
[0.318s] Level 1:colcon.colcon_core.package_identification:_identify(myenv/lib/python3.12/site-packages/eth_hash/__pycache__) by extension 'cmake'
[0.318s] Level 1:colcon.colcon_core.package_identification:_identify(myenv/lib/python3.12/site-packages/eth_hash/__pycache__) by extension 'python'
[0.318s] Level 1:colcon.colcon_core.package_identification:_identify(myenv/lib/python3.12/site-packages/eth_hash/__pycache__) by extensions ['python_setup_py']
[0.318s] Level 1:colcon.colcon_core.package_identification:_identify(myenv/lib/python3.12/site-packages/eth_hash/__pycache__) by extension 'python_setup_py'
[0.319s] Level 1:colcon.colcon_core.package_identification:_identify(myenv/lib/python3.12/site-packages/eth_hash/backends) by extensions ['ignore', 'ignore_ament_install']
[0.319s] Level 1:colcon.colcon_core.package_identification:_identify(myenv/lib/python3.12/site-packages/eth_hash/backends) by extension 'ignore'
[0.319s] Level 1:colcon.colcon_core.package_identification:_identify(myenv/lib/python3.12/site-packages/eth_hash/backends) by extension 'ignore_ament_install'
[0.319s] Level 1:colcon.colcon_core.package_identification:_identify(myenv/lib/python3.12/site-packages/eth_hash/backends) by extensions ['colcon_pkg']
[0.319s] Level 1:colcon.colcon_core.package_identification:_identify(myenv/lib/python3.12/site-packages/eth_hash/backends) by extension 'colcon_pkg'
[0.319s] Level 1:colcon.colcon_core.package_identification:_identify(myenv/lib/python3.12/site-packages/eth_hash/backends) by extensions ['colcon_meta']
[0.319s] Level 1:colcon.colcon_core.package_identification:_identify(myenv/lib/python3.12/site-packages/eth_hash/backends) by extension 'colcon_meta'
[0.319s] Level 1:colcon.colcon_core.package_identification:_identify(myenv/lib/python3.12/site-packages/eth_hash/backends) by extensions ['ros']
[0.319s] Level 1:colcon.colcon_core.package_identification:_identify(myenv/lib/python3.12/site-packages/eth_hash/backends) by extension 'ros'
[0.319s] Level 1:colcon.colcon_core.package_identification:_identify(myenv/lib/python3.12/site-packages/eth_hash/backends) by extensions ['cmake', 'python']
[0.319s] Level 1:colcon.colcon_core.package_identification:_identify(myenv/lib/python3.12/site-packages/eth_hash/backends) by extension 'cmake'
[0.319s] Level 1:colcon.colcon_core.package_identification:_identify(myenv/lib/python3.12/site-packages/eth_hash/backends) by extension 'python'
[0.319s] Level 1:colcon.colcon_core.package_identification:_identify(myenv/lib/python3.12/site-packages/eth_hash/backends) by extensions ['python_setup_py']
[0.319s] Level 1:colcon.colcon_core.package_identification:_identify(myenv/lib/python3.12/site-packages/eth_hash/backends) by extension 'python_setup_py'
[0.319s] Level 1:colcon.colcon_core.package_identification:_identify(myenv/lib/python3.12/site-packages/eth_hash/backends/__pycache__) by extensions ['ignore', 'ignore_ament_install']
[0.320s] Level 1:colcon.colcon_core.package_identification:_identify(myenv/lib/python3.12/site-packages/eth_hash/backends/__pycache__) by extension 'ignore'
[0.320s] Level 1:colcon.colcon_core.package_identification:_identify(myenv/lib/python3.12/site-packages/eth_hash/backends/__pycache__) by extension 'ignore_ament_install'
[0.320s] Level 1:colcon.colcon_core.package_identification:_identify(myenv/lib/python3.12/site-packages/eth_hash/backends/__pycache__) by extensions ['colcon_pkg']
[0.320s] Level 1:colcon.colcon_core.package_identification:_identify(myenv/lib/python3.12/site-packages/eth_hash/backends/__pycache__) by extension 'colcon_pkg'
[0.320s] Level 1:colcon.colcon_core.package_identification:_identify(myenv/lib/python3.12/site-packages/eth_hash/backends/__pycache__) by extensions ['colcon_meta']
[0.320s] Level 1:colcon.colcon_core.package_identification:_identify(myenv/lib/python3.12/site-packages/eth_hash/backends/__pycache__) by extension 'colcon_meta'
[0.320s] Level 1:colcon.colcon_core.package_identification:_identify(myenv/lib/python3.12/site-packages/eth_hash/backends/__pycache__) by extensions ['ros']
[0.320s] Level 1:colcon.colcon_core.package_identification:_identify(myenv/lib/python3.12/site-packages/eth_hash/backends/__pycache__) by extension 'ros'
[0.320s] Level 1:colcon.colcon_core.package_identification:_identify(myenv/lib/python3.12/site-packages/eth_hash/backends/__pycache__) by extensions ['cmake', 'python']
[0.320s] Level 1:colcon.colcon_core.package_identification:_identify(myenv/lib/python3.12/site-packages/eth_hash/backends/__pycache__) by extension 'cmake'
[0.320s] Level 1:colcon.colcon_core.package_identification:_identify(myenv/lib/python3.12/site-packages/eth_hash/backends/__pycache__) by extension 'python'
[0.320s] Level 1:colcon.colcon_core.package_identification:_identify(myenv/lib/python3.12/site-packages/eth_hash/backends/__pycache__) by extensions ['python_setup_py']
[0.320s] Level 1:colcon.colcon_core.package_identification:_identify(myenv/lib/python3.12/site-packages/eth_hash/backends/__pycache__) by extension 'python_setup_py'
[0.320s] Level 1:colcon.colcon_core.package_identification:_identify(myenv/lib/python3.12/site-packages/eth_hash-0.7.1.dist-info) by extensions ['ignore', 'ignore_ament_install']
[0.320s] Level 1:colcon.colcon_core.package_identification:_identify(myenv/lib/python3.12/site-packages/eth_hash-0.7.1.dist-info) by extension 'ignore'
[0.321s] Level 1:colcon.colcon_core.package_identification:_identify(myenv/lib/python3.12/site-packages/eth_hash-0.7.1.dist-info) by extension 'ignore_ament_install'
[0.321s] Level 1:colcon.colcon_core.package_identification:_identify(myenv/lib/python3.12/site-packages/eth_hash-0.7.1.dist-info) by extensions ['colcon_pkg']
[0.321s] Level 1:colcon.colcon_core.package_identification:_identify(myenv/lib/python3.12/site-packages/eth_hash-0.7.1.dist-info) by extension 'colcon_pkg'
[0.321s] Level 1:colcon.colcon_core.package_identification:_identify(myenv/lib/python3.12/site-packages/eth_hash-0.7.1.dist-info) by extensions ['colcon_meta']
[0.321s] Level 1:colcon.colcon_core.package_identification:_identify(myenv/lib/python3.12/site-packages/eth_hash-0.7.1.dist-info) by extension 'colcon_meta'
[0.321s] Level 1:colcon.colcon_core.package_identification:_identify(myenv/lib/python3.12/site-packages/eth_hash-0.7.1.dist-info) by extensions ['ros']
[0.321s] Level 1:colcon.colcon_core.package_identification:_identify(myenv/lib/python3.12/site-packages/eth_hash-0.7.1.dist-info) by extension 'ros'
[0.321s] Level 1:colcon.colcon_core.package_identification:_identify(myenv/lib/python3.12/site-packages/eth_hash-0.7.1.dist-info) by extensions ['cmake', 'python']
[0.321s] Level 1:colcon.colcon_core.package_identification:_identify(myenv/lib/python3.12/site-packages/eth_hash-0.7.1.dist-info) by extension 'cmake'
[0.321s] Level 1:colcon.colcon_core.package_identification:_identify(myenv/lib/python3.12/site-packages/eth_hash-0.7.1.dist-info) by extension 'python'
[0.321s] Level 1:colcon.colcon_core.package_identification:_identify(myenv/lib/python3.12/site-packages/eth_hash-0.7.1.dist-info) by extensions ['python_setup_py']
[0.321s] Level 1:colcon.colcon_core.package_identification:_identify(myenv/lib/python3.12/site-packages/eth_hash-0.7.1.dist-info) by extension 'python_setup_py'
[0.321s] Level 1:colcon.colcon_core.package_identification:_identify(myenv/lib/python3.12/site-packages/eth_keyfile) by extensions ['ignore', 'ignore_ament_install']
[0.321s] Level 1:colcon.colcon_core.package_identification:_identify(myenv/lib/python3.12/site-packages/eth_keyfile) by extension 'ignore'
[0.321s] Level 1:colcon.colcon_core.package_identification:_identify(myenv/lib/python3.12/site-packages/eth_keyfile) by extension 'ignore_ament_install'
[0.322s] Level 1:colcon.colcon_core.package_identification:_identify(myenv/lib/python3.12/site-packages/eth_keyfile) by extensions ['colcon_pkg']
[0.322s] Level 1:colcon.colcon_core.package_identification:_identify(myenv/lib/python3.12/site-packages/eth_keyfile) by extension 'colcon_pkg'
[0.322s] Level 1:colcon.colcon_core.package_identification:_identify(myenv/lib/python3.12/site-packages/eth_keyfile) by extensions ['colcon_meta']
[0.322s] Level 1:colcon.colcon_core.package_identification:_identify(myenv/lib/python3.12/site-packages/eth_keyfile) by extension 'colcon_meta'
[0.322s] Level 1:colcon.colcon_core.package_identification:_identify(myenv/lib/python3.12/site-packages/eth_keyfile) by extensions ['ros']
[0.322s] Level 1:colcon.colcon_core.package_identification:_identify(myenv/lib/python3.12/site-packages/eth_keyfile) by extension 'ros'
[0.322s] Level 1:colcon.colcon_core.package_identification:_identify(myenv/lib/python3.12/site-packages/eth_keyfile) by extensions ['cmake', 'python']
[0.322s] Level 1:colcon.colcon_core.package_identification:_identify(myenv/lib/python3.12/site-packages/eth_keyfile) by extension 'cmake'
[0.322s] Level 1:colcon.colcon_core.package_identification:_identify(myenv/lib/python3.12/site-packages/eth_keyfile) by extension 'python'
[0.322s] Level 1:colcon.colcon_core.package_identification:_identify(myenv/lib/python3.12/site-packages/eth_keyfile) by extensions ['python_setup_py']
[0.322s] Level 1:colcon.colcon_core.package_identification:_identify(myenv/lib/python3.12/site-packages/eth_keyfile) by extension 'python_setup_py'
[0.322s] Level 1:colcon.colcon_core.package_identification:_identify(myenv/lib/python3.12/site-packages/eth_keyfile/__pycache__) by extensions ['ignore', 'ignore_ament_install']
[0.322s] Level 1:colcon.colcon_core.package_identification:_identify(myenv/lib/python3.12/site-packages/eth_keyfile/__pycache__) by extension 'ignore'
[0.322s] Level 1:colcon.colcon_core.package_identification:_identify(myenv/lib/python3.12/site-packages/eth_keyfile/__pycache__) by extension 'ignore_ament_install'
[0.322s] Level 1:colcon.colcon_core.package_identification:_identify(myenv/lib/python3.12/site-packages/eth_keyfile/__pycache__) by extensions ['colcon_pkg']
[0.322s] Level 1:colcon.colcon_core.package_identification:_identify(myenv/lib/python3.12/site-packages/eth_keyfile/__pycache__) by extension 'colcon_pkg'
[0.323s] Level 1:colcon.colcon_core.package_identification:_identify(myenv/lib/python3.12/site-packages/eth_keyfile/__pycache__) by extensions ['colcon_meta']
[0.323s] Level 1:colcon.colcon_core.package_identification:_identify(myenv/lib/python3.12/site-packages/eth_keyfile/__pycache__) by extension 'colcon_meta'
[0.323s] Level 1:colcon.colcon_core.package_identification:_identify(myenv/lib/python3.12/site-packages/eth_keyfile/__pycache__) by extensions ['ros']
[0.323s] Level 1:colcon.colcon_core.package_identification:_identify(myenv/lib/python3.12/site-packages/eth_keyfile/__pycache__) by extension 'ros'
[0.323s] Level 1:colcon.colcon_core.package_identification:_identify(myenv/lib/python3.12/site-packages/eth_keyfile/__pycache__) by extensions ['cmake', 'python']
[0.323s] Level 1:colcon.colcon_core.package_identification:_identify(myenv/lib/python3.12/site-packages/eth_keyfile/__pycache__) by extension 'cmake'
[0.323s] Level 1:colcon.colcon_core.package_identification:_identify(myenv/lib/python3.12/site-packages/eth_keyfile/__pycache__) by extension 'python'
[0.323s] Level 1:colcon.colcon_core.package_identification:_identify(myenv/lib/python3.12/site-packages/eth_keyfile/__pycache__) by extensions ['python_setup_py']
[0.323s] Level 1:colcon.colcon_core.package_identification:_identify(myenv/lib/python3.12/site-packages/eth_keyfile/__pycache__) by extension 'python_setup_py'
[0.323s] Level 1:colcon.colcon_core.package_identification:_identify(myenv/lib/python3.12/site-packages/eth_keyfile-0.8.1.dist-info) by extensions ['ignore', 'ignore_ament_install']
[0.323s] Level 1:colcon.colcon_core.package_identification:_identify(myenv/lib/python3.12/site-packages/eth_keyfile-0.8.1.dist-info) by extension 'ignore'
[0.323s] Level 1:colcon.colcon_core.package_identification:_identify(myenv/lib/python3.12/site-packages/eth_keyfile-0.8.1.dist-info) by extension 'ignore_ament_install'
[0.323s] Level 1:colcon.colcon_core.package_identification:_identify(myenv/lib/python3.12/site-packages/eth_keyfile-0.8.1.dist-info) by extensions ['colcon_pkg']
[0.323s] Level 1:colcon.colcon_core.package_identification:_identify(myenv/lib/python3.12/site-packages/eth_keyfile-0.8.1.dist-info) by extension 'colcon_pkg'
[0.323s] Level 1:colcon.colcon_core.package_identification:_identify(myenv/lib/python3.12/site-packages/eth_keyfile-0.8.1.dist-info) by extensions ['colcon_meta']
[0.323s] Level 1:colcon.colcon_core.package_identification:_identify(myenv/lib/python3.12/site-packages/eth_keyfile-0.8.1.dist-info) by extension 'colcon_meta'
[0.323s] Level 1:colcon.colcon_core.package_identification:_identify(myenv/lib/python3.12/site-packages/eth_keyfile-0.8.1.dist-info) by extensions ['ros']
[0.324s] Level 1:colcon.colcon_core.package_identification:_identify(myenv/lib/python3.12/site-packages/eth_keyfile-0.8.1.dist-info) by extension 'ros'
[0.324s] Level 1:colcon.colcon_core.package_identification:_identify(myenv/lib/python3.12/site-packages/eth_keyfile-0.8.1.dist-info) by extensions ['cmake', 'python']
[0.324s] Level 1:colcon.colcon_core.package_identification:_identify(myenv/lib/python3.12/site-packages/eth_keyfile-0.8.1.dist-info) by extension 'cmake'
[0.324s] Level 1:colcon.colcon_core.package_identification:_identify(myenv/lib/python3.12/site-packages/eth_keyfile-0.8.1.dist-info) by extension 'python'
[0.324s] Level 1:colcon.colcon_core.package_identification:_identify(myenv/lib/python3.12/site-packages/eth_keyfile-0.8.1.dist-info) by extensions ['python_setup_py']
[0.324s] Level 1:colcon.colcon_core.package_identification:_identify(myenv/lib/python3.12/site-packages/eth_keyfile-0.8.1.dist-info) by extension 'python_setup_py'
[0.324s] Level 1:colcon.colcon_core.package_identification:_identify(myenv/lib/python3.12/site-packages/eth_keys) by extensions ['ignore', 'ignore_ament_install']
[0.324s] Level 1:colcon.colcon_core.package_identification:_identify(myenv/lib/python3.12/site-packages/eth_keys) by extension 'ignore'
[0.324s] Level 1:colcon.colcon_core.package_identification:_identify(myenv/lib/python3.12/site-packages/eth_keys) by extension 'ignore_ament_install'
[0.324s] Level 1:colcon.colcon_core.package_identification:_identify(myenv/lib/python3.12/site-packages/eth_keys) by extensions ['colcon_pkg']
[0.324s] Level 1:colcon.colcon_core.package_identification:_identify(myenv/lib/python3.12/site-packages/eth_keys) by extension 'colcon_pkg'
[0.324s] Level 1:colcon.colcon_core.package_identification:_identify(myenv/lib/python3.12/site-packages/eth_keys) by extensions ['colcon_meta']
[0.324s] Level 1:colcon.colcon_core.package_identification:_identify(myenv/lib/python3.12/site-packages/eth_keys) by extension 'colcon_meta'
[0.324s] Level 1:colcon.colcon_core.package_identification:_identify(myenv/lib/python3.12/site-packages/eth_keys) by extensions ['ros']
[0.324s] Level 1:colcon.colcon_core.package_identification:_identify(myenv/lib/python3.12/site-packages/eth_keys) by extension 'ros'
[0.325s] Level 1:colcon.colcon_core.package_identification:_identify(myenv/lib/python3.12/site-packages/eth_keys) by extensions ['cmake', 'python']
[0.325s] Level 1:colcon.colcon_core.package_identification:_identify(myenv/lib/python3.12/site-packages/eth_keys) by extension 'cmake'
[0.325s] Level 1:colcon.colcon_core.package_identification:_identify(myenv/lib/python3.12/site-packages/eth_keys) by extension 'python'
[0.325s] Level 1:colcon.colcon_core.package_identification:_identify(myenv/lib/python3.12/site-packages/eth_keys) by extensions ['python_setup_py']
[0.325s] Level 1:colcon.colcon_core.package_identification:_identify(myenv/lib/python3.12/site-packages/eth_keys) by extension 'python_setup_py'
[0.325s] Level 1:colcon.colcon_core.package_identification:_identify(myenv/lib/python3.12/site-packages/eth_keys/__pycache__) by extensions ['ignore', 'ignore_ament_install']
[0.325s] Level 1:colcon.colcon_core.package_identification:_identify(myenv/lib/python3.12/site-packages/eth_keys/__pycache__) by extension 'ignore'
[0.325s] Level 1:colcon.colcon_core.package_identification:_identify(myenv/lib/python3.12/site-packages/eth_keys/__pycache__) by extension 'ignore_ament_install'
[0.325s] Level 1:colcon.colcon_core.package_identification:_identify(myenv/lib/python3.12/site-packages/eth_keys/__pycache__) by extensions ['colcon_pkg']
[0.325s] Level 1:colcon.colcon_core.package_identification:_identify(myenv/lib/python3.12/site-packages/eth_keys/__pycache__) by extension 'colcon_pkg'
[0.325s] Level 1:colcon.colcon_core.package_identification:_identify(myenv/lib/python3.12/site-packages/eth_keys/__pycache__) by extensions ['colcon_meta']
[0.325s] Level 1:colcon.colcon_core.package_identification:_identify(myenv/lib/python3.12/site-packages/eth_keys/__pycache__) by extension 'colcon_meta'
[0.325s] Level 1:colcon.colcon_core.package_identification:_identify(myenv/lib/python3.12/site-packages/eth_keys/__pycache__) by extensions ['ros']
[0.325s] Level 1:colcon.colcon_core.package_identification:_identify(myenv/lib/python3.12/site-packages/eth_keys/__pycache__) by extension 'ros'
[0.325s] Level 1:colcon.colcon_core.package_identification:_identify(myenv/lib/python3.12/site-packages/eth_keys/__pycache__) by extensions ['cmake', 'python']
[0.325s] Level 1:colcon.colcon_core.package_identification:_identify(myenv/lib/python3.12/site-packages/eth_keys/__pycache__) by extension 'cmake'
[0.326s] Level 1:colcon.colcon_core.package_identification:_identify(myenv/lib/python3.12/site-packages/eth_keys/__pycache__) by extension 'python'
[0.326s] Level 1:colcon.colcon_core.package_identification:_identify(myenv/lib/python3.12/site-packages/eth_keys/__pycache__) by extensions ['python_setup_py']
[0.326s] Level 1:colcon.colcon_core.package_identification:_identify(myenv/lib/python3.12/site-packages/eth_keys/__pycache__) by extension 'python_setup_py'
[0.326s] Level 1:colcon.colcon_core.package_identification:_identify(myenv/lib/python3.12/site-packages/eth_keys/backends) by extensions ['ignore', 'ignore_ament_install']
[0.326s] Level 1:colcon.colcon_core.package_identification:_identify(myenv/lib/python3.12/site-packages/eth_keys/backends) by extension 'ignore'
[0.326s] Level 1:colcon.colcon_core.package_identification:_identify(myenv/lib/python3.12/site-packages/eth_keys/backends) by extension 'ignore_ament_install'
[0.326s] Level 1:colcon.colcon_core.package_identification:_identify(myenv/lib/python3.12/site-packages/eth_keys/backends) by extensions ['colcon_pkg']
[0.326s] Level 1:colcon.colcon_core.package_identification:_identify(myenv/lib/python3.12/site-packages/eth_keys/backends) by extension 'colcon_pkg'
[0.326s] Level 1:colcon.colcon_core.package_identification:_identify(myenv/lib/python3.12/site-packages/eth_keys/backends) by extensions ['colcon_meta']
[0.326s] Level 1:colcon.colcon_core.package_identification:_identify(myenv/lib/python3.12/site-packages/eth_keys/backends) by extension 'colcon_meta'
[0.326s] Level 1:colcon.colcon_core.package_identification:_identify(myenv/lib/python3.12/site-packages/eth_keys/backends) by extensions ['ros']
[0.326s] Level 1:colcon.colcon_core.package_identification:_identify(myenv/lib/python3.12/site-packages/eth_keys/backends) by extension 'ros'
[0.326s] Level 1:colcon.colcon_core.package_identification:_identify(myenv/lib/python3.12/site-packages/eth_keys/backends) by extensions ['cmake', 'python']
[0.326s] Level 1:colcon.colcon_core.package_identification:_identify(myenv/lib/python3.12/site-packages/eth_keys/backends) by extension 'cmake'
[0.326s] Level 1:colcon.colcon_core.package_identification:_identify(myenv/lib/python3.12/site-packages/eth_keys/backends) by extension 'python'
[0.327s] Level 1:colcon.colcon_core.package_identification:_identify(myenv/lib/python3.12/site-packages/eth_keys/backends) by extensions ['python_setup_py']
[0.327s] Level 1:colcon.colcon_core.package_identification:_identify(myenv/lib/python3.12/site-packages/eth_keys/backends) by extension 'python_setup_py'
[0.327s] Level 1:colcon.colcon_core.package_identification:_identify(myenv/lib/python3.12/site-packages/eth_keys/backends/__pycache__) by extensions ['ignore', 'ignore_ament_install']
[0.327s] Level 1:colcon.colcon_core.package_identification:_identify(myenv/lib/python3.12/site-packages/eth_keys/backends/__pycache__) by extension 'ignore'
[0.327s] Level 1:colcon.colcon_core.package_identification:_identify(myenv/lib/python3.12/site-packages/eth_keys/backends/__pycache__) by extension 'ignore_ament_install'
[0.327s] Level 1:colcon.colcon_core.package_identification:_identify(myenv/lib/python3.12/site-packages/eth_keys/backends/__pycache__) by extensions ['colcon_pkg']
[0.327s] Level 1:colcon.colcon_core.package_identification:_identify(myenv/lib/python3.12/site-packages/eth_keys/backends/__pycache__) by extension 'colcon_pkg'
[0.327s] Level 1:colcon.colcon_core.package_identification:_identify(myenv/lib/python3.12/site-packages/eth_keys/backends/__pycache__) by extensions ['colcon_meta']
[0.327s] Level 1:colcon.colcon_core.package_identification:_identify(myenv/lib/python3.12/site-packages/eth_keys/backends/__pycache__) by extension 'colcon_meta'
[0.327s] Level 1:colcon.colcon_core.package_identification:_identify(myenv/lib/python3.12/site-packages/eth_keys/backends/__pycache__) by extensions ['ros']
[0.327s] Level 1:colcon.colcon_core.package_identification:_identify(myenv/lib/python3.12/site-packages/eth_keys/backends/__pycache__) by extension 'ros'
[0.327s] Level 1:colcon.colcon_core.package_identification:_identify(myenv/lib/python3.12/site-packages/eth_keys/backends/__pycache__) by extensions ['cmake', 'python']
[0.327s] Level 1:colcon.colcon_core.package_identification:_identify(myenv/lib/python3.12/site-packages/eth_keys/backends/__pycache__) by extension 'cmake'
[0.327s] Level 1:colcon.colcon_core.package_identification:_identify(myenv/lib/python3.12/site-packages/eth_keys/backends/__pycache__) by extension 'python'
[0.327s] Level 1:colcon.colcon_core.package_identification:_identify(myenv/lib/python3.12/site-packages/eth_keys/backends/__pycache__) by extensions ['python_setup_py']
[0.327s] Level 1:colcon.colcon_core.package_identification:_identify(myenv/lib/python3.12/site-packages/eth_keys/backends/__pycache__) by extension 'python_setup_py'
[0.328s] Level 1:colcon.colcon_core.package_identification:_identify(myenv/lib/python3.12/site-packages/eth_keys/backends/native) by extensions ['ignore', 'ignore_ament_install']
[0.328s] Level 1:colcon.colcon_core.package_identification:_identify(myenv/lib/python3.12/site-packages/eth_keys/backends/native) by extension 'ignore'
[0.328s] Level 1:colcon.colcon_core.package_identification:_identify(myenv/lib/python3.12/site-packages/eth_keys/backends/native) by extension 'ignore_ament_install'
[0.328s] Level 1:colcon.colcon_core.package_identification:_identify(myenv/lib/python3.12/site-packages/eth_keys/backends/native) by extensions ['colcon_pkg']
[0.328s] Level 1:colcon.colcon_core.package_identification:_identify(myenv/lib/python3.12/site-packages/eth_keys/backends/native) by extension 'colcon_pkg'
[0.328s] Level 1:colcon.colcon_core.package_identification:_identify(myenv/lib/python3.12/site-packages/eth_keys/backends/native) by extensions ['colcon_meta']
[0.328s] Level 1:colcon.colcon_core.package_identification:_identify(myenv/lib/python3.12/site-packages/eth_keys/backends/native) by extension 'colcon_meta'
[0.328s] Level 1:colcon.colcon_core.package_identification:_identify(myenv/lib/python3.12/site-packages/eth_keys/backends/native) by extensions ['ros']
[0.328s] Level 1:colcon.colcon_core.package_identification:_identify(myenv/lib/python3.12/site-packages/eth_keys/backends/native) by extension 'ros'
[0.328s] Level 1:colcon.colcon_core.package_identification:_identify(myenv/lib/python3.12/site-packages/eth_keys/backends/native) by extensions ['cmake', 'python']
[0.328s] Level 1:colcon.colcon_core.package_identification:_identify(myenv/lib/python3.12/site-packages/eth_keys/backends/native) by extension 'cmake'
[0.328s] Level 1:colcon.colcon_core.package_identification:_identify(myenv/lib/python3.12/site-packages/eth_keys/backends/native) by extension 'python'
[0.328s] Level 1:colcon.colcon_core.package_identification:_identify(myenv/lib/python3.12/site-packages/eth_keys/backends/native) by extensions ['python_setup_py']
[0.328s] Level 1:colcon.colcon_core.package_identification:_identify(myenv/lib/python3.12/site-packages/eth_keys/backends/native) by extension 'python_setup_py'
[0.329s] Level 1:colcon.colcon_core.package_identification:_identify(myenv/lib/python3.12/site-packages/eth_keys/backends/native/__pycache__) by extensions ['ignore', 'ignore_ament_install']
[0.329s] Level 1:colcon.colcon_core.package_identification:_identify(myenv/lib/python3.12/site-packages/eth_keys/backends/native/__pycache__) by extension 'ignore'
[0.329s] Level 1:colcon.colcon_core.package_identification:_identify(myenv/lib/python3.12/site-packages/eth_keys/backends/native/__pycache__) by extension 'ignore_ament_install'
[0.329s] Level 1:colcon.colcon_core.package_identification:_identify(myenv/lib/python3.12/site-packages/eth_keys/backends/native/__pycache__) by extensions ['colcon_pkg']
[0.329s] Level 1:colcon.colcon_core.package_identification:_identify(myenv/lib/python3.12/site-packages/eth_keys/backends/native/__pycache__) by extension 'colcon_pkg'
[0.329s] Level 1:colcon.colcon_core.package_identification:_identify(myenv/lib/python3.12/site-packages/eth_keys/backends/native/__pycache__) by extensions ['colcon_meta']
[0.329s] Level 1:colcon.colcon_core.package_identification:_identify(myenv/lib/python3.12/site-packages/eth_keys/backends/native/__pycache__) by extension 'colcon_meta'
[0.329s] Level 1:colcon.colcon_core.package_identification:_identify(myenv/lib/python3.12/site-packages/eth_keys/backends/native/__pycache__) by extensions ['ros']
[0.329s] Level 1:colcon.colcon_core.package_identification:_identify(myenv/lib/python3.12/site-packages/eth_keys/backends/native/__pycache__) by extension 'ros'
[0.329s] Level 1:colcon.colcon_core.package_identification:_identify(myenv/lib/python3.12/site-packages/eth_keys/backends/native/__pycache__) by extensions ['cmake', 'python']
[0.329s] Level 1:colcon.colcon_core.package_identification:_identify(myenv/lib/python3.12/site-packages/eth_keys/backends/native/__pycache__) by extension 'cmake'
[0.329s] Level 1:colcon.colcon_core.package_identification:_identify(myenv/lib/python3.12/site-packages/eth_keys/backends/native/__pycache__) by extension 'python'
[0.329s] Level 1:colcon.colcon_core.package_identification:_identify(myenv/lib/python3.12/site-packages/eth_keys/backends/native/__pycache__) by extensions ['python_setup_py']
[0.329s] Level 1:colcon.colcon_core.package_identification:_identify(myenv/lib/python3.12/site-packages/eth_keys/backends/native/__pycache__) by extension 'python_setup_py'
[0.330s] Level 1:colcon.colcon_core.package_identification:_identify(myenv/lib/python3.12/site-packages/eth_keys/utils) by extensions ['ignore', 'ignore_ament_install']
[0.330s] Level 1:colcon.colcon_core.package_identification:_identify(myenv/lib/python3.12/site-packages/eth_keys/utils) by extension 'ignore'
[0.330s] Level 1:colcon.colcon_core.package_identification:_identify(myenv/lib/python3.12/site-packages/eth_keys/utils) by extension 'ignore_ament_install'
[0.330s] Level 1:colcon.colcon_core.package_identification:_identify(myenv/lib/python3.12/site-packages/eth_keys/utils) by extensions ['colcon_pkg']
[0.330s] Level 1:colcon.colcon_core.package_identification:_identify(myenv/lib/python3.12/site-packages/eth_keys/utils) by extension 'colcon_pkg'
[0.330s] Level 1:colcon.colcon_core.package_identification:_identify(myenv/lib/python3.12/site-packages/eth_keys/utils) by extensions ['colcon_meta']
[0.330s] Level 1:colcon.colcon_core.package_identification:_identify(myenv/lib/python3.12/site-packages/eth_keys/utils) by extension 'colcon_meta'
[0.330s] Level 1:colcon.colcon_core.package_identification:_identify(myenv/lib/python3.12/site-packages/eth_keys/utils) by extensions ['ros']
[0.330s] Level 1:colcon.colcon_core.package_identification:_identify(myenv/lib/python3.12/site-packages/eth_keys/utils) by extension 'ros'
[0.330s] Level 1:colcon.colcon_core.package_identification:_identify(myenv/lib/python3.12/site-packages/eth_keys/utils) by extensions ['cmake', 'python']
[0.330s] Level 1:colcon.colcon_core.package_identification:_identify(myenv/lib/python3.12/site-packages/eth_keys/utils) by extension 'cmake'
[0.330s] Level 1:colcon.colcon_core.package_identification:_identify(myenv/lib/python3.12/site-packages/eth_keys/utils) by extension 'python'
[0.330s] Level 1:colcon.colcon_core.package_identification:_identify(myenv/lib/python3.12/site-packages/eth_keys/utils) by extensions ['python_setup_py']
[0.330s] Level 1:colcon.colcon_core.package_identification:_identify(myenv/lib/python3.12/site-packages/eth_keys/utils) by extension 'python_setup_py'
[0.330s] Level 1:colcon.colcon_core.package_identification:_identify(myenv/lib/python3.12/site-packages/eth_keys/utils/__pycache__) by extensions ['ignore', 'ignore_ament_install']
[0.331s] Level 1:colcon.colcon_core.package_identification:_identify(myenv/lib/python3.12/site-packages/eth_keys/utils/__pycache__) by extension 'ignore'
[0.331s] Level 1:colcon.colcon_core.package_identification:_identify(myenv/lib/python3.12/site-packages/eth_keys/utils/__pycache__) by extension 'ignore_ament_install'
[0.331s] Level 1:colcon.colcon_core.package_identification:_identify(myenv/lib/python3.12/site-packages/eth_keys/utils/__pycache__) by extensions ['colcon_pkg']
[0.331s] Level 1:colcon.colcon_core.package_identification:_identify(myenv/lib/python3.12/site-packages/eth_keys/utils/__pycache__) by extension 'colcon_pkg'
[0.331s] Level 1:colcon.colcon_core.package_identification:_identify(myenv/lib/python3.12/site-packages/eth_keys/utils/__pycache__) by extensions ['colcon_meta']
[0.331s] Level 1:colcon.colcon_core.package_identification:_identify(myenv/lib/python3.12/site-packages/eth_keys/utils/__pycache__) by extension 'colcon_meta'
[0.331s] Level 1:colcon.colcon_core.package_identification:_identify(myenv/lib/python3.12/site-packages/eth_keys/utils/__pycache__) by extensions ['ros']
[0.331s] Level 1:colcon.colcon_core.package_identification:_identify(myenv/lib/python3.12/site-packages/eth_keys/utils/__pycache__) by extension 'ros'
[0.331s] Level 1:colcon.colcon_core.package_identification:_identify(myenv/lib/python3.12/site-packages/eth_keys/utils/__pycache__) by extensions ['cmake', 'python']
[0.331s] Level 1:colcon.colcon_core.package_identification:_identify(myenv/lib/python3.12/site-packages/eth_keys/utils/__pycache__) by extension 'cmake'
[0.331s] Level 1:colcon.colcon_core.package_identification:_identify(myenv/lib/python3.12/site-packages/eth_keys/utils/__pycache__) by extension 'python'
[0.331s] Level 1:colcon.colcon_core.package_identification:_identify(myenv/lib/python3.12/site-packages/eth_keys/utils/__pycache__) by extensions ['python_setup_py']
[0.331s] Level 1:colcon.colcon_core.package_identification:_identify(myenv/lib/python3.12/site-packages/eth_keys/utils/__pycache__) by extension 'python_setup_py'
[0.331s] Level 1:colcon.colcon_core.package_identification:_identify(myenv/lib/python3.12/site-packages/eth_keys-0.7.0.dist-info) by extensions ['ignore', 'ignore_ament_install']
[0.331s] Level 1:colcon.colcon_core.package_identification:_identify(myenv/lib/python3.12/site-packages/eth_keys-0.7.0.dist-info) by extension 'ignore'
[0.332s] Level 1:colcon.colcon_core.package_identification:_identify(myenv/lib/python3.12/site-packages/eth_keys-0.7.0.dist-info) by extension 'ignore_ament_install'
[0.332s] Level 1:colcon.colcon_core.package_identification:_identify(myenv/lib/python3.12/site-packages/eth_keys-0.7.0.dist-info) by extensions ['colcon_pkg']
[0.332s] Level 1:colcon.colcon_core.package_identification:_identify(myenv/lib/python3.12/site-packages/eth_keys-0.7.0.dist-info) by extension 'colcon_pkg'
[0.332s] Level 1:colcon.colcon_core.package_identification:_identify(myenv/lib/python3.12/site-packages/eth_keys-0.7.0.dist-info) by extensions ['colcon_meta']
[0.332s] Level 1:colcon.colcon_core.package_identification:_identify(myenv/lib/python3.12/site-packages/eth_keys-0.7.0.dist-info) by extension 'colcon_meta'
[0.332s] Level 1:colcon.colcon_core.package_identification:_identify(myenv/lib/python3.12/site-packages/eth_keys-0.7.0.dist-info) by extensions ['ros']
[0.332s] Level 1:colcon.colcon_core.package_identification:_identify(myenv/lib/python3.12/site-packages/eth_keys-0.7.0.dist-info) by extension 'ros'
[0.332s] Level 1:colcon.colcon_core.package_identification:_identify(myenv/lib/python3.12/site-packages/eth_keys-0.7.0.dist-info) by extensions ['cmake', 'python']
[0.332s] Level 1:colcon.colcon_core.package_identification:_identify(myenv/lib/python3.12/site-packages/eth_keys-0.7.0.dist-info) by extension 'cmake'
[0.332s] Level 1:colcon.colcon_core.package_identification:_identify(myenv/lib/python3.12/site-packages/eth_keys-0.7.0.dist-info) by extension 'python'
[0.332s] Level 1:colcon.colcon_core.package_identification:_identify(myenv/lib/python3.12/site-packages/eth_keys-0.7.0.dist-info) by extensions ['python_setup_py']
[0.332s] Level 1:colcon.colcon_core.package_identification:_identify(myenv/lib/python3.12/site-packages/eth_keys-0.7.0.dist-info) by extension 'python_setup_py'
[0.332s] Level 1:colcon.colcon_core.package_identification:_identify(myenv/lib/python3.12/site-packages/eth_keys-0.7.0.dist-info/licenses) by extensions ['ignore', 'ignore_ament_install']
[0.332s] Level 1:colcon.colcon_core.package_identification:_identify(myenv/lib/python3.12/site-packages/eth_keys-0.7.0.dist-info/licenses) by extension 'ignore'
[0.332s] Level 1:colcon.colcon_core.package_identification:_identify(myenv/lib/python3.12/site-packages/eth_keys-0.7.0.dist-info/licenses) by extension 'ignore_ament_install'
[0.332s] Level 1:colcon.colcon_core.package_identification:_identify(myenv/lib/python3.12/site-packages/eth_keys-0.7.0.dist-info/licenses) by extensions ['colcon_pkg']
[0.333s] Level 1:colcon.colcon_core.package_identification:_identify(myenv/lib/python3.12/site-packages/eth_keys-0.7.0.dist-info/licenses) by extension 'colcon_pkg'
[0.333s] Level 1:colcon.colcon_core.package_identification:_identify(myenv/lib/python3.12/site-packages/eth_keys-0.7.0.dist-info/licenses) by extensions ['colcon_meta']
[0.333s] Level 1:colcon.colcon_core.package_identification:_identify(myenv/lib/python3.12/site-packages/eth_keys-0.7.0.dist-info/licenses) by extension 'colcon_meta'
[0.333s] Level 1:colcon.colcon_core.package_identification:_identify(myenv/lib/python3.12/site-packages/eth_keys-0.7.0.dist-info/licenses) by extensions ['ros']
[0.333s] Level 1:colcon.colcon_core.package_identification:_identify(myenv/lib/python3.12/site-packages/eth_keys-0.7.0.dist-info/licenses) by extension 'ros'
[0.333s] Level 1:colcon.colcon_core.package_identification:_identify(myenv/lib/python3.12/site-packages/eth_keys-0.7.0.dist-info/licenses) by extensions ['cmake', 'python']
[0.333s] Level 1:colcon.colcon_core.package_identification:_identify(myenv/lib/python3.12/site-packages/eth_keys-0.7.0.dist-info/licenses) by extension 'cmake'
[0.333s] Level 1:colcon.colcon_core.package_identification:_identify(myenv/lib/python3.12/site-packages/eth_keys-0.7.0.dist-info/licenses) by extension 'python'
[0.333s] Level 1:colcon.colcon_core.package_identification:_identify(myenv/lib/python3.12/site-packages/eth_keys-0.7.0.dist-info/licenses) by extensions ['python_setup_py']
[0.333s] Level 1:colcon.colcon_core.package_identification:_identify(myenv/lib/python3.12/site-packages/eth_keys-0.7.0.dist-info/licenses) by extension 'python_setup_py'
[0.333s] Level 1:colcon.colcon_core.package_identification:_identify(myenv/lib/python3.12/site-packages/eth_rlp) by extensions ['ignore', 'ignore_ament_install']
[0.333s] Level 1:colcon.colcon_core.package_identification:_identify(myenv/lib/python3.12/site-packages/eth_rlp) by extension 'ignore'
[0.333s] Level 1:colcon.colcon_core.package_identification:_identify(myenv/lib/python3.12/site-packages/eth_rlp) by extension 'ignore_ament_install'
[0.333s] Level 1:colcon.colcon_core.package_identification:_identify(myenv/lib/python3.12/site-packages/eth_rlp) by extensions ['colcon_pkg']
[0.333s] Level 1:colcon.colcon_core.package_identification:_identify(myenv/lib/python3.12/site-packages/eth_rlp) by extension 'colcon_pkg'
[0.333s] Level 1:colcon.colcon_core.package_identification:_identify(myenv/lib/python3.12/site-packages/eth_rlp) by extensions ['colcon_meta']
[0.334s] Level 1:colcon.colcon_core.package_identification:_identify(myenv/lib/python3.12/site-packages/eth_rlp) by extension 'colcon_meta'
[0.334s] Level 1:colcon.colcon_core.package_identification:_identify(myenv/lib/python3.12/site-packages/eth_rlp) by extensions ['ros']
[0.334s] Level 1:colcon.colcon_core.package_identification:_identify(myenv/lib/python3.12/site-packages/eth_rlp) by extension 'ros'
[0.334s] Level 1:colcon.colcon_core.package_identification:_identify(myenv/lib/python3.12/site-packages/eth_rlp) by extensions ['cmake', 'python']
[0.334s] Level 1:colcon.colcon_core.package_identification:_identify(myenv/lib/python3.12/site-packages/eth_rlp) by extension 'cmake'
[0.334s] Level 1:colcon.colcon_core.package_identification:_identify(myenv/lib/python3.12/site-packages/eth_rlp) by extension 'python'
[0.334s] Level 1:colcon.colcon_core.package_identification:_identify(myenv/lib/python3.12/site-packages/eth_rlp) by extensions ['python_setup_py']
[0.334s] Level 1:colcon.colcon_core.package_identification:_identify(myenv/lib/python3.12/site-packages/eth_rlp) by extension 'python_setup_py'
[0.334s] Level 1:colcon.colcon_core.package_identification:_identify(myenv/lib/python3.12/site-packages/eth_rlp/__pycache__) by extensions ['ignore', 'ignore_ament_install']
[0.334s] Level 1:colcon.colcon_core.package_identification:_identify(myenv/lib/python3.12/site-packages/eth_rlp/__pycache__) by extension 'ignore'
[0.334s] Level 1:colcon.colcon_core.package_identification:_identify(myenv/lib/python3.12/site-packages/eth_rlp/__pycache__) by extension 'ignore_ament_install'
[0.334s] Level 1:colcon.colcon_core.package_identification:_identify(myenv/lib/python3.12/site-packages/eth_rlp/__pycache__) by extensions ['colcon_pkg']
[0.334s] Level 1:colcon.colcon_core.package_identification:_identify(myenv/lib/python3.12/site-packages/eth_rlp/__pycache__) by extension 'colcon_pkg'
[0.334s] Level 1:colcon.colcon_core.package_identification:_identify(myenv/lib/python3.12/site-packages/eth_rlp/__pycache__) by extensions ['colcon_meta']
[0.334s] Level 1:colcon.colcon_core.package_identification:_identify(myenv/lib/python3.12/site-packages/eth_rlp/__pycache__) by extension 'colcon_meta'
[0.335s] Level 1:colcon.colcon_core.package_identification:_identify(myenv/lib/python3.12/site-packages/eth_rlp/__pycache__) by extensions ['ros']
[0.335s] Level 1:colcon.colcon_core.package_identification:_identify(myenv/lib/python3.12/site-packages/eth_rlp/__pycache__) by extension 'ros'
[0.335s] Level 1:colcon.colcon_core.package_identification:_identify(myenv/lib/python3.12/site-packages/eth_rlp/__pycache__) by extensions ['cmake', 'python']
[0.335s] Level 1:colcon.colcon_core.package_identification:_identify(myenv/lib/python3.12/site-packages/eth_rlp/__pycache__) by extension 'cmake'
[0.335s] Level 1:colcon.colcon_core.package_identification:_identify(myenv/lib/python3.12/site-packages/eth_rlp/__pycache__) by extension 'python'
[0.335s] Level 1:colcon.colcon_core.package_identification:_identify(myenv/lib/python3.12/site-packages/eth_rlp/__pycache__) by extensions ['python_setup_py']
[0.335s] Level 1:colcon.colcon_core.package_identification:_identify(myenv/lib/python3.12/site-packages/eth_rlp/__pycache__) by extension 'python_setup_py'
[0.335s] Level 1:colcon.colcon_core.package_identification:_identify(myenv/lib/python3.12/site-packages/eth_rlp-2.2.0.dist-info) by extensions ['ignore', 'ignore_ament_install']
[0.335s] Level 1:colcon.colcon_core.package_identification:_identify(myenv/lib/python3.12/site-packages/eth_rlp-2.2.0.dist-info) by extension 'ignore'
[0.335s] Level 1:colcon.colcon_core.package_identification:_identify(myenv/lib/python3.12/site-packages/eth_rlp-2.2.0.dist-info) by extension 'ignore_ament_install'
[0.335s] Level 1:colcon.colcon_core.package_identification:_identify(myenv/lib/python3.12/site-packages/eth_rlp-2.2.0.dist-info) by extensions ['colcon_pkg']
[0.335s] Level 1:colcon.colcon_core.package_identification:_identify(myenv/lib/python3.12/site-packages/eth_rlp-2.2.0.dist-info) by extension 'colcon_pkg'
[0.335s] Level 1:colcon.colcon_core.package_identification:_identify(myenv/lib/python3.12/site-packages/eth_rlp-2.2.0.dist-info) by extensions ['colcon_meta']
[0.335s] Level 1:colcon.colcon_core.package_identification:_identify(myenv/lib/python3.12/site-packages/eth_rlp-2.2.0.dist-info) by extension 'colcon_meta'
[0.335s] Level 1:colcon.colcon_core.package_identification:_identify(myenv/lib/python3.12/site-packages/eth_rlp-2.2.0.dist-info) by extensions ['ros']
[0.335s] Level 1:colcon.colcon_core.package_identification:_identify(myenv/lib/python3.12/site-packages/eth_rlp-2.2.0.dist-info) by extension 'ros'
[0.336s] Level 1:colcon.colcon_core.package_identification:_identify(myenv/lib/python3.12/site-packages/eth_rlp-2.2.0.dist-info) by extensions ['cmake', 'python']
[0.336s] Level 1:colcon.colcon_core.package_identification:_identify(myenv/lib/python3.12/site-packages/eth_rlp-2.2.0.dist-info) by extension 'cmake'
[0.336s] Level 1:colcon.colcon_core.package_identification:_identify(myenv/lib/python3.12/site-packages/eth_rlp-2.2.0.dist-info) by extension 'python'
[0.336s] Level 1:colcon.colcon_core.package_identification:_identify(myenv/lib/python3.12/site-packages/eth_rlp-2.2.0.dist-info) by extensions ['python_setup_py']
[0.336s] Level 1:colcon.colcon_core.package_identification:_identify(myenv/lib/python3.12/site-packages/eth_rlp-2.2.0.dist-info) by extension 'python_setup_py'
[0.336s] Level 1:colcon.colcon_core.package_identification:_identify(myenv/lib/python3.12/site-packages/eth_typing) by extensions ['ignore', 'ignore_ament_install']
[0.336s] Level 1:colcon.colcon_core.package_identification:_identify(myenv/lib/python3.12/site-packages/eth_typing) by extension 'ignore'
[0.336s] Level 1:colcon.colcon_core.package_identification:_identify(myenv/lib/python3.12/site-packages/eth_typing) by extension 'ignore_ament_install'
[0.336s] Level 1:colcon.colcon_core.package_identification:_identify(myenv/lib/python3.12/site-packages/eth_typing) by extensions ['colcon_pkg']
[0.336s] Level 1:colcon.colcon_core.package_identification:_identify(myenv/lib/python3.12/site-packages/eth_typing) by extension 'colcon_pkg'
[0.336s] Level 1:colcon.colcon_core.package_identification:_identify(myenv/lib/python3.12/site-packages/eth_typing) by extensions ['colcon_meta']
[0.336s] Level 1:colcon.colcon_core.package_identification:_identify(myenv/lib/python3.12/site-packages/eth_typing) by extension 'colcon_meta'
[0.336s] Level 1:colcon.colcon_core.package_identification:_identify(myenv/lib/python3.12/site-packages/eth_typing) by extensions ['ros']
[0.336s] Level 1:colcon.colcon_core.package_identification:_identify(myenv/lib/python3.12/site-packages/eth_typing) by extension 'ros'
[0.336s] Level 1:colcon.colcon_core.package_identification:_identify(myenv/lib/python3.12/site-packages/eth_typing) by extensions ['cmake', 'python']
[0.337s] Level 1:colcon.colcon_core.package_identification:_identify(myenv/lib/python3.12/site-packages/eth_typing) by extension 'cmake'
[0.337s] Level 1:colcon.colcon_core.package_identification:_identify(myenv/lib/python3.12/site-packages/eth_typing) by extension 'python'
[0.337s] Level 1:colcon.colcon_core.package_identification:_identify(myenv/lib/python3.12/site-packages/eth_typing) by extensions ['python_setup_py']
[0.337s] Level 1:colcon.colcon_core.package_identification:_identify(myenv/lib/python3.12/site-packages/eth_typing) by extension 'python_setup_py'
[0.337s] Level 1:colcon.colcon_core.package_identification:_identify(myenv/lib/python3.12/site-packages/eth_typing/__pycache__) by extensions ['ignore', 'ignore_ament_install']
[0.337s] Level 1:colcon.colcon_core.package_identification:_identify(myenv/lib/python3.12/site-packages/eth_typing/__pycache__) by extension 'ignore'
[0.337s] Level 1:colcon.colcon_core.package_identification:_identify(myenv/lib/python3.12/site-packages/eth_typing/__pycache__) by extension 'ignore_ament_install'
[0.337s] Level 1:colcon.colcon_core.package_identification:_identify(myenv/lib/python3.12/site-packages/eth_typing/__pycache__) by extensions ['colcon_pkg']
[0.337s] Level 1:colcon.colcon_core.package_identification:_identify(myenv/lib/python3.12/site-packages/eth_typing/__pycache__) by extension 'colcon_pkg'
[0.337s] Level 1:colcon.colcon_core.package_identification:_identify(myenv/lib/python3.12/site-packages/eth_typing/__pycache__) by extensions ['colcon_meta']
[0.337s] Level 1:colcon.colcon_core.package_identification:_identify(myenv/lib/python3.12/site-packages/eth_typing/__pycache__) by extension 'colcon_meta'
[0.337s] Level 1:colcon.colcon_core.package_identification:_identify(myenv/lib/python3.12/site-packages/eth_typing/__pycache__) by extensions ['ros']
[0.337s] Level 1:colcon.colcon_core.package_identification:_identify(myenv/lib/python3.12/site-packages/eth_typing/__pycache__) by extension 'ros'
[0.337s] Level 1:colcon.colcon_core.package_identification:_identify(myenv/lib/python3.12/site-packages/eth_typing/__pycache__) by extensions ['cmake', 'python']
[0.337s] Level 1:colcon.colcon_core.package_identification:_identify(myenv/lib/python3.12/site-packages/eth_typing/__pycache__) by extension 'cmake'
[0.337s] Level 1:colcon.colcon_core.package_identification:_identify(myenv/lib/python3.12/site-packages/eth_typing/__pycache__) by extension 'python'
[0.338s] Level 1:colcon.colcon_core.package_identification:_identify(myenv/lib/python3.12/site-packages/eth_typing/__pycache__) by extensions ['python_setup_py']
[0.338s] Level 1:colcon.colcon_core.package_identification:_identify(myenv/lib/python3.12/site-packages/eth_typing/__pycache__) by extension 'python_setup_py'
[0.338s] Level 1:colcon.colcon_core.package_identification:_identify(myenv/lib/python3.12/site-packages/eth_typing-5.2.1.dist-info) by extensions ['ignore', 'ignore_ament_install']
[0.338s] Level 1:colcon.colcon_core.package_identification:_identify(myenv/lib/python3.12/site-packages/eth_typing-5.2.1.dist-info) by extension 'ignore'
[0.338s] Level 1:colcon.colcon_core.package_identification:_identify(myenv/lib/python3.12/site-packages/eth_typing-5.2.1.dist-info) by extension 'ignore_ament_install'
[0.338s] Level 1:colcon.colcon_core.package_identification:_identify(myenv/lib/python3.12/site-packages/eth_typing-5.2.1.dist-info) by extensions ['colcon_pkg']
[0.338s] Level 1:colcon.colcon_core.package_identification:_identify(myenv/lib/python3.12/site-packages/eth_typing-5.2.1.dist-info) by extension 'colcon_pkg'
[0.338s] Level 1:colcon.colcon_core.package_identification:_identify(myenv/lib/python3.12/site-packages/eth_typing-5.2.1.dist-info) by extensions ['colcon_meta']
[0.338s] Level 1:colcon.colcon_core.package_identification:_identify(myenv/lib/python3.12/site-packages/eth_typing-5.2.1.dist-info) by extension 'colcon_meta'
[0.338s] Level 1:colcon.colcon_core.package_identification:_identify(myenv/lib/python3.12/site-packages/eth_typing-5.2.1.dist-info) by extensions ['ros']
[0.338s] Level 1:colcon.colcon_core.package_identification:_identify(myenv/lib/python3.12/site-packages/eth_typing-5.2.1.dist-info) by extension 'ros'
[0.338s] Level 1:colcon.colcon_core.package_identification:_identify(myenv/lib/python3.12/site-packages/eth_typing-5.2.1.dist-info) by extensions ['cmake', 'python']
[0.338s] Level 1:colcon.colcon_core.package_identification:_identify(myenv/lib/python3.12/site-packages/eth_typing-5.2.1.dist-info) by extension 'cmake'
[0.338s] Level 1:colcon.colcon_core.package_identification:_identify(myenv/lib/python3.12/site-packages/eth_typing-5.2.1.dist-info) by extension 'python'
[0.338s] Level 1:colcon.colcon_core.package_identification:_identify(myenv/lib/python3.12/site-packages/eth_typing-5.2.1.dist-info) by extensions ['python_setup_py']
[0.338s] Level 1:colcon.colcon_core.package_identification:_identify(myenv/lib/python3.12/site-packages/eth_typing-5.2.1.dist-info) by extension 'python_setup_py'
[0.339s] Level 1:colcon.colcon_core.package_identification:_identify(myenv/lib/python3.12/site-packages/eth_typing-5.2.1.dist-info/licenses) by extensions ['ignore', 'ignore_ament_install']
[0.339s] Level 1:colcon.colcon_core.package_identification:_identify(myenv/lib/python3.12/site-packages/eth_typing-5.2.1.dist-info/licenses) by extension 'ignore'
[0.339s] Level 1:colcon.colcon_core.package_identification:_identify(myenv/lib/python3.12/site-packages/eth_typing-5.2.1.dist-info/licenses) by extension 'ignore_ament_install'
[0.339s] Level 1:colcon.colcon_core.package_identification:_identify(myenv/lib/python3.12/site-packages/eth_typing-5.2.1.dist-info/licenses) by extensions ['colcon_pkg']
[0.339s] Level 1:colcon.colcon_core.package_identification:_identify(myenv/lib/python3.12/site-packages/eth_typing-5.2.1.dist-info/licenses) by extension 'colcon_pkg'
[0.339s] Level 1:colcon.colcon_core.package_identification:_identify(myenv/lib/python3.12/site-packages/eth_typing-5.2.1.dist-info/licenses) by extensions ['colcon_meta']
[0.339s] Level 1:colcon.colcon_core.package_identification:_identify(myenv/lib/python3.12/site-packages/eth_typing-5.2.1.dist-info/licenses) by extension 'colcon_meta'
[0.339s] Level 1:colcon.colcon_core.package_identification:_identify(myenv/lib/python3.12/site-packages/eth_typing-5.2.1.dist-info/licenses) by extensions ['ros']
[0.339s] Level 1:colcon.colcon_core.package_identification:_identify(myenv/lib/python3.12/site-packages/eth_typing-5.2.1.dist-info/licenses) by extension 'ros'
[0.339s] Level 1:colcon.colcon_core.package_identification:_identify(myenv/lib/python3.12/site-packages/eth_typing-5.2.1.dist-info/licenses) by extensions ['cmake', 'python']
[0.339s] Level 1:colcon.colcon_core.package_identification:_identify(myenv/lib/python3.12/site-packages/eth_typing-5.2.1.dist-info/licenses) by extension 'cmake'
[0.339s] Level 1:colcon.colcon_core.package_identification:_identify(myenv/lib/python3.12/site-packages/eth_typing-5.2.1.dist-info/licenses) by extension 'python'
[0.339s] Level 1:colcon.colcon_core.package_identification:_identify(myenv/lib/python3.12/site-packages/eth_typing-5.2.1.dist-info/licenses) by extensions ['python_setup_py']
[0.339s] Level 1:colcon.colcon_core.package_identification:_identify(myenv/lib/python3.12/site-packages/eth_typing-5.2.1.dist-info/licenses) by extension 'python_setup_py'
[0.340s] Level 1:colcon.colcon_core.package_identification:_identify(myenv/lib/python3.12/site-packages/eth_utils) by extensions ['ignore', 'ignore_ament_install']
[0.340s] Level 1:colcon.colcon_core.package_identification:_identify(myenv/lib/python3.12/site-packages/eth_utils) by extension 'ignore'
[0.340s] Level 1:colcon.colcon_core.package_identification:_identify(myenv/lib/python3.12/site-packages/eth_utils) by extension 'ignore_ament_install'
[0.340s] Level 1:colcon.colcon_core.package_identification:_identify(myenv/lib/python3.12/site-packages/eth_utils) by extensions ['colcon_pkg']
[0.340s] Level 1:colcon.colcon_core.package_identification:_identify(myenv/lib/python3.12/site-packages/eth_utils) by extension 'colcon_pkg'
[0.340s] Level 1:colcon.colcon_core.package_identification:_identify(myenv/lib/python3.12/site-packages/eth_utils) by extensions ['colcon_meta']
[0.340s] Level 1:colcon.colcon_core.package_identification:_identify(myenv/lib/python3.12/site-packages/eth_utils) by extension 'colcon_meta'
[0.340s] Level 1:colcon.colcon_core.package_identification:_identify(myenv/lib/python3.12/site-packages/eth_utils) by extensions ['ros']
[0.340s] Level 1:colcon.colcon_core.package_identification:_identify(myenv/lib/python3.12/site-packages/eth_utils) by extension 'ros'
[0.340s] Level 1:colcon.colcon_core.package_identification:_identify(myenv/lib/python3.12/site-packages/eth_utils) by extensions ['cmake', 'python']
[0.340s] Level 1:colcon.colcon_core.package_identification:_identify(myenv/lib/python3.12/site-packages/eth_utils) by extension 'cmake'
[0.340s] Level 1:colcon.colcon_core.package_identification:_identify(myenv/lib/python3.12/site-packages/eth_utils) by extension 'python'
[0.340s] Level 1:colcon.colcon_core.package_identification:_identify(myenv/lib/python3.12/site-packages/eth_utils) by extensions ['python_setup_py']
[0.340s] Level 1:colcon.colcon_core.package_identification:_identify(myenv/lib/python3.12/site-packages/eth_utils) by extension 'python_setup_py'
[0.340s] Level 1:colcon.colcon_core.package_identification:_identify(myenv/lib/python3.12/site-packages/eth_utils/__json) by extensions ['ignore', 'ignore_ament_install']
[0.341s] Level 1:colcon.colcon_core.package_identification:_identify(myenv/lib/python3.12/site-packages/eth_utils/__json) by extension 'ignore'
[0.341s] Level 1:colcon.colcon_core.package_identification:_identify(myenv/lib/python3.12/site-packages/eth_utils/__json) by extension 'ignore_ament_install'
[0.341s] Level 1:colcon.colcon_core.package_identification:_identify(myenv/lib/python3.12/site-packages/eth_utils/__json) by extensions ['colcon_pkg']
[0.341s] Level 1:colcon.colcon_core.package_identification:_identify(myenv/lib/python3.12/site-packages/eth_utils/__json) by extension 'colcon_pkg'
[0.341s] Level 1:colcon.colcon_core.package_identification:_identify(myenv/lib/python3.12/site-packages/eth_utils/__json) by extensions ['colcon_meta']
[0.341s] Level 1:colcon.colcon_core.package_identification:_identify(myenv/lib/python3.12/site-packages/eth_utils/__json) by extension 'colcon_meta'
[0.341s] Level 1:colcon.colcon_core.package_identification:_identify(myenv/lib/python3.12/site-packages/eth_utils/__json) by extensions ['ros']
[0.341s] Level 1:colcon.colcon_core.package_identification:_identify(myenv/lib/python3.12/site-packages/eth_utils/__json) by extension 'ros'
[0.341s] Level 1:colcon.colcon_core.package_identification:_identify(myenv/lib/python3.12/site-packages/eth_utils/__json) by extensions ['cmake', 'python']
[0.341s] Level 1:colcon.colcon_core.package_identification:_identify(myenv/lib/python3.12/site-packages/eth_utils/__json) by extension 'cmake'
[0.341s] Level 1:colcon.colcon_core.package_identification:_identify(myenv/lib/python3.12/site-packages/eth_utils/__json) by extension 'python'
[0.341s] Level 1:colcon.colcon_core.package_identification:_identify(myenv/lib/python3.12/site-packages/eth_utils/__json) by extensions ['python_setup_py']
[0.341s] Level 1:colcon.colcon_core.package_identification:_identify(myenv/lib/python3.12/site-packages/eth_utils/__json) by extension 'python_setup_py'
[0.341s] Level 1:colcon.colcon_core.package_identification:_identify(myenv/lib/python3.12/site-packages/eth_utils/__pycache__) by extensions ['ignore', 'ignore_ament_install']
[0.341s] Level 1:colcon.colcon_core.package_identification:_identify(myenv/lib/python3.12/site-packages/eth_utils/__pycache__) by extension 'ignore'
[0.342s] Level 1:colcon.colcon_core.package_identification:_identify(myenv/lib/python3.12/site-packages/eth_utils/__pycache__) by extension 'ignore_ament_install'
[0.342s] Level 1:colcon.colcon_core.package_identification:_identify(myenv/lib/python3.12/site-packages/eth_utils/__pycache__) by extensions ['colcon_pkg']
[0.342s] Level 1:colcon.colcon_core.package_identification:_identify(myenv/lib/python3.12/site-packages/eth_utils/__pycache__) by extension 'colcon_pkg'
[0.342s] Level 1:colcon.colcon_core.package_identification:_identify(myenv/lib/python3.12/site-packages/eth_utils/__pycache__) by extensions ['colcon_meta']
[0.342s] Level 1:colcon.colcon_core.package_identification:_identify(myenv/lib/python3.12/site-packages/eth_utils/__pycache__) by extension 'colcon_meta'
[0.342s] Level 1:colcon.colcon_core.package_identification:_identify(myenv/lib/python3.12/site-packages/eth_utils/__pycache__) by extensions ['ros']
[0.342s] Level 1:colcon.colcon_core.package_identification:_identify(myenv/lib/python3.12/site-packages/eth_utils/__pycache__) by extension 'ros'
[0.342s] Level 1:colcon.colcon_core.package_identification:_identify(myenv/lib/python3.12/site-packages/eth_utils/__pycache__) by extensions ['cmake', 'python']
[0.342s] Level 1:colcon.colcon_core.package_identification:_identify(myenv/lib/python3.12/site-packages/eth_utils/__pycache__) by extension 'cmake'
[0.342s] Level 1:colcon.colcon_core.package_identification:_identify(myenv/lib/python3.12/site-packages/eth_utils/__pycache__) by extension 'python'
[0.342s] Level 1:colcon.colcon_core.package_identification:_identify(myenv/lib/python3.12/site-packages/eth_utils/__pycache__) by extensions ['python_setup_py']
[0.342s] Level 1:colcon.colcon_core.package_identification:_identify(myenv/lib/python3.12/site-packages/eth_utils/__pycache__) by extension 'python_setup_py'
[0.342s] Level 1:colcon.colcon_core.package_identification:_identify(myenv/lib/python3.12/site-packages/eth_utils/curried) by extensions ['ignore', 'ignore_ament_install']
[0.342s] Level 1:colcon.colcon_core.package_identification:_identify(myenv/lib/python3.12/site-packages/eth_utils/curried) by extension 'ignore'
[0.342s] Level 1:colcon.colcon_core.package_identification:_identify(myenv/lib/python3.12/site-packages/eth_utils/curried) by extension 'ignore_ament_install'
[0.343s] Level 1:colcon.colcon_core.package_identification:_identify(myenv/lib/python3.12/site-packages/eth_utils/curried) by extensions ['colcon_pkg']
[0.343s] Level 1:colcon.colcon_core.package_identification:_identify(myenv/lib/python3.12/site-packages/eth_utils/curried) by extension 'colcon_pkg'
[0.343s] Level 1:colcon.colcon_core.package_identification:_identify(myenv/lib/python3.12/site-packages/eth_utils/curried) by extensions ['colcon_meta']
[0.343s] Level 1:colcon.colcon_core.package_identification:_identify(myenv/lib/python3.12/site-packages/eth_utils/curried) by extension 'colcon_meta'
[0.343s] Level 1:colcon.colcon_core.package_identification:_identify(myenv/lib/python3.12/site-packages/eth_utils/curried) by extensions ['ros']
[0.343s] Level 1:colcon.colcon_core.package_identification:_identify(myenv/lib/python3.12/site-packages/eth_utils/curried) by extension 'ros'
[0.343s] Level 1:colcon.colcon_core.package_identification:_identify(myenv/lib/python3.12/site-packages/eth_utils/curried) by extensions ['cmake', 'python']
[0.343s] Level 1:colcon.colcon_core.package_identification:_identify(myenv/lib/python3.12/site-packages/eth_utils/curried) by extension 'cmake'
[0.343s] Level 1:colcon.colcon_core.package_identification:_identify(myenv/lib/python3.12/site-packages/eth_utils/curried) by extension 'python'
[0.343s] Level 1:colcon.colcon_core.package_identification:_identify(myenv/lib/python3.12/site-packages/eth_utils/curried) by extensions ['python_setup_py']
[0.343s] Level 1:colcon.colcon_core.package_identification:_identify(myenv/lib/python3.12/site-packages/eth_utils/curried) by extension 'python_setup_py'
[0.343s] Level 1:colcon.colcon_core.package_identification:_identify(myenv/lib/python3.12/site-packages/eth_utils/curried/__pycache__) by extensions ['ignore', 'ignore_ament_install']
[0.343s] Level 1:colcon.colcon_core.package_identification:_identify(myenv/lib/python3.12/site-packages/eth_utils/curried/__pycache__) by extension 'ignore'
[0.343s] Level 1:colcon.colcon_core.package_identification:_identify(myenv/lib/python3.12/site-packages/eth_utils/curried/__pycache__) by extension 'ignore_ament_install'
[0.343s] Level 1:colcon.colcon_core.package_identification:_identify(myenv/lib/python3.12/site-packages/eth_utils/curried/__pycache__) by extensions ['colcon_pkg']
[0.343s] Level 1:colcon.colcon_core.package_identification:_identify(myenv/lib/python3.12/site-packages/eth_utils/curried/__pycache__) by extension 'colcon_pkg'
[0.344s] Level 1:colcon.colcon_core.package_identification:_identify(myenv/lib/python3.12/site-packages/eth_utils/curried/__pycache__) by extensions ['colcon_meta']
[0.344s] Level 1:colcon.colcon_core.package_identification:_identify(myenv/lib/python3.12/site-packages/eth_utils/curried/__pycache__) by extension 'colcon_meta'
[0.344s] Level 1:colcon.colcon_core.package_identification:_identify(myenv/lib/python3.12/site-packages/eth_utils/curried/__pycache__) by extensions ['ros']
[0.344s] Level 1:colcon.colcon_core.package_identification:_identify(myenv/lib/python3.12/site-packages/eth_utils/curried/__pycache__) by extension 'ros'
[0.344s] Level 1:colcon.colcon_core.package_identification:_identify(myenv/lib/python3.12/site-packages/eth_utils/curried/__pycache__) by extensions ['cmake', 'python']
[0.344s] Level 1:colcon.colcon_core.package_identification:_identify(myenv/lib/python3.12/site-packages/eth_utils/curried/__pycache__) by extension 'cmake'
[0.344s] Level 1:colcon.colcon_core.package_identification:_identify(myenv/lib/python3.12/site-packages/eth_utils/curried/__pycache__) by extension 'python'
[0.344s] Level 1:colcon.colcon_core.package_identification:_identify(myenv/lib/python3.12/site-packages/eth_utils/curried/__pycache__) by extensions ['python_setup_py']
[0.344s] Level 1:colcon.colcon_core.package_identification:_identify(myenv/lib/python3.12/site-packages/eth_utils/curried/__pycache__) by extension 'python_setup_py'
[0.344s] Level 1:colcon.colcon_core.package_identification:_identify(myenv/lib/python3.12/site-packages/eth_utils/typing) by extensions ['ignore', 'ignore_ament_install']
[0.344s] Level 1:colcon.colcon_core.package_identification:_identify(myenv/lib/python3.12/site-packages/eth_utils/typing) by extension 'ignore'
[0.344s] Level 1:colcon.colcon_core.package_identification:_identify(myenv/lib/python3.12/site-packages/eth_utils/typing) by extension 'ignore_ament_install'
[0.344s] Level 1:colcon.colcon_core.package_identification:_identify(myenv/lib/python3.12/site-packages/eth_utils/typing) by extensions ['colcon_pkg']
[0.344s] Level 1:colcon.colcon_core.package_identification:_identify(myenv/lib/python3.12/site-packages/eth_utils/typing) by extension 'colcon_pkg'
[0.344s] Level 1:colcon.colcon_core.package_identification:_identify(myenv/lib/python3.12/site-packages/eth_utils/typing) by extensions ['colcon_meta']
[0.345s] Level 1:colcon.colcon_core.package_identification:_identify(myenv/lib/python3.12/site-packages/eth_utils/typing) by extension 'colcon_meta'
[0.345s] Level 1:colcon.colcon_core.package_identification:_identify(myenv/lib/python3.12/site-packages/eth_utils/typing) by extensions ['ros']
[0.345s] Level 1:colcon.colcon_core.package_identification:_identify(myenv/lib/python3.12/site-packages/eth_utils/typing) by extension 'ros'
[0.345s] Level 1:colcon.colcon_core.package_identification:_identify(myenv/lib/python3.12/site-packages/eth_utils/typing) by extensions ['cmake', 'python']
[0.345s] Level 1:colcon.colcon_core.package_identification:_identify(myenv/lib/python3.12/site-packages/eth_utils/typing) by extension 'cmake'
[0.345s] Level 1:colcon.colcon_core.package_identification:_identify(myenv/lib/python3.12/site-packages/eth_utils/typing) by extension 'python'
[0.345s] Level 1:colcon.colcon_core.package_identification:_identify(myenv/lib/python3.12/site-packages/eth_utils/typing) by extensions ['python_setup_py']
[0.345s] Level 1:colcon.colcon_core.package_identification:_identify(myenv/lib/python3.12/site-packages/eth_utils/typing) by extension 'python_setup_py'
[0.345s] Level 1:colcon.colcon_core.package_identification:_identify(myenv/lib/python3.12/site-packages/eth_utils/typing/__pycache__) by extensions ['ignore', 'ignore_ament_install']
[0.345s] Level 1:colcon.colcon_core.package_identification:_identify(myenv/lib/python3.12/site-packages/eth_utils/typing/__pycache__) by extension 'ignore'
[0.345s] Level 1:colcon.colcon_core.package_identification:_identify(myenv/lib/python3.12/site-packages/eth_utils/typing/__pycache__) by extension 'ignore_ament_install'
[0.345s] Level 1:colcon.colcon_core.package_identification:_identify(myenv/lib/python3.12/site-packages/eth_utils/typing/__pycache__) by extensions ['colcon_pkg']
[0.345s] Level 1:colcon.colcon_core.package_identification:_identify(myenv/lib/python3.12/site-packages/eth_utils/typing/__pycache__) by extension 'colcon_pkg'
[0.345s] Level 1:colcon.colcon_core.package_identification:_identify(myenv/lib/python3.12/site-packages/eth_utils/typing/__pycache__) by extensions ['colcon_meta']
[0.345s] Level 1:colcon.colcon_core.package_identification:_identify(myenv/lib/python3.12/site-packages/eth_utils/typing/__pycache__) by extension 'colcon_meta'
[0.346s] Level 1:colcon.colcon_core.package_identification:_identify(myenv/lib/python3.12/site-packages/eth_utils/typing/__pycache__) by extensions ['ros']
[0.346s] Level 1:colcon.colcon_core.package_identification:_identify(myenv/lib/python3.12/site-packages/eth_utils/typing/__pycache__) by extension 'ros'
[0.346s] Level 1:colcon.colcon_core.package_identification:_identify(myenv/lib/python3.12/site-packages/eth_utils/typing/__pycache__) by extensions ['cmake', 'python']
[0.346s] Level 1:colcon.colcon_core.package_identification:_identify(myenv/lib/python3.12/site-packages/eth_utils/typing/__pycache__) by extension 'cmake'
[0.346s] Level 1:colcon.colcon_core.package_identification:_identify(myenv/lib/python3.12/site-packages/eth_utils/typing/__pycache__) by extension 'python'
[0.346s] Level 1:colcon.colcon_core.package_identification:_identify(myenv/lib/python3.12/site-packages/eth_utils/typing/__pycache__) by extensions ['python_setup_py']
[0.346s] Level 1:colcon.colcon_core.package_identification:_identify(myenv/lib/python3.12/site-packages/eth_utils/typing/__pycache__) by extension 'python_setup_py'
[0.346s] Level 1:colcon.colcon_core.package_identification:_identify(myenv/lib/python3.12/site-packages/eth_utils-5.3.0.dist-info) by extensions ['ignore', 'ignore_ament_install']
[0.346s] Level 1:colcon.colcon_core.package_identification:_identify(myenv/lib/python3.12/site-packages/eth_utils-5.3.0.dist-info) by extension 'ignore'
[0.346s] Level 1:colcon.colcon_core.package_identification:_identify(myenv/lib/python3.12/site-packages/eth_utils-5.3.0.dist-info) by extension 'ignore_ament_install'
[0.346s] Level 1:colcon.colcon_core.package_identification:_identify(myenv/lib/python3.12/site-packages/eth_utils-5.3.0.dist-info) by extensions ['colcon_pkg']
[0.346s] Level 1:colcon.colcon_core.package_identification:_identify(myenv/lib/python3.12/site-packages/eth_utils-5.3.0.dist-info) by extension 'colcon_pkg'
[0.346s] Level 1:colcon.colcon_core.package_identification:_identify(myenv/lib/python3.12/site-packages/eth_utils-5.3.0.dist-info) by extensions ['colcon_meta']
[0.346s] Level 1:colcon.colcon_core.package_identification:_identify(myenv/lib/python3.12/site-packages/eth_utils-5.3.0.dist-info) by extension 'colcon_meta'
[0.346s] Level 1:colcon.colcon_core.package_identification:_identify(myenv/lib/python3.12/site-packages/eth_utils-5.3.0.dist-info) by extensions ['ros']
[0.346s] Level 1:colcon.colcon_core.package_identification:_identify(myenv/lib/python3.12/site-packages/eth_utils-5.3.0.dist-info) by extension 'ros'
[0.347s] Level 1:colcon.colcon_core.package_identification:_identify(myenv/lib/python3.12/site-packages/eth_utils-5.3.0.dist-info) by extensions ['cmake', 'python']
[0.347s] Level 1:colcon.colcon_core.package_identification:_identify(myenv/lib/python3.12/site-packages/eth_utils-5.3.0.dist-info) by extension 'cmake'
[0.347s] Level 1:colcon.colcon_core.package_identification:_identify(myenv/lib/python3.12/site-packages/eth_utils-5.3.0.dist-info) by extension 'python'
[0.347s] Level 1:colcon.colcon_core.package_identification:_identify(myenv/lib/python3.12/site-packages/eth_utils-5.3.0.dist-info) by extensions ['python_setup_py']
[0.347s] Level 1:colcon.colcon_core.package_identification:_identify(myenv/lib/python3.12/site-packages/eth_utils-5.3.0.dist-info) by extension 'python_setup_py'
[0.347s] Level 1:colcon.colcon_core.package_identification:_identify(myenv/lib/python3.12/site-packages/eth_utils-5.3.0.dist-info/licenses) by extensions ['ignore', 'ignore_ament_install']
[0.347s] Level 1:colcon.colcon_core.package_identification:_identify(myenv/lib/python3.12/site-packages/eth_utils-5.3.0.dist-info/licenses) by extension 'ignore'
[0.347s] Level 1:colcon.colcon_core.package_identification:_identify(myenv/lib/python3.12/site-packages/eth_utils-5.3.0.dist-info/licenses) by extension 'ignore_ament_install'
[0.347s] Level 1:colcon.colcon_core.package_identification:_identify(myenv/lib/python3.12/site-packages/eth_utils-5.3.0.dist-info/licenses) by extensions ['colcon_pkg']
[0.347s] Level 1:colcon.colcon_core.package_identification:_identify(myenv/lib/python3.12/site-packages/eth_utils-5.3.0.dist-info/licenses) by extension 'colcon_pkg'
[0.347s] Level 1:colcon.colcon_core.package_identification:_identify(myenv/lib/python3.12/site-packages/eth_utils-5.3.0.dist-info/licenses) by extensions ['colcon_meta']
[0.347s] Level 1:colcon.colcon_core.package_identification:_identify(myenv/lib/python3.12/site-packages/eth_utils-5.3.0.dist-info/licenses) by extension 'colcon_meta'
[0.347s] Level 1:colcon.colcon_core.package_identification:_identify(myenv/lib/python3.12/site-packages/eth_utils-5.3.0.dist-info/licenses) by extensions ['ros']
[0.347s] Level 1:colcon.colcon_core.package_identification:_identify(myenv/lib/python3.12/site-packages/eth_utils-5.3.0.dist-info/licenses) by extension 'ros'
[0.347s] Level 1:colcon.colcon_core.package_identification:_identify(myenv/lib/python3.12/site-packages/eth_utils-5.3.0.dist-info/licenses) by extensions ['cmake', 'python']
[0.348s] Level 1:colcon.colcon_core.package_identification:_identify(myenv/lib/python3.12/site-packages/eth_utils-5.3.0.dist-info/licenses) by extension 'cmake'
[0.348s] Level 1:colcon.colcon_core.package_identification:_identify(myenv/lib/python3.12/site-packages/eth_utils-5.3.0.dist-info/licenses) by extension 'python'
[0.348s] Level 1:colcon.colcon_core.package_identification:_identify(myenv/lib/python3.12/site-packages/eth_utils-5.3.0.dist-info/licenses) by extensions ['python_setup_py']
[0.348s] Level 1:colcon.colcon_core.package_identification:_identify(myenv/lib/python3.12/site-packages/eth_utils-5.3.0.dist-info/licenses) by extension 'python_setup_py'
[0.348s] Level 1:colcon.colcon_core.package_identification:_identify(myenv/lib/python3.12/site-packages/frozenlist) by extensions ['ignore', 'ignore_ament_install']
[0.348s] Level 1:colcon.colcon_core.package_identification:_identify(myenv/lib/python3.12/site-packages/frozenlist) by extension 'ignore'
[0.348s] Level 1:colcon.colcon_core.package_identification:_identify(myenv/lib/python3.12/site-packages/frozenlist) by extension 'ignore_ament_install'
[0.348s] Level 1:colcon.colcon_core.package_identification:_identify(myenv/lib/python3.12/site-packages/frozenlist) by extensions ['colcon_pkg']
[0.348s] Level 1:colcon.colcon_core.package_identification:_identify(myenv/lib/python3.12/site-packages/frozenlist) by extension 'colcon_pkg'
[0.348s] Level 1:colcon.colcon_core.package_identification:_identify(myenv/lib/python3.12/site-packages/frozenlist) by extensions ['colcon_meta']
[0.348s] Level 1:colcon.colcon_core.package_identification:_identify(myenv/lib/python3.12/site-packages/frozenlist) by extension 'colcon_meta'
[0.348s] Level 1:colcon.colcon_core.package_identification:_identify(myenv/lib/python3.12/site-packages/frozenlist) by extensions ['ros']
[0.348s] Level 1:colcon.colcon_core.package_identification:_identify(myenv/lib/python3.12/site-packages/frozenlist) by extension 'ros'
[0.348s] Level 1:colcon.colcon_core.package_identification:_identify(myenv/lib/python3.12/site-packages/frozenlist) by extensions ['cmake', 'python']
[0.348s] Level 1:colcon.colcon_core.package_identification:_identify(myenv/lib/python3.12/site-packages/frozenlist) by extension 'cmake'
[0.348s] Level 1:colcon.colcon_core.package_identification:_identify(myenv/lib/python3.12/site-packages/frozenlist) by extension 'python'
[0.349s] Level 1:colcon.colcon_core.package_identification:_identify(myenv/lib/python3.12/site-packages/frozenlist) by extensions ['python_setup_py']
[0.349s] Level 1:colcon.colcon_core.package_identification:_identify(myenv/lib/python3.12/site-packages/frozenlist) by extension 'python_setup_py'
[0.349s] Level 1:colcon.colcon_core.package_identification:_identify(myenv/lib/python3.12/site-packages/frozenlist/__pycache__) by extensions ['ignore', 'ignore_ament_install']
[0.349s] Level 1:colcon.colcon_core.package_identification:_identify(myenv/lib/python3.12/site-packages/frozenlist/__pycache__) by extension 'ignore'
[0.349s] Level 1:colcon.colcon_core.package_identification:_identify(myenv/lib/python3.12/site-packages/frozenlist/__pycache__) by extension 'ignore_ament_install'
[0.349s] Level 1:colcon.colcon_core.package_identification:_identify(myenv/lib/python3.12/site-packages/frozenlist/__pycache__) by extensions ['colcon_pkg']
[0.349s] Level 1:colcon.colcon_core.package_identification:_identify(myenv/lib/python3.12/site-packages/frozenlist/__pycache__) by extension 'colcon_pkg'
[0.349s] Level 1:colcon.colcon_core.package_identification:_identify(myenv/lib/python3.12/site-packages/frozenlist/__pycache__) by extensions ['colcon_meta']
[0.349s] Level 1:colcon.colcon_core.package_identification:_identify(myenv/lib/python3.12/site-packages/frozenlist/__pycache__) by extension 'colcon_meta'
[0.349s] Level 1:colcon.colcon_core.package_identification:_identify(myenv/lib/python3.12/site-packages/frozenlist/__pycache__) by extensions ['ros']
[0.349s] Level 1:colcon.colcon_core.package_identification:_identify(myenv/lib/python3.12/site-packages/frozenlist/__pycache__) by extension 'ros'
[0.349s] Level 1:colcon.colcon_core.package_identification:_identify(myenv/lib/python3.12/site-packages/frozenlist/__pycache__) by extensions ['cmake', 'python']
[0.349s] Level 1:colcon.colcon_core.package_identification:_identify(myenv/lib/python3.12/site-packages/frozenlist/__pycache__) by extension 'cmake'
[0.349s] Level 1:colcon.colcon_core.package_identification:_identify(myenv/lib/python3.12/site-packages/frozenlist/__pycache__) by extension 'python'
[0.349s] Level 1:colcon.colcon_core.package_identification:_identify(myenv/lib/python3.12/site-packages/frozenlist/__pycache__) by extensions ['python_setup_py']
[0.350s] Level 1:colcon.colcon_core.package_identification:_identify(myenv/lib/python3.12/site-packages/frozenlist/__pycache__) by extension 'python_setup_py'
[0.350s] Level 1:colcon.colcon_core.package_identification:_identify(myenv/lib/python3.12/site-packages/frozenlist-1.7.0.dist-info) by extensions ['ignore', 'ignore_ament_install']
[0.350s] Level 1:colcon.colcon_core.package_identification:_identify(myenv/lib/python3.12/site-packages/frozenlist-1.7.0.dist-info) by extension 'ignore'
[0.350s] Level 1:colcon.colcon_core.package_identification:_identify(myenv/lib/python3.12/site-packages/frozenlist-1.7.0.dist-info) by extension 'ignore_ament_install'
[0.350s] Level 1:colcon.colcon_core.package_identification:_identify(myenv/lib/python3.12/site-packages/frozenlist-1.7.0.dist-info) by extensions ['colcon_pkg']
[0.350s] Level 1:colcon.colcon_core.package_identification:_identify(myenv/lib/python3.12/site-packages/frozenlist-1.7.0.dist-info) by extension 'colcon_pkg'
[0.350s] Level 1:colcon.colcon_core.package_identification:_identify(myenv/lib/python3.12/site-packages/frozenlist-1.7.0.dist-info) by extensions ['colcon_meta']
[0.350s] Level 1:colcon.colcon_core.package_identification:_identify(myenv/lib/python3.12/site-packages/frozenlist-1.7.0.dist-info) by extension 'colcon_meta'
[0.350s] Level 1:colcon.colcon_core.package_identification:_identify(myenv/lib/python3.12/site-packages/frozenlist-1.7.0.dist-info) by extensions ['ros']
[0.350s] Level 1:colcon.colcon_core.package_identification:_identify(myenv/lib/python3.12/site-packages/frozenlist-1.7.0.dist-info) by extension 'ros'
[0.350s] Level 1:colcon.colcon_core.package_identification:_identify(myenv/lib/python3.12/site-packages/frozenlist-1.7.0.dist-info) by extensions ['cmake', 'python']
[0.350s] Level 1:colcon.colcon_core.package_identification:_identify(myenv/lib/python3.12/site-packages/frozenlist-1.7.0.dist-info) by extension 'cmake'
[0.350s] Level 1:colcon.colcon_core.package_identification:_identify(myenv/lib/python3.12/site-packages/frozenlist-1.7.0.dist-info) by extension 'python'
[0.350s] Level 1:colcon.colcon_core.package_identification:_identify(myenv/lib/python3.12/site-packages/frozenlist-1.7.0.dist-info) by extensions ['python_setup_py']
[0.350s] Level 1:colcon.colcon_core.package_identification:_identify(myenv/lib/python3.12/site-packages/frozenlist-1.7.0.dist-info) by extension 'python_setup_py'
[0.351s] Level 1:colcon.colcon_core.package_identification:_identify(myenv/lib/python3.12/site-packages/frozenlist-1.7.0.dist-info/licenses) by extensions ['ignore', 'ignore_ament_install']
[0.351s] Level 1:colcon.colcon_core.package_identification:_identify(myenv/lib/python3.12/site-packages/frozenlist-1.7.0.dist-info/licenses) by extension 'ignore'
[0.351s] Level 1:colcon.colcon_core.package_identification:_identify(myenv/lib/python3.12/site-packages/frozenlist-1.7.0.dist-info/licenses) by extension 'ignore_ament_install'
[0.351s] Level 1:colcon.colcon_core.package_identification:_identify(myenv/lib/python3.12/site-packages/frozenlist-1.7.0.dist-info/licenses) by extensions ['colcon_pkg']
[0.351s] Level 1:colcon.colcon_core.package_identification:_identify(myenv/lib/python3.12/site-packages/frozenlist-1.7.0.dist-info/licenses) by extension 'colcon_pkg'
[0.351s] Level 1:colcon.colcon_core.package_identification:_identify(myenv/lib/python3.12/site-packages/frozenlist-1.7.0.dist-info/licenses) by extensions ['colcon_meta']
[0.351s] Level 1:colcon.colcon_core.package_identification:_identify(myenv/lib/python3.12/site-packages/frozenlist-1.7.0.dist-info/licenses) by extension 'colcon_meta'
[0.351s] Level 1:colcon.colcon_core.package_identification:_identify(myenv/lib/python3.12/site-packages/frozenlist-1.7.0.dist-info/licenses) by extensions ['ros']
[0.351s] Level 1:colcon.colcon_core.package_identification:_identify(myenv/lib/python3.12/site-packages/frozenlist-1.7.0.dist-info/licenses) by extension 'ros'
[0.351s] Level 1:colcon.colcon_core.package_identification:_identify(myenv/lib/python3.12/site-packages/frozenlist-1.7.0.dist-info/licenses) by extensions ['cmake', 'python']
[0.351s] Level 1:colcon.colcon_core.package_identification:_identify(myenv/lib/python3.12/site-packages/frozenlist-1.7.0.dist-info/licenses) by extension 'cmake'
[0.351s] Level 1:colcon.colcon_core.package_identification:_identify(myenv/lib/python3.12/site-packages/frozenlist-1.7.0.dist-info/licenses) by extension 'python'
[0.351s] Level 1:colcon.colcon_core.package_identification:_identify(myenv/lib/python3.12/site-packages/frozenlist-1.7.0.dist-info/licenses) by extensions ['python_setup_py']
[0.351s] Level 1:colcon.colcon_core.package_identification:_identify(myenv/lib/python3.12/site-packages/frozenlist-1.7.0.dist-info/licenses) by extension 'python_setup_py'
[0.351s] Level 1:colcon.colcon_core.package_identification:_identify(myenv/lib/python3.12/site-packages/hexbytes) by extensions ['ignore', 'ignore_ament_install']
[0.352s] Level 1:colcon.colcon_core.package_identification:_identify(myenv/lib/python3.12/site-packages/hexbytes) by extension 'ignore'
[0.352s] Level 1:colcon.colcon_core.package_identification:_identify(myenv/lib/python3.12/site-packages/hexbytes) by extension 'ignore_ament_install'
[0.352s] Level 1:colcon.colcon_core.package_identification:_identify(myenv/lib/python3.12/site-packages/hexbytes) by extensions ['colcon_pkg']
[0.352s] Level 1:colcon.colcon_core.package_identification:_identify(myenv/lib/python3.12/site-packages/hexbytes) by extension 'colcon_pkg'
[0.352s] Level 1:colcon.colcon_core.package_identification:_identify(myenv/lib/python3.12/site-packages/hexbytes) by extensions ['colcon_meta']
[0.352s] Level 1:colcon.colcon_core.package_identification:_identify(myenv/lib/python3.12/site-packages/hexbytes) by extension 'colcon_meta'
[0.352s] Level 1:colcon.colcon_core.package_identification:_identify(myenv/lib/python3.12/site-packages/hexbytes) by extensions ['ros']
[0.352s] Level 1:colcon.colcon_core.package_identification:_identify(myenv/lib/python3.12/site-packages/hexbytes) by extension 'ros'
[0.352s] Level 1:colcon.colcon_core.package_identification:_identify(myenv/lib/python3.12/site-packages/hexbytes) by extensions ['cmake', 'python']
[0.352s] Level 1:colcon.colcon_core.package_identification:_identify(myenv/lib/python3.12/site-packages/hexbytes) by extension 'cmake'
[0.352s] Level 1:colcon.colcon_core.package_identification:_identify(myenv/lib/python3.12/site-packages/hexbytes) by extension 'python'
[0.352s] Level 1:colcon.colcon_core.package_identification:_identify(myenv/lib/python3.12/site-packages/hexbytes) by extensions ['python_setup_py']
[0.352s] Level 1:colcon.colcon_core.package_identification:_identify(myenv/lib/python3.12/site-packages/hexbytes) by extension 'python_setup_py'
[0.352s] Level 1:colcon.colcon_core.package_identification:_identify(myenv/lib/python3.12/site-packages/hexbytes/__pycache__) by extensions ['ignore', 'ignore_ament_install']
[0.352s] Level 1:colcon.colcon_core.package_identification:_identify(myenv/lib/python3.12/site-packages/hexbytes/__pycache__) by extension 'ignore'
[0.353s] Level 1:colcon.colcon_core.package_identification:_identify(myenv/lib/python3.12/site-packages/hexbytes/__pycache__) by extension 'ignore_ament_install'
[0.353s] Level 1:colcon.colcon_core.package_identification:_identify(myenv/lib/python3.12/site-packages/hexbytes/__pycache__) by extensions ['colcon_pkg']
[0.353s] Level 1:colcon.colcon_core.package_identification:_identify(myenv/lib/python3.12/site-packages/hexbytes/__pycache__) by extension 'colcon_pkg'
[0.353s] Level 1:colcon.colcon_core.package_identification:_identify(myenv/lib/python3.12/site-packages/hexbytes/__pycache__) by extensions ['colcon_meta']
[0.353s] Level 1:colcon.colcon_core.package_identification:_identify(myenv/lib/python3.12/site-packages/hexbytes/__pycache__) by extension 'colcon_meta'
[0.353s] Level 1:colcon.colcon_core.package_identification:_identify(myenv/lib/python3.12/site-packages/hexbytes/__pycache__) by extensions ['ros']
[0.353s] Level 1:colcon.colcon_core.package_identification:_identify(myenv/lib/python3.12/site-packages/hexbytes/__pycache__) by extension 'ros'
[0.353s] Level 1:colcon.colcon_core.package_identification:_identify(myenv/lib/python3.12/site-packages/hexbytes/__pycache__) by extensions ['cmake', 'python']
[0.353s] Level 1:colcon.colcon_core.package_identification:_identify(myenv/lib/python3.12/site-packages/hexbytes/__pycache__) by extension 'cmake'
[0.353s] Level 1:colcon.colcon_core.package_identification:_identify(myenv/lib/python3.12/site-packages/hexbytes/__pycache__) by extension 'python'
[0.353s] Level 1:colcon.colcon_core.package_identification:_identify(myenv/lib/python3.12/site-packages/hexbytes/__pycache__) by extensions ['python_setup_py']
[0.353s] Level 1:colcon.colcon_core.package_identification:_identify(myenv/lib/python3.12/site-packages/hexbytes/__pycache__) by extension 'python_setup_py'
[0.353s] Level 1:colcon.colcon_core.package_identification:_identify(myenv/lib/python3.12/site-packages/hexbytes-1.3.1.dist-info) by extensions ['ignore', 'ignore_ament_install']
[0.353s] Level 1:colcon.colcon_core.package_identification:_identify(myenv/lib/python3.12/site-packages/hexbytes-1.3.1.dist-info) by extension 'ignore'
[0.353s] Level 1:colcon.colcon_core.package_identification:_identify(myenv/lib/python3.12/site-packages/hexbytes-1.3.1.dist-info) by extension 'ignore_ament_install'
[0.354s] Level 1:colcon.colcon_core.package_identification:_identify(myenv/lib/python3.12/site-packages/hexbytes-1.3.1.dist-info) by extensions ['colcon_pkg']
[0.354s] Level 1:colcon.colcon_core.package_identification:_identify(myenv/lib/python3.12/site-packages/hexbytes-1.3.1.dist-info) by extension 'colcon_pkg'
[0.354s] Level 1:colcon.colcon_core.package_identification:_identify(myenv/lib/python3.12/site-packages/hexbytes-1.3.1.dist-info) by extensions ['colcon_meta']
[0.354s] Level 1:colcon.colcon_core.package_identification:_identify(myenv/lib/python3.12/site-packages/hexbytes-1.3.1.dist-info) by extension 'colcon_meta'
[0.354s] Level 1:colcon.colcon_core.package_identification:_identify(myenv/lib/python3.12/site-packages/hexbytes-1.3.1.dist-info) by extensions ['ros']
[0.354s] Level 1:colcon.colcon_core.package_identification:_identify(myenv/lib/python3.12/site-packages/hexbytes-1.3.1.dist-info) by extension 'ros'
[0.354s] Level 1:colcon.colcon_core.package_identification:_identify(myenv/lib/python3.12/site-packages/hexbytes-1.3.1.dist-info) by extensions ['cmake', 'python']
[0.354s] Level 1:colcon.colcon_core.package_identification:_identify(myenv/lib/python3.12/site-packages/hexbytes-1.3.1.dist-info) by extension 'cmake'
[0.354s] Level 1:colcon.colcon_core.package_identification:_identify(myenv/lib/python3.12/site-packages/hexbytes-1.3.1.dist-info) by extension 'python'
[0.354s] Level 1:colcon.colcon_core.package_identification:_identify(myenv/lib/python3.12/site-packages/hexbytes-1.3.1.dist-info) by extensions ['python_setup_py']
[0.354s] Level 1:colcon.colcon_core.package_identification:_identify(myenv/lib/python3.12/site-packages/hexbytes-1.3.1.dist-info) by extension 'python_setup_py'
[0.354s] Level 1:colcon.colcon_core.package_identification:_identify(myenv/lib/python3.12/site-packages/hexbytes-1.3.1.dist-info/licenses) by extensions ['ignore', 'ignore_ament_install']
[0.354s] Level 1:colcon.colcon_core.package_identification:_identify(myenv/lib/python3.12/site-packages/hexbytes-1.3.1.dist-info/licenses) by extension 'ignore'
[0.354s] Level 1:colcon.colcon_core.package_identification:_identify(myenv/lib/python3.12/site-packages/hexbytes-1.3.1.dist-info/licenses) by extension 'ignore_ament_install'
[0.354s] Level 1:colcon.colcon_core.package_identification:_identify(myenv/lib/python3.12/site-packages/hexbytes-1.3.1.dist-info/licenses) by extensions ['colcon_pkg']
[0.354s] Level 1:colcon.colcon_core.package_identification:_identify(myenv/lib/python3.12/site-packages/hexbytes-1.3.1.dist-info/licenses) by extension 'colcon_pkg'
[0.355s] Level 1:colcon.colcon_core.package_identification:_identify(myenv/lib/python3.12/site-packages/hexbytes-1.3.1.dist-info/licenses) by extensions ['colcon_meta']
[0.355s] Level 1:colcon.colcon_core.package_identification:_identify(myenv/lib/python3.12/site-packages/hexbytes-1.3.1.dist-info/licenses) by extension 'colcon_meta'
[0.355s] Level 1:colcon.colcon_core.package_identification:_identify(myenv/lib/python3.12/site-packages/hexbytes-1.3.1.dist-info/licenses) by extensions ['ros']
[0.355s] Level 1:colcon.colcon_core.package_identification:_identify(myenv/lib/python3.12/site-packages/hexbytes-1.3.1.dist-info/licenses) by extension 'ros'
[0.355s] Level 1:colcon.colcon_core.package_identification:_identify(myenv/lib/python3.12/site-packages/hexbytes-1.3.1.dist-info/licenses) by extensions ['cmake', 'python']
[0.355s] Level 1:colcon.colcon_core.package_identification:_identify(myenv/lib/python3.12/site-packages/hexbytes-1.3.1.dist-info/licenses) by extension 'cmake'
[0.355s] Level 1:colcon.colcon_core.package_identification:_identify(myenv/lib/python3.12/site-packages/hexbytes-1.3.1.dist-info/licenses) by extension 'python'
[0.355s] Level 1:colcon.colcon_core.package_identification:_identify(myenv/lib/python3.12/site-packages/hexbytes-1.3.1.dist-info/licenses) by extensions ['python_setup_py']
[0.355s] Level 1:colcon.colcon_core.package_identification:_identify(myenv/lib/python3.12/site-packages/hexbytes-1.3.1.dist-info/licenses) by extension 'python_setup_py'
[0.355s] Level 1:colcon.colcon_core.package_identification:_identify(myenv/lib/python3.12/site-packages/idna) by extensions ['ignore', 'ignore_ament_install']
[0.355s] Level 1:colcon.colcon_core.package_identification:_identify(myenv/lib/python3.12/site-packages/idna) by extension 'ignore'
[0.355s] Level 1:colcon.colcon_core.package_identification:_identify(myenv/lib/python3.12/site-packages/idna) by extension 'ignore_ament_install'
[0.355s] Level 1:colcon.colcon_core.package_identification:_identify(myenv/lib/python3.12/site-packages/idna) by extensions ['colcon_pkg']
[0.355s] Level 1:colcon.colcon_core.package_identification:_identify(myenv/lib/python3.12/site-packages/idna) by extension 'colcon_pkg'
[0.355s] Level 1:colcon.colcon_core.package_identification:_identify(myenv/lib/python3.12/site-packages/idna) by extensions ['colcon_meta']
[0.355s] Level 1:colcon.colcon_core.package_identification:_identify(myenv/lib/python3.12/site-packages/idna) by extension 'colcon_meta'
[0.356s] Level 1:colcon.colcon_core.package_identification:_identify(myenv/lib/python3.12/site-packages/idna) by extensions ['ros']
[0.356s] Level 1:colcon.colcon_core.package_identification:_identify(myenv/lib/python3.12/site-packages/idna) by extension 'ros'
[0.356s] Level 1:colcon.colcon_core.package_identification:_identify(myenv/lib/python3.12/site-packages/idna) by extensions ['cmake', 'python']
[0.356s] Level 1:colcon.colcon_core.package_identification:_identify(myenv/lib/python3.12/site-packages/idna) by extension 'cmake'
[0.356s] Level 1:colcon.colcon_core.package_identification:_identify(myenv/lib/python3.12/site-packages/idna) by extension 'python'
[0.356s] Level 1:colcon.colcon_core.package_identification:_identify(myenv/lib/python3.12/site-packages/idna) by extensions ['python_setup_py']
[0.356s] Level 1:colcon.colcon_core.package_identification:_identify(myenv/lib/python3.12/site-packages/idna) by extension 'python_setup_py'
[0.356s] Level 1:colcon.colcon_core.package_identification:_identify(myenv/lib/python3.12/site-packages/idna/__pycache__) by extensions ['ignore', 'ignore_ament_install']
[0.356s] Level 1:colcon.colcon_core.package_identification:_identify(myenv/lib/python3.12/site-packages/idna/__pycache__) by extension 'ignore'
[0.356s] Level 1:colcon.colcon_core.package_identification:_identify(myenv/lib/python3.12/site-packages/idna/__pycache__) by extension 'ignore_ament_install'
[0.356s] Level 1:colcon.colcon_core.package_identification:_identify(myenv/lib/python3.12/site-packages/idna/__pycache__) by extensions ['colcon_pkg']
[0.356s] Level 1:colcon.colcon_core.package_identification:_identify(myenv/lib/python3.12/site-packages/idna/__pycache__) by extension 'colcon_pkg'
[0.356s] Level 1:colcon.colcon_core.package_identification:_identify(myenv/lib/python3.12/site-packages/idna/__pycache__) by extensions ['colcon_meta']
[0.356s] Level 1:colcon.colcon_core.package_identification:_identify(myenv/lib/python3.12/site-packages/idna/__pycache__) by extension 'colcon_meta'
[0.356s] Level 1:colcon.colcon_core.package_identification:_identify(myenv/lib/python3.12/site-packages/idna/__pycache__) by extensions ['ros']
[0.356s] Level 1:colcon.colcon_core.package_identification:_identify(myenv/lib/python3.12/site-packages/idna/__pycache__) by extension 'ros'
[0.357s] Level 1:colcon.colcon_core.package_identification:_identify(myenv/lib/python3.12/site-packages/idna/__pycache__) by extensions ['cmake', 'python']
[0.357s] Level 1:colcon.colcon_core.package_identification:_identify(myenv/lib/python3.12/site-packages/idna/__pycache__) by extension 'cmake'
[0.357s] Level 1:colcon.colcon_core.package_identification:_identify(myenv/lib/python3.12/site-packages/idna/__pycache__) by extension 'python'
[0.357s] Level 1:colcon.colcon_core.package_identification:_identify(myenv/lib/python3.12/site-packages/idna/__pycache__) by extensions ['python_setup_py']
[0.357s] Level 1:colcon.colcon_core.package_identification:_identify(myenv/lib/python3.12/site-packages/idna/__pycache__) by extension 'python_setup_py'
[0.357s] Level 1:colcon.colcon_core.package_identification:_identify(myenv/lib/python3.12/site-packages/idna-3.10.dist-info) by extensions ['ignore', 'ignore_ament_install']
[0.357s] Level 1:colcon.colcon_core.package_identification:_identify(myenv/lib/python3.12/site-packages/idna-3.10.dist-info) by extension 'ignore'
[0.357s] Level 1:colcon.colcon_core.package_identification:_identify(myenv/lib/python3.12/site-packages/idna-3.10.dist-info) by extension 'ignore_ament_install'
[0.357s] Level 1:colcon.colcon_core.package_identification:_identify(myenv/lib/python3.12/site-packages/idna-3.10.dist-info) by extensions ['colcon_pkg']
[0.357s] Level 1:colcon.colcon_core.package_identification:_identify(myenv/lib/python3.12/site-packages/idna-3.10.dist-info) by extension 'colcon_pkg'
[0.357s] Level 1:colcon.colcon_core.package_identification:_identify(myenv/lib/python3.12/site-packages/idna-3.10.dist-info) by extensions ['colcon_meta']
[0.357s] Level 1:colcon.colcon_core.package_identification:_identify(myenv/lib/python3.12/site-packages/idna-3.10.dist-info) by extension 'colcon_meta'
[0.357s] Level 1:colcon.colcon_core.package_identification:_identify(myenv/lib/python3.12/site-packages/idna-3.10.dist-info) by extensions ['ros']
[0.357s] Level 1:colcon.colcon_core.package_identification:_identify(myenv/lib/python3.12/site-packages/idna-3.10.dist-info) by extension 'ros'
[0.357s] Level 1:colcon.colcon_core.package_identification:_identify(myenv/lib/python3.12/site-packages/idna-3.10.dist-info) by extensions ['cmake', 'python']
[0.358s] Level 1:colcon.colcon_core.package_identification:_identify(myenv/lib/python3.12/site-packages/idna-3.10.dist-info) by extension 'cmake'
[0.358s] Level 1:colcon.colcon_core.package_identification:_identify(myenv/lib/python3.12/site-packages/idna-3.10.dist-info) by extension 'python'
[0.358s] Level 1:colcon.colcon_core.package_identification:_identify(myenv/lib/python3.12/site-packages/idna-3.10.dist-info) by extensions ['python_setup_py']
[0.358s] Level 1:colcon.colcon_core.package_identification:_identify(myenv/lib/python3.12/site-packages/idna-3.10.dist-info) by extension 'python_setup_py'
[0.358s] Level 1:colcon.colcon_core.package_identification:_identify(myenv/lib/python3.12/site-packages/multidict) by extensions ['ignore', 'ignore_ament_install']
[0.358s] Level 1:colcon.colcon_core.package_identification:_identify(myenv/lib/python3.12/site-packages/multidict) by extension 'ignore'
[0.358s] Level 1:colcon.colcon_core.package_identification:_identify(myenv/lib/python3.12/site-packages/multidict) by extension 'ignore_ament_install'
[0.358s] Level 1:colcon.colcon_core.package_identification:_identify(myenv/lib/python3.12/site-packages/multidict) by extensions ['colcon_pkg']
[0.358s] Level 1:colcon.colcon_core.package_identification:_identify(myenv/lib/python3.12/site-packages/multidict) by extension 'colcon_pkg'
[0.358s] Level 1:colcon.colcon_core.package_identification:_identify(myenv/lib/python3.12/site-packages/multidict) by extensions ['colcon_meta']
[0.358s] Level 1:colcon.colcon_core.package_identification:_identify(myenv/lib/python3.12/site-packages/multidict) by extension 'colcon_meta'
[0.358s] Level 1:colcon.colcon_core.package_identification:_identify(myenv/lib/python3.12/site-packages/multidict) by extensions ['ros']
[0.358s] Level 1:colcon.colcon_core.package_identification:_identify(myenv/lib/python3.12/site-packages/multidict) by extension 'ros'
[0.358s] Level 1:colcon.colcon_core.package_identification:_identify(myenv/lib/python3.12/site-packages/multidict) by extensions ['cmake', 'python']
[0.358s] Level 1:colcon.colcon_core.package_identification:_identify(myenv/lib/python3.12/site-packages/multidict) by extension 'cmake'
[0.358s] Level 1:colcon.colcon_core.package_identification:_identify(myenv/lib/python3.12/site-packages/multidict) by extension 'python'
[0.359s] Level 1:colcon.colcon_core.package_identification:_identify(myenv/lib/python3.12/site-packages/multidict) by extensions ['python_setup_py']
[0.359s] Level 1:colcon.colcon_core.package_identification:_identify(myenv/lib/python3.12/site-packages/multidict) by extension 'python_setup_py'
[0.359s] Level 1:colcon.colcon_core.package_identification:_identify(myenv/lib/python3.12/site-packages/multidict/__pycache__) by extensions ['ignore', 'ignore_ament_install']
[0.359s] Level 1:colcon.colcon_core.package_identification:_identify(myenv/lib/python3.12/site-packages/multidict/__pycache__) by extension 'ignore'
[0.359s] Level 1:colcon.colcon_core.package_identification:_identify(myenv/lib/python3.12/site-packages/multidict/__pycache__) by extension 'ignore_ament_install'
[0.359s] Level 1:colcon.colcon_core.package_identification:_identify(myenv/lib/python3.12/site-packages/multidict/__pycache__) by extensions ['colcon_pkg']
[0.359s] Level 1:colcon.colcon_core.package_identification:_identify(myenv/lib/python3.12/site-packages/multidict/__pycache__) by extension 'colcon_pkg'
[0.359s] Level 1:colcon.colcon_core.package_identification:_identify(myenv/lib/python3.12/site-packages/multidict/__pycache__) by extensions ['colcon_meta']
[0.359s] Level 1:colcon.colcon_core.package_identification:_identify(myenv/lib/python3.12/site-packages/multidict/__pycache__) by extension 'colcon_meta'
[0.359s] Level 1:colcon.colcon_core.package_identification:_identify(myenv/lib/python3.12/site-packages/multidict/__pycache__) by extensions ['ros']
[0.359s] Level 1:colcon.colcon_core.package_identification:_identify(myenv/lib/python3.12/site-packages/multidict/__pycache__) by extension 'ros'
[0.359s] Level 1:colcon.colcon_core.package_identification:_identify(myenv/lib/python3.12/site-packages/multidict/__pycache__) by extensions ['cmake', 'python']
[0.359s] Level 1:colcon.colcon_core.package_identification:_identify(myenv/lib/python3.12/site-packages/multidict/__pycache__) by extension 'cmake'
[0.359s] Level 1:colcon.colcon_core.package_identification:_identify(myenv/lib/python3.12/site-packages/multidict/__pycache__) by extension 'python'
[0.359s] Level 1:colcon.colcon_core.package_identification:_identify(myenv/lib/python3.12/site-packages/multidict/__pycache__) by extensions ['python_setup_py']
[0.360s] Level 1:colcon.colcon_core.package_identification:_identify(myenv/lib/python3.12/site-packages/multidict/__pycache__) by extension 'python_setup_py'
[0.360s] Level 1:colcon.colcon_core.package_identification:_identify(myenv/lib/python3.12/site-packages/multidict-6.6.4.dist-info) by extensions ['ignore', 'ignore_ament_install']
[0.360s] Level 1:colcon.colcon_core.package_identification:_identify(myenv/lib/python3.12/site-packages/multidict-6.6.4.dist-info) by extension 'ignore'
[0.360s] Level 1:colcon.colcon_core.package_identification:_identify(myenv/lib/python3.12/site-packages/multidict-6.6.4.dist-info) by extension 'ignore_ament_install'
[0.360s] Level 1:colcon.colcon_core.package_identification:_identify(myenv/lib/python3.12/site-packages/multidict-6.6.4.dist-info) by extensions ['colcon_pkg']
[0.360s] Level 1:colcon.colcon_core.package_identification:_identify(myenv/lib/python3.12/site-packages/multidict-6.6.4.dist-info) by extension 'colcon_pkg'
[0.360s] Level 1:colcon.colcon_core.package_identification:_identify(myenv/lib/python3.12/site-packages/multidict-6.6.4.dist-info) by extensions ['colcon_meta']
[0.360s] Level 1:colcon.colcon_core.package_identification:_identify(myenv/lib/python3.12/site-packages/multidict-6.6.4.dist-info) by extension 'colcon_meta'
[0.360s] Level 1:colcon.colcon_core.package_identification:_identify(myenv/lib/python3.12/site-packages/multidict-6.6.4.dist-info) by extensions ['ros']
[0.360s] Level 1:colcon.colcon_core.package_identification:_identify(myenv/lib/python3.12/site-packages/multidict-6.6.4.dist-info) by extension 'ros'
[0.360s] Level 1:colcon.colcon_core.package_identification:_identify(myenv/lib/python3.12/site-packages/multidict-6.6.4.dist-info) by extensions ['cmake', 'python']
[0.360s] Level 1:colcon.colcon_core.package_identification:_identify(myenv/lib/python3.12/site-packages/multidict-6.6.4.dist-info) by extension 'cmake'
[0.360s] Level 1:colcon.colcon_core.package_identification:_identify(myenv/lib/python3.12/site-packages/multidict-6.6.4.dist-info) by extension 'python'
[0.360s] Level 1:colcon.colcon_core.package_identification:_identify(myenv/lib/python3.12/site-packages/multidict-6.6.4.dist-info) by extensions ['python_setup_py']
[0.360s] Level 1:colcon.colcon_core.package_identification:_identify(myenv/lib/python3.12/site-packages/multidict-6.6.4.dist-info) by extension 'python_setup_py'
[0.361s] Level 1:colcon.colcon_core.package_identification:_identify(myenv/lib/python3.12/site-packages/multidict-6.6.4.dist-info/licenses) by extensions ['ignore', 'ignore_ament_install']
[0.361s] Level 1:colcon.colcon_core.package_identification:_identify(myenv/lib/python3.12/site-packages/multidict-6.6.4.dist-info/licenses) by extension 'ignore'
[0.361s] Level 1:colcon.colcon_core.package_identification:_identify(myenv/lib/python3.12/site-packages/multidict-6.6.4.dist-info/licenses) by extension 'ignore_ament_install'
[0.361s] Level 1:colcon.colcon_core.package_identification:_identify(myenv/lib/python3.12/site-packages/multidict-6.6.4.dist-info/licenses) by extensions ['colcon_pkg']
[0.361s] Level 1:colcon.colcon_core.package_identification:_identify(myenv/lib/python3.12/site-packages/multidict-6.6.4.dist-info/licenses) by extension 'colcon_pkg'
[0.361s] Level 1:colcon.colcon_core.package_identification:_identify(myenv/lib/python3.12/site-packages/multidict-6.6.4.dist-info/licenses) by extensions ['colcon_meta']
[0.361s] Level 1:colcon.colcon_core.package_identification:_identify(myenv/lib/python3.12/site-packages/multidict-6.6.4.dist-info/licenses) by extension 'colcon_meta'
[0.361s] Level 1:colcon.colcon_core.package_identification:_identify(myenv/lib/python3.12/site-packages/multidict-6.6.4.dist-info/licenses) by extensions ['ros']
[0.361s] Level 1:colcon.colcon_core.package_identification:_identify(myenv/lib/python3.12/site-packages/multidict-6.6.4.dist-info/licenses) by extension 'ros'
[0.361s] Level 1:colcon.colcon_core.package_identification:_identify(myenv/lib/python3.12/site-packages/multidict-6.6.4.dist-info/licenses) by extensions ['cmake', 'python']
[0.361s] Level 1:colcon.colcon_core.package_identification:_identify(myenv/lib/python3.12/site-packages/multidict-6.6.4.dist-info/licenses) by extension 'cmake'
[0.361s] Level 1:colcon.colcon_core.package_identification:_identify(myenv/lib/python3.12/site-packages/multidict-6.6.4.dist-info/licenses) by extension 'python'
[0.361s] Level 1:colcon.colcon_core.package_identification:_identify(myenv/lib/python3.12/site-packages/multidict-6.6.4.dist-info/licenses) by extensions ['python_setup_py']
[0.361s] Level 1:colcon.colcon_core.package_identification:_identify(myenv/lib/python3.12/site-packages/multidict-6.6.4.dist-info/licenses) by extension 'python_setup_py'
[0.361s] Level 1:colcon.colcon_core.package_identification:_identify(myenv/lib/python3.12/site-packages/parsimonious) by extensions ['ignore', 'ignore_ament_install']
[0.362s] Level 1:colcon.colcon_core.package_identification:_identify(myenv/lib/python3.12/site-packages/parsimonious) by extension 'ignore'
[0.362s] Level 1:colcon.colcon_core.package_identification:_identify(myenv/lib/python3.12/site-packages/parsimonious) by extension 'ignore_ament_install'
[0.362s] Level 1:colcon.colcon_core.package_identification:_identify(myenv/lib/python3.12/site-packages/parsimonious) by extensions ['colcon_pkg']
[0.362s] Level 1:colcon.colcon_core.package_identification:_identify(myenv/lib/python3.12/site-packages/parsimonious) by extension 'colcon_pkg'
[0.362s] Level 1:colcon.colcon_core.package_identification:_identify(myenv/lib/python3.12/site-packages/parsimonious) by extensions ['colcon_meta']
[0.362s] Level 1:colcon.colcon_core.package_identification:_identify(myenv/lib/python3.12/site-packages/parsimonious) by extension 'colcon_meta'
[0.362s] Level 1:colcon.colcon_core.package_identification:_identify(myenv/lib/python3.12/site-packages/parsimonious) by extensions ['ros']
[0.362s] Level 1:colcon.colcon_core.package_identification:_identify(myenv/lib/python3.12/site-packages/parsimonious) by extension 'ros'
[0.362s] Level 1:colcon.colcon_core.package_identification:_identify(myenv/lib/python3.12/site-packages/parsimonious) by extensions ['cmake', 'python']
[0.362s] Level 1:colcon.colcon_core.package_identification:_identify(myenv/lib/python3.12/site-packages/parsimonious) by extension 'cmake'
[0.362s] Level 1:colcon.colcon_core.package_identification:_identify(myenv/lib/python3.12/site-packages/parsimonious) by extension 'python'
[0.362s] Level 1:colcon.colcon_core.package_identification:_identify(myenv/lib/python3.12/site-packages/parsimonious) by extensions ['python_setup_py']
[0.362s] Level 1:colcon.colcon_core.package_identification:_identify(myenv/lib/python3.12/site-packages/parsimonious) by extension 'python_setup_py'
[0.362s] Level 1:colcon.colcon_core.package_identification:_identify(myenv/lib/python3.12/site-packages/parsimonious/__pycache__) by extensions ['ignore', 'ignore_ament_install']
[0.362s] Level 1:colcon.colcon_core.package_identification:_identify(myenv/lib/python3.12/site-packages/parsimonious/__pycache__) by extension 'ignore'
[0.363s] Level 1:colcon.colcon_core.package_identification:_identify(myenv/lib/python3.12/site-packages/parsimonious/__pycache__) by extension 'ignore_ament_install'
[0.363s] Level 1:colcon.colcon_core.package_identification:_identify(myenv/lib/python3.12/site-packages/parsimonious/__pycache__) by extensions ['colcon_pkg']
[0.363s] Level 1:colcon.colcon_core.package_identification:_identify(myenv/lib/python3.12/site-packages/parsimonious/__pycache__) by extension 'colcon_pkg'
[0.363s] Level 1:colcon.colcon_core.package_identification:_identify(myenv/lib/python3.12/site-packages/parsimonious/__pycache__) by extensions ['colcon_meta']
[0.363s] Level 1:colcon.colcon_core.package_identification:_identify(myenv/lib/python3.12/site-packages/parsimonious/__pycache__) by extension 'colcon_meta'
[0.363s] Level 1:colcon.colcon_core.package_identification:_identify(myenv/lib/python3.12/site-packages/parsimonious/__pycache__) by extensions ['ros']
[0.363s] Level 1:colcon.colcon_core.package_identification:_identify(myenv/lib/python3.12/site-packages/parsimonious/__pycache__) by extension 'ros'
[0.363s] Level 1:colcon.colcon_core.package_identification:_identify(myenv/lib/python3.12/site-packages/parsimonious/__pycache__) by extensions ['cmake', 'python']
[0.363s] Level 1:colcon.colcon_core.package_identification:_identify(myenv/lib/python3.12/site-packages/parsimonious/__pycache__) by extension 'cmake'
[0.363s] Level 1:colcon.colcon_core.package_identification:_identify(myenv/lib/python3.12/site-packages/parsimonious/__pycache__) by extension 'python'
[0.363s] Level 1:colcon.colcon_core.package_identification:_identify(myenv/lib/python3.12/site-packages/parsimonious/__pycache__) by extensions ['python_setup_py']
[0.363s] Level 1:colcon.colcon_core.package_identification:_identify(myenv/lib/python3.12/site-packages/parsimonious/__pycache__) by extension 'python_setup_py'
[0.363s] Level 1:colcon.colcon_core.package_identification:_identify(myenv/lib/python3.12/site-packages/parsimonious/tests) by extensions ['ignore', 'ignore_ament_install']
[0.363s] Level 1:colcon.colcon_core.package_identification:_identify(myenv/lib/python3.12/site-packages/parsimonious/tests) by extension 'ignore'
[0.363s] Level 1:colcon.colcon_core.package_identification:_identify(myenv/lib/python3.12/site-packages/parsimonious/tests) by extension 'ignore_ament_install'
[0.364s] Level 1:colcon.colcon_core.package_identification:_identify(myenv/lib/python3.12/site-packages/parsimonious/tests) by extensions ['colcon_pkg']
[0.364s] Level 1:colcon.colcon_core.package_identification:_identify(myenv/lib/python3.12/site-packages/parsimonious/tests) by extension 'colcon_pkg'
[0.364s] Level 1:colcon.colcon_core.package_identification:_identify(myenv/lib/python3.12/site-packages/parsimonious/tests) by extensions ['colcon_meta']
[0.364s] Level 1:colcon.colcon_core.package_identification:_identify(myenv/lib/python3.12/site-packages/parsimonious/tests) by extension 'colcon_meta'
[0.364s] Level 1:colcon.colcon_core.package_identification:_identify(myenv/lib/python3.12/site-packages/parsimonious/tests) by extensions ['ros']
[0.364s] Level 1:colcon.colcon_core.package_identification:_identify(myenv/lib/python3.12/site-packages/parsimonious/tests) by extension 'ros'
[0.364s] Level 1:colcon.colcon_core.package_identification:_identify(myenv/lib/python3.12/site-packages/parsimonious/tests) by extensions ['cmake', 'python']
[0.364s] Level 1:colcon.colcon_core.package_identification:_identify(myenv/lib/python3.12/site-packages/parsimonious/tests) by extension 'cmake'
[0.364s] Level 1:colcon.colcon_core.package_identification:_identify(myenv/lib/python3.12/site-packages/parsimonious/tests) by extension 'python'
[0.364s] Level 1:colcon.colcon_core.package_identification:_identify(myenv/lib/python3.12/site-packages/parsimonious/tests) by extensions ['python_setup_py']
[0.364s] Level 1:colcon.colcon_core.package_identification:_identify(myenv/lib/python3.12/site-packages/parsimonious/tests) by extension 'python_setup_py'
[0.364s] Level 1:colcon.colcon_core.package_identification:_identify(myenv/lib/python3.12/site-packages/parsimonious/tests/__pycache__) by extensions ['ignore', 'ignore_ament_install']
[0.364s] Level 1:colcon.colcon_core.package_identification:_identify(myenv/lib/python3.12/site-packages/parsimonious/tests/__pycache__) by extension 'ignore'
[0.364s] Level 1:colcon.colcon_core.package_identification:_identify(myenv/lib/python3.12/site-packages/parsimonious/tests/__pycache__) by extension 'ignore_ament_install'
[0.364s] Level 1:colcon.colcon_core.package_identification:_identify(myenv/lib/python3.12/site-packages/parsimonious/tests/__pycache__) by extensions ['colcon_pkg']
[0.365s] Level 1:colcon.colcon_core.package_identification:_identify(myenv/lib/python3.12/site-packages/parsimonious/tests/__pycache__) by extension 'colcon_pkg'
[0.365s] Level 1:colcon.colcon_core.package_identification:_identify(myenv/lib/python3.12/site-packages/parsimonious/tests/__pycache__) by extensions ['colcon_meta']
[0.365s] Level 1:colcon.colcon_core.package_identification:_identify(myenv/lib/python3.12/site-packages/parsimonious/tests/__pycache__) by extension 'colcon_meta'
[0.365s] Level 1:colcon.colcon_core.package_identification:_identify(myenv/lib/python3.12/site-packages/parsimonious/tests/__pycache__) by extensions ['ros']
[0.365s] Level 1:colcon.colcon_core.package_identification:_identify(myenv/lib/python3.12/site-packages/parsimonious/tests/__pycache__) by extension 'ros'
[0.365s] Level 1:colcon.colcon_core.package_identification:_identify(myenv/lib/python3.12/site-packages/parsimonious/tests/__pycache__) by extensions ['cmake', 'python']
[0.365s] Level 1:colcon.colcon_core.package_identification:_identify(myenv/lib/python3.12/site-packages/parsimonious/tests/__pycache__) by extension 'cmake'
[0.365s] Level 1:colcon.colcon_core.package_identification:_identify(myenv/lib/python3.12/site-packages/parsimonious/tests/__pycache__) by extension 'python'
[0.365s] Level 1:colcon.colcon_core.package_identification:_identify(myenv/lib/python3.12/site-packages/parsimonious/tests/__pycache__) by extensions ['python_setup_py']
[0.365s] Level 1:colcon.colcon_core.package_identification:_identify(myenv/lib/python3.12/site-packages/parsimonious/tests/__pycache__) by extension 'python_setup_py'
[0.365s] Level 1:colcon.colcon_core.package_identification:_identify(myenv/lib/python3.12/site-packages/parsimonious-0.10.0.dist-info) by extensions ['ignore', 'ignore_ament_install']
[0.365s] Level 1:colcon.colcon_core.package_identification:_identify(myenv/lib/python3.12/site-packages/parsimonious-0.10.0.dist-info) by extension 'ignore'
[0.365s] Level 1:colcon.colcon_core.package_identification:_identify(myenv/lib/python3.12/site-packages/parsimonious-0.10.0.dist-info) by extension 'ignore_ament_install'
[0.365s] Level 1:colcon.colcon_core.package_identification:_identify(myenv/lib/python3.12/site-packages/parsimonious-0.10.0.dist-info) by extensions ['colcon_pkg']
[0.365s] Level 1:colcon.colcon_core.package_identification:_identify(myenv/lib/python3.12/site-packages/parsimonious-0.10.0.dist-info) by extension 'colcon_pkg'
[0.365s] Level 1:colcon.colcon_core.package_identification:_identify(myenv/lib/python3.12/site-packages/parsimonious-0.10.0.dist-info) by extensions ['colcon_meta']
[0.366s] Level 1:colcon.colcon_core.package_identification:_identify(myenv/lib/python3.12/site-packages/parsimonious-0.10.0.dist-info) by extension 'colcon_meta'
[0.366s] Level 1:colcon.colcon_core.package_identification:_identify(myenv/lib/python3.12/site-packages/parsimonious-0.10.0.dist-info) by extensions ['ros']
[0.366s] Level 1:colcon.colcon_core.package_identification:_identify(myenv/lib/python3.12/site-packages/parsimonious-0.10.0.dist-info) by extension 'ros'
[0.366s] Level 1:colcon.colcon_core.package_identification:_identify(myenv/lib/python3.12/site-packages/parsimonious-0.10.0.dist-info) by extensions ['cmake', 'python']
[0.366s] Level 1:colcon.colcon_core.package_identification:_identify(myenv/lib/python3.12/site-packages/parsimonious-0.10.0.dist-info) by extension 'cmake'
[0.366s] Level 1:colcon.colcon_core.package_identification:_identify(myenv/lib/python3.12/site-packages/parsimonious-0.10.0.dist-info) by extension 'python'
[0.366s] Level 1:colcon.colcon_core.package_identification:_identify(myenv/lib/python3.12/site-packages/parsimonious-0.10.0.dist-info) by extensions ['python_setup_py']
[0.366s] Level 1:colcon.colcon_core.package_identification:_identify(myenv/lib/python3.12/site-packages/parsimonious-0.10.0.dist-info) by extension 'python_setup_py'
[0.366s] Level 1:colcon.colcon_core.package_identification:_identify(myenv/lib/python3.12/site-packages/pip) by extensions ['ignore', 'ignore_ament_install']
[0.366s] Level 1:colcon.colcon_core.package_identification:_identify(myenv/lib/python3.12/site-packages/pip) by extension 'ignore'
[0.366s] Level 1:colcon.colcon_core.package_identification:_identify(myenv/lib/python3.12/site-packages/pip) by extension 'ignore_ament_install'
[0.366s] Level 1:colcon.colcon_core.package_identification:_identify(myenv/lib/python3.12/site-packages/pip) by extensions ['colcon_pkg']
[0.366s] Level 1:colcon.colcon_core.package_identification:_identify(myenv/lib/python3.12/site-packages/pip) by extension 'colcon_pkg'
[0.366s] Level 1:colcon.colcon_core.package_identification:_identify(myenv/lib/python3.12/site-packages/pip) by extensions ['colcon_meta']
[0.366s] Level 1:colcon.colcon_core.package_identification:_identify(myenv/lib/python3.12/site-packages/pip) by extension 'colcon_meta'
[0.367s] Level 1:colcon.colcon_core.package_identification:_identify(myenv/lib/python3.12/site-packages/pip) by extensions ['ros']
[0.367s] Level 1:colcon.colcon_core.package_identification:_identify(myenv/lib/python3.12/site-packages/pip) by extension 'ros'
[0.367s] Level 1:colcon.colcon_core.package_identification:_identify(myenv/lib/python3.12/site-packages/pip) by extensions ['cmake', 'python']
[0.367s] Level 1:colcon.colcon_core.package_identification:_identify(myenv/lib/python3.12/site-packages/pip) by extension 'cmake'
[0.367s] Level 1:colcon.colcon_core.package_identification:_identify(myenv/lib/python3.12/site-packages/pip) by extension 'python'
[0.367s] Level 1:colcon.colcon_core.package_identification:_identify(myenv/lib/python3.12/site-packages/pip) by extensions ['python_setup_py']
[0.367s] Level 1:colcon.colcon_core.package_identification:_identify(myenv/lib/python3.12/site-packages/pip) by extension 'python_setup_py'
[0.367s] Level 1:colcon.colcon_core.package_identification:_identify(myenv/lib/python3.12/site-packages/pip/__pycache__) by extensions ['ignore', 'ignore_ament_install']
[0.367s] Level 1:colcon.colcon_core.package_identification:_identify(myenv/lib/python3.12/site-packages/pip/__pycache__) by extension 'ignore'
[0.367s] Level 1:colcon.colcon_core.package_identification:_identify(myenv/lib/python3.12/site-packages/pip/__pycache__) by extension 'ignore_ament_install'
[0.367s] Level 1:colcon.colcon_core.package_identification:_identify(myenv/lib/python3.12/site-packages/pip/__pycache__) by extensions ['colcon_pkg']
[0.367s] Level 1:colcon.colcon_core.package_identification:_identify(myenv/lib/python3.12/site-packages/pip/__pycache__) by extension 'colcon_pkg'
[0.367s] Level 1:colcon.colcon_core.package_identification:_identify(myenv/lib/python3.12/site-packages/pip/__pycache__) by extensions ['colcon_meta']
[0.367s] Level 1:colcon.colcon_core.package_identification:_identify(myenv/lib/python3.12/site-packages/pip/__pycache__) by extension 'colcon_meta'
[0.368s] Level 1:colcon.colcon_core.package_identification:_identify(myenv/lib/python3.12/site-packages/pip/__pycache__) by extensions ['ros']
[0.368s] Level 1:colcon.colcon_core.package_identification:_identify(myenv/lib/python3.12/site-packages/pip/__pycache__) by extension 'ros'
[0.368s] Level 1:colcon.colcon_core.package_identification:_identify(myenv/lib/python3.12/site-packages/pip/__pycache__) by extensions ['cmake', 'python']
[0.368s] Level 1:colcon.colcon_core.package_identification:_identify(myenv/lib/python3.12/site-packages/pip/__pycache__) by extension 'cmake'
[0.368s] Level 1:colcon.colcon_core.package_identification:_identify(myenv/lib/python3.12/site-packages/pip/__pycache__) by extension 'python'
[0.368s] Level 1:colcon.colcon_core.package_identification:_identify(myenv/lib/python3.12/site-packages/pip/__pycache__) by extensions ['python_setup_py']
[0.368s] Level 1:colcon.colcon_core.package_identification:_identify(myenv/lib/python3.12/site-packages/pip/__pycache__) by extension 'python_setup_py'
[0.368s] Level 1:colcon.colcon_core.package_identification:_identify(myenv/lib/python3.12/site-packages/pip/_internal) by extensions ['ignore', 'ignore_ament_install']
[0.368s] Level 1:colcon.colcon_core.package_identification:_identify(myenv/lib/python3.12/site-packages/pip/_internal) by extension 'ignore'
[0.368s] Level 1:colcon.colcon_core.package_identification:_identify(myenv/lib/python3.12/site-packages/pip/_internal) by extension 'ignore_ament_install'
[0.368s] Level 1:colcon.colcon_core.package_identification:_identify(myenv/lib/python3.12/site-packages/pip/_internal) by extensions ['colcon_pkg']
[0.368s] Level 1:colcon.colcon_core.package_identification:_identify(myenv/lib/python3.12/site-packages/pip/_internal) by extension 'colcon_pkg'
[0.368s] Level 1:colcon.colcon_core.package_identification:_identify(myenv/lib/python3.12/site-packages/pip/_internal) by extensions ['colcon_meta']
[0.368s] Level 1:colcon.colcon_core.package_identification:_identify(myenv/lib/python3.12/site-packages/pip/_internal) by extension 'colcon_meta'
[0.369s] Level 1:colcon.colcon_core.package_identification:_identify(myenv/lib/python3.12/site-packages/pip/_internal) by extensions ['ros']
[0.369s] Level 1:colcon.colcon_core.package_identification:_identify(myenv/lib/python3.12/site-packages/pip/_internal) by extension 'ros'
[0.369s] Level 1:colcon.colcon_core.package_identification:_identify(myenv/lib/python3.12/site-packages/pip/_internal) by extensions ['cmake', 'python']
[0.369s] Level 1:colcon.colcon_core.package_identification:_identify(myenv/lib/python3.12/site-packages/pip/_internal) by extension 'cmake'
[0.369s] Level 1:colcon.colcon_core.package_identification:_identify(myenv/lib/python3.12/site-packages/pip/_internal) by extension 'python'
[0.369s] Level 1:colcon.colcon_core.package_identification:_identify(myenv/lib/python3.12/site-packages/pip/_internal) by extensions ['python_setup_py']
[0.369s] Level 1:colcon.colcon_core.package_identification:_identify(myenv/lib/python3.12/site-packages/pip/_internal) by extension 'python_setup_py'
[0.369s] Level 1:colcon.colcon_core.package_identification:_identify(myenv/lib/python3.12/site-packages/pip/_internal/__pycache__) by extensions ['ignore', 'ignore_ament_install']
[0.369s] Level 1:colcon.colcon_core.package_identification:_identify(myenv/lib/python3.12/site-packages/pip/_internal/__pycache__) by extension 'ignore'
[0.369s] Level 1:colcon.colcon_core.package_identification:_identify(myenv/lib/python3.12/site-packages/pip/_internal/__pycache__) by extension 'ignore_ament_install'
[0.369s] Level 1:colcon.colcon_core.package_identification:_identify(myenv/lib/python3.12/site-packages/pip/_internal/__pycache__) by extensions ['colcon_pkg']
[0.369s] Level 1:colcon.colcon_core.package_identification:_identify(myenv/lib/python3.12/site-packages/pip/_internal/__pycache__) by extension 'colcon_pkg'
[0.369s] Level 1:colcon.colcon_core.package_identification:_identify(myenv/lib/python3.12/site-packages/pip/_internal/__pycache__) by extensions ['colcon_meta']
[0.370s] Level 1:colcon.colcon_core.package_identification:_identify(myenv/lib/python3.12/site-packages/pip/_internal/__pycache__) by extension 'colcon_meta'
[0.370s] Level 1:colcon.colcon_core.package_identification:_identify(myenv/lib/python3.12/site-packages/pip/_internal/__pycache__) by extensions ['ros']
[0.370s] Level 1:colcon.colcon_core.package_identification:_identify(myenv/lib/python3.12/site-packages/pip/_internal/__pycache__) by extension 'ros'
[0.370s] Level 1:colcon.colcon_core.package_identification:_identify(myenv/lib/python3.12/site-packages/pip/_internal/__pycache__) by extensions ['cmake', 'python']
[0.370s] Level 1:colcon.colcon_core.package_identification:_identify(myenv/lib/python3.12/site-packages/pip/_internal/__pycache__) by extension 'cmake'
[0.370s] Level 1:colcon.colcon_core.package_identification:_identify(myenv/lib/python3.12/site-packages/pip/_internal/__pycache__) by extension 'python'
[0.370s] Level 1:colcon.colcon_core.package_identification:_identify(myenv/lib/python3.12/site-packages/pip/_internal/__pycache__) by extensions ['python_setup_py']
[0.370s] Level 1:colcon.colcon_core.package_identification:_identify(myenv/lib/python3.12/site-packages/pip/_internal/__pycache__) by extension 'python_setup_py'
[0.370s] Level 1:colcon.colcon_core.package_identification:_identify(myenv/lib/python3.12/site-packages/pip/_internal/cli) by extensions ['ignore', 'ignore_ament_install']
[0.370s] Level 1:colcon.colcon_core.package_identification:_identify(myenv/lib/python3.12/site-packages/pip/_internal/cli) by extension 'ignore'
[0.370s] Level 1:colcon.colcon_core.package_identification:_identify(myenv/lib/python3.12/site-packages/pip/_internal/cli) by extension 'ignore_ament_install'
[0.370s] Level 1:colcon.colcon_core.package_identification:_identify(myenv/lib/python3.12/site-packages/pip/_internal/cli) by extensions ['colcon_pkg']
[0.370s] Level 1:colcon.colcon_core.package_identification:_identify(myenv/lib/python3.12/site-packages/pip/_internal/cli) by extension 'colcon_pkg'
[0.370s] Level 1:colcon.colcon_core.package_identification:_identify(myenv/lib/python3.12/site-packages/pip/_internal/cli) by extensions ['colcon_meta']
[0.371s] Level 1:colcon.colcon_core.package_identification:_identify(myenv/lib/python3.12/site-packages/pip/_internal/cli) by extension 'colcon_meta'
[0.371s] Level 1:colcon.colcon_core.package_identification:_identify(myenv/lib/python3.12/site-packages/pip/_internal/cli) by extensions ['ros']
[0.371s] Level 1:colcon.colcon_core.package_identification:_identify(myenv/lib/python3.12/site-packages/pip/_internal/cli) by extension 'ros'
[0.371s] Level 1:colcon.colcon_core.package_identification:_identify(myenv/lib/python3.12/site-packages/pip/_internal/cli) by extensions ['cmake', 'python']
[0.371s] Level 1:colcon.colcon_core.package_identification:_identify(myenv/lib/python3.12/site-packages/pip/_internal/cli) by extension 'cmake'
[0.371s] Level 1:colcon.colcon_core.package_identification:_identify(myenv/lib/python3.12/site-packages/pip/_internal/cli) by extension 'python'
[0.371s] Level 1:colcon.colcon_core.package_identification:_identify(myenv/lib/python3.12/site-packages/pip/_internal/cli) by extensions ['python_setup_py']
[0.371s] Level 1:colcon.colcon_core.package_identification:_identify(myenv/lib/python3.12/site-packages/pip/_internal/cli) by extension 'python_setup_py'
[0.371s] Level 1:colcon.colcon_core.package_identification:_identify(myenv/lib/python3.12/site-packages/pip/_internal/cli/__pycache__) by extensions ['ignore', 'ignore_ament_install']
[0.371s] Level 1:colcon.colcon_core.package_identification:_identify(myenv/lib/python3.12/site-packages/pip/_internal/cli/__pycache__) by extension 'ignore'
[0.371s] Level 1:colcon.colcon_core.package_identification:_identify(myenv/lib/python3.12/site-packages/pip/_internal/cli/__pycache__) by extension 'ignore_ament_install'
[0.371s] Level 1:colcon.colcon_core.package_identification:_identify(myenv/lib/python3.12/site-packages/pip/_internal/cli/__pycache__) by extensions ['colcon_pkg']
[0.371s] Level 1:colcon.colcon_core.package_identification:_identify(myenv/lib/python3.12/site-packages/pip/_internal/cli/__pycache__) by extension 'colcon_pkg'
[0.372s] Level 1:colcon.colcon_core.package_identification:_identify(myenv/lib/python3.12/site-packages/pip/_internal/cli/__pycache__) by extensions ['colcon_meta']
[0.372s] Level 1:colcon.colcon_core.package_identification:_identify(myenv/lib/python3.12/site-packages/pip/_internal/cli/__pycache__) by extension 'colcon_meta'
[0.372s] Level 1:colcon.colcon_core.package_identification:_identify(myenv/lib/python3.12/site-packages/pip/_internal/cli/__pycache__) by extensions ['ros']
[0.372s] Level 1:colcon.colcon_core.package_identification:_identify(myenv/lib/python3.12/site-packages/pip/_internal/cli/__pycache__) by extension 'ros'
[0.372s] Level 1:colcon.colcon_core.package_identification:_identify(myenv/lib/python3.12/site-packages/pip/_internal/cli/__pycache__) by extensions ['cmake', 'python']
[0.372s] Level 1:colcon.colcon_core.package_identification:_identify(myenv/lib/python3.12/site-packages/pip/_internal/cli/__pycache__) by extension 'cmake'
[0.372s] Level 1:colcon.colcon_core.package_identification:_identify(myenv/lib/python3.12/site-packages/pip/_internal/cli/__pycache__) by extension 'python'
[0.372s] Level 1:colcon.colcon_core.package_identification:_identify(myenv/lib/python3.12/site-packages/pip/_internal/cli/__pycache__) by extensions ['python_setup_py']
[0.372s] Level 1:colcon.colcon_core.package_identification:_identify(myenv/lib/python3.12/site-packages/pip/_internal/cli/__pycache__) by extension 'python_setup_py'
[0.372s] Level 1:colcon.colcon_core.package_identification:_identify(myenv/lib/python3.12/site-packages/pip/_internal/commands) by extensions ['ignore', 'ignore_ament_install']
[0.372s] Level 1:colcon.colcon_core.package_identification:_identify(myenv/lib/python3.12/site-packages/pip/_internal/commands) by extension 'ignore'
[0.372s] Level 1:colcon.colcon_core.package_identification:_identify(myenv/lib/python3.12/site-packages/pip/_internal/commands) by extension 'ignore_ament_install'
[0.372s] Level 1:colcon.colcon_core.package_identification:_identify(myenv/lib/python3.12/site-packages/pip/_internal/commands) by extensions ['colcon_pkg']
[0.372s] Level 1:colcon.colcon_core.package_identification:_identify(myenv/lib/python3.12/site-packages/pip/_internal/commands) by extension 'colcon_pkg'
[0.373s] Level 1:colcon.colcon_core.package_identification:_identify(myenv/lib/python3.12/site-packages/pip/_internal/commands) by extensions ['colcon_meta']
[0.373s] Level 1:colcon.colcon_core.package_identification:_identify(myenv/lib/python3.12/site-packages/pip/_internal/commands) by extension 'colcon_meta'
[0.373s] Level 1:colcon.colcon_core.package_identification:_identify(myenv/lib/python3.12/site-packages/pip/_internal/commands) by extensions ['ros']
[0.373s] Level 1:colcon.colcon_core.package_identification:_identify(myenv/lib/python3.12/site-packages/pip/_internal/commands) by extension 'ros'
[0.373s] Level 1:colcon.colcon_core.package_identification:_identify(myenv/lib/python3.12/site-packages/pip/_internal/commands) by extensions ['cmake', 'python']
[0.373s] Level 1:colcon.colcon_core.package_identification:_identify(myenv/lib/python3.12/site-packages/pip/_internal/commands) by extension 'cmake'
[0.373s] Level 1:colcon.colcon_core.package_identification:_identify(myenv/lib/python3.12/site-packages/pip/_internal/commands) by extension 'python'
[0.373s] Level 1:colcon.colcon_core.package_identification:_identify(myenv/lib/python3.12/site-packages/pip/_internal/commands) by extensions ['python_setup_py']
[0.373s] Level 1:colcon.colcon_core.package_identification:_identify(myenv/lib/python3.12/site-packages/pip/_internal/commands) by extension 'python_setup_py'
[0.373s] Level 1:colcon.colcon_core.package_identification:_identify(myenv/lib/python3.12/site-packages/pip/_internal/commands/__pycache__) by extensions ['ignore', 'ignore_ament_install']
[0.373s] Level 1:colcon.colcon_core.package_identification:_identify(myenv/lib/python3.12/site-packages/pip/_internal/commands/__pycache__) by extension 'ignore'
[0.373s] Level 1:colcon.colcon_core.package_identification:_identify(myenv/lib/python3.12/site-packages/pip/_internal/commands/__pycache__) by extension 'ignore_ament_install'
[0.373s] Level 1:colcon.colcon_core.package_identification:_identify(myenv/lib/python3.12/site-packages/pip/_internal/commands/__pycache__) by extensions ['colcon_pkg']
[0.374s] Level 1:colcon.colcon_core.package_identification:_identify(myenv/lib/python3.12/site-packages/pip/_internal/commands/__pycache__) by extension 'colcon_pkg'
[0.374s] Level 1:colcon.colcon_core.package_identification:_identify(myenv/lib/python3.12/site-packages/pip/_internal/commands/__pycache__) by extensions ['colcon_meta']
[0.374s] Level 1:colcon.colcon_core.package_identification:_identify(myenv/lib/python3.12/site-packages/pip/_internal/commands/__pycache__) by extension 'colcon_meta'
[0.374s] Level 1:colcon.colcon_core.package_identification:_identify(myenv/lib/python3.12/site-packages/pip/_internal/commands/__pycache__) by extensions ['ros']
[0.374s] Level 1:colcon.colcon_core.package_identification:_identify(myenv/lib/python3.12/site-packages/pip/_internal/commands/__pycache__) by extension 'ros'
[0.374s] Level 1:colcon.colcon_core.package_identification:_identify(myenv/lib/python3.12/site-packages/pip/_internal/commands/__pycache__) by extensions ['cmake', 'python']
[0.374s] Level 1:colcon.colcon_core.package_identification:_identify(myenv/lib/python3.12/site-packages/pip/_internal/commands/__pycache__) by extension 'cmake'
[0.374s] Level 1:colcon.colcon_core.package_identification:_identify(myenv/lib/python3.12/site-packages/pip/_internal/commands/__pycache__) by extension 'python'
[0.374s] Level 1:colcon.colcon_core.package_identification:_identify(myenv/lib/python3.12/site-packages/pip/_internal/commands/__pycache__) by extensions ['python_setup_py']
[0.374s] Level 1:colcon.colcon_core.package_identification:_identify(myenv/lib/python3.12/site-packages/pip/_internal/commands/__pycache__) by extension 'python_setup_py'
[0.374s] Level 1:colcon.colcon_core.package_identification:_identify(myenv/lib/python3.12/site-packages/pip/_internal/distributions) by extensions ['ignore', 'ignore_ament_install']
[0.374s] Level 1:colcon.colcon_core.package_identification:_identify(myenv/lib/python3.12/site-packages/pip/_internal/distributions) by extension 'ignore'
[0.374s] Level 1:colcon.colcon_core.package_identification:_identify(myenv/lib/python3.12/site-packages/pip/_internal/distributions) by extension 'ignore_ament_install'
[0.374s] Level 1:colcon.colcon_core.package_identification:_identify(myenv/lib/python3.12/site-packages/pip/_internal/distributions) by extensions ['colcon_pkg']
[0.375s] Level 1:colcon.colcon_core.package_identification:_identify(myenv/lib/python3.12/site-packages/pip/_internal/distributions) by extension 'colcon_pkg'
[0.375s] Level 1:colcon.colcon_core.package_identification:_identify(myenv/lib/python3.12/site-packages/pip/_internal/distributions) by extensions ['colcon_meta']
[0.375s] Level 1:colcon.colcon_core.package_identification:_identify(myenv/lib/python3.12/site-packages/pip/_internal/distributions) by extension 'colcon_meta'
[0.375s] Level 1:colcon.colcon_core.package_identification:_identify(myenv/lib/python3.12/site-packages/pip/_internal/distributions) by extensions ['ros']
[0.375s] Level 1:colcon.colcon_core.package_identification:_identify(myenv/lib/python3.12/site-packages/pip/_internal/distributions) by extension 'ros'
[0.375s] Level 1:colcon.colcon_core.package_identification:_identify(myenv/lib/python3.12/site-packages/pip/_internal/distributions) by extensions ['cmake', 'python']
[0.375s] Level 1:colcon.colcon_core.package_identification:_identify(myenv/lib/python3.12/site-packages/pip/_internal/distributions) by extension 'cmake'
[0.375s] Level 1:colcon.colcon_core.package_identification:_identify(myenv/lib/python3.12/site-packages/pip/_internal/distributions) by extension 'python'
[0.375s] Level 1:colcon.colcon_core.package_identification:_identify(myenv/lib/python3.12/site-packages/pip/_internal/distributions) by extensions ['python_setup_py']
[0.375s] Level 1:colcon.colcon_core.package_identification:_identify(myenv/lib/python3.12/site-packages/pip/_internal/distributions) by extension 'python_setup_py'
[0.375s] Level 1:colcon.colcon_core.package_identification:_identify(myenv/lib/python3.12/site-packages/pip/_internal/distributions/__pycache__) by extensions ['ignore', 'ignore_ament_install']
[0.375s] Level 1:colcon.colcon_core.package_identification:_identify(myenv/lib/python3.12/site-packages/pip/_internal/distributions/__pycache__) by extension 'ignore'
[0.375s] Level 1:colcon.colcon_core.package_identification:_identify(myenv/lib/python3.12/site-packages/pip/_internal/distributions/__pycache__) by extension 'ignore_ament_install'
[0.376s] Level 1:colcon.colcon_core.package_identification:_identify(myenv/lib/python3.12/site-packages/pip/_internal/distributions/__pycache__) by extensions ['colcon_pkg']
[0.376s] Level 1:colcon.colcon_core.package_identification:_identify(myenv/lib/python3.12/site-packages/pip/_internal/distributions/__pycache__) by extension 'colcon_pkg'
[0.376s] Level 1:colcon.colcon_core.package_identification:_identify(myenv/lib/python3.12/site-packages/pip/_internal/distributions/__pycache__) by extensions ['colcon_meta']
[0.376s] Level 1:colcon.colcon_core.package_identification:_identify(myenv/lib/python3.12/site-packages/pip/_internal/distributions/__pycache__) by extension 'colcon_meta'
[0.376s] Level 1:colcon.colcon_core.package_identification:_identify(myenv/lib/python3.12/site-packages/pip/_internal/distributions/__pycache__) by extensions ['ros']
[0.376s] Level 1:colcon.colcon_core.package_identification:_identify(myenv/lib/python3.12/site-packages/pip/_internal/distributions/__pycache__) by extension 'ros'
[0.376s] Level 1:colcon.colcon_core.package_identification:_identify(myenv/lib/python3.12/site-packages/pip/_internal/distributions/__pycache__) by extensions ['cmake', 'python']
[0.376s] Level 1:colcon.colcon_core.package_identification:_identify(myenv/lib/python3.12/site-packages/pip/_internal/distributions/__pycache__) by extension 'cmake'
[0.376s] Level 1:colcon.colcon_core.package_identification:_identify(myenv/lib/python3.12/site-packages/pip/_internal/distributions/__pycache__) by extension 'python'
[0.376s] Level 1:colcon.colcon_core.package_identification:_identify(myenv/lib/python3.12/site-packages/pip/_internal/distributions/__pycache__) by extensions ['python_setup_py']
[0.376s] Level 1:colcon.colcon_core.package_identification:_identify(myenv/lib/python3.12/site-packages/pip/_internal/distributions/__pycache__) by extension 'python_setup_py'
[0.376s] Level 1:colcon.colcon_core.package_identification:_identify(myenv/lib/python3.12/site-packages/pip/_internal/index) by extensions ['ignore', 'ignore_ament_install']
[0.376s] Level 1:colcon.colcon_core.package_identification:_identify(myenv/lib/python3.12/site-packages/pip/_internal/index) by extension 'ignore'
[0.376s] Level 1:colcon.colcon_core.package_identification:_identify(myenv/lib/python3.12/site-packages/pip/_internal/index) by extension 'ignore_ament_install'
[0.377s] Level 1:colcon.colcon_core.package_identification:_identify(myenv/lib/python3.12/site-packages/pip/_internal/index) by extensions ['colcon_pkg']
[0.377s] Level 1:colcon.colcon_core.package_identification:_identify(myenv/lib/python3.12/site-packages/pip/_internal/index) by extension 'colcon_pkg'
[0.377s] Level 1:colcon.colcon_core.package_identification:_identify(myenv/lib/python3.12/site-packages/pip/_internal/index) by extensions ['colcon_meta']
[0.377s] Level 1:colcon.colcon_core.package_identification:_identify(myenv/lib/python3.12/site-packages/pip/_internal/index) by extension 'colcon_meta'
[0.377s] Level 1:colcon.colcon_core.package_identification:_identify(myenv/lib/python3.12/site-packages/pip/_internal/index) by extensions ['ros']
[0.377s] Level 1:colcon.colcon_core.package_identification:_identify(myenv/lib/python3.12/site-packages/pip/_internal/index) by extension 'ros'
[0.377s] Level 1:colcon.colcon_core.package_identification:_identify(myenv/lib/python3.12/site-packages/pip/_internal/index) by extensions ['cmake', 'python']
[0.377s] Level 1:colcon.colcon_core.package_identification:_identify(myenv/lib/python3.12/site-packages/pip/_internal/index) by extension 'cmake'
[0.377s] Level 1:colcon.colcon_core.package_identification:_identify(myenv/lib/python3.12/site-packages/pip/_internal/index) by extension 'python'
[0.377s] Level 1:colcon.colcon_core.package_identification:_identify(myenv/lib/python3.12/site-packages/pip/_internal/index) by extensions ['python_setup_py']
[0.377s] Level 1:colcon.colcon_core.package_identification:_identify(myenv/lib/python3.12/site-packages/pip/_internal/index) by extension 'python_setup_py'
[0.377s] Level 1:colcon.colcon_core.package_identification:_identify(myenv/lib/python3.12/site-packages/pip/_internal/index/__pycache__) by extensions ['ignore', 'ignore_ament_install']
[0.377s] Level 1:colcon.colcon_core.package_identification:_identify(myenv/lib/python3.12/site-packages/pip/_internal/index/__pycache__) by extension 'ignore'
[0.377s] Level 1:colcon.colcon_core.package_identification:_identify(myenv/lib/python3.12/site-packages/pip/_internal/index/__pycache__) by extension 'ignore_ament_install'
[0.378s] Level 1:colcon.colcon_core.package_identification:_identify(myenv/lib/python3.12/site-packages/pip/_internal/index/__pycache__) by extensions ['colcon_pkg']
[0.378s] Level 1:colcon.colcon_core.package_identification:_identify(myenv/lib/python3.12/site-packages/pip/_internal/index/__pycache__) by extension 'colcon_pkg'
[0.378s] Level 1:colcon.colcon_core.package_identification:_identify(myenv/lib/python3.12/site-packages/pip/_internal/index/__pycache__) by extensions ['colcon_meta']
[0.378s] Level 1:colcon.colcon_core.package_identification:_identify(myenv/lib/python3.12/site-packages/pip/_internal/index/__pycache__) by extension 'colcon_meta'
[0.378s] Level 1:colcon.colcon_core.package_identification:_identify(myenv/lib/python3.12/site-packages/pip/_internal/index/__pycache__) by extensions ['ros']
[0.378s] Level 1:colcon.colcon_core.package_identification:_identify(myenv/lib/python3.12/site-packages/pip/_internal/index/__pycache__) by extension 'ros'
[0.378s] Level 1:colcon.colcon_core.package_identification:_identify(myenv/lib/python3.12/site-packages/pip/_internal/index/__pycache__) by extensions ['cmake', 'python']
[0.378s] Level 1:colcon.colcon_core.package_identification:_identify(myenv/lib/python3.12/site-packages/pip/_internal/index/__pycache__) by extension 'cmake'
[0.378s] Level 1:colcon.colcon_core.package_identification:_identify(myenv/lib/python3.12/site-packages/pip/_internal/index/__pycache__) by extension 'python'
[0.378s] Level 1:colcon.colcon_core.package_identification:_identify(myenv/lib/python3.12/site-packages/pip/_internal/index/__pycache__) by extensions ['python_setup_py']
[0.378s] Level 1:colcon.colcon_core.package_identification:_identify(myenv/lib/python3.12/site-packages/pip/_internal/index/__pycache__) by extension 'python_setup_py'
[0.378s] Level 1:colcon.colcon_core.package_identification:_identify(myenv/lib/python3.12/site-packages/pip/_internal/locations) by extensions ['ignore', 'ignore_ament_install']
[0.378s] Level 1:colcon.colcon_core.package_identification:_identify(myenv/lib/python3.12/site-packages/pip/_internal/locations) by extension 'ignore'
[0.379s] Level 1:colcon.colcon_core.package_identification:_identify(myenv/lib/python3.12/site-packages/pip/_internal/locations) by extension 'ignore_ament_install'
[0.379s] Level 1:colcon.colcon_core.package_identification:_identify(myenv/lib/python3.12/site-packages/pip/_internal/locations) by extensions ['colcon_pkg']
[0.379s] Level 1:colcon.colcon_core.package_identification:_identify(myenv/lib/python3.12/site-packages/pip/_internal/locations) by extension 'colcon_pkg'
[0.379s] Level 1:colcon.colcon_core.package_identification:_identify(myenv/lib/python3.12/site-packages/pip/_internal/locations) by extensions ['colcon_meta']
[0.379s] Level 1:colcon.colcon_core.package_identification:_identify(myenv/lib/python3.12/site-packages/pip/_internal/locations) by extension 'colcon_meta'
[0.379s] Level 1:colcon.colcon_core.package_identification:_identify(myenv/lib/python3.12/site-packages/pip/_internal/locations) by extensions ['ros']
[0.379s] Level 1:colcon.colcon_core.package_identification:_identify(myenv/lib/python3.12/site-packages/pip/_internal/locations) by extension 'ros'
[0.379s] Level 1:colcon.colcon_core.package_identification:_identify(myenv/lib/python3.12/site-packages/pip/_internal/locations) by extensions ['cmake', 'python']
[0.379s] Level 1:colcon.colcon_core.package_identification:_identify(myenv/lib/python3.12/site-packages/pip/_internal/locations) by extension 'cmake'
[0.379s] Level 1:colcon.colcon_core.package_identification:_identify(myenv/lib/python3.12/site-packages/pip/_internal/locations) by extension 'python'
[0.379s] Level 1:colcon.colcon_core.package_identification:_identify(myenv/lib/python3.12/site-packages/pip/_internal/locations) by extensions ['python_setup_py']
[0.379s] Level 1:colcon.colcon_core.package_identification:_identify(myenv/lib/python3.12/site-packages/pip/_internal/locations) by extension 'python_setup_py'
[0.379s] Level 1:colcon.colcon_core.package_identification:_identify(myenv/lib/python3.12/site-packages/pip/_internal/locations/__pycache__) by extensions ['ignore', 'ignore_ament_install']
[0.379s] Level 1:colcon.colcon_core.package_identification:_identify(myenv/lib/python3.12/site-packages/pip/_internal/locations/__pycache__) by extension 'ignore'
[0.380s] Level 1:colcon.colcon_core.package_identification:_identify(myenv/lib/python3.12/site-packages/pip/_internal/locations/__pycache__) by extension 'ignore_ament_install'
[0.380s] Level 1:colcon.colcon_core.package_identification:_identify(myenv/lib/python3.12/site-packages/pip/_internal/locations/__pycache__) by extensions ['colcon_pkg']
[0.380s] Level 1:colcon.colcon_core.package_identification:_identify(myenv/lib/python3.12/site-packages/pip/_internal/locations/__pycache__) by extension 'colcon_pkg'
[0.380s] Level 1:colcon.colcon_core.package_identification:_identify(myenv/lib/python3.12/site-packages/pip/_internal/locations/__pycache__) by extensions ['colcon_meta']
[0.380s] Level 1:colcon.colcon_core.package_identification:_identify(myenv/lib/python3.12/site-packages/pip/_internal/locations/__pycache__) by extension 'colcon_meta'
[0.380s] Level 1:colcon.colcon_core.package_identification:_identify(myenv/lib/python3.12/site-packages/pip/_internal/locations/__pycache__) by extensions ['ros']
[0.380s] Level 1:colcon.colcon_core.package_identification:_identify(myenv/lib/python3.12/site-packages/pip/_internal/locations/__pycache__) by extension 'ros'
[0.380s] Level 1:colcon.colcon_core.package_identification:_identify(myenv/lib/python3.12/site-packages/pip/_internal/locations/__pycache__) by extensions ['cmake', 'python']
[0.380s] Level 1:colcon.colcon_core.package_identification:_identify(myenv/lib/python3.12/site-packages/pip/_internal/locations/__pycache__) by extension 'cmake'
[0.380s] Level 1:colcon.colcon_core.package_identification:_identify(myenv/lib/python3.12/site-packages/pip/_internal/locations/__pycache__) by extension 'python'
[0.380s] Level 1:colcon.colcon_core.package_identification:_identify(myenv/lib/python3.12/site-packages/pip/_internal/locations/__pycache__) by extensions ['python_setup_py']
[0.380s] Level 1:colcon.colcon_core.package_identification:_identify(myenv/lib/python3.12/site-packages/pip/_internal/locations/__pycache__) by extension 'python_setup_py'
[0.380s] Level 1:colcon.colcon_core.package_identification:_identify(myenv/lib/python3.12/site-packages/pip/_internal/metadata) by extensions ['ignore', 'ignore_ament_install']
[0.380s] Level 1:colcon.colcon_core.package_identification:_identify(myenv/lib/python3.12/site-packages/pip/_internal/metadata) by extension 'ignore'
[0.381s] Level 1:colcon.colcon_core.package_identification:_identify(myenv/lib/python3.12/site-packages/pip/_internal/metadata) by extension 'ignore_ament_install'
[0.381s] Level 1:colcon.colcon_core.package_identification:_identify(myenv/lib/python3.12/site-packages/pip/_internal/metadata) by extensions ['colcon_pkg']
[0.381s] Level 1:colcon.colcon_core.package_identification:_identify(myenv/lib/python3.12/site-packages/pip/_internal/metadata) by extension 'colcon_pkg'
[0.381s] Level 1:colcon.colcon_core.package_identification:_identify(myenv/lib/python3.12/site-packages/pip/_internal/metadata) by extensions ['colcon_meta']
[0.381s] Level 1:colcon.colcon_core.package_identification:_identify(myenv/lib/python3.12/site-packages/pip/_internal/metadata) by extension 'colcon_meta'
[0.381s] Level 1:colcon.colcon_core.package_identification:_identify(myenv/lib/python3.12/site-packages/pip/_internal/metadata) by extensions ['ros']
[0.381s] Level 1:colcon.colcon_core.package_identification:_identify(myenv/lib/python3.12/site-packages/pip/_internal/metadata) by extension 'ros'
[0.381s] Level 1:colcon.colcon_core.package_identification:_identify(myenv/lib/python3.12/site-packages/pip/_internal/metadata) by extensions ['cmake', 'python']
[0.381s] Level 1:colcon.colcon_core.package_identification:_identify(myenv/lib/python3.12/site-packages/pip/_internal/metadata) by extension 'cmake'
[0.381s] Level 1:colcon.colcon_core.package_identification:_identify(myenv/lib/python3.12/site-packages/pip/_internal/metadata) by extension 'python'
[0.381s] Level 1:colcon.colcon_core.package_identification:_identify(myenv/lib/python3.12/site-packages/pip/_internal/metadata) by extensions ['python_setup_py']
[0.381s] Level 1:colcon.colcon_core.package_identification:_identify(myenv/lib/python3.12/site-packages/pip/_internal/metadata) by extension 'python_setup_py'
[0.381s] Level 1:colcon.colcon_core.package_identification:_identify(myenv/lib/python3.12/site-packages/pip/_internal/metadata/__pycache__) by extensions ['ignore', 'ignore_ament_install']
[0.381s] Level 1:colcon.colcon_core.package_identification:_identify(myenv/lib/python3.12/site-packages/pip/_internal/metadata/__pycache__) by extension 'ignore'
[0.382s] Level 1:colcon.colcon_core.package_identification:_identify(myenv/lib/python3.12/site-packages/pip/_internal/metadata/__pycache__) by extension 'ignore_ament_install'
[0.382s] Level 1:colcon.colcon_core.package_identification:_identify(myenv/lib/python3.12/site-packages/pip/_internal/metadata/__pycache__) by extensions ['colcon_pkg']
[0.382s] Level 1:colcon.colcon_core.package_identification:_identify(myenv/lib/python3.12/site-packages/pip/_internal/metadata/__pycache__) by extension 'colcon_pkg'
[0.382s] Level 1:colcon.colcon_core.package_identification:_identify(myenv/lib/python3.12/site-packages/pip/_internal/metadata/__pycache__) by extensions ['colcon_meta']
[0.382s] Level 1:colcon.colcon_core.package_identification:_identify(myenv/lib/python3.12/site-packages/pip/_internal/metadata/__pycache__) by extension 'colcon_meta'
[0.382s] Level 1:colcon.colcon_core.package_identification:_identify(myenv/lib/python3.12/site-packages/pip/_internal/metadata/__pycache__) by extensions ['ros']
[0.382s] Level 1:colcon.colcon_core.package_identification:_identify(myenv/lib/python3.12/site-packages/pip/_internal/metadata/__pycache__) by extension 'ros'
[0.382s] Level 1:colcon.colcon_core.package_identification:_identify(myenv/lib/python3.12/site-packages/pip/_internal/metadata/__pycache__) by extensions ['cmake', 'python']
[0.382s] Level 1:colcon.colcon_core.package_identification:_identify(myenv/lib/python3.12/site-packages/pip/_internal/metadata/__pycache__) by extension 'cmake'
[0.382s] Level 1:colcon.colcon_core.package_identification:_identify(myenv/lib/python3.12/site-packages/pip/_internal/metadata/__pycache__) by extension 'python'
[0.382s] Level 1:colcon.colcon_core.package_identification:_identify(myenv/lib/python3.12/site-packages/pip/_internal/metadata/__pycache__) by extensions ['python_setup_py']
[0.382s] Level 1:colcon.colcon_core.package_identification:_identify(myenv/lib/python3.12/site-packages/pip/_internal/metadata/__pycache__) by extension 'python_setup_py'
[0.382s] Level 1:colcon.colcon_core.package_identification:_identify(myenv/lib/python3.12/site-packages/pip/_internal/metadata/importlib) by extensions ['ignore', 'ignore_ament_install']
[0.383s] Level 1:colcon.colcon_core.package_identification:_identify(myenv/lib/python3.12/site-packages/pip/_internal/metadata/importlib) by extension 'ignore'
[0.383s] Level 1:colcon.colcon_core.package_identification:_identify(myenv/lib/python3.12/site-packages/pip/_internal/metadata/importlib) by extension 'ignore_ament_install'
[0.383s] Level 1:colcon.colcon_core.package_identification:_identify(myenv/lib/python3.12/site-packages/pip/_internal/metadata/importlib) by extensions ['colcon_pkg']
[0.383s] Level 1:colcon.colcon_core.package_identification:_identify(myenv/lib/python3.12/site-packages/pip/_internal/metadata/importlib) by extension 'colcon_pkg'
[0.383s] Level 1:colcon.colcon_core.package_identification:_identify(myenv/lib/python3.12/site-packages/pip/_internal/metadata/importlib) by extensions ['colcon_meta']
[0.383s] Level 1:colcon.colcon_core.package_identification:_identify(myenv/lib/python3.12/site-packages/pip/_internal/metadata/importlib) by extension 'colcon_meta'
[0.383s] Level 1:colcon.colcon_core.package_identification:_identify(myenv/lib/python3.12/site-packages/pip/_internal/metadata/importlib) by extensions ['ros']
[0.383s] Level 1:colcon.colcon_core.package_identification:_identify(myenv/lib/python3.12/site-packages/pip/_internal/metadata/importlib) by extension 'ros'
[0.383s] Level 1:colcon.colcon_core.package_identification:_identify(myenv/lib/python3.12/site-packages/pip/_internal/metadata/importlib) by extensions ['cmake', 'python']
[0.383s] Level 1:colcon.colcon_core.package_identification:_identify(myenv/lib/python3.12/site-packages/pip/_internal/metadata/importlib) by extension 'cmake'
[0.383s] Level 1:colcon.colcon_core.package_identification:_identify(myenv/lib/python3.12/site-packages/pip/_internal/metadata/importlib) by extension 'python'
[0.383s] Level 1:colcon.colcon_core.package_identification:_identify(myenv/lib/python3.12/site-packages/pip/_internal/metadata/importlib) by extensions ['python_setup_py']
[0.383s] Level 1:colcon.colcon_core.package_identification:_identify(myenv/lib/python3.12/site-packages/pip/_internal/metadata/importlib) by extension 'python_setup_py'
[0.383s] Level 1:colcon.colcon_core.package_identification:_identify(myenv/lib/python3.12/site-packages/pip/_internal/metadata/importlib/__pycache__) by extensions ['ignore', 'ignore_ament_install']
[0.384s] Level 1:colcon.colcon_core.package_identification:_identify(myenv/lib/python3.12/site-packages/pip/_internal/metadata/importlib/__pycache__) by extension 'ignore'
[0.384s] Level 1:colcon.colcon_core.package_identification:_identify(myenv/lib/python3.12/site-packages/pip/_internal/metadata/importlib/__pycache__) by extension 'ignore_ament_install'
[0.384s] Level 1:colcon.colcon_core.package_identification:_identify(myenv/lib/python3.12/site-packages/pip/_internal/metadata/importlib/__pycache__) by extensions ['colcon_pkg']
[0.384s] Level 1:colcon.colcon_core.package_identification:_identify(myenv/lib/python3.12/site-packages/pip/_internal/metadata/importlib/__pycache__) by extension 'colcon_pkg'
[0.384s] Level 1:colcon.colcon_core.package_identification:_identify(myenv/lib/python3.12/site-packages/pip/_internal/metadata/importlib/__pycache__) by extensions ['colcon_meta']
[0.384s] Level 1:colcon.colcon_core.package_identification:_identify(myenv/lib/python3.12/site-packages/pip/_internal/metadata/importlib/__pycache__) by extension 'colcon_meta'
[0.384s] Level 1:colcon.colcon_core.package_identification:_identify(myenv/lib/python3.12/site-packages/pip/_internal/metadata/importlib/__pycache__) by extensions ['ros']
[0.384s] Level 1:colcon.colcon_core.package_identification:_identify(myenv/lib/python3.12/site-packages/pip/_internal/metadata/importlib/__pycache__) by extension 'ros'
[0.384s] Level 1:colcon.colcon_core.package_identification:_identify(myenv/lib/python3.12/site-packages/pip/_internal/metadata/importlib/__pycache__) by extensions ['cmake', 'python']
[0.384s] Level 1:colcon.colcon_core.package_identification:_identify(myenv/lib/python3.12/site-packages/pip/_internal/metadata/importlib/__pycache__) by extension 'cmake'
[0.384s] Level 1:colcon.colcon_core.package_identification:_identify(myenv/lib/python3.12/site-packages/pip/_internal/metadata/importlib/__pycache__) by extension 'python'
[0.384s] Level 1:colcon.colcon_core.package_identification:_identify(myenv/lib/python3.12/site-packages/pip/_internal/metadata/importlib/__pycache__) by extensions ['python_setup_py']
[0.384s] Level 1:colcon.colcon_core.package_identification:_identify(myenv/lib/python3.12/site-packages/pip/_internal/metadata/importlib/__pycache__) by extension 'python_setup_py'
[0.385s] Level 1:colcon.colcon_core.package_identification:_identify(myenv/lib/python3.12/site-packages/pip/_internal/models) by extensions ['ignore', 'ignore_ament_install']
[0.385s] Level 1:colcon.colcon_core.package_identification:_identify(myenv/lib/python3.12/site-packages/pip/_internal/models) by extension 'ignore'
[0.385s] Level 1:colcon.colcon_core.package_identification:_identify(myenv/lib/python3.12/site-packages/pip/_internal/models) by extension 'ignore_ament_install'
[0.385s] Level 1:colcon.colcon_core.package_identification:_identify(myenv/lib/python3.12/site-packages/pip/_internal/models) by extensions ['colcon_pkg']
[0.385s] Level 1:colcon.colcon_core.package_identification:_identify(myenv/lib/python3.12/site-packages/pip/_internal/models) by extension 'colcon_pkg'
[0.385s] Level 1:colcon.colcon_core.package_identification:_identify(myenv/lib/python3.12/site-packages/pip/_internal/models) by extensions ['colcon_meta']
[0.385s] Level 1:colcon.colcon_core.package_identification:_identify(myenv/lib/python3.12/site-packages/pip/_internal/models) by extension 'colcon_meta'
[0.385s] Level 1:colcon.colcon_core.package_identification:_identify(myenv/lib/python3.12/site-packages/pip/_internal/models) by extensions ['ros']
[0.385s] Level 1:colcon.colcon_core.package_identification:_identify(myenv/lib/python3.12/site-packages/pip/_internal/models) by extension 'ros'
[0.385s] Level 1:colcon.colcon_core.package_identification:_identify(myenv/lib/python3.12/site-packages/pip/_internal/models) by extensions ['cmake', 'python']
[0.385s] Level 1:colcon.colcon_core.package_identification:_identify(myenv/lib/python3.12/site-packages/pip/_internal/models) by extension 'cmake'
[0.385s] Level 1:colcon.colcon_core.package_identification:_identify(myenv/lib/python3.12/site-packages/pip/_internal/models) by extension 'python'
[0.385s] Level 1:colcon.colcon_core.package_identification:_identify(myenv/lib/python3.12/site-packages/pip/_internal/models) by extensions ['python_setup_py']
[0.385s] Level 1:colcon.colcon_core.package_identification:_identify(myenv/lib/python3.12/site-packages/pip/_internal/models) by extension 'python_setup_py'
[0.386s] Level 1:colcon.colcon_core.package_identification:_identify(myenv/lib/python3.12/site-packages/pip/_internal/models/__pycache__) by extensions ['ignore', 'ignore_ament_install']
[0.386s] Level 1:colcon.colcon_core.package_identification:_identify(myenv/lib/python3.12/site-packages/pip/_internal/models/__pycache__) by extension 'ignore'
[0.386s] Level 1:colcon.colcon_core.package_identification:_identify(myenv/lib/python3.12/site-packages/pip/_internal/models/__pycache__) by extension 'ignore_ament_install'
[0.386s] Level 1:colcon.colcon_core.package_identification:_identify(myenv/lib/python3.12/site-packages/pip/_internal/models/__pycache__) by extensions ['colcon_pkg']
[0.386s] Level 1:colcon.colcon_core.package_identification:_identify(myenv/lib/python3.12/site-packages/pip/_internal/models/__pycache__) by extension 'colcon_pkg'
[0.386s] Level 1:colcon.colcon_core.package_identification:_identify(myenv/lib/python3.12/site-packages/pip/_internal/models/__pycache__) by extensions ['colcon_meta']
[0.386s] Level 1:colcon.colcon_core.package_identification:_identify(myenv/lib/python3.12/site-packages/pip/_internal/models/__pycache__) by extension 'colcon_meta'
[0.386s] Level 1:colcon.colcon_core.package_identification:_identify(myenv/lib/python3.12/site-packages/pip/_internal/models/__pycache__) by extensions ['ros']
[0.386s] Level 1:colcon.colcon_core.package_identification:_identify(myenv/lib/python3.12/site-packages/pip/_internal/models/__pycache__) by extension 'ros'
[0.386s] Level 1:colcon.colcon_core.package_identification:_identify(myenv/lib/python3.12/site-packages/pip/_internal/models/__pycache__) by extensions ['cmake', 'python']
[0.386s] Level 1:colcon.colcon_core.package_identification:_identify(myenv/lib/python3.12/site-packages/pip/_internal/models/__pycache__) by extension 'cmake'
[0.386s] Level 1:colcon.colcon_core.package_identification:_identify(myenv/lib/python3.12/site-packages/pip/_internal/models/__pycache__) by extension 'python'
[0.386s] Level 1:colcon.colcon_core.package_identification:_identify(myenv/lib/python3.12/site-packages/pip/_internal/models/__pycache__) by extensions ['python_setup_py']
[0.386s] Level 1:colcon.colcon_core.package_identification:_identify(myenv/lib/python3.12/site-packages/pip/_internal/models/__pycache__) by extension 'python_setup_py'
[0.387s] Level 1:colcon.colcon_core.package_identification:_identify(myenv/lib/python3.12/site-packages/pip/_internal/network) by extensions ['ignore', 'ignore_ament_install']
[0.387s] Level 1:colcon.colcon_core.package_identification:_identify(myenv/lib/python3.12/site-packages/pip/_internal/network) by extension 'ignore'
[0.387s] Level 1:colcon.colcon_core.package_identification:_identify(myenv/lib/python3.12/site-packages/pip/_internal/network) by extension 'ignore_ament_install'
[0.387s] Level 1:colcon.colcon_core.package_identification:_identify(myenv/lib/python3.12/site-packages/pip/_internal/network) by extensions ['colcon_pkg']
[0.387s] Level 1:colcon.colcon_core.package_identification:_identify(myenv/lib/python3.12/site-packages/pip/_internal/network) by extension 'colcon_pkg'
[0.387s] Level 1:colcon.colcon_core.package_identification:_identify(myenv/lib/python3.12/site-packages/pip/_internal/network) by extensions ['colcon_meta']
[0.387s] Level 1:colcon.colcon_core.package_identification:_identify(myenv/lib/python3.12/site-packages/pip/_internal/network) by extension 'colcon_meta'
[0.387s] Level 1:colcon.colcon_core.package_identification:_identify(myenv/lib/python3.12/site-packages/pip/_internal/network) by extensions ['ros']
[0.387s] Level 1:colcon.colcon_core.package_identification:_identify(myenv/lib/python3.12/site-packages/pip/_internal/network) by extension 'ros'
[0.387s] Level 1:colcon.colcon_core.package_identification:_identify(myenv/lib/python3.12/site-packages/pip/_internal/network) by extensions ['cmake', 'python']
[0.387s] Level 1:colcon.colcon_core.package_identification:_identify(myenv/lib/python3.12/site-packages/pip/_internal/network) by extension 'cmake'
[0.387s] Level 1:colcon.colcon_core.package_identification:_identify(myenv/lib/python3.12/site-packages/pip/_internal/network) by extension 'python'
[0.387s] Level 1:colcon.colcon_core.package_identification:_identify(myenv/lib/python3.12/site-packages/pip/_internal/network) by extensions ['python_setup_py']
[0.387s] Level 1:colcon.colcon_core.package_identification:_identify(myenv/lib/python3.12/site-packages/pip/_internal/network) by extension 'python_setup_py'
[0.388s] Level 1:colcon.colcon_core.package_identification:_identify(myenv/lib/python3.12/site-packages/pip/_internal/network/__pycache__) by extensions ['ignore', 'ignore_ament_install']
[0.388s] Level 1:colcon.colcon_core.package_identification:_identify(myenv/lib/python3.12/site-packages/pip/_internal/network/__pycache__) by extension 'ignore'
[0.388s] Level 1:colcon.colcon_core.package_identification:_identify(myenv/lib/python3.12/site-packages/pip/_internal/network/__pycache__) by extension 'ignore_ament_install'
[0.388s] Level 1:colcon.colcon_core.package_identification:_identify(myenv/lib/python3.12/site-packages/pip/_internal/network/__pycache__) by extensions ['colcon_pkg']
[0.388s] Level 1:colcon.colcon_core.package_identification:_identify(myenv/lib/python3.12/site-packages/pip/_internal/network/__pycache__) by extension 'colcon_pkg'
[0.388s] Level 1:colcon.colcon_core.package_identification:_identify(myenv/lib/python3.12/site-packages/pip/_internal/network/__pycache__) by extensions ['colcon_meta']
[0.388s] Level 1:colcon.colcon_core.package_identification:_identify(myenv/lib/python3.12/site-packages/pip/_internal/network/__pycache__) by extension 'colcon_meta'
[0.388s] Level 1:colcon.colcon_core.package_identification:_identify(myenv/lib/python3.12/site-packages/pip/_internal/network/__pycache__) by extensions ['ros']
[0.388s] Level 1:colcon.colcon_core.package_identification:_identify(myenv/lib/python3.12/site-packages/pip/_internal/network/__pycache__) by extension 'ros'
[0.388s] Level 1:colcon.colcon_core.package_identification:_identify(myenv/lib/python3.12/site-packages/pip/_internal/network/__pycache__) by extensions ['cmake', 'python']
[0.388s] Level 1:colcon.colcon_core.package_identification:_identify(myenv/lib/python3.12/site-packages/pip/_internal/network/__pycache__) by extension 'cmake'
[0.388s] Level 1:colcon.colcon_core.package_identification:_identify(myenv/lib/python3.12/site-packages/pip/_internal/network/__pycache__) by extension 'python'
[0.389s] Level 1:colcon.colcon_core.package_identification:_identify(myenv/lib/python3.12/site-packages/pip/_internal/network/__pycache__) by extensions ['python_setup_py']
[0.389s] Level 1:colcon.colcon_core.package_identification:_identify(myenv/lib/python3.12/site-packages/pip/_internal/network/__pycache__) by extension 'python_setup_py'
[0.389s] Level 1:colcon.colcon_core.package_identification:_identify(myenv/lib/python3.12/site-packages/pip/_internal/operations) by extensions ['ignore', 'ignore_ament_install']
[0.389s] Level 1:colcon.colcon_core.package_identification:_identify(myenv/lib/python3.12/site-packages/pip/_internal/operations) by extension 'ignore'
[0.389s] Level 1:colcon.colcon_core.package_identification:_identify(myenv/lib/python3.12/site-packages/pip/_internal/operations) by extension 'ignore_ament_install'
[0.389s] Level 1:colcon.colcon_core.package_identification:_identify(myenv/lib/python3.12/site-packages/pip/_internal/operations) by extensions ['colcon_pkg']
[0.389s] Level 1:colcon.colcon_core.package_identification:_identify(myenv/lib/python3.12/site-packages/pip/_internal/operations) by extension 'colcon_pkg'
[0.389s] Level 1:colcon.colcon_core.package_identification:_identify(myenv/lib/python3.12/site-packages/pip/_internal/operations) by extensions ['colcon_meta']
[0.389s] Level 1:colcon.colcon_core.package_identification:_identify(myenv/lib/python3.12/site-packages/pip/_internal/operations) by extension 'colcon_meta'
[0.389s] Level 1:colcon.colcon_core.package_identification:_identify(myenv/lib/python3.12/site-packages/pip/_internal/operations) by extensions ['ros']
[0.389s] Level 1:colcon.colcon_core.package_identification:_identify(myenv/lib/python3.12/site-packages/pip/_internal/operations) by extension 'ros'
[0.389s] Level 1:colcon.colcon_core.package_identification:_identify(myenv/lib/python3.12/site-packages/pip/_internal/operations) by extensions ['cmake', 'python']
[0.389s] Level 1:colcon.colcon_core.package_identification:_identify(myenv/lib/python3.12/site-packages/pip/_internal/operations) by extension 'cmake'
[0.389s] Level 1:colcon.colcon_core.package_identification:_identify(myenv/lib/python3.12/site-packages/pip/_internal/operations) by extension 'python'
[0.390s] Level 1:colcon.colcon_core.package_identification:_identify(myenv/lib/python3.12/site-packages/pip/_internal/operations) by extensions ['python_setup_py']
[0.390s] Level 1:colcon.colcon_core.package_identification:_identify(myenv/lib/python3.12/site-packages/pip/_internal/operations) by extension 'python_setup_py'
[0.390s] Level 1:colcon.colcon_core.package_identification:_identify(myenv/lib/python3.12/site-packages/pip/_internal/operations/__pycache__) by extensions ['ignore', 'ignore_ament_install']
[0.390s] Level 1:colcon.colcon_core.package_identification:_identify(myenv/lib/python3.12/site-packages/pip/_internal/operations/__pycache__) by extension 'ignore'
[0.390s] Level 1:colcon.colcon_core.package_identification:_identify(myenv/lib/python3.12/site-packages/pip/_internal/operations/__pycache__) by extension 'ignore_ament_install'
[0.390s] Level 1:colcon.colcon_core.package_identification:_identify(myenv/lib/python3.12/site-packages/pip/_internal/operations/__pycache__) by extensions ['colcon_pkg']
[0.390s] Level 1:colcon.colcon_core.package_identification:_identify(myenv/lib/python3.12/site-packages/pip/_internal/operations/__pycache__) by extension 'colcon_pkg'
[0.390s] Level 1:colcon.colcon_core.package_identification:_identify(myenv/lib/python3.12/site-packages/pip/_internal/operations/__pycache__) by extensions ['colcon_meta']
[0.390s] Level 1:colcon.colcon_core.package_identification:_identify(myenv/lib/python3.12/site-packages/pip/_internal/operations/__pycache__) by extension 'colcon_meta'
[0.390s] Level 1:colcon.colcon_core.package_identification:_identify(myenv/lib/python3.12/site-packages/pip/_internal/operations/__pycache__) by extensions ['ros']
[0.390s] Level 1:colcon.colcon_core.package_identification:_identify(myenv/lib/python3.12/site-packages/pip/_internal/operations/__pycache__) by extension 'ros'
[0.390s] Level 1:colcon.colcon_core.package_identification:_identify(myenv/lib/python3.12/site-packages/pip/_internal/operations/__pycache__) by extensions ['cmake', 'python']
[0.390s] Level 1:colcon.colcon_core.package_identification:_identify(myenv/lib/python3.12/site-packages/pip/_internal/operations/__pycache__) by extension 'cmake'
[0.391s] Level 1:colcon.colcon_core.package_identification:_identify(myenv/lib/python3.12/site-packages/pip/_internal/operations/__pycache__) by extension 'python'
[0.391s] Level 1:colcon.colcon_core.package_identification:_identify(myenv/lib/python3.12/site-packages/pip/_internal/operations/__pycache__) by extensions ['python_setup_py']
[0.391s] Level 1:colcon.colcon_core.package_identification:_identify(myenv/lib/python3.12/site-packages/pip/_internal/operations/__pycache__) by extension 'python_setup_py'
[0.391s] Level 1:colcon.colcon_core.package_identification:_identify(myenv/lib/python3.12/site-packages/pip/_internal/operations/build) by extensions ['ignore', 'ignore_ament_install']
[0.391s] Level 1:colcon.colcon_core.package_identification:_identify(myenv/lib/python3.12/site-packages/pip/_internal/operations/build) by extension 'ignore'
[0.391s] Level 1:colcon.colcon_core.package_identification:_identify(myenv/lib/python3.12/site-packages/pip/_internal/operations/build) by extension 'ignore_ament_install'
[0.391s] Level 1:colcon.colcon_core.package_identification:_identify(myenv/lib/python3.12/site-packages/pip/_internal/operations/build) by extensions ['colcon_pkg']
[0.391s] Level 1:colcon.colcon_core.package_identification:_identify(myenv/lib/python3.12/site-packages/pip/_internal/operations/build) by extension 'colcon_pkg'
[0.391s] Level 1:colcon.colcon_core.package_identification:_identify(myenv/lib/python3.12/site-packages/pip/_internal/operations/build) by extensions ['colcon_meta']
[0.391s] Level 1:colcon.colcon_core.package_identification:_identify(myenv/lib/python3.12/site-packages/pip/_internal/operations/build) by extension 'colcon_meta'
[0.391s] Level 1:colcon.colcon_core.package_identification:_identify(myenv/lib/python3.12/site-packages/pip/_internal/operations/build) by extensions ['ros']
[0.391s] Level 1:colcon.colcon_core.package_identification:_identify(myenv/lib/python3.12/site-packages/pip/_internal/operations/build) by extension 'ros'
[0.391s] Level 1:colcon.colcon_core.package_identification:_identify(myenv/lib/python3.12/site-packages/pip/_internal/operations/build) by extensions ['cmake', 'python']
[0.392s] Level 1:colcon.colcon_core.package_identification:_identify(myenv/lib/python3.12/site-packages/pip/_internal/operations/build) by extension 'cmake'
[0.392s] Level 1:colcon.colcon_core.package_identification:_identify(myenv/lib/python3.12/site-packages/pip/_internal/operations/build) by extension 'python'
[0.392s] Level 1:colcon.colcon_core.package_identification:_identify(myenv/lib/python3.12/site-packages/pip/_internal/operations/build) by extensions ['python_setup_py']
[0.392s] Level 1:colcon.colcon_core.package_identification:_identify(myenv/lib/python3.12/site-packages/pip/_internal/operations/build) by extension 'python_setup_py'
[0.392s] Level 1:colcon.colcon_core.package_identification:_identify(myenv/lib/python3.12/site-packages/pip/_internal/operations/build/__pycache__) by extensions ['ignore', 'ignore_ament_install']
[0.392s] Level 1:colcon.colcon_core.package_identification:_identify(myenv/lib/python3.12/site-packages/pip/_internal/operations/build/__pycache__) by extension 'ignore'
[0.392s] Level 1:colcon.colcon_core.package_identification:_identify(myenv/lib/python3.12/site-packages/pip/_internal/operations/build/__pycache__) by extension 'ignore_ament_install'
[0.392s] Level 1:colcon.colcon_core.package_identification:_identify(myenv/lib/python3.12/site-packages/pip/_internal/operations/build/__pycache__) by extensions ['colcon_pkg']
[0.392s] Level 1:colcon.colcon_core.package_identification:_identify(myenv/lib/python3.12/site-packages/pip/_internal/operations/build/__pycache__) by extension 'colcon_pkg'
[0.392s] Level 1:colcon.colcon_core.package_identification:_identify(myenv/lib/python3.12/site-packages/pip/_internal/operations/build/__pycache__) by extensions ['colcon_meta']
[0.392s] Level 1:colcon.colcon_core.package_identification:_identify(myenv/lib/python3.12/site-packages/pip/_internal/operations/build/__pycache__) by extension 'colcon_meta'
[0.392s] Level 1:colcon.colcon_core.package_identification:_identify(myenv/lib/python3.12/site-packages/pip/_internal/operations/build/__pycache__) by extensions ['ros']
[0.392s] Level 1:colcon.colcon_core.package_identification:_identify(myenv/lib/python3.12/site-packages/pip/_internal/operations/build/__pycache__) by extension 'ros'
[0.393s] Level 1:colcon.colcon_core.package_identification:_identify(myenv/lib/python3.12/site-packages/pip/_internal/operations/build/__pycache__) by extensions ['cmake', 'python']
[0.393s] Level 1:colcon.colcon_core.package_identification:_identify(myenv/lib/python3.12/site-packages/pip/_internal/operations/build/__pycache__) by extension 'cmake'
[0.393s] Level 1:colcon.colcon_core.package_identification:_identify(myenv/lib/python3.12/site-packages/pip/_internal/operations/build/__pycache__) by extension 'python'
[0.393s] Level 1:colcon.colcon_core.package_identification:_identify(myenv/lib/python3.12/site-packages/pip/_internal/operations/build/__pycache__) by extensions ['python_setup_py']
[0.393s] Level 1:colcon.colcon_core.package_identification:_identify(myenv/lib/python3.12/site-packages/pip/_internal/operations/build/__pycache__) by extension 'python_setup_py'
[0.393s] Level 1:colcon.colcon_core.package_identification:_identify(myenv/lib/python3.12/site-packages/pip/_internal/operations/install) by extensions ['ignore', 'ignore_ament_install']
[0.393s] Level 1:colcon.colcon_core.package_identification:_identify(myenv/lib/python3.12/site-packages/pip/_internal/operations/install) by extension 'ignore'
[0.393s] Level 1:colcon.colcon_core.package_identification:_identify(myenv/lib/python3.12/site-packages/pip/_internal/operations/install) by extension 'ignore_ament_install'
[0.393s] Level 1:colcon.colcon_core.package_identification:_identify(myenv/lib/python3.12/site-packages/pip/_internal/operations/install) by extensions ['colcon_pkg']
[0.393s] Level 1:colcon.colcon_core.package_identification:_identify(myenv/lib/python3.12/site-packages/pip/_internal/operations/install) by extension 'colcon_pkg'
[0.393s] Level 1:colcon.colcon_core.package_identification:_identify(myenv/lib/python3.12/site-packages/pip/_internal/operations/install) by extensions ['colcon_meta']
[0.393s] Level 1:colcon.colcon_core.package_identification:_identify(myenv/lib/python3.12/site-packages/pip/_internal/operations/install) by extension 'colcon_meta'
[0.393s] Level 1:colcon.colcon_core.package_identification:_identify(myenv/lib/python3.12/site-packages/pip/_internal/operations/install) by extensions ['ros']
[0.393s] Level 1:colcon.colcon_core.package_identification:_identify(myenv/lib/python3.12/site-packages/pip/_internal/operations/install) by extension 'ros'
[0.394s] Level 1:colcon.colcon_core.package_identification:_identify(myenv/lib/python3.12/site-packages/pip/_internal/operations/install) by extensions ['cmake', 'python']
[0.394s] Level 1:colcon.colcon_core.package_identification:_identify(myenv/lib/python3.12/site-packages/pip/_internal/operations/install) by extension 'cmake'
[0.394s] Level 1:colcon.colcon_core.package_identification:_identify(myenv/lib/python3.12/site-packages/pip/_internal/operations/install) by extension 'python'
[0.394s] Level 1:colcon.colcon_core.package_identification:_identify(myenv/lib/python3.12/site-packages/pip/_internal/operations/install) by extensions ['python_setup_py']
[0.394s] Level 1:colcon.colcon_core.package_identification:_identify(myenv/lib/python3.12/site-packages/pip/_internal/operations/install) by extension 'python_setup_py'
[0.394s] Level 1:colcon.colcon_core.package_identification:_identify(myenv/lib/python3.12/site-packages/pip/_internal/operations/install/__pycache__) by extensions ['ignore', 'ignore_ament_install']
[0.394s] Level 1:colcon.colcon_core.package_identification:_identify(myenv/lib/python3.12/site-packages/pip/_internal/operations/install/__pycache__) by extension 'ignore'
[0.394s] Level 1:colcon.colcon_core.package_identification:_identify(myenv/lib/python3.12/site-packages/pip/_internal/operations/install/__pycache__) by extension 'ignore_ament_install'
[0.394s] Level 1:colcon.colcon_core.package_identification:_identify(myenv/lib/python3.12/site-packages/pip/_internal/operations/install/__pycache__) by extensions ['colcon_pkg']
[0.394s] Level 1:colcon.colcon_core.package_identification:_identify(myenv/lib/python3.12/site-packages/pip/_internal/operations/install/__pycache__) by extension 'colcon_pkg'
[0.394s] Level 1:colcon.colcon_core.package_identification:_identify(myenv/lib/python3.12/site-packages/pip/_internal/operations/install/__pycache__) by extensions ['colcon_meta']
[0.394s] Level 1:colcon.colcon_core.package_identification:_identify(myenv/lib/python3.12/site-packages/pip/_internal/operations/install/__pycache__) by extension 'colcon_meta'
[0.394s] Level 1:colcon.colcon_core.package_identification:_identify(myenv/lib/python3.12/site-packages/pip/_internal/operations/install/__pycache__) by extensions ['ros']
[0.394s] Level 1:colcon.colcon_core.package_identification:_identify(myenv/lib/python3.12/site-packages/pip/_internal/operations/install/__pycache__) by extension 'ros'
[0.395s] Level 1:colcon.colcon_core.package_identification:_identify(myenv/lib/python3.12/site-packages/pip/_internal/operations/install/__pycache__) by extensions ['cmake', 'python']
[0.395s] Level 1:colcon.colcon_core.package_identification:_identify(myenv/lib/python3.12/site-packages/pip/_internal/operations/install/__pycache__) by extension 'cmake'
[0.395s] Level 1:colcon.colcon_core.package_identification:_identify(myenv/lib/python3.12/site-packages/pip/_internal/operations/install/__pycache__) by extension 'python'
[0.395s] Level 1:colcon.colcon_core.package_identification:_identify(myenv/lib/python3.12/site-packages/pip/_internal/operations/install/__pycache__) by extensions ['python_setup_py']
[0.395s] Level 1:colcon.colcon_core.package_identification:_identify(myenv/lib/python3.12/site-packages/pip/_internal/operations/install/__pycache__) by extension 'python_setup_py'
[0.395s] Level 1:colcon.colcon_core.package_identification:_identify(myenv/lib/python3.12/site-packages/pip/_internal/req) by extensions ['ignore', 'ignore_ament_install']
[0.395s] Level 1:colcon.colcon_core.package_identification:_identify(myenv/lib/python3.12/site-packages/pip/_internal/req) by extension 'ignore'
[0.395s] Level 1:colcon.colcon_core.package_identification:_identify(myenv/lib/python3.12/site-packages/pip/_internal/req) by extension 'ignore_ament_install'
[0.395s] Level 1:colcon.colcon_core.package_identification:_identify(myenv/lib/python3.12/site-packages/pip/_internal/req) by extensions ['colcon_pkg']
[0.395s] Level 1:colcon.colcon_core.package_identification:_identify(myenv/lib/python3.12/site-packages/pip/_internal/req) by extension 'colcon_pkg'
[0.395s] Level 1:colcon.colcon_core.package_identification:_identify(myenv/lib/python3.12/site-packages/pip/_internal/req) by extensions ['colcon_meta']
[0.395s] Level 1:colcon.colcon_core.package_identification:_identify(myenv/lib/python3.12/site-packages/pip/_internal/req) by extension 'colcon_meta'
[0.395s] Level 1:colcon.colcon_core.package_identification:_identify(myenv/lib/python3.12/site-packages/pip/_internal/req) by extensions ['ros']
[0.395s] Level 1:colcon.colcon_core.package_identification:_identify(myenv/lib/python3.12/site-packages/pip/_internal/req) by extension 'ros'
[0.396s] Level 1:colcon.colcon_core.package_identification:_identify(myenv/lib/python3.12/site-packages/pip/_internal/req) by extensions ['cmake', 'python']
[0.396s] Level 1:colcon.colcon_core.package_identification:_identify(myenv/lib/python3.12/site-packages/pip/_internal/req) by extension 'cmake'
[0.396s] Level 1:colcon.colcon_core.package_identification:_identify(myenv/lib/python3.12/site-packages/pip/_internal/req) by extension 'python'
[0.396s] Level 1:colcon.colcon_core.package_identification:_identify(myenv/lib/python3.12/site-packages/pip/_internal/req) by extensions ['python_setup_py']
[0.396s] Level 1:colcon.colcon_core.package_identification:_identify(myenv/lib/python3.12/site-packages/pip/_internal/req) by extension 'python_setup_py'
[0.396s] Level 1:colcon.colcon_core.package_identification:_identify(myenv/lib/python3.12/site-packages/pip/_internal/req/__pycache__) by extensions ['ignore', 'ignore_ament_install']
[0.396s] Level 1:colcon.colcon_core.package_identification:_identify(myenv/lib/python3.12/site-packages/pip/_internal/req/__pycache__) by extension 'ignore'
[0.396s] Level 1:colcon.colcon_core.package_identification:_identify(myenv/lib/python3.12/site-packages/pip/_internal/req/__pycache__) by extension 'ignore_ament_install'
[0.396s] Level 1:colcon.colcon_core.package_identification:_identify(myenv/lib/python3.12/site-packages/pip/_internal/req/__pycache__) by extensions ['colcon_pkg']
[0.396s] Level 1:colcon.colcon_core.package_identification:_identify(myenv/lib/python3.12/site-packages/pip/_internal/req/__pycache__) by extension 'colcon_pkg'
[0.396s] Level 1:colcon.colcon_core.package_identification:_identify(myenv/lib/python3.12/site-packages/pip/_internal/req/__pycache__) by extensions ['colcon_meta']
[0.396s] Level 1:colcon.colcon_core.package_identification:_identify(myenv/lib/python3.12/site-packages/pip/_internal/req/__pycache__) by extension 'colcon_meta'
[0.396s] Level 1:colcon.colcon_core.package_identification:_identify(myenv/lib/python3.12/site-packages/pip/_internal/req/__pycache__) by extensions ['ros']
[0.397s] Level 1:colcon.colcon_core.package_identification:_identify(myenv/lib/python3.12/site-packages/pip/_internal/req/__pycache__) by extension 'ros'
[0.397s] Level 1:colcon.colcon_core.package_identification:_identify(myenv/lib/python3.12/site-packages/pip/_internal/req/__pycache__) by extensions ['cmake', 'python']
[0.397s] Level 1:colcon.colcon_core.package_identification:_identify(myenv/lib/python3.12/site-packages/pip/_internal/req/__pycache__) by extension 'cmake'
[0.397s] Level 1:colcon.colcon_core.package_identification:_identify(myenv/lib/python3.12/site-packages/pip/_internal/req/__pycache__) by extension 'python'
[0.397s] Level 1:colcon.colcon_core.package_identification:_identify(myenv/lib/python3.12/site-packages/pip/_internal/req/__pycache__) by extensions ['python_setup_py']
[0.397s] Level 1:colcon.colcon_core.package_identification:_identify(myenv/lib/python3.12/site-packages/pip/_internal/req/__pycache__) by extension 'python_setup_py'
[0.397s] Level 1:colcon.colcon_core.package_identification:_identify(myenv/lib/python3.12/site-packages/pip/_internal/resolution) by extensions ['ignore', 'ignore_ament_install']
[0.397s] Level 1:colcon.colcon_core.package_identification:_identify(myenv/lib/python3.12/site-packages/pip/_internal/resolution) by extension 'ignore'
[0.397s] Level 1:colcon.colcon_core.package_identification:_identify(myenv/lib/python3.12/site-packages/pip/_internal/resolution) by extension 'ignore_ament_install'
[0.397s] Level 1:colcon.colcon_core.package_identification:_identify(myenv/lib/python3.12/site-packages/pip/_internal/resolution) by extensions ['colcon_pkg']
[0.397s] Level 1:colcon.colcon_core.package_identification:_identify(myenv/lib/python3.12/site-packages/pip/_internal/resolution) by extension 'colcon_pkg'
[0.397s] Level 1:colcon.colcon_core.package_identification:_identify(myenv/lib/python3.12/site-packages/pip/_internal/resolution) by extensions ['colcon_meta']
[0.397s] Level 1:colcon.colcon_core.package_identification:_identify(myenv/lib/python3.12/site-packages/pip/_internal/resolution) by extension 'colcon_meta'
[0.397s] Level 1:colcon.colcon_core.package_identification:_identify(myenv/lib/python3.12/site-packages/pip/_internal/resolution) by extensions ['ros']
[0.398s] Level 1:colcon.colcon_core.package_identification:_identify(myenv/lib/python3.12/site-packages/pip/_internal/resolution) by extension 'ros'
[0.398s] Level 1:colcon.colcon_core.package_identification:_identify(myenv/lib/python3.12/site-packages/pip/_internal/resolution) by extensions ['cmake', 'python']
[0.398s] Level 1:colcon.colcon_core.package_identification:_identify(myenv/lib/python3.12/site-packages/pip/_internal/resolution) by extension 'cmake'
[0.398s] Level 1:colcon.colcon_core.package_identification:_identify(myenv/lib/python3.12/site-packages/pip/_internal/resolution) by extension 'python'
[0.398s] Level 1:colcon.colcon_core.package_identification:_identify(myenv/lib/python3.12/site-packages/pip/_internal/resolution) by extensions ['python_setup_py']
[0.398s] Level 1:colcon.colcon_core.package_identification:_identify(myenv/lib/python3.12/site-packages/pip/_internal/resolution) by extension 'python_setup_py'
[0.398s] Level 1:colcon.colcon_core.package_identification:_identify(myenv/lib/python3.12/site-packages/pip/_internal/resolution/__pycache__) by extensions ['ignore', 'ignore_ament_install']
[0.398s] Level 1:colcon.colcon_core.package_identification:_identify(myenv/lib/python3.12/site-packages/pip/_internal/resolution/__pycache__) by extension 'ignore'
[0.398s] Level 1:colcon.colcon_core.package_identification:_identify(myenv/lib/python3.12/site-packages/pip/_internal/resolution/__pycache__) by extension 'ignore_ament_install'
[0.398s] Level 1:colcon.colcon_core.package_identification:_identify(myenv/lib/python3.12/site-packages/pip/_internal/resolution/__pycache__) by extensions ['colcon_pkg']
[0.398s] Level 1:colcon.colcon_core.package_identification:_identify(myenv/lib/python3.12/site-packages/pip/_internal/resolution/__pycache__) by extension 'colcon_pkg'
[0.398s] Level 1:colcon.colcon_core.package_identification:_identify(myenv/lib/python3.12/site-packages/pip/_internal/resolution/__pycache__) by extensions ['colcon_meta']
[0.398s] Level 1:colcon.colcon_core.package_identification:_identify(myenv/lib/python3.12/site-packages/pip/_internal/resolution/__pycache__) by extension 'colcon_meta'
[0.399s] Level 1:colcon.colcon_core.package_identification:_identify(myenv/lib/python3.12/site-packages/pip/_internal/resolution/__pycache__) by extensions ['ros']
[0.399s] Level 1:colcon.colcon_core.package_identification:_identify(myenv/lib/python3.12/site-packages/pip/_internal/resolution/__pycache__) by extension 'ros'
[0.399s] Level 1:colcon.colcon_core.package_identification:_identify(myenv/lib/python3.12/site-packages/pip/_internal/resolution/__pycache__) by extensions ['cmake', 'python']
[0.399s] Level 1:colcon.colcon_core.package_identification:_identify(myenv/lib/python3.12/site-packages/pip/_internal/resolution/__pycache__) by extension 'cmake'
[0.399s] Level 1:colcon.colcon_core.package_identification:_identify(myenv/lib/python3.12/site-packages/pip/_internal/resolution/__pycache__) by extension 'python'
[0.399s] Level 1:colcon.colcon_core.package_identification:_identify(myenv/lib/python3.12/site-packages/pip/_internal/resolution/__pycache__) by extensions ['python_setup_py']
[0.399s] Level 1:colcon.colcon_core.package_identification:_identify(myenv/lib/python3.12/site-packages/pip/_internal/resolution/__pycache__) by extension 'python_setup_py'
[0.399s] Level 1:colcon.colcon_core.package_identification:_identify(myenv/lib/python3.12/site-packages/pip/_internal/resolution/legacy) by extensions ['ignore', 'ignore_ament_install']
[0.399s] Level 1:colcon.colcon_core.package_identification:_identify(myenv/lib/python3.12/site-packages/pip/_internal/resolution/legacy) by extension 'ignore'
[0.399s] Level 1:colcon.colcon_core.package_identification:_identify(myenv/lib/python3.12/site-packages/pip/_internal/resolution/legacy) by extension 'ignore_ament_install'
[0.399s] Level 1:colcon.colcon_core.package_identification:_identify(myenv/lib/python3.12/site-packages/pip/_internal/resolution/legacy) by extensions ['colcon_pkg']
[0.399s] Level 1:colcon.colcon_core.package_identification:_identify(myenv/lib/python3.12/site-packages/pip/_internal/resolution/legacy) by extension 'colcon_pkg'
[0.399s] Level 1:colcon.colcon_core.package_identification:_identify(myenv/lib/python3.12/site-packages/pip/_internal/resolution/legacy) by extensions ['colcon_meta']
[0.399s] Level 1:colcon.colcon_core.package_identification:_identify(myenv/lib/python3.12/site-packages/pip/_internal/resolution/legacy) by extension 'colcon_meta'
[0.400s] Level 1:colcon.colcon_core.package_identification:_identify(myenv/lib/python3.12/site-packages/pip/_internal/resolution/legacy) by extensions ['ros']
[0.400s] Level 1:colcon.colcon_core.package_identification:_identify(myenv/lib/python3.12/site-packages/pip/_internal/resolution/legacy) by extension 'ros'
[0.400s] Level 1:colcon.colcon_core.package_identification:_identify(myenv/lib/python3.12/site-packages/pip/_internal/resolution/legacy) by extensions ['cmake', 'python']
[0.400s] Level 1:colcon.colcon_core.package_identification:_identify(myenv/lib/python3.12/site-packages/pip/_internal/resolution/legacy) by extension 'cmake'
[0.400s] Level 1:colcon.colcon_core.package_identification:_identify(myenv/lib/python3.12/site-packages/pip/_internal/resolution/legacy) by extension 'python'
[0.400s] Level 1:colcon.colcon_core.package_identification:_identify(myenv/lib/python3.12/site-packages/pip/_internal/resolution/legacy) by extensions ['python_setup_py']
[0.400s] Level 1:colcon.colcon_core.package_identification:_identify(myenv/lib/python3.12/site-packages/pip/_internal/resolution/legacy) by extension 'python_setup_py'
[0.400s] Level 1:colcon.colcon_core.package_identification:_identify(myenv/lib/python3.12/site-packages/pip/_internal/resolution/legacy/__pycache__) by extensions ['ignore', 'ignore_ament_install']
[0.400s] Level 1:colcon.colcon_core.package_identification:_identify(myenv/lib/python3.12/site-packages/pip/_internal/resolution/legacy/__pycache__) by extension 'ignore'
[0.400s] Level 1:colcon.colcon_core.package_identification:_identify(myenv/lib/python3.12/site-packages/pip/_internal/resolution/legacy/__pycache__) by extension 'ignore_ament_install'
[0.400s] Level 1:colcon.colcon_core.package_identification:_identify(myenv/lib/python3.12/site-packages/pip/_internal/resolution/legacy/__pycache__) by extensions ['colcon_pkg']
[0.400s] Level 1:colcon.colcon_core.package_identification:_identify(myenv/lib/python3.12/site-packages/pip/_internal/resolution/legacy/__pycache__) by extension 'colcon_pkg'
[0.400s] Level 1:colcon.colcon_core.package_identification:_identify(myenv/lib/python3.12/site-packages/pip/_internal/resolution/legacy/__pycache__) by extensions ['colcon_meta']
[0.401s] Level 1:colcon.colcon_core.package_identification:_identify(myenv/lib/python3.12/site-packages/pip/_internal/resolution/legacy/__pycache__) by extension 'colcon_meta'
[0.401s] Level 1:colcon.colcon_core.package_identification:_identify(myenv/lib/python3.12/site-packages/pip/_internal/resolution/legacy/__pycache__) by extensions ['ros']
[0.401s] Level 1:colcon.colcon_core.package_identification:_identify(myenv/lib/python3.12/site-packages/pip/_internal/resolution/legacy/__pycache__) by extension 'ros'
[0.401s] Level 1:colcon.colcon_core.package_identification:_identify(myenv/lib/python3.12/site-packages/pip/_internal/resolution/legacy/__pycache__) by extensions ['cmake', 'python']
[0.401s] Level 1:colcon.colcon_core.package_identification:_identify(myenv/lib/python3.12/site-packages/pip/_internal/resolution/legacy/__pycache__) by extension 'cmake'
[0.401s] Level 1:colcon.colcon_core.package_identification:_identify(myenv/lib/python3.12/site-packages/pip/_internal/resolution/legacy/__pycache__) by extension 'python'
[0.401s] Level 1:colcon.colcon_core.package_identification:_identify(myenv/lib/python3.12/site-packages/pip/_internal/resolution/legacy/__pycache__) by extensions ['python_setup_py']
[0.401s] Level 1:colcon.colcon_core.package_identification:_identify(myenv/lib/python3.12/site-packages/pip/_internal/resolution/legacy/__pycache__) by extension 'python_setup_py'
[0.401s] Level 1:colcon.colcon_core.package_identification:_identify(myenv/lib/python3.12/site-packages/pip/_internal/resolution/resolvelib) by extensions ['ignore', 'ignore_ament_install']
[0.401s] Level 1:colcon.colcon_core.package_identification:_identify(myenv/lib/python3.12/site-packages/pip/_internal/resolution/resolvelib) by extension 'ignore'
[0.401s] Level 1:colcon.colcon_core.package_identification:_identify(myenv/lib/python3.12/site-packages/pip/_internal/resolution/resolvelib) by extension 'ignore_ament_install'
[0.401s] Level 1:colcon.colcon_core.package_identification:_identify(myenv/lib/python3.12/site-packages/pip/_internal/resolution/resolvelib) by extensions ['colcon_pkg']
[0.401s] Level 1:colcon.colcon_core.package_identification:_identify(myenv/lib/python3.12/site-packages/pip/_internal/resolution/resolvelib) by extension 'colcon_pkg'
[0.402s] Level 1:colcon.colcon_core.package_identification:_identify(myenv/lib/python3.12/site-packages/pip/_internal/resolution/resolvelib) by extensions ['colcon_meta']
[0.402s] Level 1:colcon.colcon_core.package_identification:_identify(myenv/lib/python3.12/site-packages/pip/_internal/resolution/resolvelib) by extension 'colcon_meta'
[0.402s] Level 1:colcon.colcon_core.package_identification:_identify(myenv/lib/python3.12/site-packages/pip/_internal/resolution/resolvelib) by extensions ['ros']
[0.402s] Level 1:colcon.colcon_core.package_identification:_identify(myenv/lib/python3.12/site-packages/pip/_internal/resolution/resolvelib) by extension 'ros'
[0.402s] Level 1:colcon.colcon_core.package_identification:_identify(myenv/lib/python3.12/site-packages/pip/_internal/resolution/resolvelib) by extensions ['cmake', 'python']
[0.402s] Level 1:colcon.colcon_core.package_identification:_identify(myenv/lib/python3.12/site-packages/pip/_internal/resolution/resolvelib) by extension 'cmake'
[0.402s] Level 1:colcon.colcon_core.package_identification:_identify(myenv/lib/python3.12/site-packages/pip/_internal/resolution/resolvelib) by extension 'python'
[0.402s] Level 1:colcon.colcon_core.package_identification:_identify(myenv/lib/python3.12/site-packages/pip/_internal/resolution/resolvelib) by extensions ['python_setup_py']
[0.402s] Level 1:colcon.colcon_core.package_identification:_identify(myenv/lib/python3.12/site-packages/pip/_internal/resolution/resolvelib) by extension 'python_setup_py'
[0.402s] Level 1:colcon.colcon_core.package_identification:_identify(myenv/lib/python3.12/site-packages/pip/_internal/resolution/resolvelib/__pycache__) by extensions ['ignore', 'ignore_ament_install']
[0.402s] Level 1:colcon.colcon_core.package_identification:_identify(myenv/lib/python3.12/site-packages/pip/_internal/resolution/resolvelib/__pycache__) by extension 'ignore'
[0.402s] Level 1:colcon.colcon_core.package_identification:_identify(myenv/lib/python3.12/site-packages/pip/_internal/resolution/resolvelib/__pycache__) by extension 'ignore_ament_install'
[0.402s] Level 1:colcon.colcon_core.package_identification:_identify(myenv/lib/python3.12/site-packages/pip/_internal/resolution/resolvelib/__pycache__) by extensions ['colcon_pkg']
[0.402s] Level 1:colcon.colcon_core.package_identification:_identify(myenv/lib/python3.12/site-packages/pip/_internal/resolution/resolvelib/__pycache__) by extension 'colcon_pkg'
[0.403s] Level 1:colcon.colcon_core.package_identification:_identify(myenv/lib/python3.12/site-packages/pip/_internal/resolution/resolvelib/__pycache__) by extensions ['colcon_meta']
[0.403s] Level 1:colcon.colcon_core.package_identification:_identify(myenv/lib/python3.12/site-packages/pip/_internal/resolution/resolvelib/__pycache__) by extension 'colcon_meta'
[0.403s] Level 1:colcon.colcon_core.package_identification:_identify(myenv/lib/python3.12/site-packages/pip/_internal/resolution/resolvelib/__pycache__) by extensions ['ros']
[0.403s] Level 1:colcon.colcon_core.package_identification:_identify(myenv/lib/python3.12/site-packages/pip/_internal/resolution/resolvelib/__pycache__) by extension 'ros'
[0.403s] Level 1:colcon.colcon_core.package_identification:_identify(myenv/lib/python3.12/site-packages/pip/_internal/resolution/resolvelib/__pycache__) by extensions ['cmake', 'python']
[0.403s] Level 1:colcon.colcon_core.package_identification:_identify(myenv/lib/python3.12/site-packages/pip/_internal/resolution/resolvelib/__pycache__) by extension 'cmake'
[0.403s] Level 1:colcon.colcon_core.package_identification:_identify(myenv/lib/python3.12/site-packages/pip/_internal/resolution/resolvelib/__pycache__) by extension 'python'
[0.403s] Level 1:colcon.colcon_core.package_identification:_identify(myenv/lib/python3.12/site-packages/pip/_internal/resolution/resolvelib/__pycache__) by extensions ['python_setup_py']
[0.403s] Level 1:colcon.colcon_core.package_identification:_identify(myenv/lib/python3.12/site-packages/pip/_internal/resolution/resolvelib/__pycache__) by extension 'python_setup_py'
[0.403s] Level 1:colcon.colcon_core.package_identification:_identify(myenv/lib/python3.12/site-packages/pip/_internal/utils) by extensions ['ignore', 'ignore_ament_install']
[0.403s] Level 1:colcon.colcon_core.package_identification:_identify(myenv/lib/python3.12/site-packages/pip/_internal/utils) by extension 'ignore'
[0.403s] Level 1:colcon.colcon_core.package_identification:_identify(myenv/lib/python3.12/site-packages/pip/_internal/utils) by extension 'ignore_ament_install'
[0.403s] Level 1:colcon.colcon_core.package_identification:_identify(myenv/lib/python3.12/site-packages/pip/_internal/utils) by extensions ['colcon_pkg']
[0.404s] Level 1:colcon.colcon_core.package_identification:_identify(myenv/lib/python3.12/site-packages/pip/_internal/utils) by extension 'colcon_pkg'
[0.404s] Level 1:colcon.colcon_core.package_identification:_identify(myenv/lib/python3.12/site-packages/pip/_internal/utils) by extensions ['colcon_meta']
[0.404s] Level 1:colcon.colcon_core.package_identification:_identify(myenv/lib/python3.12/site-packages/pip/_internal/utils) by extension 'colcon_meta'
[0.404s] Level 1:colcon.colcon_core.package_identification:_identify(myenv/lib/python3.12/site-packages/pip/_internal/utils) by extensions ['ros']
[0.404s] Level 1:colcon.colcon_core.package_identification:_identify(myenv/lib/python3.12/site-packages/pip/_internal/utils) by extension 'ros'
[0.404s] Level 1:colcon.colcon_core.package_identification:_identify(myenv/lib/python3.12/site-packages/pip/_internal/utils) by extensions ['cmake', 'python']
[0.404s] Level 1:colcon.colcon_core.package_identification:_identify(myenv/lib/python3.12/site-packages/pip/_internal/utils) by extension 'cmake'
[0.404s] Level 1:colcon.colcon_core.package_identification:_identify(myenv/lib/python3.12/site-packages/pip/_internal/utils) by extension 'python'
[0.404s] Level 1:colcon.colcon_core.package_identification:_identify(myenv/lib/python3.12/site-packages/pip/_internal/utils) by extensions ['python_setup_py']
[0.404s] Level 1:colcon.colcon_core.package_identification:_identify(myenv/lib/python3.12/site-packages/pip/_internal/utils) by extension 'python_setup_py'
[0.404s] Level 1:colcon.colcon_core.package_identification:_identify(myenv/lib/python3.12/site-packages/pip/_internal/utils/__pycache__) by extensions ['ignore', 'ignore_ament_install']
[0.404s] Level 1:colcon.colcon_core.package_identification:_identify(myenv/lib/python3.12/site-packages/pip/_internal/utils/__pycache__) by extension 'ignore'
[0.404s] Level 1:colcon.colcon_core.package_identification:_identify(myenv/lib/python3.12/site-packages/pip/_internal/utils/__pycache__) by extension 'ignore_ament_install'
[0.405s] Level 1:colcon.colcon_core.package_identification:_identify(myenv/lib/python3.12/site-packages/pip/_internal/utils/__pycache__) by extensions ['colcon_pkg']
[0.405s] Level 1:colcon.colcon_core.package_identification:_identify(myenv/lib/python3.12/site-packages/pip/_internal/utils/__pycache__) by extension 'colcon_pkg'
[0.405s] Level 1:colcon.colcon_core.package_identification:_identify(myenv/lib/python3.12/site-packages/pip/_internal/utils/__pycache__) by extensions ['colcon_meta']
[0.405s] Level 1:colcon.colcon_core.package_identification:_identify(myenv/lib/python3.12/site-packages/pip/_internal/utils/__pycache__) by extension 'colcon_meta'
[0.405s] Level 1:colcon.colcon_core.package_identification:_identify(myenv/lib/python3.12/site-packages/pip/_internal/utils/__pycache__) by extensions ['ros']
[0.405s] Level 1:colcon.colcon_core.package_identification:_identify(myenv/lib/python3.12/site-packages/pip/_internal/utils/__pycache__) by extension 'ros'
[0.405s] Level 1:colcon.colcon_core.package_identification:_identify(myenv/lib/python3.12/site-packages/pip/_internal/utils/__pycache__) by extensions ['cmake', 'python']
[0.405s] Level 1:colcon.colcon_core.package_identification:_identify(myenv/lib/python3.12/site-packages/pip/_internal/utils/__pycache__) by extension 'cmake'
[0.405s] Level 1:colcon.colcon_core.package_identification:_identify(myenv/lib/python3.12/site-packages/pip/_internal/utils/__pycache__) by extension 'python'
[0.405s] Level 1:colcon.colcon_core.package_identification:_identify(myenv/lib/python3.12/site-packages/pip/_internal/utils/__pycache__) by extensions ['python_setup_py']
[0.405s] Level 1:colcon.colcon_core.package_identification:_identify(myenv/lib/python3.12/site-packages/pip/_internal/utils/__pycache__) by extension 'python_setup_py'
[0.405s] Level 1:colcon.colcon_core.package_identification:_identify(myenv/lib/python3.12/site-packages/pip/_internal/vcs) by extensions ['ignore', 'ignore_ament_install']
[0.405s] Level 1:colcon.colcon_core.package_identification:_identify(myenv/lib/python3.12/site-packages/pip/_internal/vcs) by extension 'ignore'
[0.405s] Level 1:colcon.colcon_core.package_identification:_identify(myenv/lib/python3.12/site-packages/pip/_internal/vcs) by extension 'ignore_ament_install'
[0.406s] Level 1:colcon.colcon_core.package_identification:_identify(myenv/lib/python3.12/site-packages/pip/_internal/vcs) by extensions ['colcon_pkg']
[0.406s] Level 1:colcon.colcon_core.package_identification:_identify(myenv/lib/python3.12/site-packages/pip/_internal/vcs) by extension 'colcon_pkg'
[0.406s] Level 1:colcon.colcon_core.package_identification:_identify(myenv/lib/python3.12/site-packages/pip/_internal/vcs) by extensions ['colcon_meta']
[0.406s] Level 1:colcon.colcon_core.package_identification:_identify(myenv/lib/python3.12/site-packages/pip/_internal/vcs) by extension 'colcon_meta'
[0.406s] Level 1:colcon.colcon_core.package_identification:_identify(myenv/lib/python3.12/site-packages/pip/_internal/vcs) by extensions ['ros']
[0.406s] Level 1:colcon.colcon_core.package_identification:_identify(myenv/lib/python3.12/site-packages/pip/_internal/vcs) by extension 'ros'
[0.406s] Level 1:colcon.colcon_core.package_identification:_identify(myenv/lib/python3.12/site-packages/pip/_internal/vcs) by extensions ['cmake', 'python']
[0.406s] Level 1:colcon.colcon_core.package_identification:_identify(myenv/lib/python3.12/site-packages/pip/_internal/vcs) by extension 'cmake'
[0.406s] Level 1:colcon.colcon_core.package_identification:_identify(myenv/lib/python3.12/site-packages/pip/_internal/vcs) by extension 'python'
[0.406s] Level 1:colcon.colcon_core.package_identification:_identify(myenv/lib/python3.12/site-packages/pip/_internal/vcs) by extensions ['python_setup_py']
[0.406s] Level 1:colcon.colcon_core.package_identification:_identify(myenv/lib/python3.12/site-packages/pip/_internal/vcs) by extension 'python_setup_py'
[0.406s] Level 1:colcon.colcon_core.package_identification:_identify(myenv/lib/python3.12/site-packages/pip/_internal/vcs/__pycache__) by extensions ['ignore', 'ignore_ament_install']
[0.406s] Level 1:colcon.colcon_core.package_identification:_identify(myenv/lib/python3.12/site-packages/pip/_internal/vcs/__pycache__) by extension 'ignore'
[0.406s] Level 1:colcon.colcon_core.package_identification:_identify(myenv/lib/python3.12/site-packages/pip/_internal/vcs/__pycache__) by extension 'ignore_ament_install'
[0.407s] Level 1:colcon.colcon_core.package_identification:_identify(myenv/lib/python3.12/site-packages/pip/_internal/vcs/__pycache__) by extensions ['colcon_pkg']
[0.407s] Level 1:colcon.colcon_core.package_identification:_identify(myenv/lib/python3.12/site-packages/pip/_internal/vcs/__pycache__) by extension 'colcon_pkg'
[0.407s] Level 1:colcon.colcon_core.package_identification:_identify(myenv/lib/python3.12/site-packages/pip/_internal/vcs/__pycache__) by extensions ['colcon_meta']
[0.407s] Level 1:colcon.colcon_core.package_identification:_identify(myenv/lib/python3.12/site-packages/pip/_internal/vcs/__pycache__) by extension 'colcon_meta'
[0.407s] Level 1:colcon.colcon_core.package_identification:_identify(myenv/lib/python3.12/site-packages/pip/_internal/vcs/__pycache__) by extensions ['ros']
[0.407s] Level 1:colcon.colcon_core.package_identification:_identify(myenv/lib/python3.12/site-packages/pip/_internal/vcs/__pycache__) by extension 'ros'
[0.407s] Level 1:colcon.colcon_core.package_identification:_identify(myenv/lib/python3.12/site-packages/pip/_internal/vcs/__pycache__) by extensions ['cmake', 'python']
[0.407s] Level 1:colcon.colcon_core.package_identification:_identify(myenv/lib/python3.12/site-packages/pip/_internal/vcs/__pycache__) by extension 'cmake'
[0.407s] Level 1:colcon.colcon_core.package_identification:_identify(myenv/lib/python3.12/site-packages/pip/_internal/vcs/__pycache__) by extension 'python'
[0.407s] Level 1:colcon.colcon_core.package_identification:_identify(myenv/lib/python3.12/site-packages/pip/_internal/vcs/__pycache__) by extensions ['python_setup_py']
[0.407s] Level 1:colcon.colcon_core.package_identification:_identify(myenv/lib/python3.12/site-packages/pip/_internal/vcs/__pycache__) by extension 'python_setup_py'
[0.407s] Level 1:colcon.colcon_core.package_identification:_identify(myenv/lib/python3.12/site-packages/pip/_vendor) by extensions ['ignore', 'ignore_ament_install']
[0.407s] Level 1:colcon.colcon_core.package_identification:_identify(myenv/lib/python3.12/site-packages/pip/_vendor) by extension 'ignore'
[0.408s] Level 1:colcon.colcon_core.package_identification:_identify(myenv/lib/python3.12/site-packages/pip/_vendor) by extension 'ignore_ament_install'
[0.408s] Level 1:colcon.colcon_core.package_identification:_identify(myenv/lib/python3.12/site-packages/pip/_vendor) by extensions ['colcon_pkg']
[0.408s] Level 1:colcon.colcon_core.package_identification:_identify(myenv/lib/python3.12/site-packages/pip/_vendor) by extension 'colcon_pkg'
[0.408s] Level 1:colcon.colcon_core.package_identification:_identify(myenv/lib/python3.12/site-packages/pip/_vendor) by extensions ['colcon_meta']
[0.408s] Level 1:colcon.colcon_core.package_identification:_identify(myenv/lib/python3.12/site-packages/pip/_vendor) by extension 'colcon_meta'
[0.408s] Level 1:colcon.colcon_core.package_identification:_identify(myenv/lib/python3.12/site-packages/pip/_vendor) by extensions ['ros']
[0.408s] Level 1:colcon.colcon_core.package_identification:_identify(myenv/lib/python3.12/site-packages/pip/_vendor) by extension 'ros'
[0.408s] Level 1:colcon.colcon_core.package_identification:_identify(myenv/lib/python3.12/site-packages/pip/_vendor) by extensions ['cmake', 'python']
[0.408s] Level 1:colcon.colcon_core.package_identification:_identify(myenv/lib/python3.12/site-packages/pip/_vendor) by extension 'cmake'
[0.408s] Level 1:colcon.colcon_core.package_identification:_identify(myenv/lib/python3.12/site-packages/pip/_vendor) by extension 'python'
[0.408s] Level 1:colcon.colcon_core.package_identification:_identify(myenv/lib/python3.12/site-packages/pip/_vendor) by extensions ['python_setup_py']
[0.408s] Level 1:colcon.colcon_core.package_identification:_identify(myenv/lib/python3.12/site-packages/pip/_vendor) by extension 'python_setup_py'
[0.408s] Level 1:colcon.colcon_core.package_identification:_identify(myenv/lib/python3.12/site-packages/pip/_vendor/__pycache__) by extensions ['ignore', 'ignore_ament_install']
[0.408s] Level 1:colcon.colcon_core.package_identification:_identify(myenv/lib/python3.12/site-packages/pip/_vendor/__pycache__) by extension 'ignore'
[0.409s] Level 1:colcon.colcon_core.package_identification:_identify(myenv/lib/python3.12/site-packages/pip/_vendor/__pycache__) by extension 'ignore_ament_install'
[0.409s] Level 1:colcon.colcon_core.package_identification:_identify(myenv/lib/python3.12/site-packages/pip/_vendor/__pycache__) by extensions ['colcon_pkg']
[0.409s] Level 1:colcon.colcon_core.package_identification:_identify(myenv/lib/python3.12/site-packages/pip/_vendor/__pycache__) by extension 'colcon_pkg'
[0.409s] Level 1:colcon.colcon_core.package_identification:_identify(myenv/lib/python3.12/site-packages/pip/_vendor/__pycache__) by extensions ['colcon_meta']
[0.409s] Level 1:colcon.colcon_core.package_identification:_identify(myenv/lib/python3.12/site-packages/pip/_vendor/__pycache__) by extension 'colcon_meta'
[0.409s] Level 1:colcon.colcon_core.package_identification:_identify(myenv/lib/python3.12/site-packages/pip/_vendor/__pycache__) by extensions ['ros']
[0.409s] Level 1:colcon.colcon_core.package_identification:_identify(myenv/lib/python3.12/site-packages/pip/_vendor/__pycache__) by extension 'ros'
[0.409s] Level 1:colcon.colcon_core.package_identification:_identify(myenv/lib/python3.12/site-packages/pip/_vendor/__pycache__) by extensions ['cmake', 'python']
[0.409s] Level 1:colcon.colcon_core.package_identification:_identify(myenv/lib/python3.12/site-packages/pip/_vendor/__pycache__) by extension 'cmake'
[0.409s] Level 1:colcon.colcon_core.package_identification:_identify(myenv/lib/python3.12/site-packages/pip/_vendor/__pycache__) by extension 'python'
[0.409s] Level 1:colcon.colcon_core.package_identification:_identify(myenv/lib/python3.12/site-packages/pip/_vendor/__pycache__) by extensions ['python_setup_py']
[0.409s] Level 1:colcon.colcon_core.package_identification:_identify(myenv/lib/python3.12/site-packages/pip/_vendor/__pycache__) by extension 'python_setup_py'
[0.409s] Level 1:colcon.colcon_core.package_identification:_identify(myenv/lib/python3.12/site-packages/pip/_vendor/cachecontrol) by extensions ['ignore', 'ignore_ament_install']
[0.409s] Level 1:colcon.colcon_core.package_identification:_identify(myenv/lib/python3.12/site-packages/pip/_vendor/cachecontrol) by extension 'ignore'
[0.410s] Level 1:colcon.colcon_core.package_identification:_identify(myenv/lib/python3.12/site-packages/pip/_vendor/cachecontrol) by extension 'ignore_ament_install'
[0.410s] Level 1:colcon.colcon_core.package_identification:_identify(myenv/lib/python3.12/site-packages/pip/_vendor/cachecontrol) by extensions ['colcon_pkg']
[0.410s] Level 1:colcon.colcon_core.package_identification:_identify(myenv/lib/python3.12/site-packages/pip/_vendor/cachecontrol) by extension 'colcon_pkg'
[0.410s] Level 1:colcon.colcon_core.package_identification:_identify(myenv/lib/python3.12/site-packages/pip/_vendor/cachecontrol) by extensions ['colcon_meta']
[0.410s] Level 1:colcon.colcon_core.package_identification:_identify(myenv/lib/python3.12/site-packages/pip/_vendor/cachecontrol) by extension 'colcon_meta'
[0.410s] Level 1:colcon.colcon_core.package_identification:_identify(myenv/lib/python3.12/site-packages/pip/_vendor/cachecontrol) by extensions ['ros']
[0.410s] Level 1:colcon.colcon_core.package_identification:_identify(myenv/lib/python3.12/site-packages/pip/_vendor/cachecontrol) by extension 'ros'
[0.410s] Level 1:colcon.colcon_core.package_identification:_identify(myenv/lib/python3.12/site-packages/pip/_vendor/cachecontrol) by extensions ['cmake', 'python']
[0.410s] Level 1:colcon.colcon_core.package_identification:_identify(myenv/lib/python3.12/site-packages/pip/_vendor/cachecontrol) by extension 'cmake'
[0.410s] Level 1:colcon.colcon_core.package_identification:_identify(myenv/lib/python3.12/site-packages/pip/_vendor/cachecontrol) by extension 'python'
[0.410s] Level 1:colcon.colcon_core.package_identification:_identify(myenv/lib/python3.12/site-packages/pip/_vendor/cachecontrol) by extensions ['python_setup_py']
[0.410s] Level 1:colcon.colcon_core.package_identification:_identify(myenv/lib/python3.12/site-packages/pip/_vendor/cachecontrol) by extension 'python_setup_py'
[0.410s] Level 1:colcon.colcon_core.package_identification:_identify(myenv/lib/python3.12/site-packages/pip/_vendor/cachecontrol/__pycache__) by extensions ['ignore', 'ignore_ament_install']
[0.410s] Level 1:colcon.colcon_core.package_identification:_identify(myenv/lib/python3.12/site-packages/pip/_vendor/cachecontrol/__pycache__) by extension 'ignore'
[0.411s] Level 1:colcon.colcon_core.package_identification:_identify(myenv/lib/python3.12/site-packages/pip/_vendor/cachecontrol/__pycache__) by extension 'ignore_ament_install'
[0.411s] Level 1:colcon.colcon_core.package_identification:_identify(myenv/lib/python3.12/site-packages/pip/_vendor/cachecontrol/__pycache__) by extensions ['colcon_pkg']
[0.411s] Level 1:colcon.colcon_core.package_identification:_identify(myenv/lib/python3.12/site-packages/pip/_vendor/cachecontrol/__pycache__) by extension 'colcon_pkg'
[0.411s] Level 1:colcon.colcon_core.package_identification:_identify(myenv/lib/python3.12/site-packages/pip/_vendor/cachecontrol/__pycache__) by extensions ['colcon_meta']
[0.411s] Level 1:colcon.colcon_core.package_identification:_identify(myenv/lib/python3.12/site-packages/pip/_vendor/cachecontrol/__pycache__) by extension 'colcon_meta'
[0.411s] Level 1:colcon.colcon_core.package_identification:_identify(myenv/lib/python3.12/site-packages/pip/_vendor/cachecontrol/__pycache__) by extensions ['ros']
[0.411s] Level 1:colcon.colcon_core.package_identification:_identify(myenv/lib/python3.12/site-packages/pip/_vendor/cachecontrol/__pycache__) by extension 'ros'
[0.411s] Level 1:colcon.colcon_core.package_identification:_identify(myenv/lib/python3.12/site-packages/pip/_vendor/cachecontrol/__pycache__) by extensions ['cmake', 'python']
[0.411s] Level 1:colcon.colcon_core.package_identification:_identify(myenv/lib/python3.12/site-packages/pip/_vendor/cachecontrol/__pycache__) by extension 'cmake'
[0.411s] Level 1:colcon.colcon_core.package_identification:_identify(myenv/lib/python3.12/site-packages/pip/_vendor/cachecontrol/__pycache__) by extension 'python'
[0.411s] Level 1:colcon.colcon_core.package_identification:_identify(myenv/lib/python3.12/site-packages/pip/_vendor/cachecontrol/__pycache__) by extensions ['python_setup_py']
[0.411s] Level 1:colcon.colcon_core.package_identification:_identify(myenv/lib/python3.12/site-packages/pip/_vendor/cachecontrol/__pycache__) by extension 'python_setup_py'
[0.411s] Level 1:colcon.colcon_core.package_identification:_identify(myenv/lib/python3.12/site-packages/pip/_vendor/cachecontrol/caches) by extensions ['ignore', 'ignore_ament_install']
[0.412s] Level 1:colcon.colcon_core.package_identification:_identify(myenv/lib/python3.12/site-packages/pip/_vendor/cachecontrol/caches) by extension 'ignore'
[0.412s] Level 1:colcon.colcon_core.package_identification:_identify(myenv/lib/python3.12/site-packages/pip/_vendor/cachecontrol/caches) by extension 'ignore_ament_install'
[0.412s] Level 1:colcon.colcon_core.package_identification:_identify(myenv/lib/python3.12/site-packages/pip/_vendor/cachecontrol/caches) by extensions ['colcon_pkg']
[0.412s] Level 1:colcon.colcon_core.package_identification:_identify(myenv/lib/python3.12/site-packages/pip/_vendor/cachecontrol/caches) by extension 'colcon_pkg'
[0.412s] Level 1:colcon.colcon_core.package_identification:_identify(myenv/lib/python3.12/site-packages/pip/_vendor/cachecontrol/caches) by extensions ['colcon_meta']
[0.412s] Level 1:colcon.colcon_core.package_identification:_identify(myenv/lib/python3.12/site-packages/pip/_vendor/cachecontrol/caches) by extension 'colcon_meta'
[0.412s] Level 1:colcon.colcon_core.package_identification:_identify(myenv/lib/python3.12/site-packages/pip/_vendor/cachecontrol/caches) by extensions ['ros']
[0.412s] Level 1:colcon.colcon_core.package_identification:_identify(myenv/lib/python3.12/site-packages/pip/_vendor/cachecontrol/caches) by extension 'ros'
[0.412s] Level 1:colcon.colcon_core.package_identification:_identify(myenv/lib/python3.12/site-packages/pip/_vendor/cachecontrol/caches) by extensions ['cmake', 'python']
[0.412s] Level 1:colcon.colcon_core.package_identification:_identify(myenv/lib/python3.12/site-packages/pip/_vendor/cachecontrol/caches) by extension 'cmake'
[0.412s] Level 1:colcon.colcon_core.package_identification:_identify(myenv/lib/python3.12/site-packages/pip/_vendor/cachecontrol/caches) by extension 'python'
[0.412s] Level 1:colcon.colcon_core.package_identification:_identify(myenv/lib/python3.12/site-packages/pip/_vendor/cachecontrol/caches) by extensions ['python_setup_py']
[0.412s] Level 1:colcon.colcon_core.package_identification:_identify(myenv/lib/python3.12/site-packages/pip/_vendor/cachecontrol/caches) by extension 'python_setup_py'
[0.412s] Level 1:colcon.colcon_core.package_identification:_identify(myenv/lib/python3.12/site-packages/pip/_vendor/cachecontrol/caches/__pycache__) by extensions ['ignore', 'ignore_ament_install']
[0.413s] Level 1:colcon.colcon_core.package_identification:_identify(myenv/lib/python3.12/site-packages/pip/_vendor/cachecontrol/caches/__pycache__) by extension 'ignore'
[0.413s] Level 1:colcon.colcon_core.package_identification:_identify(myenv/lib/python3.12/site-packages/pip/_vendor/cachecontrol/caches/__pycache__) by extension 'ignore_ament_install'
[0.413s] Level 1:colcon.colcon_core.package_identification:_identify(myenv/lib/python3.12/site-packages/pip/_vendor/cachecontrol/caches/__pycache__) by extensions ['colcon_pkg']
[0.413s] Level 1:colcon.colcon_core.package_identification:_identify(myenv/lib/python3.12/site-packages/pip/_vendor/cachecontrol/caches/__pycache__) by extension 'colcon_pkg'
[0.413s] Level 1:colcon.colcon_core.package_identification:_identify(myenv/lib/python3.12/site-packages/pip/_vendor/cachecontrol/caches/__pycache__) by extensions ['colcon_meta']
[0.413s] Level 1:colcon.colcon_core.package_identification:_identify(myenv/lib/python3.12/site-packages/pip/_vendor/cachecontrol/caches/__pycache__) by extension 'colcon_meta'
[0.413s] Level 1:colcon.colcon_core.package_identification:_identify(myenv/lib/python3.12/site-packages/pip/_vendor/cachecontrol/caches/__pycache__) by extensions ['ros']
[0.413s] Level 1:colcon.colcon_core.package_identification:_identify(myenv/lib/python3.12/site-packages/pip/_vendor/cachecontrol/caches/__pycache__) by extension 'ros'
[0.413s] Level 1:colcon.colcon_core.package_identification:_identify(myenv/lib/python3.12/site-packages/pip/_vendor/cachecontrol/caches/__pycache__) by extensions ['cmake', 'python']
[0.413s] Level 1:colcon.colcon_core.package_identification:_identify(myenv/lib/python3.12/site-packages/pip/_vendor/cachecontrol/caches/__pycache__) by extension 'cmake'
[0.413s] Level 1:colcon.colcon_core.package_identification:_identify(myenv/lib/python3.12/site-packages/pip/_vendor/cachecontrol/caches/__pycache__) by extension 'python'
[0.413s] Level 1:colcon.colcon_core.package_identification:_identify(myenv/lib/python3.12/site-packages/pip/_vendor/cachecontrol/caches/__pycache__) by extensions ['python_setup_py']
[0.413s] Level 1:colcon.colcon_core.package_identification:_identify(myenv/lib/python3.12/site-packages/pip/_vendor/cachecontrol/caches/__pycache__) by extension 'python_setup_py'
[0.414s] Level 1:colcon.colcon_core.package_identification:_identify(myenv/lib/python3.12/site-packages/pip/_vendor/certifi) by extensions ['ignore', 'ignore_ament_install']
[0.414s] Level 1:colcon.colcon_core.package_identification:_identify(myenv/lib/python3.12/site-packages/pip/_vendor/certifi) by extension 'ignore'
[0.414s] Level 1:colcon.colcon_core.package_identification:_identify(myenv/lib/python3.12/site-packages/pip/_vendor/certifi) by extension 'ignore_ament_install'
[0.414s] Level 1:colcon.colcon_core.package_identification:_identify(myenv/lib/python3.12/site-packages/pip/_vendor/certifi) by extensions ['colcon_pkg']
[0.414s] Level 1:colcon.colcon_core.package_identification:_identify(myenv/lib/python3.12/site-packages/pip/_vendor/certifi) by extension 'colcon_pkg'
[0.414s] Level 1:colcon.colcon_core.package_identification:_identify(myenv/lib/python3.12/site-packages/pip/_vendor/certifi) by extensions ['colcon_meta']
[0.414s] Level 1:colcon.colcon_core.package_identification:_identify(myenv/lib/python3.12/site-packages/pip/_vendor/certifi) by extension 'colcon_meta'
[0.414s] Level 1:colcon.colcon_core.package_identification:_identify(myenv/lib/python3.12/site-packages/pip/_vendor/certifi) by extensions ['ros']
[0.414s] Level 1:colcon.colcon_core.package_identification:_identify(myenv/lib/python3.12/site-packages/pip/_vendor/certifi) by extension 'ros'
[0.414s] Level 1:colcon.colcon_core.package_identification:_identify(myenv/lib/python3.12/site-packages/pip/_vendor/certifi) by extensions ['cmake', 'python']
[0.414s] Level 1:colcon.colcon_core.package_identification:_identify(myenv/lib/python3.12/site-packages/pip/_vendor/certifi) by extension 'cmake'
[0.414s] Level 1:colcon.colcon_core.package_identification:_identify(myenv/lib/python3.12/site-packages/pip/_vendor/certifi) by extension 'python'
[0.414s] Level 1:colcon.colcon_core.package_identification:_identify(myenv/lib/python3.12/site-packages/pip/_vendor/certifi) by extensions ['python_setup_py']
[0.414s] Level 1:colcon.colcon_core.package_identification:_identify(myenv/lib/python3.12/site-packages/pip/_vendor/certifi) by extension 'python_setup_py'
[0.415s] Level 1:colcon.colcon_core.package_identification:_identify(myenv/lib/python3.12/site-packages/pip/_vendor/certifi/__pycache__) by extensions ['ignore', 'ignore_ament_install']
[0.415s] Level 1:colcon.colcon_core.package_identification:_identify(myenv/lib/python3.12/site-packages/pip/_vendor/certifi/__pycache__) by extension 'ignore'
[0.415s] Level 1:colcon.colcon_core.package_identification:_identify(myenv/lib/python3.12/site-packages/pip/_vendor/certifi/__pycache__) by extension 'ignore_ament_install'
[0.415s] Level 1:colcon.colcon_core.package_identification:_identify(myenv/lib/python3.12/site-packages/pip/_vendor/certifi/__pycache__) by extensions ['colcon_pkg']
[0.415s] Level 1:colcon.colcon_core.package_identification:_identify(myenv/lib/python3.12/site-packages/pip/_vendor/certifi/__pycache__) by extension 'colcon_pkg'
[0.415s] Level 1:colcon.colcon_core.package_identification:_identify(myenv/lib/python3.12/site-packages/pip/_vendor/certifi/__pycache__) by extensions ['colcon_meta']
[0.415s] Level 1:colcon.colcon_core.package_identification:_identify(myenv/lib/python3.12/site-packages/pip/_vendor/certifi/__pycache__) by extension 'colcon_meta'
[0.415s] Level 1:colcon.colcon_core.package_identification:_identify(myenv/lib/python3.12/site-packages/pip/_vendor/certifi/__pycache__) by extensions ['ros']
[0.415s] Level 1:colcon.colcon_core.package_identification:_identify(myenv/lib/python3.12/site-packages/pip/_vendor/certifi/__pycache__) by extension 'ros'
[0.415s] Level 1:colcon.colcon_core.package_identification:_identify(myenv/lib/python3.12/site-packages/pip/_vendor/certifi/__pycache__) by extensions ['cmake', 'python']
[0.415s] Level 1:colcon.colcon_core.package_identification:_identify(myenv/lib/python3.12/site-packages/pip/_vendor/certifi/__pycache__) by extension 'cmake'
[0.415s] Level 1:colcon.colcon_core.package_identification:_identify(myenv/lib/python3.12/site-packages/pip/_vendor/certifi/__pycache__) by extension 'python'
[0.415s] Level 1:colcon.colcon_core.package_identification:_identify(myenv/lib/python3.12/site-packages/pip/_vendor/certifi/__pycache__) by extensions ['python_setup_py']
[0.415s] Level 1:colcon.colcon_core.package_identification:_identify(myenv/lib/python3.12/site-packages/pip/_vendor/certifi/__pycache__) by extension 'python_setup_py'
[0.416s] Level 1:colcon.colcon_core.package_identification:_identify(myenv/lib/python3.12/site-packages/pip/_vendor/dependency_groups) by extensions ['ignore', 'ignore_ament_install']
[0.416s] Level 1:colcon.colcon_core.package_identification:_identify(myenv/lib/python3.12/site-packages/pip/_vendor/dependency_groups) by extension 'ignore'
[0.416s] Level 1:colcon.colcon_core.package_identification:_identify(myenv/lib/python3.12/site-packages/pip/_vendor/dependency_groups) by extension 'ignore_ament_install'
[0.416s] Level 1:colcon.colcon_core.package_identification:_identify(myenv/lib/python3.12/site-packages/pip/_vendor/dependency_groups) by extensions ['colcon_pkg']
[0.416s] Level 1:colcon.colcon_core.package_identification:_identify(myenv/lib/python3.12/site-packages/pip/_vendor/dependency_groups) by extension 'colcon_pkg'
[0.416s] Level 1:colcon.colcon_core.package_identification:_identify(myenv/lib/python3.12/site-packages/pip/_vendor/dependency_groups) by extensions ['colcon_meta']
[0.416s] Level 1:colcon.colcon_core.package_identification:_identify(myenv/lib/python3.12/site-packages/pip/_vendor/dependency_groups) by extension 'colcon_meta'
[0.416s] Level 1:colcon.colcon_core.package_identification:_identify(myenv/lib/python3.12/site-packages/pip/_vendor/dependency_groups) by extensions ['ros']
[0.416s] Level 1:colcon.colcon_core.package_identification:_identify(myenv/lib/python3.12/site-packages/pip/_vendor/dependency_groups) by extension 'ros'
[0.416s] Level 1:colcon.colcon_core.package_identification:_identify(myenv/lib/python3.12/site-packages/pip/_vendor/dependency_groups) by extensions ['cmake', 'python']
[0.416s] Level 1:colcon.colcon_core.package_identification:_identify(myenv/lib/python3.12/site-packages/pip/_vendor/dependency_groups) by extension 'cmake'
[0.416s] Level 1:colcon.colcon_core.package_identification:_identify(myenv/lib/python3.12/site-packages/pip/_vendor/dependency_groups) by extension 'python'
[0.416s] Level 1:colcon.colcon_core.package_identification:_identify(myenv/lib/python3.12/site-packages/pip/_vendor/dependency_groups) by extensions ['python_setup_py']
[0.416s] Level 1:colcon.colcon_core.package_identification:_identify(myenv/lib/python3.12/site-packages/pip/_vendor/dependency_groups) by extension 'python_setup_py'
[0.417s] Level 1:colcon.colcon_core.package_identification:_identify(myenv/lib/python3.12/site-packages/pip/_vendor/dependency_groups/__pycache__) by extensions ['ignore', 'ignore_ament_install']
[0.417s] Level 1:colcon.colcon_core.package_identification:_identify(myenv/lib/python3.12/site-packages/pip/_vendor/dependency_groups/__pycache__) by extension 'ignore'
[0.417s] Level 1:colcon.colcon_core.package_identification:_identify(myenv/lib/python3.12/site-packages/pip/_vendor/dependency_groups/__pycache__) by extension 'ignore_ament_install'
[0.417s] Level 1:colcon.colcon_core.package_identification:_identify(myenv/lib/python3.12/site-packages/pip/_vendor/dependency_groups/__pycache__) by extensions ['colcon_pkg']
[0.417s] Level 1:colcon.colcon_core.package_identification:_identify(myenv/lib/python3.12/site-packages/pip/_vendor/dependency_groups/__pycache__) by extension 'colcon_pkg'
[0.417s] Level 1:colcon.colcon_core.package_identification:_identify(myenv/lib/python3.12/site-packages/pip/_vendor/dependency_groups/__pycache__) by extensions ['colcon_meta']
[0.417s] Level 1:colcon.colcon_core.package_identification:_identify(myenv/lib/python3.12/site-packages/pip/_vendor/dependency_groups/__pycache__) by extension 'colcon_meta'
[0.417s] Level 1:colcon.colcon_core.package_identification:_identify(myenv/lib/python3.12/site-packages/pip/_vendor/dependency_groups/__pycache__) by extensions ['ros']
[0.417s] Level 1:colcon.colcon_core.package_identification:_identify(myenv/lib/python3.12/site-packages/pip/_vendor/dependency_groups/__pycache__) by extension 'ros'
[0.417s] Level 1:colcon.colcon_core.package_identification:_identify(myenv/lib/python3.12/site-packages/pip/_vendor/dependency_groups/__pycache__) by extensions ['cmake', 'python']
[0.417s] Level 1:colcon.colcon_core.package_identification:_identify(myenv/lib/python3.12/site-packages/pip/_vendor/dependency_groups/__pycache__) by extension 'cmake'
[0.417s] Level 1:colcon.colcon_core.package_identification:_identify(myenv/lib/python3.12/site-packages/pip/_vendor/dependency_groups/__pycache__) by extension 'python'
[0.417s] Level 1:colcon.colcon_core.package_identification:_identify(myenv/lib/python3.12/site-packages/pip/_vendor/dependency_groups/__pycache__) by extensions ['python_setup_py']
[0.417s] Level 1:colcon.colcon_core.package_identification:_identify(myenv/lib/python3.12/site-packages/pip/_vendor/dependency_groups/__pycache__) by extension 'python_setup_py'
[0.418s] Level 1:colcon.colcon_core.package_identification:_identify(myenv/lib/python3.12/site-packages/pip/_vendor/distlib) by extensions ['ignore', 'ignore_ament_install']
[0.418s] Level 1:colcon.colcon_core.package_identification:_identify(myenv/lib/python3.12/site-packages/pip/_vendor/distlib) by extension 'ignore'
[0.418s] Level 1:colcon.colcon_core.package_identification:_identify(myenv/lib/python3.12/site-packages/pip/_vendor/distlib) by extension 'ignore_ament_install'
[0.418s] Level 1:colcon.colcon_core.package_identification:_identify(myenv/lib/python3.12/site-packages/pip/_vendor/distlib) by extensions ['colcon_pkg']
[0.418s] Level 1:colcon.colcon_core.package_identification:_identify(myenv/lib/python3.12/site-packages/pip/_vendor/distlib) by extension 'colcon_pkg'
[0.418s] Level 1:colcon.colcon_core.package_identification:_identify(myenv/lib/python3.12/site-packages/pip/_vendor/distlib) by extensions ['colcon_meta']
[0.418s] Level 1:colcon.colcon_core.package_identification:_identify(myenv/lib/python3.12/site-packages/pip/_vendor/distlib) by extension 'colcon_meta'
[0.418s] Level 1:colcon.colcon_core.package_identification:_identify(myenv/lib/python3.12/site-packages/pip/_vendor/distlib) by extensions ['ros']
[0.418s] Level 1:colcon.colcon_core.package_identification:_identify(myenv/lib/python3.12/site-packages/pip/_vendor/distlib) by extension 'ros'
[0.418s] Level 1:colcon.colcon_core.package_identification:_identify(myenv/lib/python3.12/site-packages/pip/_vendor/distlib) by extensions ['cmake', 'python']
[0.418s] Level 1:colcon.colcon_core.package_identification:_identify(myenv/lib/python3.12/site-packages/pip/_vendor/distlib) by extension 'cmake'
[0.418s] Level 1:colcon.colcon_core.package_identification:_identify(myenv/lib/python3.12/site-packages/pip/_vendor/distlib) by extension 'python'
[0.418s] Level 1:colcon.colcon_core.package_identification:_identify(myenv/lib/python3.12/site-packages/pip/_vendor/distlib) by extensions ['python_setup_py']
[0.418s] Level 1:colcon.colcon_core.package_identification:_identify(myenv/lib/python3.12/site-packages/pip/_vendor/distlib) by extension 'python_setup_py'
[0.419s] Level 1:colcon.colcon_core.package_identification:_identify(myenv/lib/python3.12/site-packages/pip/_vendor/distlib/__pycache__) by extensions ['ignore', 'ignore_ament_install']
[0.419s] Level 1:colcon.colcon_core.package_identification:_identify(myenv/lib/python3.12/site-packages/pip/_vendor/distlib/__pycache__) by extension 'ignore'
[0.419s] Level 1:colcon.colcon_core.package_identification:_identify(myenv/lib/python3.12/site-packages/pip/_vendor/distlib/__pycache__) by extension 'ignore_ament_install'
[0.419s] Level 1:colcon.colcon_core.package_identification:_identify(myenv/lib/python3.12/site-packages/pip/_vendor/distlib/__pycache__) by extensions ['colcon_pkg']
[0.419s] Level 1:colcon.colcon_core.package_identification:_identify(myenv/lib/python3.12/site-packages/pip/_vendor/distlib/__pycache__) by extension 'colcon_pkg'
[0.419s] Level 1:colcon.colcon_core.package_identification:_identify(myenv/lib/python3.12/site-packages/pip/_vendor/distlib/__pycache__) by extensions ['colcon_meta']
[0.419s] Level 1:colcon.colcon_core.package_identification:_identify(myenv/lib/python3.12/site-packages/pip/_vendor/distlib/__pycache__) by extension 'colcon_meta'
[0.419s] Level 1:colcon.colcon_core.package_identification:_identify(myenv/lib/python3.12/site-packages/pip/_vendor/distlib/__pycache__) by extensions ['ros']
[0.419s] Level 1:colcon.colcon_core.package_identification:_identify(myenv/lib/python3.12/site-packages/pip/_vendor/distlib/__pycache__) by extension 'ros'
[0.419s] Level 1:colcon.colcon_core.package_identification:_identify(myenv/lib/python3.12/site-packages/pip/_vendor/distlib/__pycache__) by extensions ['cmake', 'python']
[0.419s] Level 1:colcon.colcon_core.package_identification:_identify(myenv/lib/python3.12/site-packages/pip/_vendor/distlib/__pycache__) by extension 'cmake'
[0.419s] Level 1:colcon.colcon_core.package_identification:_identify(myenv/lib/python3.12/site-packages/pip/_vendor/distlib/__pycache__) by extension 'python'
[0.420s] Level 1:colcon.colcon_core.package_identification:_identify(myenv/lib/python3.12/site-packages/pip/_vendor/distlib/__pycache__) by extensions ['python_setup_py']
[0.420s] Level 1:colcon.colcon_core.package_identification:_identify(myenv/lib/python3.12/site-packages/pip/_vendor/distlib/__pycache__) by extension 'python_setup_py'
[0.420s] Level 1:colcon.colcon_core.package_identification:_identify(myenv/lib/python3.12/site-packages/pip/_vendor/distro) by extensions ['ignore', 'ignore_ament_install']
[0.420s] Level 1:colcon.colcon_core.package_identification:_identify(myenv/lib/python3.12/site-packages/pip/_vendor/distro) by extension 'ignore'
[0.420s] Level 1:colcon.colcon_core.package_identification:_identify(myenv/lib/python3.12/site-packages/pip/_vendor/distro) by extension 'ignore_ament_install'
[0.420s] Level 1:colcon.colcon_core.package_identification:_identify(myenv/lib/python3.12/site-packages/pip/_vendor/distro) by extensions ['colcon_pkg']
[0.420s] Level 1:colcon.colcon_core.package_identification:_identify(myenv/lib/python3.12/site-packages/pip/_vendor/distro) by extension 'colcon_pkg'
[0.420s] Level 1:colcon.colcon_core.package_identification:_identify(myenv/lib/python3.12/site-packages/pip/_vendor/distro) by extensions ['colcon_meta']
[0.420s] Level 1:colcon.colcon_core.package_identification:_identify(myenv/lib/python3.12/site-packages/pip/_vendor/distro) by extension 'colcon_meta'
[0.420s] Level 1:colcon.colcon_core.package_identification:_identify(myenv/lib/python3.12/site-packages/pip/_vendor/distro) by extensions ['ros']
[0.420s] Level 1:colcon.colcon_core.package_identification:_identify(myenv/lib/python3.12/site-packages/pip/_vendor/distro) by extension 'ros'
[0.420s] Level 1:colcon.colcon_core.package_identification:_identify(myenv/lib/python3.12/site-packages/pip/_vendor/distro) by extensions ['cmake', 'python']
[0.420s] Level 1:colcon.colcon_core.package_identification:_identify(myenv/lib/python3.12/site-packages/pip/_vendor/distro) by extension 'cmake'
[0.420s] Level 1:colcon.colcon_core.package_identification:_identify(myenv/lib/python3.12/site-packages/pip/_vendor/distro) by extension 'python'
[0.421s] Level 1:colcon.colcon_core.package_identification:_identify(myenv/lib/python3.12/site-packages/pip/_vendor/distro) by extensions ['python_setup_py']
[0.421s] Level 1:colcon.colcon_core.package_identification:_identify(myenv/lib/python3.12/site-packages/pip/_vendor/distro) by extension 'python_setup_py'
[0.421s] Level 1:colcon.colcon_core.package_identification:_identify(myenv/lib/python3.12/site-packages/pip/_vendor/distro/__pycache__) by extensions ['ignore', 'ignore_ament_install']
[0.421s] Level 1:colcon.colcon_core.package_identification:_identify(myenv/lib/python3.12/site-packages/pip/_vendor/distro/__pycache__) by extension 'ignore'
[0.421s] Level 1:colcon.colcon_core.package_identification:_identify(myenv/lib/python3.12/site-packages/pip/_vendor/distro/__pycache__) by extension 'ignore_ament_install'
[0.421s] Level 1:colcon.colcon_core.package_identification:_identify(myenv/lib/python3.12/site-packages/pip/_vendor/distro/__pycache__) by extensions ['colcon_pkg']
[0.421s] Level 1:colcon.colcon_core.package_identification:_identify(myenv/lib/python3.12/site-packages/pip/_vendor/distro/__pycache__) by extension 'colcon_pkg'
[0.421s] Level 1:colcon.colcon_core.package_identification:_identify(myenv/lib/python3.12/site-packages/pip/_vendor/distro/__pycache__) by extensions ['colcon_meta']
[0.421s] Level 1:colcon.colcon_core.package_identification:_identify(myenv/lib/python3.12/site-packages/pip/_vendor/distro/__pycache__) by extension 'colcon_meta'
[0.421s] Level 1:colcon.colcon_core.package_identification:_identify(myenv/lib/python3.12/site-packages/pip/_vendor/distro/__pycache__) by extensions ['ros']
[0.421s] Level 1:colcon.colcon_core.package_identification:_identify(myenv/lib/python3.12/site-packages/pip/_vendor/distro/__pycache__) by extension 'ros'
[0.421s] Level 1:colcon.colcon_core.package_identification:_identify(myenv/lib/python3.12/site-packages/pip/_vendor/distro/__pycache__) by extensions ['cmake', 'python']
[0.421s] Level 1:colcon.colcon_core.package_identification:_identify(myenv/lib/python3.12/site-packages/pip/_vendor/distro/__pycache__) by extension 'cmake'
[0.421s] Level 1:colcon.colcon_core.package_identification:_identify(myenv/lib/python3.12/site-packages/pip/_vendor/distro/__pycache__) by extension 'python'
[0.422s] Level 1:colcon.colcon_core.package_identification:_identify(myenv/lib/python3.12/site-packages/pip/_vendor/distro/__pycache__) by extensions ['python_setup_py']
[0.422s] Level 1:colcon.colcon_core.package_identification:_identify(myenv/lib/python3.12/site-packages/pip/_vendor/distro/__pycache__) by extension 'python_setup_py'
[0.422s] Level 1:colcon.colcon_core.package_identification:_identify(myenv/lib/python3.12/site-packages/pip/_vendor/idna) by extensions ['ignore', 'ignore_ament_install']
[0.422s] Level 1:colcon.colcon_core.package_identification:_identify(myenv/lib/python3.12/site-packages/pip/_vendor/idna) by extension 'ignore'
[0.422s] Level 1:colcon.colcon_core.package_identification:_identify(myenv/lib/python3.12/site-packages/pip/_vendor/idna) by extension 'ignore_ament_install'
[0.422s] Level 1:colcon.colcon_core.package_identification:_identify(myenv/lib/python3.12/site-packages/pip/_vendor/idna) by extensions ['colcon_pkg']
[0.422s] Level 1:colcon.colcon_core.package_identification:_identify(myenv/lib/python3.12/site-packages/pip/_vendor/idna) by extension 'colcon_pkg'
[0.422s] Level 1:colcon.colcon_core.package_identification:_identify(myenv/lib/python3.12/site-packages/pip/_vendor/idna) by extensions ['colcon_meta']
[0.422s] Level 1:colcon.colcon_core.package_identification:_identify(myenv/lib/python3.12/site-packages/pip/_vendor/idna) by extension 'colcon_meta'
[0.422s] Level 1:colcon.colcon_core.package_identification:_identify(myenv/lib/python3.12/site-packages/pip/_vendor/idna) by extensions ['ros']
[0.422s] Level 1:colcon.colcon_core.package_identification:_identify(myenv/lib/python3.12/site-packages/pip/_vendor/idna) by extension 'ros'
[0.422s] Level 1:colcon.colcon_core.package_identification:_identify(myenv/lib/python3.12/site-packages/pip/_vendor/idna) by extensions ['cmake', 'python']
[0.422s] Level 1:colcon.colcon_core.package_identification:_identify(myenv/lib/python3.12/site-packages/pip/_vendor/idna) by extension 'cmake'
[0.422s] Level 1:colcon.colcon_core.package_identification:_identify(myenv/lib/python3.12/site-packages/pip/_vendor/idna) by extension 'python'
[0.423s] Level 1:colcon.colcon_core.package_identification:_identify(myenv/lib/python3.12/site-packages/pip/_vendor/idna) by extensions ['python_setup_py']
[0.423s] Level 1:colcon.colcon_core.package_identification:_identify(myenv/lib/python3.12/site-packages/pip/_vendor/idna) by extension 'python_setup_py'
[0.423s] Level 1:colcon.colcon_core.package_identification:_identify(myenv/lib/python3.12/site-packages/pip/_vendor/idna/__pycache__) by extensions ['ignore', 'ignore_ament_install']
[0.423s] Level 1:colcon.colcon_core.package_identification:_identify(myenv/lib/python3.12/site-packages/pip/_vendor/idna/__pycache__) by extension 'ignore'
[0.423s] Level 1:colcon.colcon_core.package_identification:_identify(myenv/lib/python3.12/site-packages/pip/_vendor/idna/__pycache__) by extension 'ignore_ament_install'
[0.423s] Level 1:colcon.colcon_core.package_identification:_identify(myenv/lib/python3.12/site-packages/pip/_vendor/idna/__pycache__) by extensions ['colcon_pkg']
[0.423s] Level 1:colcon.colcon_core.package_identification:_identify(myenv/lib/python3.12/site-packages/pip/_vendor/idna/__pycache__) by extension 'colcon_pkg'
[0.423s] Level 1:colcon.colcon_core.package_identification:_identify(myenv/lib/python3.12/site-packages/pip/_vendor/idna/__pycache__) by extensions ['colcon_meta']
[0.423s] Level 1:colcon.colcon_core.package_identification:_identify(myenv/lib/python3.12/site-packages/pip/_vendor/idna/__pycache__) by extension 'colcon_meta'
[0.423s] Level 1:colcon.colcon_core.package_identification:_identify(myenv/lib/python3.12/site-packages/pip/_vendor/idna/__pycache__) by extensions ['ros']
[0.423s] Level 1:colcon.colcon_core.package_identification:_identify(myenv/lib/python3.12/site-packages/pip/_vendor/idna/__pycache__) by extension 'ros'
[0.423s] Level 1:colcon.colcon_core.package_identification:_identify(myenv/lib/python3.12/site-packages/pip/_vendor/idna/__pycache__) by extensions ['cmake', 'python']
[0.423s] Level 1:colcon.colcon_core.package_identification:_identify(myenv/lib/python3.12/site-packages/pip/_vendor/idna/__pycache__) by extension 'cmake'
[0.424s] Level 1:colcon.colcon_core.package_identification:_identify(myenv/lib/python3.12/site-packages/pip/_vendor/idna/__pycache__) by extension 'python'
[0.424s] Level 1:colcon.colcon_core.package_identification:_identify(myenv/lib/python3.12/site-packages/pip/_vendor/idna/__pycache__) by extensions ['python_setup_py']
[0.424s] Level 1:colcon.colcon_core.package_identification:_identify(myenv/lib/python3.12/site-packages/pip/_vendor/idna/__pycache__) by extension 'python_setup_py'
[0.424s] Level 1:colcon.colcon_core.package_identification:_identify(myenv/lib/python3.12/site-packages/pip/_vendor/msgpack) by extensions ['ignore', 'ignore_ament_install']
[0.424s] Level 1:colcon.colcon_core.package_identification:_identify(myenv/lib/python3.12/site-packages/pip/_vendor/msgpack) by extension 'ignore'
[0.424s] Level 1:colcon.colcon_core.package_identification:_identify(myenv/lib/python3.12/site-packages/pip/_vendor/msgpack) by extension 'ignore_ament_install'
[0.424s] Level 1:colcon.colcon_core.package_identification:_identify(myenv/lib/python3.12/site-packages/pip/_vendor/msgpack) by extensions ['colcon_pkg']
[0.424s] Level 1:colcon.colcon_core.package_identification:_identify(myenv/lib/python3.12/site-packages/pip/_vendor/msgpack) by extension 'colcon_pkg'
[0.424s] Level 1:colcon.colcon_core.package_identification:_identify(myenv/lib/python3.12/site-packages/pip/_vendor/msgpack) by extensions ['colcon_meta']
[0.424s] Level 1:colcon.colcon_core.package_identification:_identify(myenv/lib/python3.12/site-packages/pip/_vendor/msgpack) by extension 'colcon_meta'
[0.424s] Level 1:colcon.colcon_core.package_identification:_identify(myenv/lib/python3.12/site-packages/pip/_vendor/msgpack) by extensions ['ros']
[0.424s] Level 1:colcon.colcon_core.package_identification:_identify(myenv/lib/python3.12/site-packages/pip/_vendor/msgpack) by extension 'ros'
[0.424s] Level 1:colcon.colcon_core.package_identification:_identify(myenv/lib/python3.12/site-packages/pip/_vendor/msgpack) by extensions ['cmake', 'python']
[0.424s] Level 1:colcon.colcon_core.package_identification:_identify(myenv/lib/python3.12/site-packages/pip/_vendor/msgpack) by extension 'cmake'
[0.425s] Level 1:colcon.colcon_core.package_identification:_identify(myenv/lib/python3.12/site-packages/pip/_vendor/msgpack) by extension 'python'
[0.425s] Level 1:colcon.colcon_core.package_identification:_identify(myenv/lib/python3.12/site-packages/pip/_vendor/msgpack) by extensions ['python_setup_py']
[0.425s] Level 1:colcon.colcon_core.package_identification:_identify(myenv/lib/python3.12/site-packages/pip/_vendor/msgpack) by extension 'python_setup_py'
[0.425s] Level 1:colcon.colcon_core.package_identification:_identify(myenv/lib/python3.12/site-packages/pip/_vendor/msgpack/__pycache__) by extensions ['ignore', 'ignore_ament_install']
[0.425s] Level 1:colcon.colcon_core.package_identification:_identify(myenv/lib/python3.12/site-packages/pip/_vendor/msgpack/__pycache__) by extension 'ignore'
[0.425s] Level 1:colcon.colcon_core.package_identification:_identify(myenv/lib/python3.12/site-packages/pip/_vendor/msgpack/__pycache__) by extension 'ignore_ament_install'
[0.425s] Level 1:colcon.colcon_core.package_identification:_identify(myenv/lib/python3.12/site-packages/pip/_vendor/msgpack/__pycache__) by extensions ['colcon_pkg']
[0.425s] Level 1:colcon.colcon_core.package_identification:_identify(myenv/lib/python3.12/site-packages/pip/_vendor/msgpack/__pycache__) by extension 'colcon_pkg'
[0.425s] Level 1:colcon.colcon_core.package_identification:_identify(myenv/lib/python3.12/site-packages/pip/_vendor/msgpack/__pycache__) by extensions ['colcon_meta']
[0.425s] Level 1:colcon.colcon_core.package_identification:_identify(myenv/lib/python3.12/site-packages/pip/_vendor/msgpack/__pycache__) by extension 'colcon_meta'
[0.425s] Level 1:colcon.colcon_core.package_identification:_identify(myenv/lib/python3.12/site-packages/pip/_vendor/msgpack/__pycache__) by extensions ['ros']
[0.425s] Level 1:colcon.colcon_core.package_identification:_identify(myenv/lib/python3.12/site-packages/pip/_vendor/msgpack/__pycache__) by extension 'ros'
[0.425s] Level 1:colcon.colcon_core.package_identification:_identify(myenv/lib/python3.12/site-packages/pip/_vendor/msgpack/__pycache__) by extensions ['cmake', 'python']
[0.425s] Level 1:colcon.colcon_core.package_identification:_identify(myenv/lib/python3.12/site-packages/pip/_vendor/msgpack/__pycache__) by extension 'cmake'
[0.426s] Level 1:colcon.colcon_core.package_identification:_identify(myenv/lib/python3.12/site-packages/pip/_vendor/msgpack/__pycache__) by extension 'python'
[0.426s] Level 1:colcon.colcon_core.package_identification:_identify(myenv/lib/python3.12/site-packages/pip/_vendor/msgpack/__pycache__) by extensions ['python_setup_py']
[0.426s] Level 1:colcon.colcon_core.package_identification:_identify(myenv/lib/python3.12/site-packages/pip/_vendor/msgpack/__pycache__) by extension 'python_setup_py'
[0.426s] Level 1:colcon.colcon_core.package_identification:_identify(myenv/lib/python3.12/site-packages/pip/_vendor/packaging) by extensions ['ignore', 'ignore_ament_install']
[0.426s] Level 1:colcon.colcon_core.package_identification:_identify(myenv/lib/python3.12/site-packages/pip/_vendor/packaging) by extension 'ignore'
[0.426s] Level 1:colcon.colcon_core.package_identification:_identify(myenv/lib/python3.12/site-packages/pip/_vendor/packaging) by extension 'ignore_ament_install'
[0.426s] Level 1:colcon.colcon_core.package_identification:_identify(myenv/lib/python3.12/site-packages/pip/_vendor/packaging) by extensions ['colcon_pkg']
[0.426s] Level 1:colcon.colcon_core.package_identification:_identify(myenv/lib/python3.12/site-packages/pip/_vendor/packaging) by extension 'colcon_pkg'
[0.426s] Level 1:colcon.colcon_core.package_identification:_identify(myenv/lib/python3.12/site-packages/pip/_vendor/packaging) by extensions ['colcon_meta']
[0.426s] Level 1:colcon.colcon_core.package_identification:_identify(myenv/lib/python3.12/site-packages/pip/_vendor/packaging) by extension 'colcon_meta'
[0.426s] Level 1:colcon.colcon_core.package_identification:_identify(myenv/lib/python3.12/site-packages/pip/_vendor/packaging) by extensions ['ros']
[0.426s] Level 1:colcon.colcon_core.package_identification:_identify(myenv/lib/python3.12/site-packages/pip/_vendor/packaging) by extension 'ros'
[0.426s] Level 1:colcon.colcon_core.package_identification:_identify(myenv/lib/python3.12/site-packages/pip/_vendor/packaging) by extensions ['cmake', 'python']
[0.427s] Level 1:colcon.colcon_core.package_identification:_identify(myenv/lib/python3.12/site-packages/pip/_vendor/packaging) by extension 'cmake'
[0.427s] Level 1:colcon.colcon_core.package_identification:_identify(myenv/lib/python3.12/site-packages/pip/_vendor/packaging) by extension 'python'
[0.427s] Level 1:colcon.colcon_core.package_identification:_identify(myenv/lib/python3.12/site-packages/pip/_vendor/packaging) by extensions ['python_setup_py']
[0.427s] Level 1:colcon.colcon_core.package_identification:_identify(myenv/lib/python3.12/site-packages/pip/_vendor/packaging) by extension 'python_setup_py'
[0.427s] Level 1:colcon.colcon_core.package_identification:_identify(myenv/lib/python3.12/site-packages/pip/_vendor/packaging/__pycache__) by extensions ['ignore', 'ignore_ament_install']
[0.427s] Level 1:colcon.colcon_core.package_identification:_identify(myenv/lib/python3.12/site-packages/pip/_vendor/packaging/__pycache__) by extension 'ignore'
[0.427s] Level 1:colcon.colcon_core.package_identification:_identify(myenv/lib/python3.12/site-packages/pip/_vendor/packaging/__pycache__) by extension 'ignore_ament_install'
[0.427s] Level 1:colcon.colcon_core.package_identification:_identify(myenv/lib/python3.12/site-packages/pip/_vendor/packaging/__pycache__) by extensions ['colcon_pkg']
[0.427s] Level 1:colcon.colcon_core.package_identification:_identify(myenv/lib/python3.12/site-packages/pip/_vendor/packaging/__pycache__) by extension 'colcon_pkg'
[0.427s] Level 1:colcon.colcon_core.package_identification:_identify(myenv/lib/python3.12/site-packages/pip/_vendor/packaging/__pycache__) by extensions ['colcon_meta']
[0.427s] Level 1:colcon.colcon_core.package_identification:_identify(myenv/lib/python3.12/site-packages/pip/_vendor/packaging/__pycache__) by extension 'colcon_meta'
[0.427s] Level 1:colcon.colcon_core.package_identification:_identify(myenv/lib/python3.12/site-packages/pip/_vendor/packaging/__pycache__) by extensions ['ros']
[0.427s] Level 1:colcon.colcon_core.package_identification:_identify(myenv/lib/python3.12/site-packages/pip/_vendor/packaging/__pycache__) by extension 'ros'
[0.428s] Level 1:colcon.colcon_core.package_identification:_identify(myenv/lib/python3.12/site-packages/pip/_vendor/packaging/__pycache__) by extensions ['cmake', 'python']
[0.428s] Level 1:colcon.colcon_core.package_identification:_identify(myenv/lib/python3.12/site-packages/pip/_vendor/packaging/__pycache__) by extension 'cmake'
[0.428s] Level 1:colcon.colcon_core.package_identification:_identify(myenv/lib/python3.12/site-packages/pip/_vendor/packaging/__pycache__) by extension 'python'
[0.428s] Level 1:colcon.colcon_core.package_identification:_identify(myenv/lib/python3.12/site-packages/pip/_vendor/packaging/__pycache__) by extensions ['python_setup_py']
[0.428s] Level 1:colcon.colcon_core.package_identification:_identify(myenv/lib/python3.12/site-packages/pip/_vendor/packaging/__pycache__) by extension 'python_setup_py'
[0.428s] Level 1:colcon.colcon_core.package_identification:_identify(myenv/lib/python3.12/site-packages/pip/_vendor/packaging/licenses) by extensions ['ignore', 'ignore_ament_install']
[0.428s] Level 1:colcon.colcon_core.package_identification:_identify(myenv/lib/python3.12/site-packages/pip/_vendor/packaging/licenses) by extension 'ignore'
[0.428s] Level 1:colcon.colcon_core.package_identification:_identify(myenv/lib/python3.12/site-packages/pip/_vendor/packaging/licenses) by extension 'ignore_ament_install'
[0.428s] Level 1:colcon.colcon_core.package_identification:_identify(myenv/lib/python3.12/site-packages/pip/_vendor/packaging/licenses) by extensions ['colcon_pkg']
[0.428s] Level 1:colcon.colcon_core.package_identification:_identify(myenv/lib/python3.12/site-packages/pip/_vendor/packaging/licenses) by extension 'colcon_pkg'
[0.428s] Level 1:colcon.colcon_core.package_identification:_identify(myenv/lib/python3.12/site-packages/pip/_vendor/packaging/licenses) by extensions ['colcon_meta']
[0.428s] Level 1:colcon.colcon_core.package_identification:_identify(myenv/lib/python3.12/site-packages/pip/_vendor/packaging/licenses) by extension 'colcon_meta'
[0.428s] Level 1:colcon.colcon_core.package_identification:_identify(myenv/lib/python3.12/site-packages/pip/_vendor/packaging/licenses) by extensions ['ros']
[0.428s] Level 1:colcon.colcon_core.package_identification:_identify(myenv/lib/python3.12/site-packages/pip/_vendor/packaging/licenses) by extension 'ros'
[0.429s] Level 1:colcon.colcon_core.package_identification:_identify(myenv/lib/python3.12/site-packages/pip/_vendor/packaging/licenses) by extensions ['cmake', 'python']
[0.429s] Level 1:colcon.colcon_core.package_identification:_identify(myenv/lib/python3.12/site-packages/pip/_vendor/packaging/licenses) by extension 'cmake'
[0.429s] Level 1:colcon.colcon_core.package_identification:_identify(myenv/lib/python3.12/site-packages/pip/_vendor/packaging/licenses) by extension 'python'
[0.429s] Level 1:colcon.colcon_core.package_identification:_identify(myenv/lib/python3.12/site-packages/pip/_vendor/packaging/licenses) by extensions ['python_setup_py']
[0.429s] Level 1:colcon.colcon_core.package_identification:_identify(myenv/lib/python3.12/site-packages/pip/_vendor/packaging/licenses) by extension 'python_setup_py'
[0.429s] Level 1:colcon.colcon_core.package_identification:_identify(myenv/lib/python3.12/site-packages/pip/_vendor/packaging/licenses/__pycache__) by extensions ['ignore', 'ignore_ament_install']
[0.429s] Level 1:colcon.colcon_core.package_identification:_identify(myenv/lib/python3.12/site-packages/pip/_vendor/packaging/licenses/__pycache__) by extension 'ignore'
[0.429s] Level 1:colcon.colcon_core.package_identification:_identify(myenv/lib/python3.12/site-packages/pip/_vendor/packaging/licenses/__pycache__) by extension 'ignore_ament_install'
[0.429s] Level 1:colcon.colcon_core.package_identification:_identify(myenv/lib/python3.12/site-packages/pip/_vendor/packaging/licenses/__pycache__) by extensions ['colcon_pkg']
[0.429s] Level 1:colcon.colcon_core.package_identification:_identify(myenv/lib/python3.12/site-packages/pip/_vendor/packaging/licenses/__pycache__) by extension 'colcon_pkg'
[0.429s] Level 1:colcon.colcon_core.package_identification:_identify(myenv/lib/python3.12/site-packages/pip/_vendor/packaging/licenses/__pycache__) by extensions ['colcon_meta']
[0.429s] Level 1:colcon.colcon_core.package_identification:_identify(myenv/lib/python3.12/site-packages/pip/_vendor/packaging/licenses/__pycache__) by extension 'colcon_meta'
[0.429s] Level 1:colcon.colcon_core.package_identification:_identify(myenv/lib/python3.12/site-packages/pip/_vendor/packaging/licenses/__pycache__) by extensions ['ros']
[0.430s] Level 1:colcon.colcon_core.package_identification:_identify(myenv/lib/python3.12/site-packages/pip/_vendor/packaging/licenses/__pycache__) by extension 'ros'
[0.430s] Level 1:colcon.colcon_core.package_identification:_identify(myenv/lib/python3.12/site-packages/pip/_vendor/packaging/licenses/__pycache__) by extensions ['cmake', 'python']
[0.430s] Level 1:colcon.colcon_core.package_identification:_identify(myenv/lib/python3.12/site-packages/pip/_vendor/packaging/licenses/__pycache__) by extension 'cmake'
[0.430s] Level 1:colcon.colcon_core.package_identification:_identify(myenv/lib/python3.12/site-packages/pip/_vendor/packaging/licenses/__pycache__) by extension 'python'
[0.430s] Level 1:colcon.colcon_core.package_identification:_identify(myenv/lib/python3.12/site-packages/pip/_vendor/packaging/licenses/__pycache__) by extensions ['python_setup_py']
[0.430s] Level 1:colcon.colcon_core.package_identification:_identify(myenv/lib/python3.12/site-packages/pip/_vendor/packaging/licenses/__pycache__) by extension 'python_setup_py'
[0.430s] Level 1:colcon.colcon_core.package_identification:_identify(myenv/lib/python3.12/site-packages/pip/_vendor/pkg_resources) by extensions ['ignore', 'ignore_ament_install']
[0.430s] Level 1:colcon.colcon_core.package_identification:_identify(myenv/lib/python3.12/site-packages/pip/_vendor/pkg_resources) by extension 'ignore'
[0.430s] Level 1:colcon.colcon_core.package_identification:_identify(myenv/lib/python3.12/site-packages/pip/_vendor/pkg_resources) by extension 'ignore_ament_install'
[0.430s] Level 1:colcon.colcon_core.package_identification:_identify(myenv/lib/python3.12/site-packages/pip/_vendor/pkg_resources) by extensions ['colcon_pkg']
[0.430s] Level 1:colcon.colcon_core.package_identification:_identify(myenv/lib/python3.12/site-packages/pip/_vendor/pkg_resources) by extension 'colcon_pkg'
[0.430s] Level 1:colcon.colcon_core.package_identification:_identify(myenv/lib/python3.12/site-packages/pip/_vendor/pkg_resources) by extensions ['colcon_meta']
[0.430s] Level 1:colcon.colcon_core.package_identification:_identify(myenv/lib/python3.12/site-packages/pip/_vendor/pkg_resources) by extension 'colcon_meta'
[0.431s] Level 1:colcon.colcon_core.package_identification:_identify(myenv/lib/python3.12/site-packages/pip/_vendor/pkg_resources) by extensions ['ros']
[0.431s] Level 1:colcon.colcon_core.package_identification:_identify(myenv/lib/python3.12/site-packages/pip/_vendor/pkg_resources) by extension 'ros'
[0.431s] Level 1:colcon.colcon_core.package_identification:_identify(myenv/lib/python3.12/site-packages/pip/_vendor/pkg_resources) by extensions ['cmake', 'python']
[0.431s] Level 1:colcon.colcon_core.package_identification:_identify(myenv/lib/python3.12/site-packages/pip/_vendor/pkg_resources) by extension 'cmake'
[0.431s] Level 1:colcon.colcon_core.package_identification:_identify(myenv/lib/python3.12/site-packages/pip/_vendor/pkg_resources) by extension 'python'
[0.431s] Level 1:colcon.colcon_core.package_identification:_identify(myenv/lib/python3.12/site-packages/pip/_vendor/pkg_resources) by extensions ['python_setup_py']
[0.431s] Level 1:colcon.colcon_core.package_identification:_identify(myenv/lib/python3.12/site-packages/pip/_vendor/pkg_resources) by extension 'python_setup_py'
[0.431s] Level 1:colcon.colcon_core.package_identification:_identify(myenv/lib/python3.12/site-packages/pip/_vendor/pkg_resources/__pycache__) by extensions ['ignore', 'ignore_ament_install']
[0.431s] Level 1:colcon.colcon_core.package_identification:_identify(myenv/lib/python3.12/site-packages/pip/_vendor/pkg_resources/__pycache__) by extension 'ignore'
[0.431s] Level 1:colcon.colcon_core.package_identification:_identify(myenv/lib/python3.12/site-packages/pip/_vendor/pkg_resources/__pycache__) by extension 'ignore_ament_install'
[0.431s] Level 1:colcon.colcon_core.package_identification:_identify(myenv/lib/python3.12/site-packages/pip/_vendor/pkg_resources/__pycache__) by extensions ['colcon_pkg']
[0.431s] Level 1:colcon.colcon_core.package_identification:_identify(myenv/lib/python3.12/site-packages/pip/_vendor/pkg_resources/__pycache__) by extension 'colcon_pkg'
[0.431s] Level 1:colcon.colcon_core.package_identification:_identify(myenv/lib/python3.12/site-packages/pip/_vendor/pkg_resources/__pycache__) by extensions ['colcon_meta']
[0.431s] Level 1:colcon.colcon_core.package_identification:_identify(myenv/lib/python3.12/site-packages/pip/_vendor/pkg_resources/__pycache__) by extension 'colcon_meta'
[0.432s] Level 1:colcon.colcon_core.package_identification:_identify(myenv/lib/python3.12/site-packages/pip/_vendor/pkg_resources/__pycache__) by extensions ['ros']
[0.432s] Level 1:colcon.colcon_core.package_identification:_identify(myenv/lib/python3.12/site-packages/pip/_vendor/pkg_resources/__pycache__) by extension 'ros'
[0.432s] Level 1:colcon.colcon_core.package_identification:_identify(myenv/lib/python3.12/site-packages/pip/_vendor/pkg_resources/__pycache__) by extensions ['cmake', 'python']
[0.432s] Level 1:colcon.colcon_core.package_identification:_identify(myenv/lib/python3.12/site-packages/pip/_vendor/pkg_resources/__pycache__) by extension 'cmake'
[0.432s] Level 1:colcon.colcon_core.package_identification:_identify(myenv/lib/python3.12/site-packages/pip/_vendor/pkg_resources/__pycache__) by extension 'python'
[0.432s] Level 1:colcon.colcon_core.package_identification:_identify(myenv/lib/python3.12/site-packages/pip/_vendor/pkg_resources/__pycache__) by extensions ['python_setup_py']
[0.432s] Level 1:colcon.colcon_core.package_identification:_identify(myenv/lib/python3.12/site-packages/pip/_vendor/pkg_resources/__pycache__) by extension 'python_setup_py'
[0.432s] Level 1:colcon.colcon_core.package_identification:_identify(myenv/lib/python3.12/site-packages/pip/_vendor/platformdirs) by extensions ['ignore', 'ignore_ament_install']
[0.432s] Level 1:colcon.colcon_core.package_identification:_identify(myenv/lib/python3.12/site-packages/pip/_vendor/platformdirs) by extension 'ignore'
[0.432s] Level 1:colcon.colcon_core.package_identification:_identify(myenv/lib/python3.12/site-packages/pip/_vendor/platformdirs) by extension 'ignore_ament_install'
[0.432s] Level 1:colcon.colcon_core.package_identification:_identify(myenv/lib/python3.12/site-packages/pip/_vendor/platformdirs) by extensions ['colcon_pkg']
[0.432s] Level 1:colcon.colcon_core.package_identification:_identify(myenv/lib/python3.12/site-packages/pip/_vendor/platformdirs) by extension 'colcon_pkg'
[0.432s] Level 1:colcon.colcon_core.package_identification:_identify(myenv/lib/python3.12/site-packages/pip/_vendor/platformdirs) by extensions ['colcon_meta']
[0.432s] Level 1:colcon.colcon_core.package_identification:_identify(myenv/lib/python3.12/site-packages/pip/_vendor/platformdirs) by extension 'colcon_meta'
[0.433s] Level 1:colcon.colcon_core.package_identification:_identify(myenv/lib/python3.12/site-packages/pip/_vendor/platformdirs) by extensions ['ros']
[0.433s] Level 1:colcon.colcon_core.package_identification:_identify(myenv/lib/python3.12/site-packages/pip/_vendor/platformdirs) by extension 'ros'
[0.433s] Level 1:colcon.colcon_core.package_identification:_identify(myenv/lib/python3.12/site-packages/pip/_vendor/platformdirs) by extensions ['cmake', 'python']
[0.433s] Level 1:colcon.colcon_core.package_identification:_identify(myenv/lib/python3.12/site-packages/pip/_vendor/platformdirs) by extension 'cmake'
[0.433s] Level 1:colcon.colcon_core.package_identification:_identify(myenv/lib/python3.12/site-packages/pip/_vendor/platformdirs) by extension 'python'
[0.433s] Level 1:colcon.colcon_core.package_identification:_identify(myenv/lib/python3.12/site-packages/pip/_vendor/platformdirs) by extensions ['python_setup_py']
[0.433s] Level 1:colcon.colcon_core.package_identification:_identify(myenv/lib/python3.12/site-packages/pip/_vendor/platformdirs) by extension 'python_setup_py'
[0.433s] Level 1:colcon.colcon_core.package_identification:_identify(myenv/lib/python3.12/site-packages/pip/_vendor/platformdirs/__pycache__) by extensions ['ignore', 'ignore_ament_install']
[0.433s] Level 1:colcon.colcon_core.package_identification:_identify(myenv/lib/python3.12/site-packages/pip/_vendor/platformdirs/__pycache__) by extension 'ignore'
[0.433s] Level 1:colcon.colcon_core.package_identification:_identify(myenv/lib/python3.12/site-packages/pip/_vendor/platformdirs/__pycache__) by extension 'ignore_ament_install'
[0.433s] Level 1:colcon.colcon_core.package_identification:_identify(myenv/lib/python3.12/site-packages/pip/_vendor/platformdirs/__pycache__) by extensions ['colcon_pkg']
[0.433s] Level 1:colcon.colcon_core.package_identification:_identify(myenv/lib/python3.12/site-packages/pip/_vendor/platformdirs/__pycache__) by extension 'colcon_pkg'
[0.433s] Level 1:colcon.colcon_core.package_identification:_identify(myenv/lib/python3.12/site-packages/pip/_vendor/platformdirs/__pycache__) by extensions ['colcon_meta']
[0.433s] Level 1:colcon.colcon_core.package_identification:_identify(myenv/lib/python3.12/site-packages/pip/_vendor/platformdirs/__pycache__) by extension 'colcon_meta'
[0.434s] Level 1:colcon.colcon_core.package_identification:_identify(myenv/lib/python3.12/site-packages/pip/_vendor/platformdirs/__pycache__) by extensions ['ros']
[0.434s] Level 1:colcon.colcon_core.package_identification:_identify(myenv/lib/python3.12/site-packages/pip/_vendor/platformdirs/__pycache__) by extension 'ros'
[0.434s] Level 1:colcon.colcon_core.package_identification:_identify(myenv/lib/python3.12/site-packages/pip/_vendor/platformdirs/__pycache__) by extensions ['cmake', 'python']
[0.434s] Level 1:colcon.colcon_core.package_identification:_identify(myenv/lib/python3.12/site-packages/pip/_vendor/platformdirs/__pycache__) by extension 'cmake'
[0.434s] Level 1:colcon.colcon_core.package_identification:_identify(myenv/lib/python3.12/site-packages/pip/_vendor/platformdirs/__pycache__) by extension 'python'
[0.434s] Level 1:colcon.colcon_core.package_identification:_identify(myenv/lib/python3.12/site-packages/pip/_vendor/platformdirs/__pycache__) by extensions ['python_setup_py']
[0.434s] Level 1:colcon.colcon_core.package_identification:_identify(myenv/lib/python3.12/site-packages/pip/_vendor/platformdirs/__pycache__) by extension 'python_setup_py'
[0.434s] Level 1:colcon.colcon_core.package_identification:_identify(myenv/lib/python3.12/site-packages/pip/_vendor/pygments) by extensions ['ignore', 'ignore_ament_install']
[0.434s] Level 1:colcon.colcon_core.package_identification:_identify(myenv/lib/python3.12/site-packages/pip/_vendor/pygments) by extension 'ignore'
[0.434s] Level 1:colcon.colcon_core.package_identification:_identify(myenv/lib/python3.12/site-packages/pip/_vendor/pygments) by extension 'ignore_ament_install'
[0.434s] Level 1:colcon.colcon_core.package_identification:_identify(myenv/lib/python3.12/site-packages/pip/_vendor/pygments) by extensions ['colcon_pkg']
[0.434s] Level 1:colcon.colcon_core.package_identification:_identify(myenv/lib/python3.12/site-packages/pip/_vendor/pygments) by extension 'colcon_pkg'
[0.434s] Level 1:colcon.colcon_core.package_identification:_identify(myenv/lib/python3.12/site-packages/pip/_vendor/pygments) by extensions ['colcon_meta']
[0.435s] Level 1:colcon.colcon_core.package_identification:_identify(myenv/lib/python3.12/site-packages/pip/_vendor/pygments) by extension 'colcon_meta'
[0.435s] Level 1:colcon.colcon_core.package_identification:_identify(myenv/lib/python3.12/site-packages/pip/_vendor/pygments) by extensions ['ros']
[0.435s] Level 1:colcon.colcon_core.package_identification:_identify(myenv/lib/python3.12/site-packages/pip/_vendor/pygments) by extension 'ros'
[0.435s] Level 1:colcon.colcon_core.package_identification:_identify(myenv/lib/python3.12/site-packages/pip/_vendor/pygments) by extensions ['cmake', 'python']
[0.435s] Level 1:colcon.colcon_core.package_identification:_identify(myenv/lib/python3.12/site-packages/pip/_vendor/pygments) by extension 'cmake'
[0.435s] Level 1:colcon.colcon_core.package_identification:_identify(myenv/lib/python3.12/site-packages/pip/_vendor/pygments) by extension 'python'
[0.435s] Level 1:colcon.colcon_core.package_identification:_identify(myenv/lib/python3.12/site-packages/pip/_vendor/pygments) by extensions ['python_setup_py']
[0.435s] Level 1:colcon.colcon_core.package_identification:_identify(myenv/lib/python3.12/site-packages/pip/_vendor/pygments) by extension 'python_setup_py'
[0.435s] Level 1:colcon.colcon_core.package_identification:_identify(myenv/lib/python3.12/site-packages/pip/_vendor/pygments/__pycache__) by extensions ['ignore', 'ignore_ament_install']
[0.435s] Level 1:colcon.colcon_core.package_identification:_identify(myenv/lib/python3.12/site-packages/pip/_vendor/pygments/__pycache__) by extension 'ignore'
[0.435s] Level 1:colcon.colcon_core.package_identification:_identify(myenv/lib/python3.12/site-packages/pip/_vendor/pygments/__pycache__) by extension 'ignore_ament_install'
[0.435s] Level 1:colcon.colcon_core.package_identification:_identify(myenv/lib/python3.12/site-packages/pip/_vendor/pygments/__pycache__) by extensions ['colcon_pkg']
[0.435s] Level 1:colcon.colcon_core.package_identification:_identify(myenv/lib/python3.12/site-packages/pip/_vendor/pygments/__pycache__) by extension 'colcon_pkg'
[0.436s] Level 1:colcon.colcon_core.package_identification:_identify(myenv/lib/python3.12/site-packages/pip/_vendor/pygments/__pycache__) by extensions ['colcon_meta']
[0.436s] Level 1:colcon.colcon_core.package_identification:_identify(myenv/lib/python3.12/site-packages/pip/_vendor/pygments/__pycache__) by extension 'colcon_meta'
[0.436s] Level 1:colcon.colcon_core.package_identification:_identify(myenv/lib/python3.12/site-packages/pip/_vendor/pygments/__pycache__) by extensions ['ros']
[0.436s] Level 1:colcon.colcon_core.package_identification:_identify(myenv/lib/python3.12/site-packages/pip/_vendor/pygments/__pycache__) by extension 'ros'
[0.436s] Level 1:colcon.colcon_core.package_identification:_identify(myenv/lib/python3.12/site-packages/pip/_vendor/pygments/__pycache__) by extensions ['cmake', 'python']
[0.436s] Level 1:colcon.colcon_core.package_identification:_identify(myenv/lib/python3.12/site-packages/pip/_vendor/pygments/__pycache__) by extension 'cmake'
[0.436s] Level 1:colcon.colcon_core.package_identification:_identify(myenv/lib/python3.12/site-packages/pip/_vendor/pygments/__pycache__) by extension 'python'
[0.436s] Level 1:colcon.colcon_core.package_identification:_identify(myenv/lib/python3.12/site-packages/pip/_vendor/pygments/__pycache__) by extensions ['python_setup_py']
[0.436s] Level 1:colcon.colcon_core.package_identification:_identify(myenv/lib/python3.12/site-packages/pip/_vendor/pygments/__pycache__) by extension 'python_setup_py'
[0.436s] Level 1:colcon.colcon_core.package_identification:_identify(myenv/lib/python3.12/site-packages/pip/_vendor/pygments/filters) by extensions ['ignore', 'ignore_ament_install']
[0.436s] Level 1:colcon.colcon_core.package_identification:_identify(myenv/lib/python3.12/site-packages/pip/_vendor/pygments/filters) by extension 'ignore'
[0.436s] Level 1:colcon.colcon_core.package_identification:_identify(myenv/lib/python3.12/site-packages/pip/_vendor/pygments/filters) by extension 'ignore_ament_install'
[0.436s] Level 1:colcon.colcon_core.package_identification:_identify(myenv/lib/python3.12/site-packages/pip/_vendor/pygments/filters) by extensions ['colcon_pkg']
[0.436s] Level 1:colcon.colcon_core.package_identification:_identify(myenv/lib/python3.12/site-packages/pip/_vendor/pygments/filters) by extension 'colcon_pkg'
[0.437s] Level 1:colcon.colcon_core.package_identification:_identify(myenv/lib/python3.12/site-packages/pip/_vendor/pygments/filters) by extensions ['colcon_meta']
[0.437s] Level 1:colcon.colcon_core.package_identification:_identify(myenv/lib/python3.12/site-packages/pip/_vendor/pygments/filters) by extension 'colcon_meta'
[0.437s] Level 1:colcon.colcon_core.package_identification:_identify(myenv/lib/python3.12/site-packages/pip/_vendor/pygments/filters) by extensions ['ros']
[0.437s] Level 1:colcon.colcon_core.package_identification:_identify(myenv/lib/python3.12/site-packages/pip/_vendor/pygments/filters) by extension 'ros'
[0.437s] Level 1:colcon.colcon_core.package_identification:_identify(myenv/lib/python3.12/site-packages/pip/_vendor/pygments/filters) by extensions ['cmake', 'python']
[0.437s] Level 1:colcon.colcon_core.package_identification:_identify(myenv/lib/python3.12/site-packages/pip/_vendor/pygments/filters) by extension 'cmake'
[0.437s] Level 1:colcon.colcon_core.package_identification:_identify(myenv/lib/python3.12/site-packages/pip/_vendor/pygments/filters) by extension 'python'
[0.437s] Level 1:colcon.colcon_core.package_identification:_identify(myenv/lib/python3.12/site-packages/pip/_vendor/pygments/filters) by extensions ['python_setup_py']
[0.437s] Level 1:colcon.colcon_core.package_identification:_identify(myenv/lib/python3.12/site-packages/pip/_vendor/pygments/filters) by extension 'python_setup_py'
[0.437s] Level 1:colcon.colcon_core.package_identification:_identify(myenv/lib/python3.12/site-packages/pip/_vendor/pygments/filters/__pycache__) by extensions ['ignore', 'ignore_ament_install']
[0.437s] Level 1:colcon.colcon_core.package_identification:_identify(myenv/lib/python3.12/site-packages/pip/_vendor/pygments/filters/__pycache__) by extension 'ignore'
[0.437s] Level 1:colcon.colcon_core.package_identification:_identify(myenv/lib/python3.12/site-packages/pip/_vendor/pygments/filters/__pycache__) by extension 'ignore_ament_install'
[0.437s] Level 1:colcon.colcon_core.package_identification:_identify(myenv/lib/python3.12/site-packages/pip/_vendor/pygments/filters/__pycache__) by extensions ['colcon_pkg']
[0.438s] Level 1:colcon.colcon_core.package_identification:_identify(myenv/lib/python3.12/site-packages/pip/_vendor/pygments/filters/__pycache__) by extension 'colcon_pkg'
[0.438s] Level 1:colcon.colcon_core.package_identification:_identify(myenv/lib/python3.12/site-packages/pip/_vendor/pygments/filters/__pycache__) by extensions ['colcon_meta']
[0.438s] Level 1:colcon.colcon_core.package_identification:_identify(myenv/lib/python3.12/site-packages/pip/_vendor/pygments/filters/__pycache__) by extension 'colcon_meta'
[0.438s] Level 1:colcon.colcon_core.package_identification:_identify(myenv/lib/python3.12/site-packages/pip/_vendor/pygments/filters/__pycache__) by extensions ['ros']
[0.438s] Level 1:colcon.colcon_core.package_identification:_identify(myenv/lib/python3.12/site-packages/pip/_vendor/pygments/filters/__pycache__) by extension 'ros'
[0.438s] Level 1:colcon.colcon_core.package_identification:_identify(myenv/lib/python3.12/site-packages/pip/_vendor/pygments/filters/__pycache__) by extensions ['cmake', 'python']
[0.438s] Level 1:colcon.colcon_core.package_identification:_identify(myenv/lib/python3.12/site-packages/pip/_vendor/pygments/filters/__pycache__) by extension 'cmake'
[0.438s] Level 1:colcon.colcon_core.package_identification:_identify(myenv/lib/python3.12/site-packages/pip/_vendor/pygments/filters/__pycache__) by extension 'python'
[0.438s] Level 1:colcon.colcon_core.package_identification:_identify(myenv/lib/python3.12/site-packages/pip/_vendor/pygments/filters/__pycache__) by extensions ['python_setup_py']
[0.438s] Level 1:colcon.colcon_core.package_identification:_identify(myenv/lib/python3.12/site-packages/pip/_vendor/pygments/filters/__pycache__) by extension 'python_setup_py'
[0.438s] Level 1:colcon.colcon_core.package_identification:_identify(myenv/lib/python3.12/site-packages/pip/_vendor/pygments/formatters) by extensions ['ignore', 'ignore_ament_install']
[0.438s] Level 1:colcon.colcon_core.package_identification:_identify(myenv/lib/python3.12/site-packages/pip/_vendor/pygments/formatters) by extension 'ignore'
[0.438s] Level 1:colcon.colcon_core.package_identification:_identify(myenv/lib/python3.12/site-packages/pip/_vendor/pygments/formatters) by extension 'ignore_ament_install'
[0.438s] Level 1:colcon.colcon_core.package_identification:_identify(myenv/lib/python3.12/site-packages/pip/_vendor/pygments/formatters) by extensions ['colcon_pkg']
[0.439s] Level 1:colcon.colcon_core.package_identification:_identify(myenv/lib/python3.12/site-packages/pip/_vendor/pygments/formatters) by extension 'colcon_pkg'
[0.439s] Level 1:colcon.colcon_core.package_identification:_identify(myenv/lib/python3.12/site-packages/pip/_vendor/pygments/formatters) by extensions ['colcon_meta']
[0.439s] Level 1:colcon.colcon_core.package_identification:_identify(myenv/lib/python3.12/site-packages/pip/_vendor/pygments/formatters) by extension 'colcon_meta'
[0.439s] Level 1:colcon.colcon_core.package_identification:_identify(myenv/lib/python3.12/site-packages/pip/_vendor/pygments/formatters) by extensions ['ros']
[0.439s] Level 1:colcon.colcon_core.package_identification:_identify(myenv/lib/python3.12/site-packages/pip/_vendor/pygments/formatters) by extension 'ros'
[0.439s] Level 1:colcon.colcon_core.package_identification:_identify(myenv/lib/python3.12/site-packages/pip/_vendor/pygments/formatters) by extensions ['cmake', 'python']
[0.439s] Level 1:colcon.colcon_core.package_identification:_identify(myenv/lib/python3.12/site-packages/pip/_vendor/pygments/formatters) by extension 'cmake'
[0.439s] Level 1:colcon.colcon_core.package_identification:_identify(myenv/lib/python3.12/site-packages/pip/_vendor/pygments/formatters) by extension 'python'
[0.439s] Level 1:colcon.colcon_core.package_identification:_identify(myenv/lib/python3.12/site-packages/pip/_vendor/pygments/formatters) by extensions ['python_setup_py']
[0.439s] Level 1:colcon.colcon_core.package_identification:_identify(myenv/lib/python3.12/site-packages/pip/_vendor/pygments/formatters) by extension 'python_setup_py'
[0.439s] Level 1:colcon.colcon_core.package_identification:_identify(myenv/lib/python3.12/site-packages/pip/_vendor/pygments/formatters/__pycache__) by extensions ['ignore', 'ignore_ament_install']
[0.439s] Level 1:colcon.colcon_core.package_identification:_identify(myenv/lib/python3.12/site-packages/pip/_vendor/pygments/formatters/__pycache__) by extension 'ignore'
[0.439s] Level 1:colcon.colcon_core.package_identification:_identify(myenv/lib/python3.12/site-packages/pip/_vendor/pygments/formatters/__pycache__) by extension 'ignore_ament_install'
[0.440s] Level 1:colcon.colcon_core.package_identification:_identify(myenv/lib/python3.12/site-packages/pip/_vendor/pygments/formatters/__pycache__) by extensions ['colcon_pkg']
[0.440s] Level 1:colcon.colcon_core.package_identification:_identify(myenv/lib/python3.12/site-packages/pip/_vendor/pygments/formatters/__pycache__) by extension 'colcon_pkg'
[0.440s] Level 1:colcon.colcon_core.package_identification:_identify(myenv/lib/python3.12/site-packages/pip/_vendor/pygments/formatters/__pycache__) by extensions ['colcon_meta']
[0.440s] Level 1:colcon.colcon_core.package_identification:_identify(myenv/lib/python3.12/site-packages/pip/_vendor/pygments/formatters/__pycache__) by extension 'colcon_meta'
[0.440s] Level 1:colcon.colcon_core.package_identification:_identify(myenv/lib/python3.12/site-packages/pip/_vendor/pygments/formatters/__pycache__) by extensions ['ros']
[0.440s] Level 1:colcon.colcon_core.package_identification:_identify(myenv/lib/python3.12/site-packages/pip/_vendor/pygments/formatters/__pycache__) by extension 'ros'
[0.440s] Level 1:colcon.colcon_core.package_identification:_identify(myenv/lib/python3.12/site-packages/pip/_vendor/pygments/formatters/__pycache__) by extensions ['cmake', 'python']
[0.440s] Level 1:colcon.colcon_core.package_identification:_identify(myenv/lib/python3.12/site-packages/pip/_vendor/pygments/formatters/__pycache__) by extension 'cmake'
[0.440s] Level 1:colcon.colcon_core.package_identification:_identify(myenv/lib/python3.12/site-packages/pip/_vendor/pygments/formatters/__pycache__) by extension 'python'
[0.440s] Level 1:colcon.colcon_core.package_identification:_identify(myenv/lib/python3.12/site-packages/pip/_vendor/pygments/formatters/__pycache__) by extensions ['python_setup_py']
[0.440s] Level 1:colcon.colcon_core.package_identification:_identify(myenv/lib/python3.12/site-packages/pip/_vendor/pygments/formatters/__pycache__) by extension 'python_setup_py'
[0.440s] Level 1:colcon.colcon_core.package_identification:_identify(myenv/lib/python3.12/site-packages/pip/_vendor/pygments/lexers) by extensions ['ignore', 'ignore_ament_install']
[0.440s] Level 1:colcon.colcon_core.package_identification:_identify(myenv/lib/python3.12/site-packages/pip/_vendor/pygments/lexers) by extension 'ignore'
[0.440s] Level 1:colcon.colcon_core.package_identification:_identify(myenv/lib/python3.12/site-packages/pip/_vendor/pygments/lexers) by extension 'ignore_ament_install'
[0.441s] Level 1:colcon.colcon_core.package_identification:_identify(myenv/lib/python3.12/site-packages/pip/_vendor/pygments/lexers) by extensions ['colcon_pkg']
[0.441s] Level 1:colcon.colcon_core.package_identification:_identify(myenv/lib/python3.12/site-packages/pip/_vendor/pygments/lexers) by extension 'colcon_pkg'
[0.441s] Level 1:colcon.colcon_core.package_identification:_identify(myenv/lib/python3.12/site-packages/pip/_vendor/pygments/lexers) by extensions ['colcon_meta']
[0.441s] Level 1:colcon.colcon_core.package_identification:_identify(myenv/lib/python3.12/site-packages/pip/_vendor/pygments/lexers) by extension 'colcon_meta'
[0.441s] Level 1:colcon.colcon_core.package_identification:_identify(myenv/lib/python3.12/site-packages/pip/_vendor/pygments/lexers) by extensions ['ros']
[0.441s] Level 1:colcon.colcon_core.package_identification:_identify(myenv/lib/python3.12/site-packages/pip/_vendor/pygments/lexers) by extension 'ros'
[0.441s] Level 1:colcon.colcon_core.package_identification:_identify(myenv/lib/python3.12/site-packages/pip/_vendor/pygments/lexers) by extensions ['cmake', 'python']
[0.441s] Level 1:colcon.colcon_core.package_identification:_identify(myenv/lib/python3.12/site-packages/pip/_vendor/pygments/lexers) by extension 'cmake'
[0.441s] Level 1:colcon.colcon_core.package_identification:_identify(myenv/lib/python3.12/site-packages/pip/_vendor/pygments/lexers) by extension 'python'
[0.441s] Level 1:colcon.colcon_core.package_identification:_identify(myenv/lib/python3.12/site-packages/pip/_vendor/pygments/lexers) by extensions ['python_setup_py']
[0.441s] Level 1:colcon.colcon_core.package_identification:_identify(myenv/lib/python3.12/site-packages/pip/_vendor/pygments/lexers) by extension 'python_setup_py'
[0.441s] Level 1:colcon.colcon_core.package_identification:_identify(myenv/lib/python3.12/site-packages/pip/_vendor/pygments/lexers/__pycache__) by extensions ['ignore', 'ignore_ament_install']
[0.441s] Level 1:colcon.colcon_core.package_identification:_identify(myenv/lib/python3.12/site-packages/pip/_vendor/pygments/lexers/__pycache__) by extension 'ignore'
[0.441s] Level 1:colcon.colcon_core.package_identification:_identify(myenv/lib/python3.12/site-packages/pip/_vendor/pygments/lexers/__pycache__) by extension 'ignore_ament_install'
[0.442s] Level 1:colcon.colcon_core.package_identification:_identify(myenv/lib/python3.12/site-packages/pip/_vendor/pygments/lexers/__pycache__) by extensions ['colcon_pkg']
[0.442s] Level 1:colcon.colcon_core.package_identification:_identify(myenv/lib/python3.12/site-packages/pip/_vendor/pygments/lexers/__pycache__) by extension 'colcon_pkg'
[0.442s] Level 1:colcon.colcon_core.package_identification:_identify(myenv/lib/python3.12/site-packages/pip/_vendor/pygments/lexers/__pycache__) by extensions ['colcon_meta']
[0.442s] Level 1:colcon.colcon_core.package_identification:_identify(myenv/lib/python3.12/site-packages/pip/_vendor/pygments/lexers/__pycache__) by extension 'colcon_meta'
[0.442s] Level 1:colcon.colcon_core.package_identification:_identify(myenv/lib/python3.12/site-packages/pip/_vendor/pygments/lexers/__pycache__) by extensions ['ros']
[0.442s] Level 1:colcon.colcon_core.package_identification:_identify(myenv/lib/python3.12/site-packages/pip/_vendor/pygments/lexers/__pycache__) by extension 'ros'
[0.442s] Level 1:colcon.colcon_core.package_identification:_identify(myenv/lib/python3.12/site-packages/pip/_vendor/pygments/lexers/__pycache__) by extensions ['cmake', 'python']
[0.442s] Level 1:colcon.colcon_core.package_identification:_identify(myenv/lib/python3.12/site-packages/pip/_vendor/pygments/lexers/__pycache__) by extension 'cmake'
[0.442s] Level 1:colcon.colcon_core.package_identification:_identify(myenv/lib/python3.12/site-packages/pip/_vendor/pygments/lexers/__pycache__) by extension 'python'
[0.442s] Level 1:colcon.colcon_core.package_identification:_identify(myenv/lib/python3.12/site-packages/pip/_vendor/pygments/lexers/__pycache__) by extensions ['python_setup_py']
[0.442s] Level 1:colcon.colcon_core.package_identification:_identify(myenv/lib/python3.12/site-packages/pip/_vendor/pygments/lexers/__pycache__) by extension 'python_setup_py'
[0.442s] Level 1:colcon.colcon_core.package_identification:_identify(myenv/lib/python3.12/site-packages/pip/_vendor/pygments/styles) by extensions ['ignore', 'ignore_ament_install']
[0.442s] Level 1:colcon.colcon_core.package_identification:_identify(myenv/lib/python3.12/site-packages/pip/_vendor/pygments/styles) by extension 'ignore'
[0.443s] Level 1:colcon.colcon_core.package_identification:_identify(myenv/lib/python3.12/site-packages/pip/_vendor/pygments/styles) by extension 'ignore_ament_install'
[0.443s] Level 1:colcon.colcon_core.package_identification:_identify(myenv/lib/python3.12/site-packages/pip/_vendor/pygments/styles) by extensions ['colcon_pkg']
[0.443s] Level 1:colcon.colcon_core.package_identification:_identify(myenv/lib/python3.12/site-packages/pip/_vendor/pygments/styles) by extension 'colcon_pkg'
[0.443s] Level 1:colcon.colcon_core.package_identification:_identify(myenv/lib/python3.12/site-packages/pip/_vendor/pygments/styles) by extensions ['colcon_meta']
[0.443s] Level 1:colcon.colcon_core.package_identification:_identify(myenv/lib/python3.12/site-packages/pip/_vendor/pygments/styles) by extension 'colcon_meta'
[0.443s] Level 1:colcon.colcon_core.package_identification:_identify(myenv/lib/python3.12/site-packages/pip/_vendor/pygments/styles) by extensions ['ros']
[0.443s] Level 1:colcon.colcon_core.package_identification:_identify(myenv/lib/python3.12/site-packages/pip/_vendor/pygments/styles) by extension 'ros'
[0.443s] Level 1:colcon.colcon_core.package_identification:_identify(myenv/lib/python3.12/site-packages/pip/_vendor/pygments/styles) by extensions ['cmake', 'python']
[0.443s] Level 1:colcon.colcon_core.package_identification:_identify(myenv/lib/python3.12/site-packages/pip/_vendor/pygments/styles) by extension 'cmake'
[0.443s] Level 1:colcon.colcon_core.package_identification:_identify(myenv/lib/python3.12/site-packages/pip/_vendor/pygments/styles) by extension 'python'
[0.443s] Level 1:colcon.colcon_core.package_identification:_identify(myenv/lib/python3.12/site-packages/pip/_vendor/pygments/styles) by extensions ['python_setup_py']
[0.443s] Level 1:colcon.colcon_core.package_identification:_identify(myenv/lib/python3.12/site-packages/pip/_vendor/pygments/styles) by extension 'python_setup_py'
[0.443s] Level 1:colcon.colcon_core.package_identification:_identify(myenv/lib/python3.12/site-packages/pip/_vendor/pygments/styles/__pycache__) by extensions ['ignore', 'ignore_ament_install']
[0.444s] Level 1:colcon.colcon_core.package_identification:_identify(myenv/lib/python3.12/site-packages/pip/_vendor/pygments/styles/__pycache__) by extension 'ignore'
[0.444s] Level 1:colcon.colcon_core.package_identification:_identify(myenv/lib/python3.12/site-packages/pip/_vendor/pygments/styles/__pycache__) by extension 'ignore_ament_install'
[0.444s] Level 1:colcon.colcon_core.package_identification:_identify(myenv/lib/python3.12/site-packages/pip/_vendor/pygments/styles/__pycache__) by extensions ['colcon_pkg']
[0.444s] Level 1:colcon.colcon_core.package_identification:_identify(myenv/lib/python3.12/site-packages/pip/_vendor/pygments/styles/__pycache__) by extension 'colcon_pkg'
[0.444s] Level 1:colcon.colcon_core.package_identification:_identify(myenv/lib/python3.12/site-packages/pip/_vendor/pygments/styles/__pycache__) by extensions ['colcon_meta']
[0.444s] Level 1:colcon.colcon_core.package_identification:_identify(myenv/lib/python3.12/site-packages/pip/_vendor/pygments/styles/__pycache__) by extension 'colcon_meta'
[0.444s] Level 1:colcon.colcon_core.package_identification:_identify(myenv/lib/python3.12/site-packages/pip/_vendor/pygments/styles/__pycache__) by extensions ['ros']
[0.444s] Level 1:colcon.colcon_core.package_identification:_identify(myenv/lib/python3.12/site-packages/pip/_vendor/pygments/styles/__pycache__) by extension 'ros'
[0.444s] Level 1:colcon.colcon_core.package_identification:_identify(myenv/lib/python3.12/site-packages/pip/_vendor/pygments/styles/__pycache__) by extensions ['cmake', 'python']
[0.444s] Level 1:colcon.colcon_core.package_identification:_identify(myenv/lib/python3.12/site-packages/pip/_vendor/pygments/styles/__pycache__) by extension 'cmake'
[0.444s] Level 1:colcon.colcon_core.package_identification:_identify(myenv/lib/python3.12/site-packages/pip/_vendor/pygments/styles/__pycache__) by extension 'python'
[0.444s] Level 1:colcon.colcon_core.package_identification:_identify(myenv/lib/python3.12/site-packages/pip/_vendor/pygments/styles/__pycache__) by extensions ['python_setup_py']
[0.444s] Level 1:colcon.colcon_core.package_identification:_identify(myenv/lib/python3.12/site-packages/pip/_vendor/pygments/styles/__pycache__) by extension 'python_setup_py'
[0.444s] Level 1:colcon.colcon_core.package_identification:_identify(myenv/lib/python3.12/site-packages/pip/_vendor/pyproject_hooks) by extensions ['ignore', 'ignore_ament_install']
[0.445s] Level 1:colcon.colcon_core.package_identification:_identify(myenv/lib/python3.12/site-packages/pip/_vendor/pyproject_hooks) by extension 'ignore'
[0.445s] Level 1:colcon.colcon_core.package_identification:_identify(myenv/lib/python3.12/site-packages/pip/_vendor/pyproject_hooks) by extension 'ignore_ament_install'
[0.445s] Level 1:colcon.colcon_core.package_identification:_identify(myenv/lib/python3.12/site-packages/pip/_vendor/pyproject_hooks) by extensions ['colcon_pkg']
[0.445s] Level 1:colcon.colcon_core.package_identification:_identify(myenv/lib/python3.12/site-packages/pip/_vendor/pyproject_hooks) by extension 'colcon_pkg'
[0.445s] Level 1:colcon.colcon_core.package_identification:_identify(myenv/lib/python3.12/site-packages/pip/_vendor/pyproject_hooks) by extensions ['colcon_meta']
[0.445s] Level 1:colcon.colcon_core.package_identification:_identify(myenv/lib/python3.12/site-packages/pip/_vendor/pyproject_hooks) by extension 'colcon_meta'
[0.445s] Level 1:colcon.colcon_core.package_identification:_identify(myenv/lib/python3.12/site-packages/pip/_vendor/pyproject_hooks) by extensions ['ros']
[0.445s] Level 1:colcon.colcon_core.package_identification:_identify(myenv/lib/python3.12/site-packages/pip/_vendor/pyproject_hooks) by extension 'ros'
[0.445s] Level 1:colcon.colcon_core.package_identification:_identify(myenv/lib/python3.12/site-packages/pip/_vendor/pyproject_hooks) by extensions ['cmake', 'python']
[0.445s] Level 1:colcon.colcon_core.package_identification:_identify(myenv/lib/python3.12/site-packages/pip/_vendor/pyproject_hooks) by extension 'cmake'
[0.445s] Level 1:colcon.colcon_core.package_identification:_identify(myenv/lib/python3.12/site-packages/pip/_vendor/pyproject_hooks) by extension 'python'
[0.445s] Level 1:colcon.colcon_core.package_identification:_identify(myenv/lib/python3.12/site-packages/pip/_vendor/pyproject_hooks) by extensions ['python_setup_py']
[0.445s] Level 1:colcon.colcon_core.package_identification:_identify(myenv/lib/python3.12/site-packages/pip/_vendor/pyproject_hooks) by extension 'python_setup_py'
[0.445s] Level 1:colcon.colcon_core.package_identification:_identify(myenv/lib/python3.12/site-packages/pip/_vendor/pyproject_hooks/__pycache__) by extensions ['ignore', 'ignore_ament_install']
[0.446s] Level 1:colcon.colcon_core.package_identification:_identify(myenv/lib/python3.12/site-packages/pip/_vendor/pyproject_hooks/__pycache__) by extension 'ignore'
[0.446s] Level 1:colcon.colcon_core.package_identification:_identify(myenv/lib/python3.12/site-packages/pip/_vendor/pyproject_hooks/__pycache__) by extension 'ignore_ament_install'
[0.446s] Level 1:colcon.colcon_core.package_identification:_identify(myenv/lib/python3.12/site-packages/pip/_vendor/pyproject_hooks/__pycache__) by extensions ['colcon_pkg']
[0.446s] Level 1:colcon.colcon_core.package_identification:_identify(myenv/lib/python3.12/site-packages/pip/_vendor/pyproject_hooks/__pycache__) by extension 'colcon_pkg'
[0.446s] Level 1:colcon.colcon_core.package_identification:_identify(myenv/lib/python3.12/site-packages/pip/_vendor/pyproject_hooks/__pycache__) by extensions ['colcon_meta']
[0.446s] Level 1:colcon.colcon_core.package_identification:_identify(myenv/lib/python3.12/site-packages/pip/_vendor/pyproject_hooks/__pycache__) by extension 'colcon_meta'
[0.446s] Level 1:colcon.colcon_core.package_identification:_identify(myenv/lib/python3.12/site-packages/pip/_vendor/pyproject_hooks/__pycache__) by extensions ['ros']
[0.446s] Level 1:colcon.colcon_core.package_identification:_identify(myenv/lib/python3.12/site-packages/pip/_vendor/pyproject_hooks/__pycache__) by extension 'ros'
[0.446s] Level 1:colcon.colcon_core.package_identification:_identify(myenv/lib/python3.12/site-packages/pip/_vendor/pyproject_hooks/__pycache__) by extensions ['cmake', 'python']
[0.446s] Level 1:colcon.colcon_core.package_identification:_identify(myenv/lib/python3.12/site-packages/pip/_vendor/pyproject_hooks/__pycache__) by extension 'cmake'
[0.446s] Level 1:colcon.colcon_core.package_identification:_identify(myenv/lib/python3.12/site-packages/pip/_vendor/pyproject_hooks/__pycache__) by extension 'python'
[0.446s] Level 1:colcon.colcon_core.package_identification:_identify(myenv/lib/python3.12/site-packages/pip/_vendor/pyproject_hooks/__pycache__) by extensions ['python_setup_py']
[0.446s] Level 1:colcon.colcon_core.package_identification:_identify(myenv/lib/python3.12/site-packages/pip/_vendor/pyproject_hooks/__pycache__) by extension 'python_setup_py'
[0.446s] Level 1:colcon.colcon_core.package_identification:_identify(myenv/lib/python3.12/site-packages/pip/_vendor/pyproject_hooks/_in_process) by extensions ['ignore', 'ignore_ament_install']
[0.447s] Level 1:colcon.colcon_core.package_identification:_identify(myenv/lib/python3.12/site-packages/pip/_vendor/pyproject_hooks/_in_process) by extension 'ignore'
[0.447s] Level 1:colcon.colcon_core.package_identification:_identify(myenv/lib/python3.12/site-packages/pip/_vendor/pyproject_hooks/_in_process) by extension 'ignore_ament_install'
[0.447s] Level 1:colcon.colcon_core.package_identification:_identify(myenv/lib/python3.12/site-packages/pip/_vendor/pyproject_hooks/_in_process) by extensions ['colcon_pkg']
[0.447s] Level 1:colcon.colcon_core.package_identification:_identify(myenv/lib/python3.12/site-packages/pip/_vendor/pyproject_hooks/_in_process) by extension 'colcon_pkg'
[0.447s] Level 1:colcon.colcon_core.package_identification:_identify(myenv/lib/python3.12/site-packages/pip/_vendor/pyproject_hooks/_in_process) by extensions ['colcon_meta']
[0.447s] Level 1:colcon.colcon_core.package_identification:_identify(myenv/lib/python3.12/site-packages/pip/_vendor/pyproject_hooks/_in_process) by extension 'colcon_meta'
[0.447s] Level 1:colcon.colcon_core.package_identification:_identify(myenv/lib/python3.12/site-packages/pip/_vendor/pyproject_hooks/_in_process) by extensions ['ros']
[0.447s] Level 1:colcon.colcon_core.package_identification:_identify(myenv/lib/python3.12/site-packages/pip/_vendor/pyproject_hooks/_in_process) by extension 'ros'
[0.447s] Level 1:colcon.colcon_core.package_identification:_identify(myenv/lib/python3.12/site-packages/pip/_vendor/pyproject_hooks/_in_process) by extensions ['cmake', 'python']
[0.447s] Level 1:colcon.colcon_core.package_identification:_identify(myenv/lib/python3.12/site-packages/pip/_vendor/pyproject_hooks/_in_process) by extension 'cmake'
[0.447s] Level 1:colcon.colcon_core.package_identification:_identify(myenv/lib/python3.12/site-packages/pip/_vendor/pyproject_hooks/_in_process) by extension 'python'
[0.447s] Level 1:colcon.colcon_core.package_identification:_identify(myenv/lib/python3.12/site-packages/pip/_vendor/pyproject_hooks/_in_process) by extensions ['python_setup_py']
[0.447s] Level 1:colcon.colcon_core.package_identification:_identify(myenv/lib/python3.12/site-packages/pip/_vendor/pyproject_hooks/_in_process) by extension 'python_setup_py'
[0.448s] Level 1:colcon.colcon_core.package_identification:_identify(myenv/lib/python3.12/site-packages/pip/_vendor/pyproject_hooks/_in_process/__pycache__) by extensions ['ignore', 'ignore_ament_install']
[0.448s] Level 1:colcon.colcon_core.package_identification:_identify(myenv/lib/python3.12/site-packages/pip/_vendor/pyproject_hooks/_in_process/__pycache__) by extension 'ignore'
[0.448s] Level 1:colcon.colcon_core.package_identification:_identify(myenv/lib/python3.12/site-packages/pip/_vendor/pyproject_hooks/_in_process/__pycache__) by extension 'ignore_ament_install'
[0.448s] Level 1:colcon.colcon_core.package_identification:_identify(myenv/lib/python3.12/site-packages/pip/_vendor/pyproject_hooks/_in_process/__pycache__) by extensions ['colcon_pkg']
[0.448s] Level 1:colcon.colcon_core.package_identification:_identify(myenv/lib/python3.12/site-packages/pip/_vendor/pyproject_hooks/_in_process/__pycache__) by extension 'colcon_pkg'
[0.448s] Level 1:colcon.colcon_core.package_identification:_identify(myenv/lib/python3.12/site-packages/pip/_vendor/pyproject_hooks/_in_process/__pycache__) by extensions ['colcon_meta']
[0.448s] Level 1:colcon.colcon_core.package_identification:_identify(myenv/lib/python3.12/site-packages/pip/_vendor/pyproject_hooks/_in_process/__pycache__) by extension 'colcon_meta'
[0.448s] Level 1:colcon.colcon_core.package_identification:_identify(myenv/lib/python3.12/site-packages/pip/_vendor/pyproject_hooks/_in_process/__pycache__) by extensions ['ros']
[0.448s] Level 1:colcon.colcon_core.package_identification:_identify(myenv/lib/python3.12/site-packages/pip/_vendor/pyproject_hooks/_in_process/__pycache__) by extension 'ros'
[0.448s] Level 1:colcon.colcon_core.package_identification:_identify(myenv/lib/python3.12/site-packages/pip/_vendor/pyproject_hooks/_in_process/__pycache__) by extensions ['cmake', 'python']
[0.448s] Level 1:colcon.colcon_core.package_identification:_identify(myenv/lib/python3.12/site-packages/pip/_vendor/pyproject_hooks/_in_process/__pycache__) by extension 'cmake'
[0.448s] Level 1:colcon.colcon_core.package_identification:_identify(myenv/lib/python3.12/site-packages/pip/_vendor/pyproject_hooks/_in_process/__pycache__) by extension 'python'
[0.448s] Level 1:colcon.colcon_core.package_identification:_identify(myenv/lib/python3.12/site-packages/pip/_vendor/pyproject_hooks/_in_process/__pycache__) by extensions ['python_setup_py']
[0.448s] Level 1:colcon.colcon_core.package_identification:_identify(myenv/lib/python3.12/site-packages/pip/_vendor/pyproject_hooks/_in_process/__pycache__) by extension 'python_setup_py'
[0.449s] Level 1:colcon.colcon_core.package_identification:_identify(myenv/lib/python3.12/site-packages/pip/_vendor/requests) by extensions ['ignore', 'ignore_ament_install']
[0.449s] Level 1:colcon.colcon_core.package_identification:_identify(myenv/lib/python3.12/site-packages/pip/_vendor/requests) by extension 'ignore'
[0.449s] Level 1:colcon.colcon_core.package_identification:_identify(myenv/lib/python3.12/site-packages/pip/_vendor/requests) by extension 'ignore_ament_install'
[0.449s] Level 1:colcon.colcon_core.package_identification:_identify(myenv/lib/python3.12/site-packages/pip/_vendor/requests) by extensions ['colcon_pkg']
[0.449s] Level 1:colcon.colcon_core.package_identification:_identify(myenv/lib/python3.12/site-packages/pip/_vendor/requests) by extension 'colcon_pkg'
[0.449s] Level 1:colcon.colcon_core.package_identification:_identify(myenv/lib/python3.12/site-packages/pip/_vendor/requests) by extensions ['colcon_meta']
[0.449s] Level 1:colcon.colcon_core.package_identification:_identify(myenv/lib/python3.12/site-packages/pip/_vendor/requests) by extension 'colcon_meta'
[0.449s] Level 1:colcon.colcon_core.package_identification:_identify(myenv/lib/python3.12/site-packages/pip/_vendor/requests) by extensions ['ros']
[0.449s] Level 1:colcon.colcon_core.package_identification:_identify(myenv/lib/python3.12/site-packages/pip/_vendor/requests) by extension 'ros'
[0.449s] Level 1:colcon.colcon_core.package_identification:_identify(myenv/lib/python3.12/site-packages/pip/_vendor/requests) by extensions ['cmake', 'python']
[0.449s] Level 1:colcon.colcon_core.package_identification:_identify(myenv/lib/python3.12/site-packages/pip/_vendor/requests) by extension 'cmake'
[0.449s] Level 1:colcon.colcon_core.package_identification:_identify(myenv/lib/python3.12/site-packages/pip/_vendor/requests) by extension 'python'
[0.449s] Level 1:colcon.colcon_core.package_identification:_identify(myenv/lib/python3.12/site-packages/pip/_vendor/requests) by extensions ['python_setup_py']
[0.449s] Level 1:colcon.colcon_core.package_identification:_identify(myenv/lib/python3.12/site-packages/pip/_vendor/requests) by extension 'python_setup_py'
[0.450s] Level 1:colcon.colcon_core.package_identification:_identify(myenv/lib/python3.12/site-packages/pip/_vendor/requests/__pycache__) by extensions ['ignore', 'ignore_ament_install']
[0.450s] Level 1:colcon.colcon_core.package_identification:_identify(myenv/lib/python3.12/site-packages/pip/_vendor/requests/__pycache__) by extension 'ignore'
[0.450s] Level 1:colcon.colcon_core.package_identification:_identify(myenv/lib/python3.12/site-packages/pip/_vendor/requests/__pycache__) by extension 'ignore_ament_install'
[0.450s] Level 1:colcon.colcon_core.package_identification:_identify(myenv/lib/python3.12/site-packages/pip/_vendor/requests/__pycache__) by extensions ['colcon_pkg']
[0.450s] Level 1:colcon.colcon_core.package_identification:_identify(myenv/lib/python3.12/site-packages/pip/_vendor/requests/__pycache__) by extension 'colcon_pkg'
[0.450s] Level 1:colcon.colcon_core.package_identification:_identify(myenv/lib/python3.12/site-packages/pip/_vendor/requests/__pycache__) by extensions ['colcon_meta']
[0.450s] Level 1:colcon.colcon_core.package_identification:_identify(myenv/lib/python3.12/site-packages/pip/_vendor/requests/__pycache__) by extension 'colcon_meta'
[0.450s] Level 1:colcon.colcon_core.package_identification:_identify(myenv/lib/python3.12/site-packages/pip/_vendor/requests/__pycache__) by extensions ['ros']
[0.450s] Level 1:colcon.colcon_core.package_identification:_identify(myenv/lib/python3.12/site-packages/pip/_vendor/requests/__pycache__) by extension 'ros'
[0.450s] Level 1:colcon.colcon_core.package_identification:_identify(myenv/lib/python3.12/site-packages/pip/_vendor/requests/__pycache__) by extensions ['cmake', 'python']
[0.450s] Level 1:colcon.colcon_core.package_identification:_identify(myenv/lib/python3.12/site-packages/pip/_vendor/requests/__pycache__) by extension 'cmake'
[0.450s] Level 1:colcon.colcon_core.package_identification:_identify(myenv/lib/python3.12/site-packages/pip/_vendor/requests/__pycache__) by extension 'python'
[0.450s] Level 1:colcon.colcon_core.package_identification:_identify(myenv/lib/python3.12/site-packages/pip/_vendor/requests/__pycache__) by extensions ['python_setup_py']
[0.451s] Level 1:colcon.colcon_core.package_identification:_identify(myenv/lib/python3.12/site-packages/pip/_vendor/requests/__pycache__) by extension 'python_setup_py'
[0.451s] Level 1:colcon.colcon_core.package_identification:_identify(myenv/lib/python3.12/site-packages/pip/_vendor/resolvelib) by extensions ['ignore', 'ignore_ament_install']
[0.451s] Level 1:colcon.colcon_core.package_identification:_identify(myenv/lib/python3.12/site-packages/pip/_vendor/resolvelib) by extension 'ignore'
[0.451s] Level 1:colcon.colcon_core.package_identification:_identify(myenv/lib/python3.12/site-packages/pip/_vendor/resolvelib) by extension 'ignore_ament_install'
[0.451s] Level 1:colcon.colcon_core.package_identification:_identify(myenv/lib/python3.12/site-packages/pip/_vendor/resolvelib) by extensions ['colcon_pkg']
[0.451s] Level 1:colcon.colcon_core.package_identification:_identify(myenv/lib/python3.12/site-packages/pip/_vendor/resolvelib) by extension 'colcon_pkg'
[0.451s] Level 1:colcon.colcon_core.package_identification:_identify(myenv/lib/python3.12/site-packages/pip/_vendor/resolvelib) by extensions ['colcon_meta']
[0.451s] Level 1:colcon.colcon_core.package_identification:_identify(myenv/lib/python3.12/site-packages/pip/_vendor/resolvelib) by extension 'colcon_meta'
[0.451s] Level 1:colcon.colcon_core.package_identification:_identify(myenv/lib/python3.12/site-packages/pip/_vendor/resolvelib) by extensions ['ros']
[0.451s] Level 1:colcon.colcon_core.package_identification:_identify(myenv/lib/python3.12/site-packages/pip/_vendor/resolvelib) by extension 'ros'
[0.451s] Level 1:colcon.colcon_core.package_identification:_identify(myenv/lib/python3.12/site-packages/pip/_vendor/resolvelib) by extensions ['cmake', 'python']
[0.451s] Level 1:colcon.colcon_core.package_identification:_identify(myenv/lib/python3.12/site-packages/pip/_vendor/resolvelib) by extension 'cmake'
[0.451s] Level 1:colcon.colcon_core.package_identification:_identify(myenv/lib/python3.12/site-packages/pip/_vendor/resolvelib) by extension 'python'
[0.451s] Level 1:colcon.colcon_core.package_identification:_identify(myenv/lib/python3.12/site-packages/pip/_vendor/resolvelib) by extensions ['python_setup_py']
[0.452s] Level 1:colcon.colcon_core.package_identification:_identify(myenv/lib/python3.12/site-packages/pip/_vendor/resolvelib) by extension 'python_setup_py'
[0.452s] Level 1:colcon.colcon_core.package_identification:_identify(myenv/lib/python3.12/site-packages/pip/_vendor/resolvelib/__pycache__) by extensions ['ignore', 'ignore_ament_install']
[0.452s] Level 1:colcon.colcon_core.package_identification:_identify(myenv/lib/python3.12/site-packages/pip/_vendor/resolvelib/__pycache__) by extension 'ignore'
[0.452s] Level 1:colcon.colcon_core.package_identification:_identify(myenv/lib/python3.12/site-packages/pip/_vendor/resolvelib/__pycache__) by extension 'ignore_ament_install'
[0.452s] Level 1:colcon.colcon_core.package_identification:_identify(myenv/lib/python3.12/site-packages/pip/_vendor/resolvelib/__pycache__) by extensions ['colcon_pkg']
[0.452s] Level 1:colcon.colcon_core.package_identification:_identify(myenv/lib/python3.12/site-packages/pip/_vendor/resolvelib/__pycache__) by extension 'colcon_pkg'
[0.452s] Level 1:colcon.colcon_core.package_identification:_identify(myenv/lib/python3.12/site-packages/pip/_vendor/resolvelib/__pycache__) by extensions ['colcon_meta']
[0.452s] Level 1:colcon.colcon_core.package_identification:_identify(myenv/lib/python3.12/site-packages/pip/_vendor/resolvelib/__pycache__) by extension 'colcon_meta'
[0.452s] Level 1:colcon.colcon_core.package_identification:_identify(myenv/lib/python3.12/site-packages/pip/_vendor/resolvelib/__pycache__) by extensions ['ros']
[0.452s] Level 1:colcon.colcon_core.package_identification:_identify(myenv/lib/python3.12/site-packages/pip/_vendor/resolvelib/__pycache__) by extension 'ros'
[0.452s] Level 1:colcon.colcon_core.package_identification:_identify(myenv/lib/python3.12/site-packages/pip/_vendor/resolvelib/__pycache__) by extensions ['cmake', 'python']
[0.452s] Level 1:colcon.colcon_core.package_identification:_identify(myenv/lib/python3.12/site-packages/pip/_vendor/resolvelib/__pycache__) by extension 'cmake'
[0.452s] Level 1:colcon.colcon_core.package_identification:_identify(myenv/lib/python3.12/site-packages/pip/_vendor/resolvelib/__pycache__) by extension 'python'
[0.453s] Level 1:colcon.colcon_core.package_identification:_identify(myenv/lib/python3.12/site-packages/pip/_vendor/resolvelib/__pycache__) by extensions ['python_setup_py']
[0.453s] Level 1:colcon.colcon_core.package_identification:_identify(myenv/lib/python3.12/site-packages/pip/_vendor/resolvelib/__pycache__) by extension 'python_setup_py'
[0.453s] Level 1:colcon.colcon_core.package_identification:_identify(myenv/lib/python3.12/site-packages/pip/_vendor/resolvelib/resolvers) by extensions ['ignore', 'ignore_ament_install']
[0.453s] Level 1:colcon.colcon_core.package_identification:_identify(myenv/lib/python3.12/site-packages/pip/_vendor/resolvelib/resolvers) by extension 'ignore'
[0.453s] Level 1:colcon.colcon_core.package_identification:_identify(myenv/lib/python3.12/site-packages/pip/_vendor/resolvelib/resolvers) by extension 'ignore_ament_install'
[0.453s] Level 1:colcon.colcon_core.package_identification:_identify(myenv/lib/python3.12/site-packages/pip/_vendor/resolvelib/resolvers) by extensions ['colcon_pkg']
[0.453s] Level 1:colcon.colcon_core.package_identification:_identify(myenv/lib/python3.12/site-packages/pip/_vendor/resolvelib/resolvers) by extension 'colcon_pkg'
[0.453s] Level 1:colcon.colcon_core.package_identification:_identify(myenv/lib/python3.12/site-packages/pip/_vendor/resolvelib/resolvers) by extensions ['colcon_meta']
[0.453s] Level 1:colcon.colcon_core.package_identification:_identify(myenv/lib/python3.12/site-packages/pip/_vendor/resolvelib/resolvers) by extension 'colcon_meta'
[0.453s] Level 1:colcon.colcon_core.package_identification:_identify(myenv/lib/python3.12/site-packages/pip/_vendor/resolvelib/resolvers) by extensions ['ros']
[0.453s] Level 1:colcon.colcon_core.package_identification:_identify(myenv/lib/python3.12/site-packages/pip/_vendor/resolvelib/resolvers) by extension 'ros'
[0.453s] Level 1:colcon.colcon_core.package_identification:_identify(myenv/lib/python3.12/site-packages/pip/_vendor/resolvelib/resolvers) by extensions ['cmake', 'python']
[0.453s] Level 1:colcon.colcon_core.package_identification:_identify(myenv/lib/python3.12/site-packages/pip/_vendor/resolvelib/resolvers) by extension 'cmake'
[0.453s] Level 1:colcon.colcon_core.package_identification:_identify(myenv/lib/python3.12/site-packages/pip/_vendor/resolvelib/resolvers) by extension 'python'
[0.454s] Level 1:colcon.colcon_core.package_identification:_identify(myenv/lib/python3.12/site-packages/pip/_vendor/resolvelib/resolvers) by extensions ['python_setup_py']
[0.454s] Level 1:colcon.colcon_core.package_identification:_identify(myenv/lib/python3.12/site-packages/pip/_vendor/resolvelib/resolvers) by extension 'python_setup_py'
[0.454s] Level 1:colcon.colcon_core.package_identification:_identify(myenv/lib/python3.12/site-packages/pip/_vendor/resolvelib/resolvers/__pycache__) by extensions ['ignore', 'ignore_ament_install']
[0.454s] Level 1:colcon.colcon_core.package_identification:_identify(myenv/lib/python3.12/site-packages/pip/_vendor/resolvelib/resolvers/__pycache__) by extension 'ignore'
[0.454s] Level 1:colcon.colcon_core.package_identification:_identify(myenv/lib/python3.12/site-packages/pip/_vendor/resolvelib/resolvers/__pycache__) by extension 'ignore_ament_install'
[0.454s] Level 1:colcon.colcon_core.package_identification:_identify(myenv/lib/python3.12/site-packages/pip/_vendor/resolvelib/resolvers/__pycache__) by extensions ['colcon_pkg']
[0.454s] Level 1:colcon.colcon_core.package_identification:_identify(myenv/lib/python3.12/site-packages/pip/_vendor/resolvelib/resolvers/__pycache__) by extension 'colcon_pkg'
[0.454s] Level 1:colcon.colcon_core.package_identification:_identify(myenv/lib/python3.12/site-packages/pip/_vendor/resolvelib/resolvers/__pycache__) by extensions ['colcon_meta']
[0.454s] Level 1:colcon.colcon_core.package_identification:_identify(myenv/lib/python3.12/site-packages/pip/_vendor/resolvelib/resolvers/__pycache__) by extension 'colcon_meta'
[0.454s] Level 1:colcon.colcon_core.package_identification:_identify(myenv/lib/python3.12/site-packages/pip/_vendor/resolvelib/resolvers/__pycache__) by extensions ['ros']
[0.454s] Level 1:colcon.colcon_core.package_identification:_identify(myenv/lib/python3.12/site-packages/pip/_vendor/resolvelib/resolvers/__pycache__) by extension 'ros'
[0.454s] Level 1:colcon.colcon_core.package_identification:_identify(myenv/lib/python3.12/site-packages/pip/_vendor/resolvelib/resolvers/__pycache__) by extensions ['cmake', 'python']
[0.454s] Level 1:colcon.colcon_core.package_identification:_identify(myenv/lib/python3.12/site-packages/pip/_vendor/resolvelib/resolvers/__pycache__) by extension 'cmake'
[0.455s] Level 1:colcon.colcon_core.package_identification:_identify(myenv/lib/python3.12/site-packages/pip/_vendor/resolvelib/resolvers/__pycache__) by extension 'python'
[0.455s] Level 1:colcon.colcon_core.package_identification:_identify(myenv/lib/python3.12/site-packages/pip/_vendor/resolvelib/resolvers/__pycache__) by extensions ['python_setup_py']
[0.455s] Level 1:colcon.colcon_core.package_identification:_identify(myenv/lib/python3.12/site-packages/pip/_vendor/resolvelib/resolvers/__pycache__) by extension 'python_setup_py'
[0.455s] Level 1:colcon.colcon_core.package_identification:_identify(myenv/lib/python3.12/site-packages/pip/_vendor/rich) by extensions ['ignore', 'ignore_ament_install']
[0.455s] Level 1:colcon.colcon_core.package_identification:_identify(myenv/lib/python3.12/site-packages/pip/_vendor/rich) by extension 'ignore'
[0.455s] Level 1:colcon.colcon_core.package_identification:_identify(myenv/lib/python3.12/site-packages/pip/_vendor/rich) by extension 'ignore_ament_install'
[0.455s] Level 1:colcon.colcon_core.package_identification:_identify(myenv/lib/python3.12/site-packages/pip/_vendor/rich) by extensions ['colcon_pkg']
[0.455s] Level 1:colcon.colcon_core.package_identification:_identify(myenv/lib/python3.12/site-packages/pip/_vendor/rich) by extension 'colcon_pkg'
[0.455s] Level 1:colcon.colcon_core.package_identification:_identify(myenv/lib/python3.12/site-packages/pip/_vendor/rich) by extensions ['colcon_meta']
[0.455s] Level 1:colcon.colcon_core.package_identification:_identify(myenv/lib/python3.12/site-packages/pip/_vendor/rich) by extension 'colcon_meta'
[0.455s] Level 1:colcon.colcon_core.package_identification:_identify(myenv/lib/python3.12/site-packages/pip/_vendor/rich) by extensions ['ros']
[0.455s] Level 1:colcon.colcon_core.package_identification:_identify(myenv/lib/python3.12/site-packages/pip/_vendor/rich) by extension 'ros'
[0.456s] Level 1:colcon.colcon_core.package_identification:_identify(myenv/lib/python3.12/site-packages/pip/_vendor/rich) by extensions ['cmake', 'python']
[0.456s] Level 1:colcon.colcon_core.package_identification:_identify(myenv/lib/python3.12/site-packages/pip/_vendor/rich) by extension 'cmake'
[0.456s] Level 1:colcon.colcon_core.package_identification:_identify(myenv/lib/python3.12/site-packages/pip/_vendor/rich) by extension 'python'
[0.456s] Level 1:colcon.colcon_core.package_identification:_identify(myenv/lib/python3.12/site-packages/pip/_vendor/rich) by extensions ['python_setup_py']
[0.456s] Level 1:colcon.colcon_core.package_identification:_identify(myenv/lib/python3.12/site-packages/pip/_vendor/rich) by extension 'python_setup_py'
[0.456s] Level 1:colcon.colcon_core.package_identification:_identify(myenv/lib/python3.12/site-packages/pip/_vendor/rich/__pycache__) by extensions ['ignore', 'ignore_ament_install']
[0.456s] Level 1:colcon.colcon_core.package_identification:_identify(myenv/lib/python3.12/site-packages/pip/_vendor/rich/__pycache__) by extension 'ignore'
[0.456s] Level 1:colcon.colcon_core.package_identification:_identify(myenv/lib/python3.12/site-packages/pip/_vendor/rich/__pycache__) by extension 'ignore_ament_install'
[0.456s] Level 1:colcon.colcon_core.package_identification:_identify(myenv/lib/python3.12/site-packages/pip/_vendor/rich/__pycache__) by extensions ['colcon_pkg']
[0.456s] Level 1:colcon.colcon_core.package_identification:_identify(myenv/lib/python3.12/site-packages/pip/_vendor/rich/__pycache__) by extension 'colcon_pkg'
[0.456s] Level 1:colcon.colcon_core.package_identification:_identify(myenv/lib/python3.12/site-packages/pip/_vendor/rich/__pycache__) by extensions ['colcon_meta']
[0.456s] Level 1:colcon.colcon_core.package_identification:_identify(myenv/lib/python3.12/site-packages/pip/_vendor/rich/__pycache__) by extension 'colcon_meta'
[0.456s] Level 1:colcon.colcon_core.package_identification:_identify(myenv/lib/python3.12/site-packages/pip/_vendor/rich/__pycache__) by extensions ['ros']
[0.457s] Level 1:colcon.colcon_core.package_identification:_identify(myenv/lib/python3.12/site-packages/pip/_vendor/rich/__pycache__) by extension 'ros'
[0.457s] Level 1:colcon.colcon_core.package_identification:_identify(myenv/lib/python3.12/site-packages/pip/_vendor/rich/__pycache__) by extensions ['cmake', 'python']
[0.457s] Level 1:colcon.colcon_core.package_identification:_identify(myenv/lib/python3.12/site-packages/pip/_vendor/rich/__pycache__) by extension 'cmake'
[0.457s] Level 1:colcon.colcon_core.package_identification:_identify(myenv/lib/python3.12/site-packages/pip/_vendor/rich/__pycache__) by extension 'python'
[0.457s] Level 1:colcon.colcon_core.package_identification:_identify(myenv/lib/python3.12/site-packages/pip/_vendor/rich/__pycache__) by extensions ['python_setup_py']
[0.457s] Level 1:colcon.colcon_core.package_identification:_identify(myenv/lib/python3.12/site-packages/pip/_vendor/rich/__pycache__) by extension 'python_setup_py'
[0.457s] Level 1:colcon.colcon_core.package_identification:_identify(myenv/lib/python3.12/site-packages/pip/_vendor/tomli) by extensions ['ignore', 'ignore_ament_install']
[0.457s] Level 1:colcon.colcon_core.package_identification:_identify(myenv/lib/python3.12/site-packages/pip/_vendor/tomli) by extension 'ignore'
[0.457s] Level 1:colcon.colcon_core.package_identification:_identify(myenv/lib/python3.12/site-packages/pip/_vendor/tomli) by extension 'ignore_ament_install'
[0.457s] Level 1:colcon.colcon_core.package_identification:_identify(myenv/lib/python3.12/site-packages/pip/_vendor/tomli) by extensions ['colcon_pkg']
[0.457s] Level 1:colcon.colcon_core.package_identification:_identify(myenv/lib/python3.12/site-packages/pip/_vendor/tomli) by extension 'colcon_pkg'
[0.457s] Level 1:colcon.colcon_core.package_identification:_identify(myenv/lib/python3.12/site-packages/pip/_vendor/tomli) by extensions ['colcon_meta']
[0.457s] Level 1:colcon.colcon_core.package_identification:_identify(myenv/lib/python3.12/site-packages/pip/_vendor/tomli) by extension 'colcon_meta'
[0.458s] Level 1:colcon.colcon_core.package_identification:_identify(myenv/lib/python3.12/site-packages/pip/_vendor/tomli) by extensions ['ros']
[0.458s] Level 1:colcon.colcon_core.package_identification:_identify(myenv/lib/python3.12/site-packages/pip/_vendor/tomli) by extension 'ros'
[0.458s] Level 1:colcon.colcon_core.package_identification:_identify(myenv/lib/python3.12/site-packages/pip/_vendor/tomli) by extensions ['cmake', 'python']
[0.458s] Level 1:colcon.colcon_core.package_identification:_identify(myenv/lib/python3.12/site-packages/pip/_vendor/tomli) by extension 'cmake'
[0.458s] Level 1:colcon.colcon_core.package_identification:_identify(myenv/lib/python3.12/site-packages/pip/_vendor/tomli) by extension 'python'
[0.458s] Level 1:colcon.colcon_core.package_identification:_identify(myenv/lib/python3.12/site-packages/pip/_vendor/tomli) by extensions ['python_setup_py']
[0.458s] Level 1:colcon.colcon_core.package_identification:_identify(myenv/lib/python3.12/site-packages/pip/_vendor/tomli) by extension 'python_setup_py'
[0.458s] Level 1:colcon.colcon_core.package_identification:_identify(myenv/lib/python3.12/site-packages/pip/_vendor/tomli/__pycache__) by extensions ['ignore', 'ignore_ament_install']
[0.458s] Level 1:colcon.colcon_core.package_identification:_identify(myenv/lib/python3.12/site-packages/pip/_vendor/tomli/__pycache__) by extension 'ignore'
[0.458s] Level 1:colcon.colcon_core.package_identification:_identify(myenv/lib/python3.12/site-packages/pip/_vendor/tomli/__pycache__) by extension 'ignore_ament_install'
[0.458s] Level 1:colcon.colcon_core.package_identification:_identify(myenv/lib/python3.12/site-packages/pip/_vendor/tomli/__pycache__) by extensions ['colcon_pkg']
[0.458s] Level 1:colcon.colcon_core.package_identification:_identify(myenv/lib/python3.12/site-packages/pip/_vendor/tomli/__pycache__) by extension 'colcon_pkg'
[0.458s] Level 1:colcon.colcon_core.package_identification:_identify(myenv/lib/python3.12/site-packages/pip/_vendor/tomli/__pycache__) by extensions ['colcon_meta']
[0.459s] Level 1:colcon.colcon_core.package_identification:_identify(myenv/lib/python3.12/site-packages/pip/_vendor/tomli/__pycache__) by extension 'colcon_meta'
[0.459s] Level 1:colcon.colcon_core.package_identification:_identify(myenv/lib/python3.12/site-packages/pip/_vendor/tomli/__pycache__) by extensions ['ros']
[0.459s] Level 1:colcon.colcon_core.package_identification:_identify(myenv/lib/python3.12/site-packages/pip/_vendor/tomli/__pycache__) by extension 'ros'
[0.459s] Level 1:colcon.colcon_core.package_identification:_identify(myenv/lib/python3.12/site-packages/pip/_vendor/tomli/__pycache__) by extensions ['cmake', 'python']
[0.459s] Level 1:colcon.colcon_core.package_identification:_identify(myenv/lib/python3.12/site-packages/pip/_vendor/tomli/__pycache__) by extension 'cmake'
[0.459s] Level 1:colcon.colcon_core.package_identification:_identify(myenv/lib/python3.12/site-packages/pip/_vendor/tomli/__pycache__) by extension 'python'
[0.459s] Level 1:colcon.colcon_core.package_identification:_identify(myenv/lib/python3.12/site-packages/pip/_vendor/tomli/__pycache__) by extensions ['python_setup_py']
[0.459s] Level 1:colcon.colcon_core.package_identification:_identify(myenv/lib/python3.12/site-packages/pip/_vendor/tomli/__pycache__) by extension 'python_setup_py'
[0.459s] Level 1:colcon.colcon_core.package_identification:_identify(myenv/lib/python3.12/site-packages/pip/_vendor/tomli_w) by extensions ['ignore', 'ignore_ament_install']
[0.460s] Level 1:colcon.colcon_core.package_identification:_identify(myenv/lib/python3.12/site-packages/pip/_vendor/tomli_w) by extension 'ignore'
[0.460s] Level 1:colcon.colcon_core.package_identification:_identify(myenv/lib/python3.12/site-packages/pip/_vendor/tomli_w) by extension 'ignore_ament_install'
[0.460s] Level 1:colcon.colcon_core.package_identification:_identify(myenv/lib/python3.12/site-packages/pip/_vendor/tomli_w) by extensions ['colcon_pkg']
[0.460s] Level 1:colcon.colcon_core.package_identification:_identify(myenv/lib/python3.12/site-packages/pip/_vendor/tomli_w) by extension 'colcon_pkg'
[0.460s] Level 1:colcon.colcon_core.package_identification:_identify(myenv/lib/python3.12/site-packages/pip/_vendor/tomli_w) by extensions ['colcon_meta']
[0.460s] Level 1:colcon.colcon_core.package_identification:_identify(myenv/lib/python3.12/site-packages/pip/_vendor/tomli_w) by extension 'colcon_meta'
[0.460s] Level 1:colcon.colcon_core.package_identification:_identify(myenv/lib/python3.12/site-packages/pip/_vendor/tomli_w) by extensions ['ros']
[0.460s] Level 1:colcon.colcon_core.package_identification:_identify(myenv/lib/python3.12/site-packages/pip/_vendor/tomli_w) by extension 'ros'
[0.460s] Level 1:colcon.colcon_core.package_identification:_identify(myenv/lib/python3.12/site-packages/pip/_vendor/tomli_w) by extensions ['cmake', 'python']
[0.461s] Level 1:colcon.colcon_core.package_identification:_identify(myenv/lib/python3.12/site-packages/pip/_vendor/tomli_w) by extension 'cmake'
[0.461s] Level 1:colcon.colcon_core.package_identification:_identify(myenv/lib/python3.12/site-packages/pip/_vendor/tomli_w) by extension 'python'
[0.461s] Level 1:colcon.colcon_core.package_identification:_identify(myenv/lib/python3.12/site-packages/pip/_vendor/tomli_w) by extensions ['python_setup_py']
[0.461s] Level 1:colcon.colcon_core.package_identification:_identify(myenv/lib/python3.12/site-packages/pip/_vendor/tomli_w) by extension 'python_setup_py'
[0.461s] Level 1:colcon.colcon_core.package_identification:_identify(myenv/lib/python3.12/site-packages/pip/_vendor/tomli_w/__pycache__) by extensions ['ignore', 'ignore_ament_install']
[0.461s] Level 1:colcon.colcon_core.package_identification:_identify(myenv/lib/python3.12/site-packages/pip/_vendor/tomli_w/__pycache__) by extension 'ignore'
[0.461s] Level 1:colcon.colcon_core.package_identification:_identify(myenv/lib/python3.12/site-packages/pip/_vendor/tomli_w/__pycache__) by extension 'ignore_ament_install'
[0.461s] Level 1:colcon.colcon_core.package_identification:_identify(myenv/lib/python3.12/site-packages/pip/_vendor/tomli_w/__pycache__) by extensions ['colcon_pkg']
[0.461s] Level 1:colcon.colcon_core.package_identification:_identify(myenv/lib/python3.12/site-packages/pip/_vendor/tomli_w/__pycache__) by extension 'colcon_pkg'
[0.461s] Level 1:colcon.colcon_core.package_identification:_identify(myenv/lib/python3.12/site-packages/pip/_vendor/tomli_w/__pycache__) by extensions ['colcon_meta']
[0.461s] Level 1:colcon.colcon_core.package_identification:_identify(myenv/lib/python3.12/site-packages/pip/_vendor/tomli_w/__pycache__) by extension 'colcon_meta'
[0.461s] Level 1:colcon.colcon_core.package_identification:_identify(myenv/lib/python3.12/site-packages/pip/_vendor/tomli_w/__pycache__) by extensions ['ros']
[0.461s] Level 1:colcon.colcon_core.package_identification:_identify(myenv/lib/python3.12/site-packages/pip/_vendor/tomli_w/__pycache__) by extension 'ros'
[0.461s] Level 1:colcon.colcon_core.package_identification:_identify(myenv/lib/python3.12/site-packages/pip/_vendor/tomli_w/__pycache__) by extensions ['cmake', 'python']
[0.462s] Level 1:colcon.colcon_core.package_identification:_identify(myenv/lib/python3.12/site-packages/pip/_vendor/tomli_w/__pycache__) by extension 'cmake'
[0.462s] Level 1:colcon.colcon_core.package_identification:_identify(myenv/lib/python3.12/site-packages/pip/_vendor/tomli_w/__pycache__) by extension 'python'
[0.462s] Level 1:colcon.colcon_core.package_identification:_identify(myenv/lib/python3.12/site-packages/pip/_vendor/tomli_w/__pycache__) by extensions ['python_setup_py']
[0.462s] Level 1:colcon.colcon_core.package_identification:_identify(myenv/lib/python3.12/site-packages/pip/_vendor/tomli_w/__pycache__) by extension 'python_setup_py'
[0.462s] Level 1:colcon.colcon_core.package_identification:_identify(myenv/lib/python3.12/site-packages/pip/_vendor/truststore) by extensions ['ignore', 'ignore_ament_install']
[0.462s] Level 1:colcon.colcon_core.package_identification:_identify(myenv/lib/python3.12/site-packages/pip/_vendor/truststore) by extension 'ignore'
[0.462s] Level 1:colcon.colcon_core.package_identification:_identify(myenv/lib/python3.12/site-packages/pip/_vendor/truststore) by extension 'ignore_ament_install'
[0.462s] Level 1:colcon.colcon_core.package_identification:_identify(myenv/lib/python3.12/site-packages/pip/_vendor/truststore) by extensions ['colcon_pkg']
[0.462s] Level 1:colcon.colcon_core.package_identification:_identify(myenv/lib/python3.12/site-packages/pip/_vendor/truststore) by extension 'colcon_pkg'
[0.462s] Level 1:colcon.colcon_core.package_identification:_identify(myenv/lib/python3.12/site-packages/pip/_vendor/truststore) by extensions ['colcon_meta']
[0.462s] Level 1:colcon.colcon_core.package_identification:_identify(myenv/lib/python3.12/site-packages/pip/_vendor/truststore) by extension 'colcon_meta'
[0.462s] Level 1:colcon.colcon_core.package_identification:_identify(myenv/lib/python3.12/site-packages/pip/_vendor/truststore) by extensions ['ros']
[0.462s] Level 1:colcon.colcon_core.package_identification:_identify(myenv/lib/python3.12/site-packages/pip/_vendor/truststore) by extension 'ros'
[0.463s] Level 1:colcon.colcon_core.package_identification:_identify(myenv/lib/python3.12/site-packages/pip/_vendor/truststore) by extensions ['cmake', 'python']
[0.463s] Level 1:colcon.colcon_core.package_identification:_identify(myenv/lib/python3.12/site-packages/pip/_vendor/truststore) by extension 'cmake'
[0.463s] Level 1:colcon.colcon_core.package_identification:_identify(myenv/lib/python3.12/site-packages/pip/_vendor/truststore) by extension 'python'
[0.463s] Level 1:colcon.colcon_core.package_identification:_identify(myenv/lib/python3.12/site-packages/pip/_vendor/truststore) by extensions ['python_setup_py']
[0.463s] Level 1:colcon.colcon_core.package_identification:_identify(myenv/lib/python3.12/site-packages/pip/_vendor/truststore) by extension 'python_setup_py'
[0.463s] Level 1:colcon.colcon_core.package_identification:_identify(myenv/lib/python3.12/site-packages/pip/_vendor/truststore/__pycache__) by extensions ['ignore', 'ignore_ament_install']
[0.463s] Level 1:colcon.colcon_core.package_identification:_identify(myenv/lib/python3.12/site-packages/pip/_vendor/truststore/__pycache__) by extension 'ignore'
[0.463s] Level 1:colcon.colcon_core.package_identification:_identify(myenv/lib/python3.12/site-packages/pip/_vendor/truststore/__pycache__) by extension 'ignore_ament_install'
[0.463s] Level 1:colcon.colcon_core.package_identification:_identify(myenv/lib/python3.12/site-packages/pip/_vendor/truststore/__pycache__) by extensions ['colcon_pkg']
[0.463s] Level 1:colcon.colcon_core.package_identification:_identify(myenv/lib/python3.12/site-packages/pip/_vendor/truststore/__pycache__) by extension 'colcon_pkg'
[0.463s] Level 1:colcon.colcon_core.package_identification:_identify(myenv/lib/python3.12/site-packages/pip/_vendor/truststore/__pycache__) by extensions ['colcon_meta']
[0.463s] Level 1:colcon.colcon_core.package_identification:_identify(myenv/lib/python3.12/site-packages/pip/_vendor/truststore/__pycache__) by extension 'colcon_meta'
[0.463s] Level 1:colcon.colcon_core.package_identification:_identify(myenv/lib/python3.12/site-packages/pip/_vendor/truststore/__pycache__) by extensions ['ros']
[0.463s] Level 1:colcon.colcon_core.package_identification:_identify(myenv/lib/python3.12/site-packages/pip/_vendor/truststore/__pycache__) by extension 'ros'
[0.464s] Level 1:colcon.colcon_core.package_identification:_identify(myenv/lib/python3.12/site-packages/pip/_vendor/truststore/__pycache__) by extensions ['cmake', 'python']
[0.464s] Level 1:colcon.colcon_core.package_identification:_identify(myenv/lib/python3.12/site-packages/pip/_vendor/truststore/__pycache__) by extension 'cmake'
[0.464s] Level 1:colcon.colcon_core.package_identification:_identify(myenv/lib/python3.12/site-packages/pip/_vendor/truststore/__pycache__) by extension 'python'
[0.464s] Level 1:colcon.colcon_core.package_identification:_identify(myenv/lib/python3.12/site-packages/pip/_vendor/truststore/__pycache__) by extensions ['python_setup_py']
[0.464s] Level 1:colcon.colcon_core.package_identification:_identify(myenv/lib/python3.12/site-packages/pip/_vendor/truststore/__pycache__) by extension 'python_setup_py'
[0.464s] Level 1:colcon.colcon_core.package_identification:_identify(myenv/lib/python3.12/site-packages/pip/_vendor/urllib3) by extensions ['ignore', 'ignore_ament_install']
[0.464s] Level 1:colcon.colcon_core.package_identification:_identify(myenv/lib/python3.12/site-packages/pip/_vendor/urllib3) by extension 'ignore'
[0.464s] Level 1:colcon.colcon_core.package_identification:_identify(myenv/lib/python3.12/site-packages/pip/_vendor/urllib3) by extension 'ignore_ament_install'
[0.464s] Level 1:colcon.colcon_core.package_identification:_identify(myenv/lib/python3.12/site-packages/pip/_vendor/urllib3) by extensions ['colcon_pkg']
[0.464s] Level 1:colcon.colcon_core.package_identification:_identify(myenv/lib/python3.12/site-packages/pip/_vendor/urllib3) by extension 'colcon_pkg'
[0.464s] Level 1:colcon.colcon_core.package_identification:_identify(myenv/lib/python3.12/site-packages/pip/_vendor/urllib3) by extensions ['colcon_meta']
[0.464s] Level 1:colcon.colcon_core.package_identification:_identify(myenv/lib/python3.12/site-packages/pip/_vendor/urllib3) by extension 'colcon_meta'
[0.464s] Level 1:colcon.colcon_core.package_identification:_identify(myenv/lib/python3.12/site-packages/pip/_vendor/urllib3) by extensions ['ros']
[0.464s] Level 1:colcon.colcon_core.package_identification:_identify(myenv/lib/python3.12/site-packages/pip/_vendor/urllib3) by extension 'ros'
[0.465s] Level 1:colcon.colcon_core.package_identification:_identify(myenv/lib/python3.12/site-packages/pip/_vendor/urllib3) by extensions ['cmake', 'python']
[0.465s] Level 1:colcon.colcon_core.package_identification:_identify(myenv/lib/python3.12/site-packages/pip/_vendor/urllib3) by extension 'cmake'
[0.465s] Level 1:colcon.colcon_core.package_identification:_identify(myenv/lib/python3.12/site-packages/pip/_vendor/urllib3) by extension 'python'
[0.465s] Level 1:colcon.colcon_core.package_identification:_identify(myenv/lib/python3.12/site-packages/pip/_vendor/urllib3) by extensions ['python_setup_py']
[0.465s] Level 1:colcon.colcon_core.package_identification:_identify(myenv/lib/python3.12/site-packages/pip/_vendor/urllib3) by extension 'python_setup_py'
[0.465s] Level 1:colcon.colcon_core.package_identification:_identify(myenv/lib/python3.12/site-packages/pip/_vendor/urllib3/__pycache__) by extensions ['ignore', 'ignore_ament_install']
[0.465s] Level 1:colcon.colcon_core.package_identification:_identify(myenv/lib/python3.12/site-packages/pip/_vendor/urllib3/__pycache__) by extension 'ignore'
[0.465s] Level 1:colcon.colcon_core.package_identification:_identify(myenv/lib/python3.12/site-packages/pip/_vendor/urllib3/__pycache__) by extension 'ignore_ament_install'
[0.465s] Level 1:colcon.colcon_core.package_identification:_identify(myenv/lib/python3.12/site-packages/pip/_vendor/urllib3/__pycache__) by extensions ['colcon_pkg']
[0.465s] Level 1:colcon.colcon_core.package_identification:_identify(myenv/lib/python3.12/site-packages/pip/_vendor/urllib3/__pycache__) by extension 'colcon_pkg'
[0.465s] Level 1:colcon.colcon_core.package_identification:_identify(myenv/lib/python3.12/site-packages/pip/_vendor/urllib3/__pycache__) by extensions ['colcon_meta']
[0.465s] Level 1:colcon.colcon_core.package_identification:_identify(myenv/lib/python3.12/site-packages/pip/_vendor/urllib3/__pycache__) by extension 'colcon_meta'
[0.465s] Level 1:colcon.colcon_core.package_identification:_identify(myenv/lib/python3.12/site-packages/pip/_vendor/urllib3/__pycache__) by extensions ['ros']
[0.465s] Level 1:colcon.colcon_core.package_identification:_identify(myenv/lib/python3.12/site-packages/pip/_vendor/urllib3/__pycache__) by extension 'ros'
[0.466s] Level 1:colcon.colcon_core.package_identification:_identify(myenv/lib/python3.12/site-packages/pip/_vendor/urllib3/__pycache__) by extensions ['cmake', 'python']
[0.466s] Level 1:colcon.colcon_core.package_identification:_identify(myenv/lib/python3.12/site-packages/pip/_vendor/urllib3/__pycache__) by extension 'cmake'
[0.466s] Level 1:colcon.colcon_core.package_identification:_identify(myenv/lib/python3.12/site-packages/pip/_vendor/urllib3/__pycache__) by extension 'python'
[0.466s] Level 1:colcon.colcon_core.package_identification:_identify(myenv/lib/python3.12/site-packages/pip/_vendor/urllib3/__pycache__) by extensions ['python_setup_py']
[0.466s] Level 1:colcon.colcon_core.package_identification:_identify(myenv/lib/python3.12/site-packages/pip/_vendor/urllib3/__pycache__) by extension 'python_setup_py'
[0.466s] Level 1:colcon.colcon_core.package_identification:_identify(myenv/lib/python3.12/site-packages/pip/_vendor/urllib3/contrib) by extensions ['ignore', 'ignore_ament_install']
[0.466s] Level 1:colcon.colcon_core.package_identification:_identify(myenv/lib/python3.12/site-packages/pip/_vendor/urllib3/contrib) by extension 'ignore'
[0.466s] Level 1:colcon.colcon_core.package_identification:_identify(myenv/lib/python3.12/site-packages/pip/_vendor/urllib3/contrib) by extension 'ignore_ament_install'
[0.466s] Level 1:colcon.colcon_core.package_identification:_identify(myenv/lib/python3.12/site-packages/pip/_vendor/urllib3/contrib) by extensions ['colcon_pkg']
[0.466s] Level 1:colcon.colcon_core.package_identification:_identify(myenv/lib/python3.12/site-packages/pip/_vendor/urllib3/contrib) by extension 'colcon_pkg'
[0.466s] Level 1:colcon.colcon_core.package_identification:_identify(myenv/lib/python3.12/site-packages/pip/_vendor/urllib3/contrib) by extensions ['colcon_meta']
[0.466s] Level 1:colcon.colcon_core.package_identification:_identify(myenv/lib/python3.12/site-packages/pip/_vendor/urllib3/contrib) by extension 'colcon_meta'
[0.467s] Level 1:colcon.colcon_core.package_identification:_identify(myenv/lib/python3.12/site-packages/pip/_vendor/urllib3/contrib) by extensions ['ros']
[0.467s] Level 1:colcon.colcon_core.package_identification:_identify(myenv/lib/python3.12/site-packages/pip/_vendor/urllib3/contrib) by extension 'ros'
[0.467s] Level 1:colcon.colcon_core.package_identification:_identify(myenv/lib/python3.12/site-packages/pip/_vendor/urllib3/contrib) by extensions ['cmake', 'python']
[0.467s] Level 1:colcon.colcon_core.package_identification:_identify(myenv/lib/python3.12/site-packages/pip/_vendor/urllib3/contrib) by extension 'cmake'
[0.467s] Level 1:colcon.colcon_core.package_identification:_identify(myenv/lib/python3.12/site-packages/pip/_vendor/urllib3/contrib) by extension 'python'
[0.467s] Level 1:colcon.colcon_core.package_identification:_identify(myenv/lib/python3.12/site-packages/pip/_vendor/urllib3/contrib) by extensions ['python_setup_py']
[0.467s] Level 1:colcon.colcon_core.package_identification:_identify(myenv/lib/python3.12/site-packages/pip/_vendor/urllib3/contrib) by extension 'python_setup_py'
[0.467s] Level 1:colcon.colcon_core.package_identification:_identify(myenv/lib/python3.12/site-packages/pip/_vendor/urllib3/contrib/__pycache__) by extensions ['ignore', 'ignore_ament_install']
[0.467s] Level 1:colcon.colcon_core.package_identification:_identify(myenv/lib/python3.12/site-packages/pip/_vendor/urllib3/contrib/__pycache__) by extension 'ignore'
[0.467s] Level 1:colcon.colcon_core.package_identification:_identify(myenv/lib/python3.12/site-packages/pip/_vendor/urllib3/contrib/__pycache__) by extension 'ignore_ament_install'
[0.467s] Level 1:colcon.colcon_core.package_identification:_identify(myenv/lib/python3.12/site-packages/pip/_vendor/urllib3/contrib/__pycache__) by extensions ['colcon_pkg']
[0.467s] Level 1:colcon.colcon_core.package_identification:_identify(myenv/lib/python3.12/site-packages/pip/_vendor/urllib3/contrib/__pycache__) by extension 'colcon_pkg'
[0.467s] Level 1:colcon.colcon_core.package_identification:_identify(myenv/lib/python3.12/site-packages/pip/_vendor/urllib3/contrib/__pycache__) by extensions ['colcon_meta']
[0.468s] Level 1:colcon.colcon_core.package_identification:_identify(myenv/lib/python3.12/site-packages/pip/_vendor/urllib3/contrib/__pycache__) by extension 'colcon_meta'
[0.468s] Level 1:colcon.colcon_core.package_identification:_identify(myenv/lib/python3.12/site-packages/pip/_vendor/urllib3/contrib/__pycache__) by extensions ['ros']
[0.468s] Level 1:colcon.colcon_core.package_identification:_identify(myenv/lib/python3.12/site-packages/pip/_vendor/urllib3/contrib/__pycache__) by extension 'ros'
[0.468s] Level 1:colcon.colcon_core.package_identification:_identify(myenv/lib/python3.12/site-packages/pip/_vendor/urllib3/contrib/__pycache__) by extensions ['cmake', 'python']
[0.468s] Level 1:colcon.colcon_core.package_identification:_identify(myenv/lib/python3.12/site-packages/pip/_vendor/urllib3/contrib/__pycache__) by extension 'cmake'
[0.468s] Level 1:colcon.colcon_core.package_identification:_identify(myenv/lib/python3.12/site-packages/pip/_vendor/urllib3/contrib/__pycache__) by extension 'python'
[0.468s] Level 1:colcon.colcon_core.package_identification:_identify(myenv/lib/python3.12/site-packages/pip/_vendor/urllib3/contrib/__pycache__) by extensions ['python_setup_py']
[0.468s] Level 1:colcon.colcon_core.package_identification:_identify(myenv/lib/python3.12/site-packages/pip/_vendor/urllib3/contrib/__pycache__) by extension 'python_setup_py'
[0.468s] Level 1:colcon.colcon_core.package_identification:_identify(myenv/lib/python3.12/site-packages/pip/_vendor/urllib3/contrib/_securetransport) by extensions ['ignore', 'ignore_ament_install']
[0.468s] Level 1:colcon.colcon_core.package_identification:_identify(myenv/lib/python3.12/site-packages/pip/_vendor/urllib3/contrib/_securetransport) by extension 'ignore'
[0.468s] Level 1:colcon.colcon_core.package_identification:_identify(myenv/lib/python3.12/site-packages/pip/_vendor/urllib3/contrib/_securetransport) by extension 'ignore_ament_install'
[0.468s] Level 1:colcon.colcon_core.package_identification:_identify(myenv/lib/python3.12/site-packages/pip/_vendor/urllib3/contrib/_securetransport) by extensions ['colcon_pkg']
[0.468s] Level 1:colcon.colcon_core.package_identification:_identify(myenv/lib/python3.12/site-packages/pip/_vendor/urllib3/contrib/_securetransport) by extension 'colcon_pkg'
[0.469s] Level 1:colcon.colcon_core.package_identification:_identify(myenv/lib/python3.12/site-packages/pip/_vendor/urllib3/contrib/_securetransport) by extensions ['colcon_meta']
[0.469s] Level 1:colcon.colcon_core.package_identification:_identify(myenv/lib/python3.12/site-packages/pip/_vendor/urllib3/contrib/_securetransport) by extension 'colcon_meta'
[0.469s] Level 1:colcon.colcon_core.package_identification:_identify(myenv/lib/python3.12/site-packages/pip/_vendor/urllib3/contrib/_securetransport) by extensions ['ros']
[0.469s] Level 1:colcon.colcon_core.package_identification:_identify(myenv/lib/python3.12/site-packages/pip/_vendor/urllib3/contrib/_securetransport) by extension 'ros'
[0.469s] Level 1:colcon.colcon_core.package_identification:_identify(myenv/lib/python3.12/site-packages/pip/_vendor/urllib3/contrib/_securetransport) by extensions ['cmake', 'python']
[0.469s] Level 1:colcon.colcon_core.package_identification:_identify(myenv/lib/python3.12/site-packages/pip/_vendor/urllib3/contrib/_securetransport) by extension 'cmake'
[0.469s] Level 1:colcon.colcon_core.package_identification:_identify(myenv/lib/python3.12/site-packages/pip/_vendor/urllib3/contrib/_securetransport) by extension 'python'
[0.469s] Level 1:colcon.colcon_core.package_identification:_identify(myenv/lib/python3.12/site-packages/pip/_vendor/urllib3/contrib/_securetransport) by extensions ['python_setup_py']
[0.469s] Level 1:colcon.colcon_core.package_identification:_identify(myenv/lib/python3.12/site-packages/pip/_vendor/urllib3/contrib/_securetransport) by extension 'python_setup_py'
[0.469s] Level 1:colcon.colcon_core.package_identification:_identify(myenv/lib/python3.12/site-packages/pip/_vendor/urllib3/contrib/_securetransport/__pycache__) by extensions ['ignore', 'ignore_ament_install']
[0.469s] Level 1:colcon.colcon_core.package_identification:_identify(myenv/lib/python3.12/site-packages/pip/_vendor/urllib3/contrib/_securetransport/__pycache__) by extension 'ignore'
[0.469s] Level 1:colcon.colcon_core.package_identification:_identify(myenv/lib/python3.12/site-packages/pip/_vendor/urllib3/contrib/_securetransport/__pycache__) by extension 'ignore_ament_install'
[0.470s] Level 1:colcon.colcon_core.package_identification:_identify(myenv/lib/python3.12/site-packages/pip/_vendor/urllib3/contrib/_securetransport/__pycache__) by extensions ['colcon_pkg']
[0.470s] Level 1:colcon.colcon_core.package_identification:_identify(myenv/lib/python3.12/site-packages/pip/_vendor/urllib3/contrib/_securetransport/__pycache__) by extension 'colcon_pkg'
[0.470s] Level 1:colcon.colcon_core.package_identification:_identify(myenv/lib/python3.12/site-packages/pip/_vendor/urllib3/contrib/_securetransport/__pycache__) by extensions ['colcon_meta']
[0.470s] Level 1:colcon.colcon_core.package_identification:_identify(myenv/lib/python3.12/site-packages/pip/_vendor/urllib3/contrib/_securetransport/__pycache__) by extension 'colcon_meta'
[0.470s] Level 1:colcon.colcon_core.package_identification:_identify(myenv/lib/python3.12/site-packages/pip/_vendor/urllib3/contrib/_securetransport/__pycache__) by extensions ['ros']
[0.470s] Level 1:colcon.colcon_core.package_identification:_identify(myenv/lib/python3.12/site-packages/pip/_vendor/urllib3/contrib/_securetransport/__pycache__) by extension 'ros'
[0.470s] Level 1:colcon.colcon_core.package_identification:_identify(myenv/lib/python3.12/site-packages/pip/_vendor/urllib3/contrib/_securetransport/__pycache__) by extensions ['cmake', 'python']
[0.470s] Level 1:colcon.colcon_core.package_identification:_identify(myenv/lib/python3.12/site-packages/pip/_vendor/urllib3/contrib/_securetransport/__pycache__) by extension 'cmake'
[0.470s] Level 1:colcon.colcon_core.package_identification:_identify(myenv/lib/python3.12/site-packages/pip/_vendor/urllib3/contrib/_securetransport/__pycache__) by extension 'python'
[0.470s] Level 1:colcon.colcon_core.package_identification:_identify(myenv/lib/python3.12/site-packages/pip/_vendor/urllib3/contrib/_securetransport/__pycache__) by extensions ['python_setup_py']
[0.470s] Level 1:colcon.colcon_core.package_identification:_identify(myenv/lib/python3.12/site-packages/pip/_vendor/urllib3/contrib/_securetransport/__pycache__) by extension 'python_setup_py'
[0.470s] Level 1:colcon.colcon_core.package_identification:_identify(myenv/lib/python3.12/site-packages/pip/_vendor/urllib3/packages) by extensions ['ignore', 'ignore_ament_install']
[0.470s] Level 1:colcon.colcon_core.package_identification:_identify(myenv/lib/python3.12/site-packages/pip/_vendor/urllib3/packages) by extension 'ignore'
[0.470s] Level 1:colcon.colcon_core.package_identification:_identify(myenv/lib/python3.12/site-packages/pip/_vendor/urllib3/packages) by extension 'ignore_ament_install'
[0.471s] Level 1:colcon.colcon_core.package_identification:_identify(myenv/lib/python3.12/site-packages/pip/_vendor/urllib3/packages) by extensions ['colcon_pkg']
[0.471s] Level 1:colcon.colcon_core.package_identification:_identify(myenv/lib/python3.12/site-packages/pip/_vendor/urllib3/packages) by extension 'colcon_pkg'
[0.471s] Level 1:colcon.colcon_core.package_identification:_identify(myenv/lib/python3.12/site-packages/pip/_vendor/urllib3/packages) by extensions ['colcon_meta']
[0.471s] Level 1:colcon.colcon_core.package_identification:_identify(myenv/lib/python3.12/site-packages/pip/_vendor/urllib3/packages) by extension 'colcon_meta'
[0.471s] Level 1:colcon.colcon_core.package_identification:_identify(myenv/lib/python3.12/site-packages/pip/_vendor/urllib3/packages) by extensions ['ros']
[0.471s] Level 1:colcon.colcon_core.package_identification:_identify(myenv/lib/python3.12/site-packages/pip/_vendor/urllib3/packages) by extension 'ros'
[0.471s] Level 1:colcon.colcon_core.package_identification:_identify(myenv/lib/python3.12/site-packages/pip/_vendor/urllib3/packages) by extensions ['cmake', 'python']
[0.471s] Level 1:colcon.colcon_core.package_identification:_identify(myenv/lib/python3.12/site-packages/pip/_vendor/urllib3/packages) by extension 'cmake'
[0.471s] Level 1:colcon.colcon_core.package_identification:_identify(myenv/lib/python3.12/site-packages/pip/_vendor/urllib3/packages) by extension 'python'
[0.471s] Level 1:colcon.colcon_core.package_identification:_identify(myenv/lib/python3.12/site-packages/pip/_vendor/urllib3/packages) by extensions ['python_setup_py']
[0.471s] Level 1:colcon.colcon_core.package_identification:_identify(myenv/lib/python3.12/site-packages/pip/_vendor/urllib3/packages) by extension 'python_setup_py'
[0.471s] Level 1:colcon.colcon_core.package_identification:_identify(myenv/lib/python3.12/site-packages/pip/_vendor/urllib3/packages/__pycache__) by extensions ['ignore', 'ignore_ament_install']
[0.471s] Level 1:colcon.colcon_core.package_identification:_identify(myenv/lib/python3.12/site-packages/pip/_vendor/urllib3/packages/__pycache__) by extension 'ignore'
[0.472s] Level 1:colcon.colcon_core.package_identification:_identify(myenv/lib/python3.12/site-packages/pip/_vendor/urllib3/packages/__pycache__) by extension 'ignore_ament_install'
[0.472s] Level 1:colcon.colcon_core.package_identification:_identify(myenv/lib/python3.12/site-packages/pip/_vendor/urllib3/packages/__pycache__) by extensions ['colcon_pkg']
[0.472s] Level 1:colcon.colcon_core.package_identification:_identify(myenv/lib/python3.12/site-packages/pip/_vendor/urllib3/packages/__pycache__) by extension 'colcon_pkg'
[0.472s] Level 1:colcon.colcon_core.package_identification:_identify(myenv/lib/python3.12/site-packages/pip/_vendor/urllib3/packages/__pycache__) by extensions ['colcon_meta']
[0.472s] Level 1:colcon.colcon_core.package_identification:_identify(myenv/lib/python3.12/site-packages/pip/_vendor/urllib3/packages/__pycache__) by extension 'colcon_meta'
[0.472s] Level 1:colcon.colcon_core.package_identification:_identify(myenv/lib/python3.12/site-packages/pip/_vendor/urllib3/packages/__pycache__) by extensions ['ros']
[0.472s] Level 1:colcon.colcon_core.package_identification:_identify(myenv/lib/python3.12/site-packages/pip/_vendor/urllib3/packages/__pycache__) by extension 'ros'
[0.472s] Level 1:colcon.colcon_core.package_identification:_identify(myenv/lib/python3.12/site-packages/pip/_vendor/urllib3/packages/__pycache__) by extensions ['cmake', 'python']
[0.472s] Level 1:colcon.colcon_core.package_identification:_identify(myenv/lib/python3.12/site-packages/pip/_vendor/urllib3/packages/__pycache__) by extension 'cmake'
[0.472s] Level 1:colcon.colcon_core.package_identification:_identify(myenv/lib/python3.12/site-packages/pip/_vendor/urllib3/packages/__pycache__) by extension 'python'
[0.472s] Level 1:colcon.colcon_core.package_identification:_identify(myenv/lib/python3.12/site-packages/pip/_vendor/urllib3/packages/__pycache__) by extensions ['python_setup_py']
[0.472s] Level 1:colcon.colcon_core.package_identification:_identify(myenv/lib/python3.12/site-packages/pip/_vendor/urllib3/packages/__pycache__) by extension 'python_setup_py'
[0.472s] Level 1:colcon.colcon_core.package_identification:_identify(myenv/lib/python3.12/site-packages/pip/_vendor/urllib3/packages/backports) by extensions ['ignore', 'ignore_ament_install']
[0.472s] Level 1:colcon.colcon_core.package_identification:_identify(myenv/lib/python3.12/site-packages/pip/_vendor/urllib3/packages/backports) by extension 'ignore'
[0.473s] Level 1:colcon.colcon_core.package_identification:_identify(myenv/lib/python3.12/site-packages/pip/_vendor/urllib3/packages/backports) by extension 'ignore_ament_install'
[0.473s] Level 1:colcon.colcon_core.package_identification:_identify(myenv/lib/python3.12/site-packages/pip/_vendor/urllib3/packages/backports) by extensions ['colcon_pkg']
[0.473s] Level 1:colcon.colcon_core.package_identification:_identify(myenv/lib/python3.12/site-packages/pip/_vendor/urllib3/packages/backports) by extension 'colcon_pkg'
[0.473s] Level 1:colcon.colcon_core.package_identification:_identify(myenv/lib/python3.12/site-packages/pip/_vendor/urllib3/packages/backports) by extensions ['colcon_meta']
[0.473s] Level 1:colcon.colcon_core.package_identification:_identify(myenv/lib/python3.12/site-packages/pip/_vendor/urllib3/packages/backports) by extension 'colcon_meta'
[0.473s] Level 1:colcon.colcon_core.package_identification:_identify(myenv/lib/python3.12/site-packages/pip/_vendor/urllib3/packages/backports) by extensions ['ros']
[0.473s] Level 1:colcon.colcon_core.package_identification:_identify(myenv/lib/python3.12/site-packages/pip/_vendor/urllib3/packages/backports) by extension 'ros'
[0.473s] Level 1:colcon.colcon_core.package_identification:_identify(myenv/lib/python3.12/site-packages/pip/_vendor/urllib3/packages/backports) by extensions ['cmake', 'python']
[0.473s] Level 1:colcon.colcon_core.package_identification:_identify(myenv/lib/python3.12/site-packages/pip/_vendor/urllib3/packages/backports) by extension 'cmake'
[0.473s] Level 1:colcon.colcon_core.package_identification:_identify(myenv/lib/python3.12/site-packages/pip/_vendor/urllib3/packages/backports) by extension 'python'
[0.473s] Level 1:colcon.colcon_core.package_identification:_identify(myenv/lib/python3.12/site-packages/pip/_vendor/urllib3/packages/backports) by extensions ['python_setup_py']
[0.473s] Level 1:colcon.colcon_core.package_identification:_identify(myenv/lib/python3.12/site-packages/pip/_vendor/urllib3/packages/backports) by extension 'python_setup_py'
[0.473s] Level 1:colcon.colcon_core.package_identification:_identify(myenv/lib/python3.12/site-packages/pip/_vendor/urllib3/packages/backports/__pycache__) by extensions ['ignore', 'ignore_ament_install']
[0.474s] Level 1:colcon.colcon_core.package_identification:_identify(myenv/lib/python3.12/site-packages/pip/_vendor/urllib3/packages/backports/__pycache__) by extension 'ignore'
[0.474s] Level 1:colcon.colcon_core.package_identification:_identify(myenv/lib/python3.12/site-packages/pip/_vendor/urllib3/packages/backports/__pycache__) by extension 'ignore_ament_install'
[0.474s] Level 1:colcon.colcon_core.package_identification:_identify(myenv/lib/python3.12/site-packages/pip/_vendor/urllib3/packages/backports/__pycache__) by extensions ['colcon_pkg']
[0.474s] Level 1:colcon.colcon_core.package_identification:_identify(myenv/lib/python3.12/site-packages/pip/_vendor/urllib3/packages/backports/__pycache__) by extension 'colcon_pkg'
[0.474s] Level 1:colcon.colcon_core.package_identification:_identify(myenv/lib/python3.12/site-packages/pip/_vendor/urllib3/packages/backports/__pycache__) by extensions ['colcon_meta']
[0.474s] Level 1:colcon.colcon_core.package_identification:_identify(myenv/lib/python3.12/site-packages/pip/_vendor/urllib3/packages/backports/__pycache__) by extension 'colcon_meta'
[0.474s] Level 1:colcon.colcon_core.package_identification:_identify(myenv/lib/python3.12/site-packages/pip/_vendor/urllib3/packages/backports/__pycache__) by extensions ['ros']
[0.474s] Level 1:colcon.colcon_core.package_identification:_identify(myenv/lib/python3.12/site-packages/pip/_vendor/urllib3/packages/backports/__pycache__) by extension 'ros'
[0.474s] Level 1:colcon.colcon_core.package_identification:_identify(myenv/lib/python3.12/site-packages/pip/_vendor/urllib3/packages/backports/__pycache__) by extensions ['cmake', 'python']
[0.474s] Level 1:colcon.colcon_core.package_identification:_identify(myenv/lib/python3.12/site-packages/pip/_vendor/urllib3/packages/backports/__pycache__) by extension 'cmake'
[0.474s] Level 1:colcon.colcon_core.package_identification:_identify(myenv/lib/python3.12/site-packages/pip/_vendor/urllib3/packages/backports/__pycache__) by extension 'python'
[0.474s] Level 1:colcon.colcon_core.package_identification:_identify(myenv/lib/python3.12/site-packages/pip/_vendor/urllib3/packages/backports/__pycache__) by extensions ['python_setup_py']
[0.474s] Level 1:colcon.colcon_core.package_identification:_identify(myenv/lib/python3.12/site-packages/pip/_vendor/urllib3/packages/backports/__pycache__) by extension 'python_setup_py'
[0.475s] Level 1:colcon.colcon_core.package_identification:_identify(myenv/lib/python3.12/site-packages/pip/_vendor/urllib3/util) by extensions ['ignore', 'ignore_ament_install']
[0.475s] Level 1:colcon.colcon_core.package_identification:_identify(myenv/lib/python3.12/site-packages/pip/_vendor/urllib3/util) by extension 'ignore'
[0.475s] Level 1:colcon.colcon_core.package_identification:_identify(myenv/lib/python3.12/site-packages/pip/_vendor/urllib3/util) by extension 'ignore_ament_install'
[0.475s] Level 1:colcon.colcon_core.package_identification:_identify(myenv/lib/python3.12/site-packages/pip/_vendor/urllib3/util) by extensions ['colcon_pkg']
[0.475s] Level 1:colcon.colcon_core.package_identification:_identify(myenv/lib/python3.12/site-packages/pip/_vendor/urllib3/util) by extension 'colcon_pkg'
[0.475s] Level 1:colcon.colcon_core.package_identification:_identify(myenv/lib/python3.12/site-packages/pip/_vendor/urllib3/util) by extensions ['colcon_meta']
[0.475s] Level 1:colcon.colcon_core.package_identification:_identify(myenv/lib/python3.12/site-packages/pip/_vendor/urllib3/util) by extension 'colcon_meta'
[0.475s] Level 1:colcon.colcon_core.package_identification:_identify(myenv/lib/python3.12/site-packages/pip/_vendor/urllib3/util) by extensions ['ros']
[0.475s] Level 1:colcon.colcon_core.package_identification:_identify(myenv/lib/python3.12/site-packages/pip/_vendor/urllib3/util) by extension 'ros'
[0.475s] Level 1:colcon.colcon_core.package_identification:_identify(myenv/lib/python3.12/site-packages/pip/_vendor/urllib3/util) by extensions ['cmake', 'python']
[0.475s] Level 1:colcon.colcon_core.package_identification:_identify(myenv/lib/python3.12/site-packages/pip/_vendor/urllib3/util) by extension 'cmake'
[0.475s] Level 1:colcon.colcon_core.package_identification:_identify(myenv/lib/python3.12/site-packages/pip/_vendor/urllib3/util) by extension 'python'
[0.475s] Level 1:colcon.colcon_core.package_identification:_identify(myenv/lib/python3.12/site-packages/pip/_vendor/urllib3/util) by extensions ['python_setup_py']
[0.475s] Level 1:colcon.colcon_core.package_identification:_identify(myenv/lib/python3.12/site-packages/pip/_vendor/urllib3/util) by extension 'python_setup_py'
[0.476s] Level 1:colcon.colcon_core.package_identification:_identify(myenv/lib/python3.12/site-packages/pip/_vendor/urllib3/util/__pycache__) by extensions ['ignore', 'ignore_ament_install']
[0.476s] Level 1:colcon.colcon_core.package_identification:_identify(myenv/lib/python3.12/site-packages/pip/_vendor/urllib3/util/__pycache__) by extension 'ignore'
[0.476s] Level 1:colcon.colcon_core.package_identification:_identify(myenv/lib/python3.12/site-packages/pip/_vendor/urllib3/util/__pycache__) by extension 'ignore_ament_install'
[0.476s] Level 1:colcon.colcon_core.package_identification:_identify(myenv/lib/python3.12/site-packages/pip/_vendor/urllib3/util/__pycache__) by extensions ['colcon_pkg']
[0.476s] Level 1:colcon.colcon_core.package_identification:_identify(myenv/lib/python3.12/site-packages/pip/_vendor/urllib3/util/__pycache__) by extension 'colcon_pkg'
[0.476s] Level 1:colcon.colcon_core.package_identification:_identify(myenv/lib/python3.12/site-packages/pip/_vendor/urllib3/util/__pycache__) by extensions ['colcon_meta']
[0.476s] Level 1:colcon.colcon_core.package_identification:_identify(myenv/lib/python3.12/site-packages/pip/_vendor/urllib3/util/__pycache__) by extension 'colcon_meta'
[0.476s] Level 1:colcon.colcon_core.package_identification:_identify(myenv/lib/python3.12/site-packages/pip/_vendor/urllib3/util/__pycache__) by extensions ['ros']
[0.476s] Level 1:colcon.colcon_core.package_identification:_identify(myenv/lib/python3.12/site-packages/pip/_vendor/urllib3/util/__pycache__) by extension 'ros'
[0.476s] Level 1:colcon.colcon_core.package_identification:_identify(myenv/lib/python3.12/site-packages/pip/_vendor/urllib3/util/__pycache__) by extensions ['cmake', 'python']
[0.476s] Level 1:colcon.colcon_core.package_identification:_identify(myenv/lib/python3.12/site-packages/pip/_vendor/urllib3/util/__pycache__) by extension 'cmake'
[0.476s] Level 1:colcon.colcon_core.package_identification:_identify(myenv/lib/python3.12/site-packages/pip/_vendor/urllib3/util/__pycache__) by extension 'python'
[0.476s] Level 1:colcon.colcon_core.package_identification:_identify(myenv/lib/python3.12/site-packages/pip/_vendor/urllib3/util/__pycache__) by extensions ['python_setup_py']
[0.476s] Level 1:colcon.colcon_core.package_identification:_identify(myenv/lib/python3.12/site-packages/pip/_vendor/urllib3/util/__pycache__) by extension 'python_setup_py'
[0.477s] Level 1:colcon.colcon_core.package_identification:_identify(myenv/lib/python3.12/site-packages/pip-25.2.dist-info) by extensions ['ignore', 'ignore_ament_install']
[0.477s] Level 1:colcon.colcon_core.package_identification:_identify(myenv/lib/python3.12/site-packages/pip-25.2.dist-info) by extension 'ignore'
[0.477s] Level 1:colcon.colcon_core.package_identification:_identify(myenv/lib/python3.12/site-packages/pip-25.2.dist-info) by extension 'ignore_ament_install'
[0.477s] Level 1:colcon.colcon_core.package_identification:_identify(myenv/lib/python3.12/site-packages/pip-25.2.dist-info) by extensions ['colcon_pkg']
[0.477s] Level 1:colcon.colcon_core.package_identification:_identify(myenv/lib/python3.12/site-packages/pip-25.2.dist-info) by extension 'colcon_pkg'
[0.477s] Level 1:colcon.colcon_core.package_identification:_identify(myenv/lib/python3.12/site-packages/pip-25.2.dist-info) by extensions ['colcon_meta']
[0.477s] Level 1:colcon.colcon_core.package_identification:_identify(myenv/lib/python3.12/site-packages/pip-25.2.dist-info) by extension 'colcon_meta'
[0.477s] Level 1:colcon.colcon_core.package_identification:_identify(myenv/lib/python3.12/site-packages/pip-25.2.dist-info) by extensions ['ros']
[0.477s] Level 1:colcon.colcon_core.package_identification:_identify(myenv/lib/python3.12/site-packages/pip-25.2.dist-info) by extension 'ros'
[0.477s] Level 1:colcon.colcon_core.package_identification:_identify(myenv/lib/python3.12/site-packages/pip-25.2.dist-info) by extensions ['cmake', 'python']
[0.477s] Level 1:colcon.colcon_core.package_identification:_identify(myenv/lib/python3.12/site-packages/pip-25.2.dist-info) by extension 'cmake'
[0.477s] Level 1:colcon.colcon_core.package_identification:_identify(myenv/lib/python3.12/site-packages/pip-25.2.dist-info) by extension 'python'
[0.477s] Level 1:colcon.colcon_core.package_identification:_identify(myenv/lib/python3.12/site-packages/pip-25.2.dist-info) by extensions ['python_setup_py']
[0.477s] Level 1:colcon.colcon_core.package_identification:_identify(myenv/lib/python3.12/site-packages/pip-25.2.dist-info) by extension 'python_setup_py'
[0.478s] Level 1:colcon.colcon_core.package_identification:_identify(myenv/lib/python3.12/site-packages/pip-25.2.dist-info/licenses) by extensions ['ignore', 'ignore_ament_install']
[0.478s] Level 1:colcon.colcon_core.package_identification:_identify(myenv/lib/python3.12/site-packages/pip-25.2.dist-info/licenses) by extension 'ignore'
[0.478s] Level 1:colcon.colcon_core.package_identification:_identify(myenv/lib/python3.12/site-packages/pip-25.2.dist-info/licenses) by extension 'ignore_ament_install'
[0.478s] Level 1:colcon.colcon_core.package_identification:_identify(myenv/lib/python3.12/site-packages/pip-25.2.dist-info/licenses) by extensions ['colcon_pkg']
[0.478s] Level 1:colcon.colcon_core.package_identification:_identify(myenv/lib/python3.12/site-packages/pip-25.2.dist-info/licenses) by extension 'colcon_pkg'
[0.478s] Level 1:colcon.colcon_core.package_identification:_identify(myenv/lib/python3.12/site-packages/pip-25.2.dist-info/licenses) by extensions ['colcon_meta']
[0.478s] Level 1:colcon.colcon_core.package_identification:_identify(myenv/lib/python3.12/site-packages/pip-25.2.dist-info/licenses) by extension 'colcon_meta'
[0.478s] Level 1:colcon.colcon_core.package_identification:_identify(myenv/lib/python3.12/site-packages/pip-25.2.dist-info/licenses) by extensions ['ros']
[0.478s] Level 1:colcon.colcon_core.package_identification:_identify(myenv/lib/python3.12/site-packages/pip-25.2.dist-info/licenses) by extension 'ros'
[0.478s] Level 1:colcon.colcon_core.package_identification:_identify(myenv/lib/python3.12/site-packages/pip-25.2.dist-info/licenses) by extensions ['cmake', 'python']
[0.478s] Level 1:colcon.colcon_core.package_identification:_identify(myenv/lib/python3.12/site-packages/pip-25.2.dist-info/licenses) by extension 'cmake'
[0.478s] Level 1:colcon.colcon_core.package_identification:_identify(myenv/lib/python3.12/site-packages/pip-25.2.dist-info/licenses) by extension 'python'
[0.478s] Level 1:colcon.colcon_core.package_identification:_identify(myenv/lib/python3.12/site-packages/pip-25.2.dist-info/licenses) by extensions ['python_setup_py']
[0.478s] Level 1:colcon.colcon_core.package_identification:_identify(myenv/lib/python3.12/site-packages/pip-25.2.dist-info/licenses) by extension 'python_setup_py'
[0.479s] Level 1:colcon.colcon_core.package_identification:_identify(myenv/lib/python3.12/site-packages/pip-25.2.dist-info/licenses/src) by extensions ['ignore', 'ignore_ament_install']
[0.479s] Level 1:colcon.colcon_core.package_identification:_identify(myenv/lib/python3.12/site-packages/pip-25.2.dist-info/licenses/src) by extension 'ignore'
[0.479s] Level 1:colcon.colcon_core.package_identification:_identify(myenv/lib/python3.12/site-packages/pip-25.2.dist-info/licenses/src) by extension 'ignore_ament_install'
[0.479s] Level 1:colcon.colcon_core.package_identification:_identify(myenv/lib/python3.12/site-packages/pip-25.2.dist-info/licenses/src) by extensions ['colcon_pkg']
[0.479s] Level 1:colcon.colcon_core.package_identification:_identify(myenv/lib/python3.12/site-packages/pip-25.2.dist-info/licenses/src) by extension 'colcon_pkg'
[0.479s] Level 1:colcon.colcon_core.package_identification:_identify(myenv/lib/python3.12/site-packages/pip-25.2.dist-info/licenses/src) by extensions ['colcon_meta']
[0.479s] Level 1:colcon.colcon_core.package_identification:_identify(myenv/lib/python3.12/site-packages/pip-25.2.dist-info/licenses/src) by extension 'colcon_meta'
[0.479s] Level 1:colcon.colcon_core.package_identification:_identify(myenv/lib/python3.12/site-packages/pip-25.2.dist-info/licenses/src) by extensions ['ros']
[0.479s] Level 1:colcon.colcon_core.package_identification:_identify(myenv/lib/python3.12/site-packages/pip-25.2.dist-info/licenses/src) by extension 'ros'
[0.479s] Level 1:colcon.colcon_core.package_identification:_identify(myenv/lib/python3.12/site-packages/pip-25.2.dist-info/licenses/src) by extensions ['cmake', 'python']
[0.479s] Level 1:colcon.colcon_core.package_identification:_identify(myenv/lib/python3.12/site-packages/pip-25.2.dist-info/licenses/src) by extension 'cmake'
[0.479s] Level 1:colcon.colcon_core.package_identification:_identify(myenv/lib/python3.12/site-packages/pip-25.2.dist-info/licenses/src) by extension 'python'
[0.479s] Level 1:colcon.colcon_core.package_identification:_identify(myenv/lib/python3.12/site-packages/pip-25.2.dist-info/licenses/src) by extensions ['python_setup_py']
[0.479s] Level 1:colcon.colcon_core.package_identification:_identify(myenv/lib/python3.12/site-packages/pip-25.2.dist-info/licenses/src) by extension 'python_setup_py'
[0.480s] Level 1:colcon.colcon_core.package_identification:_identify(myenv/lib/python3.12/site-packages/pip-25.2.dist-info/licenses/src/pip) by extensions ['ignore', 'ignore_ament_install']
[0.480s] Level 1:colcon.colcon_core.package_identification:_identify(myenv/lib/python3.12/site-packages/pip-25.2.dist-info/licenses/src/pip) by extension 'ignore'
[0.480s] Level 1:colcon.colcon_core.package_identification:_identify(myenv/lib/python3.12/site-packages/pip-25.2.dist-info/licenses/src/pip) by extension 'ignore_ament_install'
[0.480s] Level 1:colcon.colcon_core.package_identification:_identify(myenv/lib/python3.12/site-packages/pip-25.2.dist-info/licenses/src/pip) by extensions ['colcon_pkg']
[0.480s] Level 1:colcon.colcon_core.package_identification:_identify(myenv/lib/python3.12/site-packages/pip-25.2.dist-info/licenses/src/pip) by extension 'colcon_pkg'
[0.480s] Level 1:colcon.colcon_core.package_identification:_identify(myenv/lib/python3.12/site-packages/pip-25.2.dist-info/licenses/src/pip) by extensions ['colcon_meta']
[0.480s] Level 1:colcon.colcon_core.package_identification:_identify(myenv/lib/python3.12/site-packages/pip-25.2.dist-info/licenses/src/pip) by extension 'colcon_meta'
[0.480s] Level 1:colcon.colcon_core.package_identification:_identify(myenv/lib/python3.12/site-packages/pip-25.2.dist-info/licenses/src/pip) by extensions ['ros']
[0.480s] Level 1:colcon.colcon_core.package_identification:_identify(myenv/lib/python3.12/site-packages/pip-25.2.dist-info/licenses/src/pip) by extension 'ros'
[0.480s] Level 1:colcon.colcon_core.package_identification:_identify(myenv/lib/python3.12/site-packages/pip-25.2.dist-info/licenses/src/pip) by extensions ['cmake', 'python']
[0.480s] Level 1:colcon.colcon_core.package_identification:_identify(myenv/lib/python3.12/site-packages/pip-25.2.dist-info/licenses/src/pip) by extension 'cmake'
[0.480s] Level 1:colcon.colcon_core.package_identification:_identify(myenv/lib/python3.12/site-packages/pip-25.2.dist-info/licenses/src/pip) by extension 'python'
[0.480s] Level 1:colcon.colcon_core.package_identification:_identify(myenv/lib/python3.12/site-packages/pip-25.2.dist-info/licenses/src/pip) by extensions ['python_setup_py']
[0.480s] Level 1:colcon.colcon_core.package_identification:_identify(myenv/lib/python3.12/site-packages/pip-25.2.dist-info/licenses/src/pip) by extension 'python_setup_py'
[0.481s] Level 1:colcon.colcon_core.package_identification:_identify(myenv/lib/python3.12/site-packages/pip-25.2.dist-info/licenses/src/pip/_vendor) by extensions ['ignore', 'ignore_ament_install']
[0.481s] Level 1:colcon.colcon_core.package_identification:_identify(myenv/lib/python3.12/site-packages/pip-25.2.dist-info/licenses/src/pip/_vendor) by extension 'ignore'
[0.481s] Level 1:colcon.colcon_core.package_identification:_identify(myenv/lib/python3.12/site-packages/pip-25.2.dist-info/licenses/src/pip/_vendor) by extension 'ignore_ament_install'
[0.481s] Level 1:colcon.colcon_core.package_identification:_identify(myenv/lib/python3.12/site-packages/pip-25.2.dist-info/licenses/src/pip/_vendor) by extensions ['colcon_pkg']
[0.481s] Level 1:colcon.colcon_core.package_identification:_identify(myenv/lib/python3.12/site-packages/pip-25.2.dist-info/licenses/src/pip/_vendor) by extension 'colcon_pkg'
[0.481s] Level 1:colcon.colcon_core.package_identification:_identify(myenv/lib/python3.12/site-packages/pip-25.2.dist-info/licenses/src/pip/_vendor) by extensions ['colcon_meta']
[0.481s] Level 1:colcon.colcon_core.package_identification:_identify(myenv/lib/python3.12/site-packages/pip-25.2.dist-info/licenses/src/pip/_vendor) by extension 'colcon_meta'
[0.481s] Level 1:colcon.colcon_core.package_identification:_identify(myenv/lib/python3.12/site-packages/pip-25.2.dist-info/licenses/src/pip/_vendor) by extensions ['ros']
[0.481s] Level 1:colcon.colcon_core.package_identification:_identify(myenv/lib/python3.12/site-packages/pip-25.2.dist-info/licenses/src/pip/_vendor) by extension 'ros'
[0.481s] Level 1:colcon.colcon_core.package_identification:_identify(myenv/lib/python3.12/site-packages/pip-25.2.dist-info/licenses/src/pip/_vendor) by extensions ['cmake', 'python']
[0.481s] Level 1:colcon.colcon_core.package_identification:_identify(myenv/lib/python3.12/site-packages/pip-25.2.dist-info/licenses/src/pip/_vendor) by extension 'cmake'
[0.481s] Level 1:colcon.colcon_core.package_identification:_identify(myenv/lib/python3.12/site-packages/pip-25.2.dist-info/licenses/src/pip/_vendor) by extension 'python'
[0.482s] Level 1:colcon.colcon_core.package_identification:_identify(myenv/lib/python3.12/site-packages/pip-25.2.dist-info/licenses/src/pip/_vendor) by extensions ['python_setup_py']
[0.482s] Level 1:colcon.colcon_core.package_identification:_identify(myenv/lib/python3.12/site-packages/pip-25.2.dist-info/licenses/src/pip/_vendor) by extension 'python_setup_py'
[0.482s] Level 1:colcon.colcon_core.package_identification:_identify(myenv/lib/python3.12/site-packages/pip-25.2.dist-info/licenses/src/pip/_vendor/cachecontrol) by extensions ['ignore', 'ignore_ament_install']
[0.482s] Level 1:colcon.colcon_core.package_identification:_identify(myenv/lib/python3.12/site-packages/pip-25.2.dist-info/licenses/src/pip/_vendor/cachecontrol) by extension 'ignore'
[0.482s] Level 1:colcon.colcon_core.package_identification:_identify(myenv/lib/python3.12/site-packages/pip-25.2.dist-info/licenses/src/pip/_vendor/cachecontrol) by extension 'ignore_ament_install'
[0.482s] Level 1:colcon.colcon_core.package_identification:_identify(myenv/lib/python3.12/site-packages/pip-25.2.dist-info/licenses/src/pip/_vendor/cachecontrol) by extensions ['colcon_pkg']
[0.482s] Level 1:colcon.colcon_core.package_identification:_identify(myenv/lib/python3.12/site-packages/pip-25.2.dist-info/licenses/src/pip/_vendor/cachecontrol) by extension 'colcon_pkg'
[0.482s] Level 1:colcon.colcon_core.package_identification:_identify(myenv/lib/python3.12/site-packages/pip-25.2.dist-info/licenses/src/pip/_vendor/cachecontrol) by extensions ['colcon_meta']
[0.482s] Level 1:colcon.colcon_core.package_identification:_identify(myenv/lib/python3.12/site-packages/pip-25.2.dist-info/licenses/src/pip/_vendor/cachecontrol) by extension 'colcon_meta'
[0.482s] Level 1:colcon.colcon_core.package_identification:_identify(myenv/lib/python3.12/site-packages/pip-25.2.dist-info/licenses/src/pip/_vendor/cachecontrol) by extensions ['ros']
[0.482s] Level 1:colcon.colcon_core.package_identification:_identify(myenv/lib/python3.12/site-packages/pip-25.2.dist-info/licenses/src/pip/_vendor/cachecontrol) by extension 'ros'
[0.482s] Level 1:colcon.colcon_core.package_identification:_identify(myenv/lib/python3.12/site-packages/pip-25.2.dist-info/licenses/src/pip/_vendor/cachecontrol) by extensions ['cmake', 'python']
[0.482s] Level 1:colcon.colcon_core.package_identification:_identify(myenv/lib/python3.12/site-packages/pip-25.2.dist-info/licenses/src/pip/_vendor/cachecontrol) by extension 'cmake'
[0.483s] Level 1:colcon.colcon_core.package_identification:_identify(myenv/lib/python3.12/site-packages/pip-25.2.dist-info/licenses/src/pip/_vendor/cachecontrol) by extension 'python'
[0.483s] Level 1:colcon.colcon_core.package_identification:_identify(myenv/lib/python3.12/site-packages/pip-25.2.dist-info/licenses/src/pip/_vendor/cachecontrol) by extensions ['python_setup_py']
[0.483s] Level 1:colcon.colcon_core.package_identification:_identify(myenv/lib/python3.12/site-packages/pip-25.2.dist-info/licenses/src/pip/_vendor/cachecontrol) by extension 'python_setup_py'
[0.483s] Level 1:colcon.colcon_core.package_identification:_identify(myenv/lib/python3.12/site-packages/pip-25.2.dist-info/licenses/src/pip/_vendor/certifi) by extensions ['ignore', 'ignore_ament_install']
[0.483s] Level 1:colcon.colcon_core.package_identification:_identify(myenv/lib/python3.12/site-packages/pip-25.2.dist-info/licenses/src/pip/_vendor/certifi) by extension 'ignore'
[0.483s] Level 1:colcon.colcon_core.package_identification:_identify(myenv/lib/python3.12/site-packages/pip-25.2.dist-info/licenses/src/pip/_vendor/certifi) by extension 'ignore_ament_install'
[0.483s] Level 1:colcon.colcon_core.package_identification:_identify(myenv/lib/python3.12/site-packages/pip-25.2.dist-info/licenses/src/pip/_vendor/certifi) by extensions ['colcon_pkg']
[0.483s] Level 1:colcon.colcon_core.package_identification:_identify(myenv/lib/python3.12/site-packages/pip-25.2.dist-info/licenses/src/pip/_vendor/certifi) by extension 'colcon_pkg'
[0.483s] Level 1:colcon.colcon_core.package_identification:_identify(myenv/lib/python3.12/site-packages/pip-25.2.dist-info/licenses/src/pip/_vendor/certifi) by extensions ['colcon_meta']
[0.483s] Level 1:colcon.colcon_core.package_identification:_identify(myenv/lib/python3.12/site-packages/pip-25.2.dist-info/licenses/src/pip/_vendor/certifi) by extension 'colcon_meta'
[0.483s] Level 1:colcon.colcon_core.package_identification:_identify(myenv/lib/python3.12/site-packages/pip-25.2.dist-info/licenses/src/pip/_vendor/certifi) by extensions ['ros']
[0.483s] Level 1:colcon.colcon_core.package_identification:_identify(myenv/lib/python3.12/site-packages/pip-25.2.dist-info/licenses/src/pip/_vendor/certifi) by extension 'ros'
[0.483s] Level 1:colcon.colcon_core.package_identification:_identify(myenv/lib/python3.12/site-packages/pip-25.2.dist-info/licenses/src/pip/_vendor/certifi) by extensions ['cmake', 'python']
[0.484s] Level 1:colcon.colcon_core.package_identification:_identify(myenv/lib/python3.12/site-packages/pip-25.2.dist-info/licenses/src/pip/_vendor/certifi) by extension 'cmake'
[0.484s] Level 1:colcon.colcon_core.package_identification:_identify(myenv/lib/python3.12/site-packages/pip-25.2.dist-info/licenses/src/pip/_vendor/certifi) by extension 'python'
[0.484s] Level 1:colcon.colcon_core.package_identification:_identify(myenv/lib/python3.12/site-packages/pip-25.2.dist-info/licenses/src/pip/_vendor/certifi) by extensions ['python_setup_py']
[0.484s] Level 1:colcon.colcon_core.package_identification:_identify(myenv/lib/python3.12/site-packages/pip-25.2.dist-info/licenses/src/pip/_vendor/certifi) by extension 'python_setup_py'
[0.484s] Level 1:colcon.colcon_core.package_identification:_identify(myenv/lib/python3.12/site-packages/pip-25.2.dist-info/licenses/src/pip/_vendor/dependency_groups) by extensions ['ignore', 'ignore_ament_install']
[0.484s] Level 1:colcon.colcon_core.package_identification:_identify(myenv/lib/python3.12/site-packages/pip-25.2.dist-info/licenses/src/pip/_vendor/dependency_groups) by extension 'ignore'
[0.484s] Level 1:colcon.colcon_core.package_identification:_identify(myenv/lib/python3.12/site-packages/pip-25.2.dist-info/licenses/src/pip/_vendor/dependency_groups) by extension 'ignore_ament_install'
[0.484s] Level 1:colcon.colcon_core.package_identification:_identify(myenv/lib/python3.12/site-packages/pip-25.2.dist-info/licenses/src/pip/_vendor/dependency_groups) by extensions ['colcon_pkg']
[0.484s] Level 1:colcon.colcon_core.package_identification:_identify(myenv/lib/python3.12/site-packages/pip-25.2.dist-info/licenses/src/pip/_vendor/dependency_groups) by extension 'colcon_pkg'
[0.484s] Level 1:colcon.colcon_core.package_identification:_identify(myenv/lib/python3.12/site-packages/pip-25.2.dist-info/licenses/src/pip/_vendor/dependency_groups) by extensions ['colcon_meta']
[0.484s] Level 1:colcon.colcon_core.package_identification:_identify(myenv/lib/python3.12/site-packages/pip-25.2.dist-info/licenses/src/pip/_vendor/dependency_groups) by extension 'colcon_meta'
[0.484s] Level 1:colcon.colcon_core.package_identification:_identify(myenv/lib/python3.12/site-packages/pip-25.2.dist-info/licenses/src/pip/_vendor/dependency_groups) by extensions ['ros']
[0.484s] Level 1:colcon.colcon_core.package_identification:_identify(myenv/lib/python3.12/site-packages/pip-25.2.dist-info/licenses/src/pip/_vendor/dependency_groups) by extension 'ros'
[0.485s] Level 1:colcon.colcon_core.package_identification:_identify(myenv/lib/python3.12/site-packages/pip-25.2.dist-info/licenses/src/pip/_vendor/dependency_groups) by extensions ['cmake', 'python']
[0.485s] Level 1:colcon.colcon_core.package_identification:_identify(myenv/lib/python3.12/site-packages/pip-25.2.dist-info/licenses/src/pip/_vendor/dependency_groups) by extension 'cmake'
[0.485s] Level 1:colcon.colcon_core.package_identification:_identify(myenv/lib/python3.12/site-packages/pip-25.2.dist-info/licenses/src/pip/_vendor/dependency_groups) by extension 'python'
[0.485s] Level 1:colcon.colcon_core.package_identification:_identify(myenv/lib/python3.12/site-packages/pip-25.2.dist-info/licenses/src/pip/_vendor/dependency_groups) by extensions ['python_setup_py']
[0.485s] Level 1:colcon.colcon_core.package_identification:_identify(myenv/lib/python3.12/site-packages/pip-25.2.dist-info/licenses/src/pip/_vendor/dependency_groups) by extension 'python_setup_py'
[0.485s] Level 1:colcon.colcon_core.package_identification:_identify(myenv/lib/python3.12/site-packages/pip-25.2.dist-info/licenses/src/pip/_vendor/distlib) by extensions ['ignore', 'ignore_ament_install']
[0.485s] Level 1:colcon.colcon_core.package_identification:_identify(myenv/lib/python3.12/site-packages/pip-25.2.dist-info/licenses/src/pip/_vendor/distlib) by extension 'ignore'
[0.485s] Level 1:colcon.colcon_core.package_identification:_identify(myenv/lib/python3.12/site-packages/pip-25.2.dist-info/licenses/src/pip/_vendor/distlib) by extension 'ignore_ament_install'
[0.485s] Level 1:colcon.colcon_core.package_identification:_identify(myenv/lib/python3.12/site-packages/pip-25.2.dist-info/licenses/src/pip/_vendor/distlib) by extensions ['colcon_pkg']
[0.485s] Level 1:colcon.colcon_core.package_identification:_identify(myenv/lib/python3.12/site-packages/pip-25.2.dist-info/licenses/src/pip/_vendor/distlib) by extension 'colcon_pkg'
[0.485s] Level 1:colcon.colcon_core.package_identification:_identify(myenv/lib/python3.12/site-packages/pip-25.2.dist-info/licenses/src/pip/_vendor/distlib) by extensions ['colcon_meta']
[0.485s] Level 1:colcon.colcon_core.package_identification:_identify(myenv/lib/python3.12/site-packages/pip-25.2.dist-info/licenses/src/pip/_vendor/distlib) by extension 'colcon_meta'
[0.485s] Level 1:colcon.colcon_core.package_identification:_identify(myenv/lib/python3.12/site-packages/pip-25.2.dist-info/licenses/src/pip/_vendor/distlib) by extensions ['ros']
[0.485s] Level 1:colcon.colcon_core.package_identification:_identify(myenv/lib/python3.12/site-packages/pip-25.2.dist-info/licenses/src/pip/_vendor/distlib) by extension 'ros'
[0.486s] Level 1:colcon.colcon_core.package_identification:_identify(myenv/lib/python3.12/site-packages/pip-25.2.dist-info/licenses/src/pip/_vendor/distlib) by extensions ['cmake', 'python']
[0.486s] Level 1:colcon.colcon_core.package_identification:_identify(myenv/lib/python3.12/site-packages/pip-25.2.dist-info/licenses/src/pip/_vendor/distlib) by extension 'cmake'
[0.486s] Level 1:colcon.colcon_core.package_identification:_identify(myenv/lib/python3.12/site-packages/pip-25.2.dist-info/licenses/src/pip/_vendor/distlib) by extension 'python'
[0.486s] Level 1:colcon.colcon_core.package_identification:_identify(myenv/lib/python3.12/site-packages/pip-25.2.dist-info/licenses/src/pip/_vendor/distlib) by extensions ['python_setup_py']
[0.486s] Level 1:colcon.colcon_core.package_identification:_identify(myenv/lib/python3.12/site-packages/pip-25.2.dist-info/licenses/src/pip/_vendor/distlib) by extension 'python_setup_py'
[0.486s] Level 1:colcon.colcon_core.package_identification:_identify(myenv/lib/python3.12/site-packages/pip-25.2.dist-info/licenses/src/pip/_vendor/distro) by extensions ['ignore', 'ignore_ament_install']
[0.486s] Level 1:colcon.colcon_core.package_identification:_identify(myenv/lib/python3.12/site-packages/pip-25.2.dist-info/licenses/src/pip/_vendor/distro) by extension 'ignore'
[0.486s] Level 1:colcon.colcon_core.package_identification:_identify(myenv/lib/python3.12/site-packages/pip-25.2.dist-info/licenses/src/pip/_vendor/distro) by extension 'ignore_ament_install'
[0.486s] Level 1:colcon.colcon_core.package_identification:_identify(myenv/lib/python3.12/site-packages/pip-25.2.dist-info/licenses/src/pip/_vendor/distro) by extensions ['colcon_pkg']
[0.486s] Level 1:colcon.colcon_core.package_identification:_identify(myenv/lib/python3.12/site-packages/pip-25.2.dist-info/licenses/src/pip/_vendor/distro) by extension 'colcon_pkg'
[0.486s] Level 1:colcon.colcon_core.package_identification:_identify(myenv/lib/python3.12/site-packages/pip-25.2.dist-info/licenses/src/pip/_vendor/distro) by extensions ['colcon_meta']
[0.486s] Level 1:colcon.colcon_core.package_identification:_identify(myenv/lib/python3.12/site-packages/pip-25.2.dist-info/licenses/src/pip/_vendor/distro) by extension 'colcon_meta'
[0.487s] Level 1:colcon.colcon_core.package_identification:_identify(myenv/lib/python3.12/site-packages/pip-25.2.dist-info/licenses/src/pip/_vendor/distro) by extensions ['ros']
[0.487s] Level 1:colcon.colcon_core.package_identification:_identify(myenv/lib/python3.12/site-packages/pip-25.2.dist-info/licenses/src/pip/_vendor/distro) by extension 'ros'
[0.487s] Level 1:colcon.colcon_core.package_identification:_identify(myenv/lib/python3.12/site-packages/pip-25.2.dist-info/licenses/src/pip/_vendor/distro) by extensions ['cmake', 'python']
[0.487s] Level 1:colcon.colcon_core.package_identification:_identify(myenv/lib/python3.12/site-packages/pip-25.2.dist-info/licenses/src/pip/_vendor/distro) by extension 'cmake'
[0.487s] Level 1:colcon.colcon_core.package_identification:_identify(myenv/lib/python3.12/site-packages/pip-25.2.dist-info/licenses/src/pip/_vendor/distro) by extension 'python'
[0.487s] Level 1:colcon.colcon_core.package_identification:_identify(myenv/lib/python3.12/site-packages/pip-25.2.dist-info/licenses/src/pip/_vendor/distro) by extensions ['python_setup_py']
[0.487s] Level 1:colcon.colcon_core.package_identification:_identify(myenv/lib/python3.12/site-packages/pip-25.2.dist-info/licenses/src/pip/_vendor/distro) by extension 'python_setup_py'
[0.487s] Level 1:colcon.colcon_core.package_identification:_identify(myenv/lib/python3.12/site-packages/pip-25.2.dist-info/licenses/src/pip/_vendor/idna) by extensions ['ignore', 'ignore_ament_install']
[0.487s] Level 1:colcon.colcon_core.package_identification:_identify(myenv/lib/python3.12/site-packages/pip-25.2.dist-info/licenses/src/pip/_vendor/idna) by extension 'ignore'
[0.487s] Level 1:colcon.colcon_core.package_identification:_identify(myenv/lib/python3.12/site-packages/pip-25.2.dist-info/licenses/src/pip/_vendor/idna) by extension 'ignore_ament_install'
[0.487s] Level 1:colcon.colcon_core.package_identification:_identify(myenv/lib/python3.12/site-packages/pip-25.2.dist-info/licenses/src/pip/_vendor/idna) by extensions ['colcon_pkg']
[0.487s] Level 1:colcon.colcon_core.package_identification:_identify(myenv/lib/python3.12/site-packages/pip-25.2.dist-info/licenses/src/pip/_vendor/idna) by extension 'colcon_pkg'
[0.487s] Level 1:colcon.colcon_core.package_identification:_identify(myenv/lib/python3.12/site-packages/pip-25.2.dist-info/licenses/src/pip/_vendor/idna) by extensions ['colcon_meta']
[0.488s] Level 1:colcon.colcon_core.package_identification:_identify(myenv/lib/python3.12/site-packages/pip-25.2.dist-info/licenses/src/pip/_vendor/idna) by extension 'colcon_meta'
[0.488s] Level 1:colcon.colcon_core.package_identification:_identify(myenv/lib/python3.12/site-packages/pip-25.2.dist-info/licenses/src/pip/_vendor/idna) by extensions ['ros']
[0.488s] Level 1:colcon.colcon_core.package_identification:_identify(myenv/lib/python3.12/site-packages/pip-25.2.dist-info/licenses/src/pip/_vendor/idna) by extension 'ros'
[0.488s] Level 1:colcon.colcon_core.package_identification:_identify(myenv/lib/python3.12/site-packages/pip-25.2.dist-info/licenses/src/pip/_vendor/idna) by extensions ['cmake', 'python']
[0.488s] Level 1:colcon.colcon_core.package_identification:_identify(myenv/lib/python3.12/site-packages/pip-25.2.dist-info/licenses/src/pip/_vendor/idna) by extension 'cmake'
[0.488s] Level 1:colcon.colcon_core.package_identification:_identify(myenv/lib/python3.12/site-packages/pip-25.2.dist-info/licenses/src/pip/_vendor/idna) by extension 'python'
[0.488s] Level 1:colcon.colcon_core.package_identification:_identify(myenv/lib/python3.12/site-packages/pip-25.2.dist-info/licenses/src/pip/_vendor/idna) by extensions ['python_setup_py']
[0.488s] Level 1:colcon.colcon_core.package_identification:_identify(myenv/lib/python3.12/site-packages/pip-25.2.dist-info/licenses/src/pip/_vendor/idna) by extension 'python_setup_py'
[0.488s] Level 1:colcon.colcon_core.package_identification:_identify(myenv/lib/python3.12/site-packages/pip-25.2.dist-info/licenses/src/pip/_vendor/msgpack) by extensions ['ignore', 'ignore_ament_install']
[0.488s] Level 1:colcon.colcon_core.package_identification:_identify(myenv/lib/python3.12/site-packages/pip-25.2.dist-info/licenses/src/pip/_vendor/msgpack) by extension 'ignore'
[0.488s] Level 1:colcon.colcon_core.package_identification:_identify(myenv/lib/python3.12/site-packages/pip-25.2.dist-info/licenses/src/pip/_vendor/msgpack) by extension 'ignore_ament_install'
[0.488s] Level 1:colcon.colcon_core.package_identification:_identify(myenv/lib/python3.12/site-packages/pip-25.2.dist-info/licenses/src/pip/_vendor/msgpack) by extensions ['colcon_pkg']
[0.488s] Level 1:colcon.colcon_core.package_identification:_identify(myenv/lib/python3.12/site-packages/pip-25.2.dist-info/licenses/src/pip/_vendor/msgpack) by extension 'colcon_pkg'
[0.489s] Level 1:colcon.colcon_core.package_identification:_identify(myenv/lib/python3.12/site-packages/pip-25.2.dist-info/licenses/src/pip/_vendor/msgpack) by extensions ['colcon_meta']
[0.489s] Level 1:colcon.colcon_core.package_identification:_identify(myenv/lib/python3.12/site-packages/pip-25.2.dist-info/licenses/src/pip/_vendor/msgpack) by extension 'colcon_meta'
[0.489s] Level 1:colcon.colcon_core.package_identification:_identify(myenv/lib/python3.12/site-packages/pip-25.2.dist-info/licenses/src/pip/_vendor/msgpack) by extensions ['ros']
[0.489s] Level 1:colcon.colcon_core.package_identification:_identify(myenv/lib/python3.12/site-packages/pip-25.2.dist-info/licenses/src/pip/_vendor/msgpack) by extension 'ros'
[0.489s] Level 1:colcon.colcon_core.package_identification:_identify(myenv/lib/python3.12/site-packages/pip-25.2.dist-info/licenses/src/pip/_vendor/msgpack) by extensions ['cmake', 'python']
[0.489s] Level 1:colcon.colcon_core.package_identification:_identify(myenv/lib/python3.12/site-packages/pip-25.2.dist-info/licenses/src/pip/_vendor/msgpack) by extension 'cmake'
[0.489s] Level 1:colcon.colcon_core.package_identification:_identify(myenv/lib/python3.12/site-packages/pip-25.2.dist-info/licenses/src/pip/_vendor/msgpack) by extension 'python'
[0.489s] Level 1:colcon.colcon_core.package_identification:_identify(myenv/lib/python3.12/site-packages/pip-25.2.dist-info/licenses/src/pip/_vendor/msgpack) by extensions ['python_setup_py']
[0.489s] Level 1:colcon.colcon_core.package_identification:_identify(myenv/lib/python3.12/site-packages/pip-25.2.dist-info/licenses/src/pip/_vendor/msgpack) by extension 'python_setup_py'
[0.489s] Level 1:colcon.colcon_core.package_identification:_identify(myenv/lib/python3.12/site-packages/pip-25.2.dist-info/licenses/src/pip/_vendor/packaging) by extensions ['ignore', 'ignore_ament_install']
[0.489s] Level 1:colcon.colcon_core.package_identification:_identify(myenv/lib/python3.12/site-packages/pip-25.2.dist-info/licenses/src/pip/_vendor/packaging) by extension 'ignore'
[0.489s] Level 1:colcon.colcon_core.package_identification:_identify(myenv/lib/python3.12/site-packages/pip-25.2.dist-info/licenses/src/pip/_vendor/packaging) by extension 'ignore_ament_install'
[0.489s] Level 1:colcon.colcon_core.package_identification:_identify(myenv/lib/python3.12/site-packages/pip-25.2.dist-info/licenses/src/pip/_vendor/packaging) by extensions ['colcon_pkg']
[0.490s] Level 1:colcon.colcon_core.package_identification:_identify(myenv/lib/python3.12/site-packages/pip-25.2.dist-info/licenses/src/pip/_vendor/packaging) by extension 'colcon_pkg'
[0.490s] Level 1:colcon.colcon_core.package_identification:_identify(myenv/lib/python3.12/site-packages/pip-25.2.dist-info/licenses/src/pip/_vendor/packaging) by extensions ['colcon_meta']
[0.490s] Level 1:colcon.colcon_core.package_identification:_identify(myenv/lib/python3.12/site-packages/pip-25.2.dist-info/licenses/src/pip/_vendor/packaging) by extension 'colcon_meta'
[0.490s] Level 1:colcon.colcon_core.package_identification:_identify(myenv/lib/python3.12/site-packages/pip-25.2.dist-info/licenses/src/pip/_vendor/packaging) by extensions ['ros']
[0.490s] Level 1:colcon.colcon_core.package_identification:_identify(myenv/lib/python3.12/site-packages/pip-25.2.dist-info/licenses/src/pip/_vendor/packaging) by extension 'ros'
[0.490s] Level 1:colcon.colcon_core.package_identification:_identify(myenv/lib/python3.12/site-packages/pip-25.2.dist-info/licenses/src/pip/_vendor/packaging) by extensions ['cmake', 'python']
[0.490s] Level 1:colcon.colcon_core.package_identification:_identify(myenv/lib/python3.12/site-packages/pip-25.2.dist-info/licenses/src/pip/_vendor/packaging) by extension 'cmake'
[0.490s] Level 1:colcon.colcon_core.package_identification:_identify(myenv/lib/python3.12/site-packages/pip-25.2.dist-info/licenses/src/pip/_vendor/packaging) by extension 'python'
[0.490s] Level 1:colcon.colcon_core.package_identification:_identify(myenv/lib/python3.12/site-packages/pip-25.2.dist-info/licenses/src/pip/_vendor/packaging) by extensions ['python_setup_py']
[0.490s] Level 1:colcon.colcon_core.package_identification:_identify(myenv/lib/python3.12/site-packages/pip-25.2.dist-info/licenses/src/pip/_vendor/packaging) by extension 'python_setup_py'
[0.490s] Level 1:colcon.colcon_core.package_identification:_identify(myenv/lib/python3.12/site-packages/pip-25.2.dist-info/licenses/src/pip/_vendor/pkg_resources) by extensions ['ignore', 'ignore_ament_install']
[0.490s] Level 1:colcon.colcon_core.package_identification:_identify(myenv/lib/python3.12/site-packages/pip-25.2.dist-info/licenses/src/pip/_vendor/pkg_resources) by extension 'ignore'
[0.490s] Level 1:colcon.colcon_core.package_identification:_identify(myenv/lib/python3.12/site-packages/pip-25.2.dist-info/licenses/src/pip/_vendor/pkg_resources) by extension 'ignore_ament_install'
[0.491s] Level 1:colcon.colcon_core.package_identification:_identify(myenv/lib/python3.12/site-packages/pip-25.2.dist-info/licenses/src/pip/_vendor/pkg_resources) by extensions ['colcon_pkg']
[0.491s] Level 1:colcon.colcon_core.package_identification:_identify(myenv/lib/python3.12/site-packages/pip-25.2.dist-info/licenses/src/pip/_vendor/pkg_resources) by extension 'colcon_pkg'
[0.491s] Level 1:colcon.colcon_core.package_identification:_identify(myenv/lib/python3.12/site-packages/pip-25.2.dist-info/licenses/src/pip/_vendor/pkg_resources) by extensions ['colcon_meta']
[0.491s] Level 1:colcon.colcon_core.package_identification:_identify(myenv/lib/python3.12/site-packages/pip-25.2.dist-info/licenses/src/pip/_vendor/pkg_resources) by extension 'colcon_meta'
[0.491s] Level 1:colcon.colcon_core.package_identification:_identify(myenv/lib/python3.12/site-packages/pip-25.2.dist-info/licenses/src/pip/_vendor/pkg_resources) by extensions ['ros']
[0.491s] Level 1:colcon.colcon_core.package_identification:_identify(myenv/lib/python3.12/site-packages/pip-25.2.dist-info/licenses/src/pip/_vendor/pkg_resources) by extension 'ros'
[0.491s] Level 1:colcon.colcon_core.package_identification:_identify(myenv/lib/python3.12/site-packages/pip-25.2.dist-info/licenses/src/pip/_vendor/pkg_resources) by extensions ['cmake', 'python']
[0.491s] Level 1:colcon.colcon_core.package_identification:_identify(myenv/lib/python3.12/site-packages/pip-25.2.dist-info/licenses/src/pip/_vendor/pkg_resources) by extension 'cmake'
[0.491s] Level 1:colcon.colcon_core.package_identification:_identify(myenv/lib/python3.12/site-packages/pip-25.2.dist-info/licenses/src/pip/_vendor/pkg_resources) by extension 'python'
[0.491s] Level 1:colcon.colcon_core.package_identification:_identify(myenv/lib/python3.12/site-packages/pip-25.2.dist-info/licenses/src/pip/_vendor/pkg_resources) by extensions ['python_setup_py']
[0.491s] Level 1:colcon.colcon_core.package_identification:_identify(myenv/lib/python3.12/site-packages/pip-25.2.dist-info/licenses/src/pip/_vendor/pkg_resources) by extension 'python_setup_py'
[0.491s] Level 1:colcon.colcon_core.package_identification:_identify(myenv/lib/python3.12/site-packages/pip-25.2.dist-info/licenses/src/pip/_vendor/platformdirs) by extensions ['ignore', 'ignore_ament_install']
[0.491s] Level 1:colcon.colcon_core.package_identification:_identify(myenv/lib/python3.12/site-packages/pip-25.2.dist-info/licenses/src/pip/_vendor/platformdirs) by extension 'ignore'
[0.492s] Level 1:colcon.colcon_core.package_identification:_identify(myenv/lib/python3.12/site-packages/pip-25.2.dist-info/licenses/src/pip/_vendor/platformdirs) by extension 'ignore_ament_install'
[0.492s] Level 1:colcon.colcon_core.package_identification:_identify(myenv/lib/python3.12/site-packages/pip-25.2.dist-info/licenses/src/pip/_vendor/platformdirs) by extensions ['colcon_pkg']
[0.492s] Level 1:colcon.colcon_core.package_identification:_identify(myenv/lib/python3.12/site-packages/pip-25.2.dist-info/licenses/src/pip/_vendor/platformdirs) by extension 'colcon_pkg'
[0.492s] Level 1:colcon.colcon_core.package_identification:_identify(myenv/lib/python3.12/site-packages/pip-25.2.dist-info/licenses/src/pip/_vendor/platformdirs) by extensions ['colcon_meta']
[0.492s] Level 1:colcon.colcon_core.package_identification:_identify(myenv/lib/python3.12/site-packages/pip-25.2.dist-info/licenses/src/pip/_vendor/platformdirs) by extension 'colcon_meta'
[0.492s] Level 1:colcon.colcon_core.package_identification:_identify(myenv/lib/python3.12/site-packages/pip-25.2.dist-info/licenses/src/pip/_vendor/platformdirs) by extensions ['ros']
[0.492s] Level 1:colcon.colcon_core.package_identification:_identify(myenv/lib/python3.12/site-packages/pip-25.2.dist-info/licenses/src/pip/_vendor/platformdirs) by extension 'ros'
[0.492s] Level 1:colcon.colcon_core.package_identification:_identify(myenv/lib/python3.12/site-packages/pip-25.2.dist-info/licenses/src/pip/_vendor/platformdirs) by extensions ['cmake', 'python']
[0.492s] Level 1:colcon.colcon_core.package_identification:_identify(myenv/lib/python3.12/site-packages/pip-25.2.dist-info/licenses/src/pip/_vendor/platformdirs) by extension 'cmake'
[0.492s] Level 1:colcon.colcon_core.package_identification:_identify(myenv/lib/python3.12/site-packages/pip-25.2.dist-info/licenses/src/pip/_vendor/platformdirs) by extension 'python'
[0.492s] Level 1:colcon.colcon_core.package_identification:_identify(myenv/lib/python3.12/site-packages/pip-25.2.dist-info/licenses/src/pip/_vendor/platformdirs) by extensions ['python_setup_py']
[0.492s] Level 1:colcon.colcon_core.package_identification:_identify(myenv/lib/python3.12/site-packages/pip-25.2.dist-info/licenses/src/pip/_vendor/platformdirs) by extension 'python_setup_py'
[0.492s] Level 1:colcon.colcon_core.package_identification:_identify(myenv/lib/python3.12/site-packages/pip-25.2.dist-info/licenses/src/pip/_vendor/pygments) by extensions ['ignore', 'ignore_ament_install']
[0.492s] Level 1:colcon.colcon_core.package_identification:_identify(myenv/lib/python3.12/site-packages/pip-25.2.dist-info/licenses/src/pip/_vendor/pygments) by extension 'ignore'
[0.493s] Level 1:colcon.colcon_core.package_identification:_identify(myenv/lib/python3.12/site-packages/pip-25.2.dist-info/licenses/src/pip/_vendor/pygments) by extension 'ignore_ament_install'
[0.493s] Level 1:colcon.colcon_core.package_identification:_identify(myenv/lib/python3.12/site-packages/pip-25.2.dist-info/licenses/src/pip/_vendor/pygments) by extensions ['colcon_pkg']
[0.493s] Level 1:colcon.colcon_core.package_identification:_identify(myenv/lib/python3.12/site-packages/pip-25.2.dist-info/licenses/src/pip/_vendor/pygments) by extension 'colcon_pkg'
[0.493s] Level 1:colcon.colcon_core.package_identification:_identify(myenv/lib/python3.12/site-packages/pip-25.2.dist-info/licenses/src/pip/_vendor/pygments) by extensions ['colcon_meta']
[0.493s] Level 1:colcon.colcon_core.package_identification:_identify(myenv/lib/python3.12/site-packages/pip-25.2.dist-info/licenses/src/pip/_vendor/pygments) by extension 'colcon_meta'
[0.493s] Level 1:colcon.colcon_core.package_identification:_identify(myenv/lib/python3.12/site-packages/pip-25.2.dist-info/licenses/src/pip/_vendor/pygments) by extensions ['ros']
[0.493s] Level 1:colcon.colcon_core.package_identification:_identify(myenv/lib/python3.12/site-packages/pip-25.2.dist-info/licenses/src/pip/_vendor/pygments) by extension 'ros'
[0.493s] Level 1:colcon.colcon_core.package_identification:_identify(myenv/lib/python3.12/site-packages/pip-25.2.dist-info/licenses/src/pip/_vendor/pygments) by extensions ['cmake', 'python']
[0.493s] Level 1:colcon.colcon_core.package_identification:_identify(myenv/lib/python3.12/site-packages/pip-25.2.dist-info/licenses/src/pip/_vendor/pygments) by extension 'cmake'
[0.493s] Level 1:colcon.colcon_core.package_identification:_identify(myenv/lib/python3.12/site-packages/pip-25.2.dist-info/licenses/src/pip/_vendor/pygments) by extension 'python'
[0.493s] Level 1:colcon.colcon_core.package_identification:_identify(myenv/lib/python3.12/site-packages/pip-25.2.dist-info/licenses/src/pip/_vendor/pygments) by extensions ['python_setup_py']
[0.493s] Level 1:colcon.colcon_core.package_identification:_identify(myenv/lib/python3.12/site-packages/pip-25.2.dist-info/licenses/src/pip/_vendor/pygments) by extension 'python_setup_py'
[0.493s] Level 1:colcon.colcon_core.package_identification:_identify(myenv/lib/python3.12/site-packages/pip-25.2.dist-info/licenses/src/pip/_vendor/pyproject_hooks) by extensions ['ignore', 'ignore_ament_install']
[0.494s] Level 1:colcon.colcon_core.package_identification:_identify(myenv/lib/python3.12/site-packages/pip-25.2.dist-info/licenses/src/pip/_vendor/pyproject_hooks) by extension 'ignore'
[0.494s] Level 1:colcon.colcon_core.package_identification:_identify(myenv/lib/python3.12/site-packages/pip-25.2.dist-info/licenses/src/pip/_vendor/pyproject_hooks) by extension 'ignore_ament_install'
[0.494s] Level 1:colcon.colcon_core.package_identification:_identify(myenv/lib/python3.12/site-packages/pip-25.2.dist-info/licenses/src/pip/_vendor/pyproject_hooks) by extensions ['colcon_pkg']
[0.494s] Level 1:colcon.colcon_core.package_identification:_identify(myenv/lib/python3.12/site-packages/pip-25.2.dist-info/licenses/src/pip/_vendor/pyproject_hooks) by extension 'colcon_pkg'
[0.494s] Level 1:colcon.colcon_core.package_identification:_identify(myenv/lib/python3.12/site-packages/pip-25.2.dist-info/licenses/src/pip/_vendor/pyproject_hooks) by extensions ['colcon_meta']
[0.494s] Level 1:colcon.colcon_core.package_identification:_identify(myenv/lib/python3.12/site-packages/pip-25.2.dist-info/licenses/src/pip/_vendor/pyproject_hooks) by extension 'colcon_meta'
[0.494s] Level 1:colcon.colcon_core.package_identification:_identify(myenv/lib/python3.12/site-packages/pip-25.2.dist-info/licenses/src/pip/_vendor/pyproject_hooks) by extensions ['ros']
[0.494s] Level 1:colcon.colcon_core.package_identification:_identify(myenv/lib/python3.12/site-packages/pip-25.2.dist-info/licenses/src/pip/_vendor/pyproject_hooks) by extension 'ros'
[0.494s] Level 1:colcon.colcon_core.package_identification:_identify(myenv/lib/python3.12/site-packages/pip-25.2.dist-info/licenses/src/pip/_vendor/pyproject_hooks) by extensions ['cmake', 'python']
[0.494s] Level 1:colcon.colcon_core.package_identification:_identify(myenv/lib/python3.12/site-packages/pip-25.2.dist-info/licenses/src/pip/_vendor/pyproject_hooks) by extension 'cmake'
[0.494s] Level 1:colcon.colcon_core.package_identification:_identify(myenv/lib/python3.12/site-packages/pip-25.2.dist-info/licenses/src/pip/_vendor/pyproject_hooks) by extension 'python'
[0.494s] Level 1:colcon.colcon_core.package_identification:_identify(myenv/lib/python3.12/site-packages/pip-25.2.dist-info/licenses/src/pip/_vendor/pyproject_hooks) by extensions ['python_setup_py']
[0.494s] Level 1:colcon.colcon_core.package_identification:_identify(myenv/lib/python3.12/site-packages/pip-25.2.dist-info/licenses/src/pip/_vendor/pyproject_hooks) by extension 'python_setup_py'
[0.495s] Level 1:colcon.colcon_core.package_identification:_identify(myenv/lib/python3.12/site-packages/pip-25.2.dist-info/licenses/src/pip/_vendor/requests) by extensions ['ignore', 'ignore_ament_install']
[0.495s] Level 1:colcon.colcon_core.package_identification:_identify(myenv/lib/python3.12/site-packages/pip-25.2.dist-info/licenses/src/pip/_vendor/requests) by extension 'ignore'
[0.495s] Level 1:colcon.colcon_core.package_identification:_identify(myenv/lib/python3.12/site-packages/pip-25.2.dist-info/licenses/src/pip/_vendor/requests) by extension 'ignore_ament_install'
[0.495s] Level 1:colcon.colcon_core.package_identification:_identify(myenv/lib/python3.12/site-packages/pip-25.2.dist-info/licenses/src/pip/_vendor/requests) by extensions ['colcon_pkg']
[0.495s] Level 1:colcon.colcon_core.package_identification:_identify(myenv/lib/python3.12/site-packages/pip-25.2.dist-info/licenses/src/pip/_vendor/requests) by extension 'colcon_pkg'
[0.495s] Level 1:colcon.colcon_core.package_identification:_identify(myenv/lib/python3.12/site-packages/pip-25.2.dist-info/licenses/src/pip/_vendor/requests) by extensions ['colcon_meta']
[0.495s] Level 1:colcon.colcon_core.package_identification:_identify(myenv/lib/python3.12/site-packages/pip-25.2.dist-info/licenses/src/pip/_vendor/requests) by extension 'colcon_meta'
[0.495s] Level 1:colcon.colcon_core.package_identification:_identify(myenv/lib/python3.12/site-packages/pip-25.2.dist-info/licenses/src/pip/_vendor/requests) by extensions ['ros']
[0.495s] Level 1:colcon.colcon_core.package_identification:_identify(myenv/lib/python3.12/site-packages/pip-25.2.dist-info/licenses/src/pip/_vendor/requests) by extension 'ros'
[0.495s] Level 1:colcon.colcon_core.package_identification:_identify(myenv/lib/python3.12/site-packages/pip-25.2.dist-info/licenses/src/pip/_vendor/requests) by extensions ['cmake', 'python']
[0.495s] Level 1:colcon.colcon_core.package_identification:_identify(myenv/lib/python3.12/site-packages/pip-25.2.dist-info/licenses/src/pip/_vendor/requests) by extension 'cmake'
[0.495s] Level 1:colcon.colcon_core.package_identification:_identify(myenv/lib/python3.12/site-packages/pip-25.2.dist-info/licenses/src/pip/_vendor/requests) by extension 'python'
[0.495s] Level 1:colcon.colcon_core.package_identification:_identify(myenv/lib/python3.12/site-packages/pip-25.2.dist-info/licenses/src/pip/_vendor/requests) by extensions ['python_setup_py']
[0.495s] Level 1:colcon.colcon_core.package_identification:_identify(myenv/lib/python3.12/site-packages/pip-25.2.dist-info/licenses/src/pip/_vendor/requests) by extension 'python_setup_py'
[0.496s] Level 1:colcon.colcon_core.package_identification:_identify(myenv/lib/python3.12/site-packages/pip-25.2.dist-info/licenses/src/pip/_vendor/resolvelib) by extensions ['ignore', 'ignore_ament_install']
[0.496s] Level 1:colcon.colcon_core.package_identification:_identify(myenv/lib/python3.12/site-packages/pip-25.2.dist-info/licenses/src/pip/_vendor/resolvelib) by extension 'ignore'
[0.496s] Level 1:colcon.colcon_core.package_identification:_identify(myenv/lib/python3.12/site-packages/pip-25.2.dist-info/licenses/src/pip/_vendor/resolvelib) by extension 'ignore_ament_install'
[0.496s] Level 1:colcon.colcon_core.package_identification:_identify(myenv/lib/python3.12/site-packages/pip-25.2.dist-info/licenses/src/pip/_vendor/resolvelib) by extensions ['colcon_pkg']
[0.496s] Level 1:colcon.colcon_core.package_identification:_identify(myenv/lib/python3.12/site-packages/pip-25.2.dist-info/licenses/src/pip/_vendor/resolvelib) by extension 'colcon_pkg'
[0.496s] Level 1:colcon.colcon_core.package_identification:_identify(myenv/lib/python3.12/site-packages/pip-25.2.dist-info/licenses/src/pip/_vendor/resolvelib) by extensions ['colcon_meta']
[0.496s] Level 1:colcon.colcon_core.package_identification:_identify(myenv/lib/python3.12/site-packages/pip-25.2.dist-info/licenses/src/pip/_vendor/resolvelib) by extension 'colcon_meta'
[0.496s] Level 1:colcon.colcon_core.package_identification:_identify(myenv/lib/python3.12/site-packages/pip-25.2.dist-info/licenses/src/pip/_vendor/resolvelib) by extensions ['ros']
[0.496s] Level 1:colcon.colcon_core.package_identification:_identify(myenv/lib/python3.12/site-packages/pip-25.2.dist-info/licenses/src/pip/_vendor/resolvelib) by extension 'ros'
[0.496s] Level 1:colcon.colcon_core.package_identification:_identify(myenv/lib/python3.12/site-packages/pip-25.2.dist-info/licenses/src/pip/_vendor/resolvelib) by extensions ['cmake', 'python']
[0.496s] Level 1:colcon.colcon_core.package_identification:_identify(myenv/lib/python3.12/site-packages/pip-25.2.dist-info/licenses/src/pip/_vendor/resolvelib) by extension 'cmake'
[0.496s] Level 1:colcon.colcon_core.package_identification:_identify(myenv/lib/python3.12/site-packages/pip-25.2.dist-info/licenses/src/pip/_vendor/resolvelib) by extension 'python'
[0.496s] Level 1:colcon.colcon_core.package_identification:_identify(myenv/lib/python3.12/site-packages/pip-25.2.dist-info/licenses/src/pip/_vendor/resolvelib) by extensions ['python_setup_py']
[0.497s] Level 1:colcon.colcon_core.package_identification:_identify(myenv/lib/python3.12/site-packages/pip-25.2.dist-info/licenses/src/pip/_vendor/resolvelib) by extension 'python_setup_py'
[0.497s] Level 1:colcon.colcon_core.package_identification:_identify(myenv/lib/python3.12/site-packages/pip-25.2.dist-info/licenses/src/pip/_vendor/rich) by extensions ['ignore', 'ignore_ament_install']
[0.497s] Level 1:colcon.colcon_core.package_identification:_identify(myenv/lib/python3.12/site-packages/pip-25.2.dist-info/licenses/src/pip/_vendor/rich) by extension 'ignore'
[0.497s] Level 1:colcon.colcon_core.package_identification:_identify(myenv/lib/python3.12/site-packages/pip-25.2.dist-info/licenses/src/pip/_vendor/rich) by extension 'ignore_ament_install'
[0.497s] Level 1:colcon.colcon_core.package_identification:_identify(myenv/lib/python3.12/site-packages/pip-25.2.dist-info/licenses/src/pip/_vendor/rich) by extensions ['colcon_pkg']
[0.497s] Level 1:colcon.colcon_core.package_identification:_identify(myenv/lib/python3.12/site-packages/pip-25.2.dist-info/licenses/src/pip/_vendor/rich) by extension 'colcon_pkg'
[0.497s] Level 1:colcon.colcon_core.package_identification:_identify(myenv/lib/python3.12/site-packages/pip-25.2.dist-info/licenses/src/pip/_vendor/rich) by extensions ['colcon_meta']
[0.497s] Level 1:colcon.colcon_core.package_identification:_identify(myenv/lib/python3.12/site-packages/pip-25.2.dist-info/licenses/src/pip/_vendor/rich) by extension 'colcon_meta'
[0.497s] Level 1:colcon.colcon_core.package_identification:_identify(myenv/lib/python3.12/site-packages/pip-25.2.dist-info/licenses/src/pip/_vendor/rich) by extensions ['ros']
[0.497s] Level 1:colcon.colcon_core.package_identification:_identify(myenv/lib/python3.12/site-packages/pip-25.2.dist-info/licenses/src/pip/_vendor/rich) by extension 'ros'
[0.497s] Level 1:colcon.colcon_core.package_identification:_identify(myenv/lib/python3.12/site-packages/pip-25.2.dist-info/licenses/src/pip/_vendor/rich) by extensions ['cmake', 'python']
[0.497s] Level 1:colcon.colcon_core.package_identification:_identify(myenv/lib/python3.12/site-packages/pip-25.2.dist-info/licenses/src/pip/_vendor/rich) by extension 'cmake'
[0.497s] Level 1:colcon.colcon_core.package_identification:_identify(myenv/lib/python3.12/site-packages/pip-25.2.dist-info/licenses/src/pip/_vendor/rich) by extension 'python'
[0.498s] Level 1:colcon.colcon_core.package_identification:_identify(myenv/lib/python3.12/site-packages/pip-25.2.dist-info/licenses/src/pip/_vendor/rich) by extensions ['python_setup_py']
[0.498s] Level 1:colcon.colcon_core.package_identification:_identify(myenv/lib/python3.12/site-packages/pip-25.2.dist-info/licenses/src/pip/_vendor/rich) by extension 'python_setup_py'
[0.498s] Level 1:colcon.colcon_core.package_identification:_identify(myenv/lib/python3.12/site-packages/pip-25.2.dist-info/licenses/src/pip/_vendor/tomli) by extensions ['ignore', 'ignore_ament_install']
[0.498s] Level 1:colcon.colcon_core.package_identification:_identify(myenv/lib/python3.12/site-packages/pip-25.2.dist-info/licenses/src/pip/_vendor/tomli) by extension 'ignore'
[0.498s] Level 1:colcon.colcon_core.package_identification:_identify(myenv/lib/python3.12/site-packages/pip-25.2.dist-info/licenses/src/pip/_vendor/tomli) by extension 'ignore_ament_install'
[0.498s] Level 1:colcon.colcon_core.package_identification:_identify(myenv/lib/python3.12/site-packages/pip-25.2.dist-info/licenses/src/pip/_vendor/tomli) by extensions ['colcon_pkg']
[0.498s] Level 1:colcon.colcon_core.package_identification:_identify(myenv/lib/python3.12/site-packages/pip-25.2.dist-info/licenses/src/pip/_vendor/tomli) by extension 'colcon_pkg'
[0.498s] Level 1:colcon.colcon_core.package_identification:_identify(myenv/lib/python3.12/site-packages/pip-25.2.dist-info/licenses/src/pip/_vendor/tomli) by extensions ['colcon_meta']
[0.498s] Level 1:colcon.colcon_core.package_identification:_identify(myenv/lib/python3.12/site-packages/pip-25.2.dist-info/licenses/src/pip/_vendor/tomli) by extension 'colcon_meta'
[0.498s] Level 1:colcon.colcon_core.package_identification:_identify(myenv/lib/python3.12/site-packages/pip-25.2.dist-info/licenses/src/pip/_vendor/tomli) by extensions ['ros']
[0.498s] Level 1:colcon.colcon_core.package_identification:_identify(myenv/lib/python3.12/site-packages/pip-25.2.dist-info/licenses/src/pip/_vendor/tomli) by extension 'ros'
[0.498s] Level 1:colcon.colcon_core.package_identification:_identify(myenv/lib/python3.12/site-packages/pip-25.2.dist-info/licenses/src/pip/_vendor/tomli) by extensions ['cmake', 'python']
[0.498s] Level 1:colcon.colcon_core.package_identification:_identify(myenv/lib/python3.12/site-packages/pip-25.2.dist-info/licenses/src/pip/_vendor/tomli) by extension 'cmake'
[0.499s] Level 1:colcon.colcon_core.package_identification:_identify(myenv/lib/python3.12/site-packages/pip-25.2.dist-info/licenses/src/pip/_vendor/tomli) by extension 'python'
[0.499s] Level 1:colcon.colcon_core.package_identification:_identify(myenv/lib/python3.12/site-packages/pip-25.2.dist-info/licenses/src/pip/_vendor/tomli) by extensions ['python_setup_py']
[0.499s] Level 1:colcon.colcon_core.package_identification:_identify(myenv/lib/python3.12/site-packages/pip-25.2.dist-info/licenses/src/pip/_vendor/tomli) by extension 'python_setup_py'
[0.499s] Level 1:colcon.colcon_core.package_identification:_identify(myenv/lib/python3.12/site-packages/pip-25.2.dist-info/licenses/src/pip/_vendor/tomli_w) by extensions ['ignore', 'ignore_ament_install']
[0.499s] Level 1:colcon.colcon_core.package_identification:_identify(myenv/lib/python3.12/site-packages/pip-25.2.dist-info/licenses/src/pip/_vendor/tomli_w) by extension 'ignore'
[0.499s] Level 1:colcon.colcon_core.package_identification:_identify(myenv/lib/python3.12/site-packages/pip-25.2.dist-info/licenses/src/pip/_vendor/tomli_w) by extension 'ignore_ament_install'
[0.499s] Level 1:colcon.colcon_core.package_identification:_identify(myenv/lib/python3.12/site-packages/pip-25.2.dist-info/licenses/src/pip/_vendor/tomli_w) by extensions ['colcon_pkg']
[0.499s] Level 1:colcon.colcon_core.package_identification:_identify(myenv/lib/python3.12/site-packages/pip-25.2.dist-info/licenses/src/pip/_vendor/tomli_w) by extension 'colcon_pkg'
[0.499s] Level 1:colcon.colcon_core.package_identification:_identify(myenv/lib/python3.12/site-packages/pip-25.2.dist-info/licenses/src/pip/_vendor/tomli_w) by extensions ['colcon_meta']
[0.499s] Level 1:colcon.colcon_core.package_identification:_identify(myenv/lib/python3.12/site-packages/pip-25.2.dist-info/licenses/src/pip/_vendor/tomli_w) by extension 'colcon_meta'
[0.499s] Level 1:colcon.colcon_core.package_identification:_identify(myenv/lib/python3.12/site-packages/pip-25.2.dist-info/licenses/src/pip/_vendor/tomli_w) by extensions ['ros']
[0.499s] Level 1:colcon.colcon_core.package_identification:_identify(myenv/lib/python3.12/site-packages/pip-25.2.dist-info/licenses/src/pip/_vendor/tomli_w) by extension 'ros'
[0.500s] Level 1:colcon.colcon_core.package_identification:_identify(myenv/lib/python3.12/site-packages/pip-25.2.dist-info/licenses/src/pip/_vendor/tomli_w) by extensions ['cmake', 'python']
[0.500s] Level 1:colcon.colcon_core.package_identification:_identify(myenv/lib/python3.12/site-packages/pip-25.2.dist-info/licenses/src/pip/_vendor/tomli_w) by extension 'cmake'
[0.500s] Level 1:colcon.colcon_core.package_identification:_identify(myenv/lib/python3.12/site-packages/pip-25.2.dist-info/licenses/src/pip/_vendor/tomli_w) by extension 'python'
[0.500s] Level 1:colcon.colcon_core.package_identification:_identify(myenv/lib/python3.12/site-packages/pip-25.2.dist-info/licenses/src/pip/_vendor/tomli_w) by extensions ['python_setup_py']
[0.500s] Level 1:colcon.colcon_core.package_identification:_identify(myenv/lib/python3.12/site-packages/pip-25.2.dist-info/licenses/src/pip/_vendor/tomli_w) by extension 'python_setup_py'
[0.500s] Level 1:colcon.colcon_core.package_identification:_identify(myenv/lib/python3.12/site-packages/pip-25.2.dist-info/licenses/src/pip/_vendor/truststore) by extensions ['ignore', 'ignore_ament_install']
[0.500s] Level 1:colcon.colcon_core.package_identification:_identify(myenv/lib/python3.12/site-packages/pip-25.2.dist-info/licenses/src/pip/_vendor/truststore) by extension 'ignore'
[0.500s] Level 1:colcon.colcon_core.package_identification:_identify(myenv/lib/python3.12/site-packages/pip-25.2.dist-info/licenses/src/pip/_vendor/truststore) by extension 'ignore_ament_install'
[0.500s] Level 1:colcon.colcon_core.package_identification:_identify(myenv/lib/python3.12/site-packages/pip-25.2.dist-info/licenses/src/pip/_vendor/truststore) by extensions ['colcon_pkg']
[0.500s] Level 1:colcon.colcon_core.package_identification:_identify(myenv/lib/python3.12/site-packages/pip-25.2.dist-info/licenses/src/pip/_vendor/truststore) by extension 'colcon_pkg'
[0.500s] Level 1:colcon.colcon_core.package_identification:_identify(myenv/lib/python3.12/site-packages/pip-25.2.dist-info/licenses/src/pip/_vendor/truststore) by extensions ['colcon_meta']
[0.500s] Level 1:colcon.colcon_core.package_identification:_identify(myenv/lib/python3.12/site-packages/pip-25.2.dist-info/licenses/src/pip/_vendor/truststore) by extension 'colcon_meta'
[0.500s] Level 1:colcon.colcon_core.package_identification:_identify(myenv/lib/python3.12/site-packages/pip-25.2.dist-info/licenses/src/pip/_vendor/truststore) by extensions ['ros']
[0.500s] Level 1:colcon.colcon_core.package_identification:_identify(myenv/lib/python3.12/site-packages/pip-25.2.dist-info/licenses/src/pip/_vendor/truststore) by extension 'ros'
[0.501s] Level 1:colcon.colcon_core.package_identification:_identify(myenv/lib/python3.12/site-packages/pip-25.2.dist-info/licenses/src/pip/_vendor/truststore) by extensions ['cmake', 'python']
[0.501s] Level 1:colcon.colcon_core.package_identification:_identify(myenv/lib/python3.12/site-packages/pip-25.2.dist-info/licenses/src/pip/_vendor/truststore) by extension 'cmake'
[0.501s] Level 1:colcon.colcon_core.package_identification:_identify(myenv/lib/python3.12/site-packages/pip-25.2.dist-info/licenses/src/pip/_vendor/truststore) by extension 'python'
[0.501s] Level 1:colcon.colcon_core.package_identification:_identify(myenv/lib/python3.12/site-packages/pip-25.2.dist-info/licenses/src/pip/_vendor/truststore) by extensions ['python_setup_py']
[0.501s] Level 1:colcon.colcon_core.package_identification:_identify(myenv/lib/python3.12/site-packages/pip-25.2.dist-info/licenses/src/pip/_vendor/truststore) by extension 'python_setup_py'
[0.501s] Level 1:colcon.colcon_core.package_identification:_identify(myenv/lib/python3.12/site-packages/pip-25.2.dist-info/licenses/src/pip/_vendor/urllib3) by extensions ['ignore', 'ignore_ament_install']
[0.501s] Level 1:colcon.colcon_core.package_identification:_identify(myenv/lib/python3.12/site-packages/pip-25.2.dist-info/licenses/src/pip/_vendor/urllib3) by extension 'ignore'
[0.501s] Level 1:colcon.colcon_core.package_identification:_identify(myenv/lib/python3.12/site-packages/pip-25.2.dist-info/licenses/src/pip/_vendor/urllib3) by extension 'ignore_ament_install'
[0.501s] Level 1:colcon.colcon_core.package_identification:_identify(myenv/lib/python3.12/site-packages/pip-25.2.dist-info/licenses/src/pip/_vendor/urllib3) by extensions ['colcon_pkg']
[0.501s] Level 1:colcon.colcon_core.package_identification:_identify(myenv/lib/python3.12/site-packages/pip-25.2.dist-info/licenses/src/pip/_vendor/urllib3) by extension 'colcon_pkg'
[0.501s] Level 1:colcon.colcon_core.package_identification:_identify(myenv/lib/python3.12/site-packages/pip-25.2.dist-info/licenses/src/pip/_vendor/urllib3) by extensions ['colcon_meta']
[0.501s] Level 1:colcon.colcon_core.package_identification:_identify(myenv/lib/python3.12/site-packages/pip-25.2.dist-info/licenses/src/pip/_vendor/urllib3) by extension 'colcon_meta'
[0.501s] Level 1:colcon.colcon_core.package_identification:_identify(myenv/lib/python3.12/site-packages/pip-25.2.dist-info/licenses/src/pip/_vendor/urllib3) by extensions ['ros']
[0.501s] Level 1:colcon.colcon_core.package_identification:_identify(myenv/lib/python3.12/site-packages/pip-25.2.dist-info/licenses/src/pip/_vendor/urllib3) by extension 'ros'
[0.502s] Level 1:colcon.colcon_core.package_identification:_identify(myenv/lib/python3.12/site-packages/pip-25.2.dist-info/licenses/src/pip/_vendor/urllib3) by extensions ['cmake', 'python']
[0.502s] Level 1:colcon.colcon_core.package_identification:_identify(myenv/lib/python3.12/site-packages/pip-25.2.dist-info/licenses/src/pip/_vendor/urllib3) by extension 'cmake'
[0.502s] Level 1:colcon.colcon_core.package_identification:_identify(myenv/lib/python3.12/site-packages/pip-25.2.dist-info/licenses/src/pip/_vendor/urllib3) by extension 'python'
[0.502s] Level 1:colcon.colcon_core.package_identification:_identify(myenv/lib/python3.12/site-packages/pip-25.2.dist-info/licenses/src/pip/_vendor/urllib3) by extensions ['python_setup_py']
[0.502s] Level 1:colcon.colcon_core.package_identification:_identify(myenv/lib/python3.12/site-packages/pip-25.2.dist-info/licenses/src/pip/_vendor/urllib3) by extension 'python_setup_py'
[0.502s] Level 1:colcon.colcon_core.package_identification:_identify(myenv/lib/python3.12/site-packages/propcache) by extensions ['ignore', 'ignore_ament_install']
[0.502s] Level 1:colcon.colcon_core.package_identification:_identify(myenv/lib/python3.12/site-packages/propcache) by extension 'ignore'
[0.502s] Level 1:colcon.colcon_core.package_identification:_identify(myenv/lib/python3.12/site-packages/propcache) by extension 'ignore_ament_install'
[0.502s] Level 1:colcon.colcon_core.package_identification:_identify(myenv/lib/python3.12/site-packages/propcache) by extensions ['colcon_pkg']
[0.502s] Level 1:colcon.colcon_core.package_identification:_identify(myenv/lib/python3.12/site-packages/propcache) by extension 'colcon_pkg'
[0.502s] Level 1:colcon.colcon_core.package_identification:_identify(myenv/lib/python3.12/site-packages/propcache) by extensions ['colcon_meta']
[0.502s] Level 1:colcon.colcon_core.package_identification:_identify(myenv/lib/python3.12/site-packages/propcache) by extension 'colcon_meta'
[0.502s] Level 1:colcon.colcon_core.package_identification:_identify(myenv/lib/python3.12/site-packages/propcache) by extensions ['ros']
[0.502s] Level 1:colcon.colcon_core.package_identification:_identify(myenv/lib/python3.12/site-packages/propcache) by extension 'ros'
[0.503s] Level 1:colcon.colcon_core.package_identification:_identify(myenv/lib/python3.12/site-packages/propcache) by extensions ['cmake', 'python']
[0.503s] Level 1:colcon.colcon_core.package_identification:_identify(myenv/lib/python3.12/site-packages/propcache) by extension 'cmake'
[0.503s] Level 1:colcon.colcon_core.package_identification:_identify(myenv/lib/python3.12/site-packages/propcache) by extension 'python'
[0.503s] Level 1:colcon.colcon_core.package_identification:_identify(myenv/lib/python3.12/site-packages/propcache) by extensions ['python_setup_py']
[0.503s] Level 1:colcon.colcon_core.package_identification:_identify(myenv/lib/python3.12/site-packages/propcache) by extension 'python_setup_py'
[0.503s] Level 1:colcon.colcon_core.package_identification:_identify(myenv/lib/python3.12/site-packages/propcache/__pycache__) by extensions ['ignore', 'ignore_ament_install']
[0.503s] Level 1:colcon.colcon_core.package_identification:_identify(myenv/lib/python3.12/site-packages/propcache/__pycache__) by extension 'ignore'
[0.503s] Level 1:colcon.colcon_core.package_identification:_identify(myenv/lib/python3.12/site-packages/propcache/__pycache__) by extension 'ignore_ament_install'
[0.503s] Level 1:colcon.colcon_core.package_identification:_identify(myenv/lib/python3.12/site-packages/propcache/__pycache__) by extensions ['colcon_pkg']
[0.503s] Level 1:colcon.colcon_core.package_identification:_identify(myenv/lib/python3.12/site-packages/propcache/__pycache__) by extension 'colcon_pkg'
[0.503s] Level 1:colcon.colcon_core.package_identification:_identify(myenv/lib/python3.12/site-packages/propcache/__pycache__) by extensions ['colcon_meta']
[0.503s] Level 1:colcon.colcon_core.package_identification:_identify(myenv/lib/python3.12/site-packages/propcache/__pycache__) by extension 'colcon_meta'
[0.503s] Level 1:colcon.colcon_core.package_identification:_identify(myenv/lib/python3.12/site-packages/propcache/__pycache__) by extensions ['ros']
[0.503s] Level 1:colcon.colcon_core.package_identification:_identify(myenv/lib/python3.12/site-packages/propcache/__pycache__) by extension 'ros'
[0.503s] Level 1:colcon.colcon_core.package_identification:_identify(myenv/lib/python3.12/site-packages/propcache/__pycache__) by extensions ['cmake', 'python']
[0.504s] Level 1:colcon.colcon_core.package_identification:_identify(myenv/lib/python3.12/site-packages/propcache/__pycache__) by extension 'cmake'
[0.504s] Level 1:colcon.colcon_core.package_identification:_identify(myenv/lib/python3.12/site-packages/propcache/__pycache__) by extension 'python'
[0.504s] Level 1:colcon.colcon_core.package_identification:_identify(myenv/lib/python3.12/site-packages/propcache/__pycache__) by extensions ['python_setup_py']
[0.504s] Level 1:colcon.colcon_core.package_identification:_identify(myenv/lib/python3.12/site-packages/propcache/__pycache__) by extension 'python_setup_py'
[0.504s] Level 1:colcon.colcon_core.package_identification:_identify(myenv/lib/python3.12/site-packages/propcache-0.3.2.dist-info) by extensions ['ignore', 'ignore_ament_install']
[0.504s] Level 1:colcon.colcon_core.package_identification:_identify(myenv/lib/python3.12/site-packages/propcache-0.3.2.dist-info) by extension 'ignore'
[0.504s] Level 1:colcon.colcon_core.package_identification:_identify(myenv/lib/python3.12/site-packages/propcache-0.3.2.dist-info) by extension 'ignore_ament_install'
[0.504s] Level 1:colcon.colcon_core.package_identification:_identify(myenv/lib/python3.12/site-packages/propcache-0.3.2.dist-info) by extensions ['colcon_pkg']
[0.504s] Level 1:colcon.colcon_core.package_identification:_identify(myenv/lib/python3.12/site-packages/propcache-0.3.2.dist-info) by extension 'colcon_pkg'
[0.504s] Level 1:colcon.colcon_core.package_identification:_identify(myenv/lib/python3.12/site-packages/propcache-0.3.2.dist-info) by extensions ['colcon_meta']
[0.504s] Level 1:colcon.colcon_core.package_identification:_identify(myenv/lib/python3.12/site-packages/propcache-0.3.2.dist-info) by extension 'colcon_meta'
[0.504s] Level 1:colcon.colcon_core.package_identification:_identify(myenv/lib/python3.12/site-packages/propcache-0.3.2.dist-info) by extensions ['ros']
[0.504s] Level 1:colcon.colcon_core.package_identification:_identify(myenv/lib/python3.12/site-packages/propcache-0.3.2.dist-info) by extension 'ros'
[0.504s] Level 1:colcon.colcon_core.package_identification:_identify(myenv/lib/python3.12/site-packages/propcache-0.3.2.dist-info) by extensions ['cmake', 'python']
[0.504s] Level 1:colcon.colcon_core.package_identification:_identify(myenv/lib/python3.12/site-packages/propcache-0.3.2.dist-info) by extension 'cmake'
[0.504s] Level 1:colcon.colcon_core.package_identification:_identify(myenv/lib/python3.12/site-packages/propcache-0.3.2.dist-info) by extension 'python'
[0.505s] Level 1:colcon.colcon_core.package_identification:_identify(myenv/lib/python3.12/site-packages/propcache-0.3.2.dist-info) by extensions ['python_setup_py']
[0.505s] Level 1:colcon.colcon_core.package_identification:_identify(myenv/lib/python3.12/site-packages/propcache-0.3.2.dist-info) by extension 'python_setup_py'
[0.505s] Level 1:colcon.colcon_core.package_identification:_identify(myenv/lib/python3.12/site-packages/propcache-0.3.2.dist-info/licenses) by extensions ['ignore', 'ignore_ament_install']
[0.505s] Level 1:colcon.colcon_core.package_identification:_identify(myenv/lib/python3.12/site-packages/propcache-0.3.2.dist-info/licenses) by extension 'ignore'
[0.505s] Level 1:colcon.colcon_core.package_identification:_identify(myenv/lib/python3.12/site-packages/propcache-0.3.2.dist-info/licenses) by extension 'ignore_ament_install'
[0.505s] Level 1:colcon.colcon_core.package_identification:_identify(myenv/lib/python3.12/site-packages/propcache-0.3.2.dist-info/licenses) by extensions ['colcon_pkg']
[0.505s] Level 1:colcon.colcon_core.package_identification:_identify(myenv/lib/python3.12/site-packages/propcache-0.3.2.dist-info/licenses) by extension 'colcon_pkg'
[0.505s] Level 1:colcon.colcon_core.package_identification:_identify(myenv/lib/python3.12/site-packages/propcache-0.3.2.dist-info/licenses) by extensions ['colcon_meta']
[0.505s] Level 1:colcon.colcon_core.package_identification:_identify(myenv/lib/python3.12/site-packages/propcache-0.3.2.dist-info/licenses) by extension 'colcon_meta'
[0.505s] Level 1:colcon.colcon_core.package_identification:_identify(myenv/lib/python3.12/site-packages/propcache-0.3.2.dist-info/licenses) by extensions ['ros']
[0.505s] Level 1:colcon.colcon_core.package_identification:_identify(myenv/lib/python3.12/site-packages/propcache-0.3.2.dist-info/licenses) by extension 'ros'
[0.505s] Level 1:colcon.colcon_core.package_identification:_identify(myenv/lib/python3.12/site-packages/propcache-0.3.2.dist-info/licenses) by extensions ['cmake', 'python']
[0.505s] Level 1:colcon.colcon_core.package_identification:_identify(myenv/lib/python3.12/site-packages/propcache-0.3.2.dist-info/licenses) by extension 'cmake'
[0.505s] Level 1:colcon.colcon_core.package_identification:_identify(myenv/lib/python3.12/site-packages/propcache-0.3.2.dist-info/licenses) by extension 'python'
[0.505s] Level 1:colcon.colcon_core.package_identification:_identify(myenv/lib/python3.12/site-packages/propcache-0.3.2.dist-info/licenses) by extensions ['python_setup_py']
[0.505s] Level 1:colcon.colcon_core.package_identification:_identify(myenv/lib/python3.12/site-packages/propcache-0.3.2.dist-info/licenses) by extension 'python_setup_py'
[0.506s] Level 1:colcon.colcon_core.package_identification:_identify(myenv/lib/python3.12/site-packages/pycryptodome-3.23.0.dist-info) by extensions ['ignore', 'ignore_ament_install']
[0.506s] Level 1:colcon.colcon_core.package_identification:_identify(myenv/lib/python3.12/site-packages/pycryptodome-3.23.0.dist-info) by extension 'ignore'
[0.506s] Level 1:colcon.colcon_core.package_identification:_identify(myenv/lib/python3.12/site-packages/pycryptodome-3.23.0.dist-info) by extension 'ignore_ament_install'
[0.506s] Level 1:colcon.colcon_core.package_identification:_identify(myenv/lib/python3.12/site-packages/pycryptodome-3.23.0.dist-info) by extensions ['colcon_pkg']
[0.506s] Level 1:colcon.colcon_core.package_identification:_identify(myenv/lib/python3.12/site-packages/pycryptodome-3.23.0.dist-info) by extension 'colcon_pkg'
[0.506s] Level 1:colcon.colcon_core.package_identification:_identify(myenv/lib/python3.12/site-packages/pycryptodome-3.23.0.dist-info) by extensions ['colcon_meta']
[0.506s] Level 1:colcon.colcon_core.package_identification:_identify(myenv/lib/python3.12/site-packages/pycryptodome-3.23.0.dist-info) by extension 'colcon_meta'
[0.506s] Level 1:colcon.colcon_core.package_identification:_identify(myenv/lib/python3.12/site-packages/pycryptodome-3.23.0.dist-info) by extensions ['ros']
[0.506s] Level 1:colcon.colcon_core.package_identification:_identify(myenv/lib/python3.12/site-packages/pycryptodome-3.23.0.dist-info) by extension 'ros'
[0.506s] Level 1:colcon.colcon_core.package_identification:_identify(myenv/lib/python3.12/site-packages/pycryptodome-3.23.0.dist-info) by extensions ['cmake', 'python']
[0.506s] Level 1:colcon.colcon_core.package_identification:_identify(myenv/lib/python3.12/site-packages/pycryptodome-3.23.0.dist-info) by extension 'cmake'
[0.506s] Level 1:colcon.colcon_core.package_identification:_identify(myenv/lib/python3.12/site-packages/pycryptodome-3.23.0.dist-info) by extension 'python'
[0.506s] Level 1:colcon.colcon_core.package_identification:_identify(myenv/lib/python3.12/site-packages/pycryptodome-3.23.0.dist-info) by extensions ['python_setup_py']
[0.506s] Level 1:colcon.colcon_core.package_identification:_identify(myenv/lib/python3.12/site-packages/pycryptodome-3.23.0.dist-info) by extension 'python_setup_py'
[0.507s] Level 1:colcon.colcon_core.package_identification:_identify(myenv/lib/python3.12/site-packages/pydantic) by extensions ['ignore', 'ignore_ament_install']
[0.507s] Level 1:colcon.colcon_core.package_identification:_identify(myenv/lib/python3.12/site-packages/pydantic) by extension 'ignore'
[0.507s] Level 1:colcon.colcon_core.package_identification:_identify(myenv/lib/python3.12/site-packages/pydantic) by extension 'ignore_ament_install'
[0.507s] Level 1:colcon.colcon_core.package_identification:_identify(myenv/lib/python3.12/site-packages/pydantic) by extensions ['colcon_pkg']
[0.507s] Level 1:colcon.colcon_core.package_identification:_identify(myenv/lib/python3.12/site-packages/pydantic) by extension 'colcon_pkg'
[0.507s] Level 1:colcon.colcon_core.package_identification:_identify(myenv/lib/python3.12/site-packages/pydantic) by extensions ['colcon_meta']
[0.507s] Level 1:colcon.colcon_core.package_identification:_identify(myenv/lib/python3.12/site-packages/pydantic) by extension 'colcon_meta'
[0.507s] Level 1:colcon.colcon_core.package_identification:_identify(myenv/lib/python3.12/site-packages/pydantic) by extensions ['ros']
[0.507s] Level 1:colcon.colcon_core.package_identification:_identify(myenv/lib/python3.12/site-packages/pydantic) by extension 'ros'
[0.507s] Level 1:colcon.colcon_core.package_identification:_identify(myenv/lib/python3.12/site-packages/pydantic) by extensions ['cmake', 'python']
[0.507s] Level 1:colcon.colcon_core.package_identification:_identify(myenv/lib/python3.12/site-packages/pydantic) by extension 'cmake'
[0.507s] Level 1:colcon.colcon_core.package_identification:_identify(myenv/lib/python3.12/site-packages/pydantic) by extension 'python'
[0.507s] Level 1:colcon.colcon_core.package_identification:_identify(myenv/lib/python3.12/site-packages/pydantic) by extensions ['python_setup_py']
[0.507s] Level 1:colcon.colcon_core.package_identification:_identify(myenv/lib/python3.12/site-packages/pydantic) by extension 'python_setup_py'
[0.508s] Level 1:colcon.colcon_core.package_identification:_identify(myenv/lib/python3.12/site-packages/pydantic/__pycache__) by extensions ['ignore', 'ignore_ament_install']
[0.508s] Level 1:colcon.colcon_core.package_identification:_identify(myenv/lib/python3.12/site-packages/pydantic/__pycache__) by extension 'ignore'
[0.508s] Level 1:colcon.colcon_core.package_identification:_identify(myenv/lib/python3.12/site-packages/pydantic/__pycache__) by extension 'ignore_ament_install'
[0.508s] Level 1:colcon.colcon_core.package_identification:_identify(myenv/lib/python3.12/site-packages/pydantic/__pycache__) by extensions ['colcon_pkg']
[0.508s] Level 1:colcon.colcon_core.package_identification:_identify(myenv/lib/python3.12/site-packages/pydantic/__pycache__) by extension 'colcon_pkg'
[0.508s] Level 1:colcon.colcon_core.package_identification:_identify(myenv/lib/python3.12/site-packages/pydantic/__pycache__) by extensions ['colcon_meta']
[0.508s] Level 1:colcon.colcon_core.package_identification:_identify(myenv/lib/python3.12/site-packages/pydantic/__pycache__) by extension 'colcon_meta'
[0.508s] Level 1:colcon.colcon_core.package_identification:_identify(myenv/lib/python3.12/site-packages/pydantic/__pycache__) by extensions ['ros']
[0.508s] Level 1:colcon.colcon_core.package_identification:_identify(myenv/lib/python3.12/site-packages/pydantic/__pycache__) by extension 'ros'
[0.508s] Level 1:colcon.colcon_core.package_identification:_identify(myenv/lib/python3.12/site-packages/pydantic/__pycache__) by extensions ['cmake', 'python']
[0.508s] Level 1:colcon.colcon_core.package_identification:_identify(myenv/lib/python3.12/site-packages/pydantic/__pycache__) by extension 'cmake'
[0.508s] Level 1:colcon.colcon_core.package_identification:_identify(myenv/lib/python3.12/site-packages/pydantic/__pycache__) by extension 'python'
[0.508s] Level 1:colcon.colcon_core.package_identification:_identify(myenv/lib/python3.12/site-packages/pydantic/__pycache__) by extensions ['python_setup_py']
[0.508s] Level 1:colcon.colcon_core.package_identification:_identify(myenv/lib/python3.12/site-packages/pydantic/__pycache__) by extension 'python_setup_py'
[0.508s] Level 1:colcon.colcon_core.package_identification:_identify(myenv/lib/python3.12/site-packages/pydantic/_internal) by extensions ['ignore', 'ignore_ament_install']
[0.509s] Level 1:colcon.colcon_core.package_identification:_identify(myenv/lib/python3.12/site-packages/pydantic/_internal) by extension 'ignore'
[0.509s] Level 1:colcon.colcon_core.package_identification:_identify(myenv/lib/python3.12/site-packages/pydantic/_internal) by extension 'ignore_ament_install'
[0.509s] Level 1:colcon.colcon_core.package_identification:_identify(myenv/lib/python3.12/site-packages/pydantic/_internal) by extensions ['colcon_pkg']
[0.509s] Level 1:colcon.colcon_core.package_identification:_identify(myenv/lib/python3.12/site-packages/pydantic/_internal) by extension 'colcon_pkg'
[0.509s] Level 1:colcon.colcon_core.package_identification:_identify(myenv/lib/python3.12/site-packages/pydantic/_internal) by extensions ['colcon_meta']
[0.509s] Level 1:colcon.colcon_core.package_identification:_identify(myenv/lib/python3.12/site-packages/pydantic/_internal) by extension 'colcon_meta'
[0.509s] Level 1:colcon.colcon_core.package_identification:_identify(myenv/lib/python3.12/site-packages/pydantic/_internal) by extensions ['ros']
[0.509s] Level 1:colcon.colcon_core.package_identification:_identify(myenv/lib/python3.12/site-packages/pydantic/_internal) by extension 'ros'
[0.509s] Level 1:colcon.colcon_core.package_identification:_identify(myenv/lib/python3.12/site-packages/pydantic/_internal) by extensions ['cmake', 'python']
[0.509s] Level 1:colcon.colcon_core.package_identification:_identify(myenv/lib/python3.12/site-packages/pydantic/_internal) by extension 'cmake'
[0.509s] Level 1:colcon.colcon_core.package_identification:_identify(myenv/lib/python3.12/site-packages/pydantic/_internal) by extension 'python'
[0.509s] Level 1:colcon.colcon_core.package_identification:_identify(myenv/lib/python3.12/site-packages/pydantic/_internal) by extensions ['python_setup_py']
[0.509s] Level 1:colcon.colcon_core.package_identification:_identify(myenv/lib/python3.12/site-packages/pydantic/_internal) by extension 'python_setup_py'
[0.509s] Level 1:colcon.colcon_core.package_identification:_identify(myenv/lib/python3.12/site-packages/pydantic/_internal/__pycache__) by extensions ['ignore', 'ignore_ament_install']
[0.509s] Level 1:colcon.colcon_core.package_identification:_identify(myenv/lib/python3.12/site-packages/pydantic/_internal/__pycache__) by extension 'ignore'
[0.510s] Level 1:colcon.colcon_core.package_identification:_identify(myenv/lib/python3.12/site-packages/pydantic/_internal/__pycache__) by extension 'ignore_ament_install'
[0.510s] Level 1:colcon.colcon_core.package_identification:_identify(myenv/lib/python3.12/site-packages/pydantic/_internal/__pycache__) by extensions ['colcon_pkg']
[0.510s] Level 1:colcon.colcon_core.package_identification:_identify(myenv/lib/python3.12/site-packages/pydantic/_internal/__pycache__) by extension 'colcon_pkg'
[0.510s] Level 1:colcon.colcon_core.package_identification:_identify(myenv/lib/python3.12/site-packages/pydantic/_internal/__pycache__) by extensions ['colcon_meta']
[0.510s] Level 1:colcon.colcon_core.package_identification:_identify(myenv/lib/python3.12/site-packages/pydantic/_internal/__pycache__) by extension 'colcon_meta'
[0.510s] Level 1:colcon.colcon_core.package_identification:_identify(myenv/lib/python3.12/site-packages/pydantic/_internal/__pycache__) by extensions ['ros']
[0.510s] Level 1:colcon.colcon_core.package_identification:_identify(myenv/lib/python3.12/site-packages/pydantic/_internal/__pycache__) by extension 'ros'
[0.510s] Level 1:colcon.colcon_core.package_identification:_identify(myenv/lib/python3.12/site-packages/pydantic/_internal/__pycache__) by extensions ['cmake', 'python']
[0.510s] Level 1:colcon.colcon_core.package_identification:_identify(myenv/lib/python3.12/site-packages/pydantic/_internal/__pycache__) by extension 'cmake'
[0.510s] Level 1:colcon.colcon_core.package_identification:_identify(myenv/lib/python3.12/site-packages/pydantic/_internal/__pycache__) by extension 'python'
[0.510s] Level 1:colcon.colcon_core.package_identification:_identify(myenv/lib/python3.12/site-packages/pydantic/_internal/__pycache__) by extensions ['python_setup_py']
[0.510s] Level 1:colcon.colcon_core.package_identification:_identify(myenv/lib/python3.12/site-packages/pydantic/_internal/__pycache__) by extension 'python_setup_py'
[0.510s] Level 1:colcon.colcon_core.package_identification:_identify(myenv/lib/python3.12/site-packages/pydantic/deprecated) by extensions ['ignore', 'ignore_ament_install']
[0.510s] Level 1:colcon.colcon_core.package_identification:_identify(myenv/lib/python3.12/site-packages/pydantic/deprecated) by extension 'ignore'
[0.511s] Level 1:colcon.colcon_core.package_identification:_identify(myenv/lib/python3.12/site-packages/pydantic/deprecated) by extension 'ignore_ament_install'
[0.511s] Level 1:colcon.colcon_core.package_identification:_identify(myenv/lib/python3.12/site-packages/pydantic/deprecated) by extensions ['colcon_pkg']
[0.511s] Level 1:colcon.colcon_core.package_identification:_identify(myenv/lib/python3.12/site-packages/pydantic/deprecated) by extension 'colcon_pkg'
[0.511s] Level 1:colcon.colcon_core.package_identification:_identify(myenv/lib/python3.12/site-packages/pydantic/deprecated) by extensions ['colcon_meta']
[0.511s] Level 1:colcon.colcon_core.package_identification:_identify(myenv/lib/python3.12/site-packages/pydantic/deprecated) by extension 'colcon_meta'
[0.511s] Level 1:colcon.colcon_core.package_identification:_identify(myenv/lib/python3.12/site-packages/pydantic/deprecated) by extensions ['ros']
[0.511s] Level 1:colcon.colcon_core.package_identification:_identify(myenv/lib/python3.12/site-packages/pydantic/deprecated) by extension 'ros'
[0.511s] Level 1:colcon.colcon_core.package_identification:_identify(myenv/lib/python3.12/site-packages/pydantic/deprecated) by extensions ['cmake', 'python']
[0.511s] Level 1:colcon.colcon_core.package_identification:_identify(myenv/lib/python3.12/site-packages/pydantic/deprecated) by extension 'cmake'
[0.511s] Level 1:colcon.colcon_core.package_identification:_identify(myenv/lib/python3.12/site-packages/pydantic/deprecated) by extension 'python'
[0.511s] Level 1:colcon.colcon_core.package_identification:_identify(myenv/lib/python3.12/site-packages/pydantic/deprecated) by extensions ['python_setup_py']
[0.511s] Level 1:colcon.colcon_core.package_identification:_identify(myenv/lib/python3.12/site-packages/pydantic/deprecated) by extension 'python_setup_py'
[0.511s] Level 1:colcon.colcon_core.package_identification:_identify(myenv/lib/python3.12/site-packages/pydantic/deprecated/__pycache__) by extensions ['ignore', 'ignore_ament_install']
[0.511s] Level 1:colcon.colcon_core.package_identification:_identify(myenv/lib/python3.12/site-packages/pydantic/deprecated/__pycache__) by extension 'ignore'
[0.511s] Level 1:colcon.colcon_core.package_identification:_identify(myenv/lib/python3.12/site-packages/pydantic/deprecated/__pycache__) by extension 'ignore_ament_install'
[0.512s] Level 1:colcon.colcon_core.package_identification:_identify(myenv/lib/python3.12/site-packages/pydantic/deprecated/__pycache__) by extensions ['colcon_pkg']
[0.512s] Level 1:colcon.colcon_core.package_identification:_identify(myenv/lib/python3.12/site-packages/pydantic/deprecated/__pycache__) by extension 'colcon_pkg'
[0.512s] Level 1:colcon.colcon_core.package_identification:_identify(myenv/lib/python3.12/site-packages/pydantic/deprecated/__pycache__) by extensions ['colcon_meta']
[0.512s] Level 1:colcon.colcon_core.package_identification:_identify(myenv/lib/python3.12/site-packages/pydantic/deprecated/__pycache__) by extension 'colcon_meta'
[0.512s] Level 1:colcon.colcon_core.package_identification:_identify(myenv/lib/python3.12/site-packages/pydantic/deprecated/__pycache__) by extensions ['ros']
[0.512s] Level 1:colcon.colcon_core.package_identification:_identify(myenv/lib/python3.12/site-packages/pydantic/deprecated/__pycache__) by extension 'ros'
[0.512s] Level 1:colcon.colcon_core.package_identification:_identify(myenv/lib/python3.12/site-packages/pydantic/deprecated/__pycache__) by extensions ['cmake', 'python']
[0.512s] Level 1:colcon.colcon_core.package_identification:_identify(myenv/lib/python3.12/site-packages/pydantic/deprecated/__pycache__) by extension 'cmake'
[0.512s] Level 1:colcon.colcon_core.package_identification:_identify(myenv/lib/python3.12/site-packages/pydantic/deprecated/__pycache__) by extension 'python'
[0.512s] Level 1:colcon.colcon_core.package_identification:_identify(myenv/lib/python3.12/site-packages/pydantic/deprecated/__pycache__) by extensions ['python_setup_py']
[0.512s] Level 1:colcon.colcon_core.package_identification:_identify(myenv/lib/python3.12/site-packages/pydantic/deprecated/__pycache__) by extension 'python_setup_py'
[0.512s] Level 1:colcon.colcon_core.package_identification:_identify(myenv/lib/python3.12/site-packages/pydantic/experimental) by extensions ['ignore', 'ignore_ament_install']
[0.512s] Level 1:colcon.colcon_core.package_identification:_identify(myenv/lib/python3.12/site-packages/pydantic/experimental) by extension 'ignore'
[0.512s] Level 1:colcon.colcon_core.package_identification:_identify(myenv/lib/python3.12/site-packages/pydantic/experimental) by extension 'ignore_ament_install'
[0.512s] Level 1:colcon.colcon_core.package_identification:_identify(myenv/lib/python3.12/site-packages/pydantic/experimental) by extensions ['colcon_pkg']
[0.513s] Level 1:colcon.colcon_core.package_identification:_identify(myenv/lib/python3.12/site-packages/pydantic/experimental) by extension 'colcon_pkg'
[0.513s] Level 1:colcon.colcon_core.package_identification:_identify(myenv/lib/python3.12/site-packages/pydantic/experimental) by extensions ['colcon_meta']
[0.513s] Level 1:colcon.colcon_core.package_identification:_identify(myenv/lib/python3.12/site-packages/pydantic/experimental) by extension 'colcon_meta'
[0.513s] Level 1:colcon.colcon_core.package_identification:_identify(myenv/lib/python3.12/site-packages/pydantic/experimental) by extensions ['ros']
[0.513s] Level 1:colcon.colcon_core.package_identification:_identify(myenv/lib/python3.12/site-packages/pydantic/experimental) by extension 'ros'
[0.513s] Level 1:colcon.colcon_core.package_identification:_identify(myenv/lib/python3.12/site-packages/pydantic/experimental) by extensions ['cmake', 'python']
[0.513s] Level 1:colcon.colcon_core.package_identification:_identify(myenv/lib/python3.12/site-packages/pydantic/experimental) by extension 'cmake'
[0.513s] Level 1:colcon.colcon_core.package_identification:_identify(myenv/lib/python3.12/site-packages/pydantic/experimental) by extension 'python'
[0.513s] Level 1:colcon.colcon_core.package_identification:_identify(myenv/lib/python3.12/site-packages/pydantic/experimental) by extensions ['python_setup_py']
[0.513s] Level 1:colcon.colcon_core.package_identification:_identify(myenv/lib/python3.12/site-packages/pydantic/experimental) by extension 'python_setup_py'
[0.513s] Level 1:colcon.colcon_core.package_identification:_identify(myenv/lib/python3.12/site-packages/pydantic/experimental/__pycache__) by extensions ['ignore', 'ignore_ament_install']
[0.513s] Level 1:colcon.colcon_core.package_identification:_identify(myenv/lib/python3.12/site-packages/pydantic/experimental/__pycache__) by extension 'ignore'
[0.513s] Level 1:colcon.colcon_core.package_identification:_identify(myenv/lib/python3.12/site-packages/pydantic/experimental/__pycache__) by extension 'ignore_ament_install'
[0.513s] Level 1:colcon.colcon_core.package_identification:_identify(myenv/lib/python3.12/site-packages/pydantic/experimental/__pycache__) by extensions ['colcon_pkg']
[0.513s] Level 1:colcon.colcon_core.package_identification:_identify(myenv/lib/python3.12/site-packages/pydantic/experimental/__pycache__) by extension 'colcon_pkg'
[0.513s] Level 1:colcon.colcon_core.package_identification:_identify(myenv/lib/python3.12/site-packages/pydantic/experimental/__pycache__) by extensions ['colcon_meta']
[0.514s] Level 1:colcon.colcon_core.package_identification:_identify(myenv/lib/python3.12/site-packages/pydantic/experimental/__pycache__) by extension 'colcon_meta'
[0.514s] Level 1:colcon.colcon_core.package_identification:_identify(myenv/lib/python3.12/site-packages/pydantic/experimental/__pycache__) by extensions ['ros']
[0.514s] Level 1:colcon.colcon_core.package_identification:_identify(myenv/lib/python3.12/site-packages/pydantic/experimental/__pycache__) by extension 'ros'
[0.514s] Level 1:colcon.colcon_core.package_identification:_identify(myenv/lib/python3.12/site-packages/pydantic/experimental/__pycache__) by extensions ['cmake', 'python']
[0.514s] Level 1:colcon.colcon_core.package_identification:_identify(myenv/lib/python3.12/site-packages/pydantic/experimental/__pycache__) by extension 'cmake'
[0.514s] Level 1:colcon.colcon_core.package_identification:_identify(myenv/lib/python3.12/site-packages/pydantic/experimental/__pycache__) by extension 'python'
[0.514s] Level 1:colcon.colcon_core.package_identification:_identify(myenv/lib/python3.12/site-packages/pydantic/experimental/__pycache__) by extensions ['python_setup_py']
[0.514s] Level 1:colcon.colcon_core.package_identification:_identify(myenv/lib/python3.12/site-packages/pydantic/experimental/__pycache__) by extension 'python_setup_py'
[0.514s] Level 1:colcon.colcon_core.package_identification:_identify(myenv/lib/python3.12/site-packages/pydantic/plugin) by extensions ['ignore', 'ignore_ament_install']
[0.514s] Level 1:colcon.colcon_core.package_identification:_identify(myenv/lib/python3.12/site-packages/pydantic/plugin) by extension 'ignore'
[0.514s] Level 1:colcon.colcon_core.package_identification:_identify(myenv/lib/python3.12/site-packages/pydantic/plugin) by extension 'ignore_ament_install'
[0.514s] Level 1:colcon.colcon_core.package_identification:_identify(myenv/lib/python3.12/site-packages/pydantic/plugin) by extensions ['colcon_pkg']
[0.514s] Level 1:colcon.colcon_core.package_identification:_identify(myenv/lib/python3.12/site-packages/pydantic/plugin) by extension 'colcon_pkg'
[0.514s] Level 1:colcon.colcon_core.package_identification:_identify(myenv/lib/python3.12/site-packages/pydantic/plugin) by extensions ['colcon_meta']
[0.514s] Level 1:colcon.colcon_core.package_identification:_identify(myenv/lib/python3.12/site-packages/pydantic/plugin) by extension 'colcon_meta'
[0.515s] Level 1:colcon.colcon_core.package_identification:_identify(myenv/lib/python3.12/site-packages/pydantic/plugin) by extensions ['ros']
[0.515s] Level 1:colcon.colcon_core.package_identification:_identify(myenv/lib/python3.12/site-packages/pydantic/plugin) by extension 'ros'
[0.515s] Level 1:colcon.colcon_core.package_identification:_identify(myenv/lib/python3.12/site-packages/pydantic/plugin) by extensions ['cmake', 'python']
[0.515s] Level 1:colcon.colcon_core.package_identification:_identify(myenv/lib/python3.12/site-packages/pydantic/plugin) by extension 'cmake'
[0.515s] Level 1:colcon.colcon_core.package_identification:_identify(myenv/lib/python3.12/site-packages/pydantic/plugin) by extension 'python'
[0.515s] Level 1:colcon.colcon_core.package_identification:_identify(myenv/lib/python3.12/site-packages/pydantic/plugin) by extensions ['python_setup_py']
[0.515s] Level 1:colcon.colcon_core.package_identification:_identify(myenv/lib/python3.12/site-packages/pydantic/plugin) by extension 'python_setup_py'
[0.515s] Level 1:colcon.colcon_core.package_identification:_identify(myenv/lib/python3.12/site-packages/pydantic/plugin/__pycache__) by extensions ['ignore', 'ignore_ament_install']
[0.515s] Level 1:colcon.colcon_core.package_identification:_identify(myenv/lib/python3.12/site-packages/pydantic/plugin/__pycache__) by extension 'ignore'
[0.515s] Level 1:colcon.colcon_core.package_identification:_identify(myenv/lib/python3.12/site-packages/pydantic/plugin/__pycache__) by extension 'ignore_ament_install'
[0.515s] Level 1:colcon.colcon_core.package_identification:_identify(myenv/lib/python3.12/site-packages/pydantic/plugin/__pycache__) by extensions ['colcon_pkg']
[0.515s] Level 1:colcon.colcon_core.package_identification:_identify(myenv/lib/python3.12/site-packages/pydantic/plugin/__pycache__) by extension 'colcon_pkg'
[0.515s] Level 1:colcon.colcon_core.package_identification:_identify(myenv/lib/python3.12/site-packages/pydantic/plugin/__pycache__) by extensions ['colcon_meta']
[0.516s] Level 1:colcon.colcon_core.package_identification:_identify(myenv/lib/python3.12/site-packages/pydantic/plugin/__pycache__) by extension 'colcon_meta'
[0.516s] Level 1:colcon.colcon_core.package_identification:_identify(myenv/lib/python3.12/site-packages/pydantic/plugin/__pycache__) by extensions ['ros']
[0.516s] Level 1:colcon.colcon_core.package_identification:_identify(myenv/lib/python3.12/site-packages/pydantic/plugin/__pycache__) by extension 'ros'
[0.516s] Level 1:colcon.colcon_core.package_identification:_identify(myenv/lib/python3.12/site-packages/pydantic/plugin/__pycache__) by extensions ['cmake', 'python']
[0.516s] Level 1:colcon.colcon_core.package_identification:_identify(myenv/lib/python3.12/site-packages/pydantic/plugin/__pycache__) by extension 'cmake'
[0.516s] Level 1:colcon.colcon_core.package_identification:_identify(myenv/lib/python3.12/site-packages/pydantic/plugin/__pycache__) by extension 'python'
[0.516s] Level 1:colcon.colcon_core.package_identification:_identify(myenv/lib/python3.12/site-packages/pydantic/plugin/__pycache__) by extensions ['python_setup_py']
[0.516s] Level 1:colcon.colcon_core.package_identification:_identify(myenv/lib/python3.12/site-packages/pydantic/plugin/__pycache__) by extension 'python_setup_py'
[0.516s] Level 1:colcon.colcon_core.package_identification:_identify(myenv/lib/python3.12/site-packages/pydantic/v1) by extensions ['ignore', 'ignore_ament_install']
[0.517s] Level 1:colcon.colcon_core.package_identification:_identify(myenv/lib/python3.12/site-packages/pydantic/v1) by extension 'ignore'
[0.517s] Level 1:colcon.colcon_core.package_identification:_identify(myenv/lib/python3.12/site-packages/pydantic/v1) by extension 'ignore_ament_install'
[0.517s] Level 1:colcon.colcon_core.package_identification:_identify(myenv/lib/python3.12/site-packages/pydantic/v1) by extensions ['colcon_pkg']
[0.517s] Level 1:colcon.colcon_core.package_identification:_identify(myenv/lib/python3.12/site-packages/pydantic/v1) by extension 'colcon_pkg'
[0.517s] Level 1:colcon.colcon_core.package_identification:_identify(myenv/lib/python3.12/site-packages/pydantic/v1) by extensions ['colcon_meta']
[0.517s] Level 1:colcon.colcon_core.package_identification:_identify(myenv/lib/python3.12/site-packages/pydantic/v1) by extension 'colcon_meta'
[0.517s] Level 1:colcon.colcon_core.package_identification:_identify(myenv/lib/python3.12/site-packages/pydantic/v1) by extensions ['ros']
[0.517s] Level 1:colcon.colcon_core.package_identification:_identify(myenv/lib/python3.12/site-packages/pydantic/v1) by extension 'ros'
[0.517s] Level 1:colcon.colcon_core.package_identification:_identify(myenv/lib/python3.12/site-packages/pydantic/v1) by extensions ['cmake', 'python']
[0.517s] Level 1:colcon.colcon_core.package_identification:_identify(myenv/lib/python3.12/site-packages/pydantic/v1) by extension 'cmake'
[0.517s] Level 1:colcon.colcon_core.package_identification:_identify(myenv/lib/python3.12/site-packages/pydantic/v1) by extension 'python'
[0.517s] Level 1:colcon.colcon_core.package_identification:_identify(myenv/lib/python3.12/site-packages/pydantic/v1) by extensions ['python_setup_py']
[0.517s] Level 1:colcon.colcon_core.package_identification:_identify(myenv/lib/python3.12/site-packages/pydantic/v1) by extension 'python_setup_py'
[0.517s] Level 1:colcon.colcon_core.package_identification:_identify(myenv/lib/python3.12/site-packages/pydantic/v1/__pycache__) by extensions ['ignore', 'ignore_ament_install']
[0.517s] Level 1:colcon.colcon_core.package_identification:_identify(myenv/lib/python3.12/site-packages/pydantic/v1/__pycache__) by extension 'ignore'
[0.518s] Level 1:colcon.colcon_core.package_identification:_identify(myenv/lib/python3.12/site-packages/pydantic/v1/__pycache__) by extension 'ignore_ament_install'
[0.518s] Level 1:colcon.colcon_core.package_identification:_identify(myenv/lib/python3.12/site-packages/pydantic/v1/__pycache__) by extensions ['colcon_pkg']
[0.518s] Level 1:colcon.colcon_core.package_identification:_identify(myenv/lib/python3.12/site-packages/pydantic/v1/__pycache__) by extension 'colcon_pkg'
[0.518s] Level 1:colcon.colcon_core.package_identification:_identify(myenv/lib/python3.12/site-packages/pydantic/v1/__pycache__) by extensions ['colcon_meta']
[0.518s] Level 1:colcon.colcon_core.package_identification:_identify(myenv/lib/python3.12/site-packages/pydantic/v1/__pycache__) by extension 'colcon_meta'
[0.518s] Level 1:colcon.colcon_core.package_identification:_identify(myenv/lib/python3.12/site-packages/pydantic/v1/__pycache__) by extensions ['ros']
[0.518s] Level 1:colcon.colcon_core.package_identification:_identify(myenv/lib/python3.12/site-packages/pydantic/v1/__pycache__) by extension 'ros'
[0.518s] Level 1:colcon.colcon_core.package_identification:_identify(myenv/lib/python3.12/site-packages/pydantic/v1/__pycache__) by extensions ['cmake', 'python']
[0.518s] Level 1:colcon.colcon_core.package_identification:_identify(myenv/lib/python3.12/site-packages/pydantic/v1/__pycache__) by extension 'cmake'
[0.518s] Level 1:colcon.colcon_core.package_identification:_identify(myenv/lib/python3.12/site-packages/pydantic/v1/__pycache__) by extension 'python'
[0.518s] Level 1:colcon.colcon_core.package_identification:_identify(myenv/lib/python3.12/site-packages/pydantic/v1/__pycache__) by extensions ['python_setup_py']
[0.518s] Level 1:colcon.colcon_core.package_identification:_identify(myenv/lib/python3.12/site-packages/pydantic/v1/__pycache__) by extension 'python_setup_py'
[0.518s] Level 1:colcon.colcon_core.package_identification:_identify(myenv/lib/python3.12/site-packages/pydantic-2.11.7.dist-info) by extensions ['ignore', 'ignore_ament_install']
[0.518s] Level 1:colcon.colcon_core.package_identification:_identify(myenv/lib/python3.12/site-packages/pydantic-2.11.7.dist-info) by extension 'ignore'
[0.518s] Level 1:colcon.colcon_core.package_identification:_identify(myenv/lib/python3.12/site-packages/pydantic-2.11.7.dist-info) by extension 'ignore_ament_install'
[0.519s] Level 1:colcon.colcon_core.package_identification:_identify(myenv/lib/python3.12/site-packages/pydantic-2.11.7.dist-info) by extensions ['colcon_pkg']
[0.519s] Level 1:colcon.colcon_core.package_identification:_identify(myenv/lib/python3.12/site-packages/pydantic-2.11.7.dist-info) by extension 'colcon_pkg'
[0.519s] Level 1:colcon.colcon_core.package_identification:_identify(myenv/lib/python3.12/site-packages/pydantic-2.11.7.dist-info) by extensions ['colcon_meta']
[0.519s] Level 1:colcon.colcon_core.package_identification:_identify(myenv/lib/python3.12/site-packages/pydantic-2.11.7.dist-info) by extension 'colcon_meta'
[0.519s] Level 1:colcon.colcon_core.package_identification:_identify(myenv/lib/python3.12/site-packages/pydantic-2.11.7.dist-info) by extensions ['ros']
[0.519s] Level 1:colcon.colcon_core.package_identification:_identify(myenv/lib/python3.12/site-packages/pydantic-2.11.7.dist-info) by extension 'ros'
[0.519s] Level 1:colcon.colcon_core.package_identification:_identify(myenv/lib/python3.12/site-packages/pydantic-2.11.7.dist-info) by extensions ['cmake', 'python']
[0.519s] Level 1:colcon.colcon_core.package_identification:_identify(myenv/lib/python3.12/site-packages/pydantic-2.11.7.dist-info) by extension 'cmake'
[0.519s] Level 1:colcon.colcon_core.package_identification:_identify(myenv/lib/python3.12/site-packages/pydantic-2.11.7.dist-info) by extension 'python'
[0.519s] Level 1:colcon.colcon_core.package_identification:_identify(myenv/lib/python3.12/site-packages/pydantic-2.11.7.dist-info) by extensions ['python_setup_py']
[0.519s] Level 1:colcon.colcon_core.package_identification:_identify(myenv/lib/python3.12/site-packages/pydantic-2.11.7.dist-info) by extension 'python_setup_py'
[0.519s] Level 1:colcon.colcon_core.package_identification:_identify(myenv/lib/python3.12/site-packages/pydantic-2.11.7.dist-info/licenses) by extensions ['ignore', 'ignore_ament_install']
[0.519s] Level 1:colcon.colcon_core.package_identification:_identify(myenv/lib/python3.12/site-packages/pydantic-2.11.7.dist-info/licenses) by extension 'ignore'
[0.519s] Level 1:colcon.colcon_core.package_identification:_identify(myenv/lib/python3.12/site-packages/pydantic-2.11.7.dist-info/licenses) by extension 'ignore_ament_install'
[0.519s] Level 1:colcon.colcon_core.package_identification:_identify(myenv/lib/python3.12/site-packages/pydantic-2.11.7.dist-info/licenses) by extensions ['colcon_pkg']
[0.519s] Level 1:colcon.colcon_core.package_identification:_identify(myenv/lib/python3.12/site-packages/pydantic-2.11.7.dist-info/licenses) by extension 'colcon_pkg'
[0.520s] Level 1:colcon.colcon_core.package_identification:_identify(myenv/lib/python3.12/site-packages/pydantic-2.11.7.dist-info/licenses) by extensions ['colcon_meta']
[0.520s] Level 1:colcon.colcon_core.package_identification:_identify(myenv/lib/python3.12/site-packages/pydantic-2.11.7.dist-info/licenses) by extension 'colcon_meta'
[0.520s] Level 1:colcon.colcon_core.package_identification:_identify(myenv/lib/python3.12/site-packages/pydantic-2.11.7.dist-info/licenses) by extensions ['ros']
[0.520s] Level 1:colcon.colcon_core.package_identification:_identify(myenv/lib/python3.12/site-packages/pydantic-2.11.7.dist-info/licenses) by extension 'ros'
[0.520s] Level 1:colcon.colcon_core.package_identification:_identify(myenv/lib/python3.12/site-packages/pydantic-2.11.7.dist-info/licenses) by extensions ['cmake', 'python']
[0.520s] Level 1:colcon.colcon_core.package_identification:_identify(myenv/lib/python3.12/site-packages/pydantic-2.11.7.dist-info/licenses) by extension 'cmake'
[0.520s] Level 1:colcon.colcon_core.package_identification:_identify(myenv/lib/python3.12/site-packages/pydantic-2.11.7.dist-info/licenses) by extension 'python'
[0.520s] Level 1:colcon.colcon_core.package_identification:_identify(myenv/lib/python3.12/site-packages/pydantic-2.11.7.dist-info/licenses) by extensions ['python_setup_py']
[0.520s] Level 1:colcon.colcon_core.package_identification:_identify(myenv/lib/python3.12/site-packages/pydantic-2.11.7.dist-info/licenses) by extension 'python_setup_py'
[0.520s] Level 1:colcon.colcon_core.package_identification:_identify(myenv/lib/python3.12/site-packages/pydantic_core) by extensions ['ignore', 'ignore_ament_install']
[0.520s] Level 1:colcon.colcon_core.package_identification:_identify(myenv/lib/python3.12/site-packages/pydantic_core) by extension 'ignore'
[0.520s] Level 1:colcon.colcon_core.package_identification:_identify(myenv/lib/python3.12/site-packages/pydantic_core) by extension 'ignore_ament_install'
[0.520s] Level 1:colcon.colcon_core.package_identification:_identify(myenv/lib/python3.12/site-packages/pydantic_core) by extensions ['colcon_pkg']
[0.520s] Level 1:colcon.colcon_core.package_identification:_identify(myenv/lib/python3.12/site-packages/pydantic_core) by extension 'colcon_pkg'
[0.520s] Level 1:colcon.colcon_core.package_identification:_identify(myenv/lib/python3.12/site-packages/pydantic_core) by extensions ['colcon_meta']
[0.520s] Level 1:colcon.colcon_core.package_identification:_identify(myenv/lib/python3.12/site-packages/pydantic_core) by extension 'colcon_meta'
[0.521s] Level 1:colcon.colcon_core.package_identification:_identify(myenv/lib/python3.12/site-packages/pydantic_core) by extensions ['ros']
[0.521s] Level 1:colcon.colcon_core.package_identification:_identify(myenv/lib/python3.12/site-packages/pydantic_core) by extension 'ros'
[0.521s] Level 1:colcon.colcon_core.package_identification:_identify(myenv/lib/python3.12/site-packages/pydantic_core) by extensions ['cmake', 'python']
[0.521s] Level 1:colcon.colcon_core.package_identification:_identify(myenv/lib/python3.12/site-packages/pydantic_core) by extension 'cmake'
[0.521s] Level 1:colcon.colcon_core.package_identification:_identify(myenv/lib/python3.12/site-packages/pydantic_core) by extension 'python'
[0.521s] Level 1:colcon.colcon_core.package_identification:_identify(myenv/lib/python3.12/site-packages/pydantic_core) by extensions ['python_setup_py']
[0.521s] Level 1:colcon.colcon_core.package_identification:_identify(myenv/lib/python3.12/site-packages/pydantic_core) by extension 'python_setup_py'
[0.521s] Level 1:colcon.colcon_core.package_identification:_identify(myenv/lib/python3.12/site-packages/pydantic_core/__pycache__) by extensions ['ignore', 'ignore_ament_install']
[0.521s] Level 1:colcon.colcon_core.package_identification:_identify(myenv/lib/python3.12/site-packages/pydantic_core/__pycache__) by extension 'ignore'
[0.521s] Level 1:colcon.colcon_core.package_identification:_identify(myenv/lib/python3.12/site-packages/pydantic_core/__pycache__) by extension 'ignore_ament_install'
[0.521s] Level 1:colcon.colcon_core.package_identification:_identify(myenv/lib/python3.12/site-packages/pydantic_core/__pycache__) by extensions ['colcon_pkg']
[0.521s] Level 1:colcon.colcon_core.package_identification:_identify(myenv/lib/python3.12/site-packages/pydantic_core/__pycache__) by extension 'colcon_pkg'
[0.521s] Level 1:colcon.colcon_core.package_identification:_identify(myenv/lib/python3.12/site-packages/pydantic_core/__pycache__) by extensions ['colcon_meta']
[0.521s] Level 1:colcon.colcon_core.package_identification:_identify(myenv/lib/python3.12/site-packages/pydantic_core/__pycache__) by extension 'colcon_meta'
[0.521s] Level 1:colcon.colcon_core.package_identification:_identify(myenv/lib/python3.12/site-packages/pydantic_core/__pycache__) by extensions ['ros']
[0.521s] Level 1:colcon.colcon_core.package_identification:_identify(myenv/lib/python3.12/site-packages/pydantic_core/__pycache__) by extension 'ros'
[0.522s] Level 1:colcon.colcon_core.package_identification:_identify(myenv/lib/python3.12/site-packages/pydantic_core/__pycache__) by extensions ['cmake', 'python']
[0.522s] Level 1:colcon.colcon_core.package_identification:_identify(myenv/lib/python3.12/site-packages/pydantic_core/__pycache__) by extension 'cmake'
[0.522s] Level 1:colcon.colcon_core.package_identification:_identify(myenv/lib/python3.12/site-packages/pydantic_core/__pycache__) by extension 'python'
[0.522s] Level 1:colcon.colcon_core.package_identification:_identify(myenv/lib/python3.12/site-packages/pydantic_core/__pycache__) by extensions ['python_setup_py']
[0.522s] Level 1:colcon.colcon_core.package_identification:_identify(myenv/lib/python3.12/site-packages/pydantic_core/__pycache__) by extension 'python_setup_py'
[0.522s] Level 1:colcon.colcon_core.package_identification:_identify(myenv/lib/python3.12/site-packages/pydantic_core-2.33.2.dist-info) by extensions ['ignore', 'ignore_ament_install']
[0.522s] Level 1:colcon.colcon_core.package_identification:_identify(myenv/lib/python3.12/site-packages/pydantic_core-2.33.2.dist-info) by extension 'ignore'
[0.522s] Level 1:colcon.colcon_core.package_identification:_identify(myenv/lib/python3.12/site-packages/pydantic_core-2.33.2.dist-info) by extension 'ignore_ament_install'
[0.522s] Level 1:colcon.colcon_core.package_identification:_identify(myenv/lib/python3.12/site-packages/pydantic_core-2.33.2.dist-info) by extensions ['colcon_pkg']
[0.522s] Level 1:colcon.colcon_core.package_identification:_identify(myenv/lib/python3.12/site-packages/pydantic_core-2.33.2.dist-info) by extension 'colcon_pkg'
[0.522s] Level 1:colcon.colcon_core.package_identification:_identify(myenv/lib/python3.12/site-packages/pydantic_core-2.33.2.dist-info) by extensions ['colcon_meta']
[0.522s] Level 1:colcon.colcon_core.package_identification:_identify(myenv/lib/python3.12/site-packages/pydantic_core-2.33.2.dist-info) by extension 'colcon_meta'
[0.522s] Level 1:colcon.colcon_core.package_identification:_identify(myenv/lib/python3.12/site-packages/pydantic_core-2.33.2.dist-info) by extensions ['ros']
[0.522s] Level 1:colcon.colcon_core.package_identification:_identify(myenv/lib/python3.12/site-packages/pydantic_core-2.33.2.dist-info) by extension 'ros'
[0.522s] Level 1:colcon.colcon_core.package_identification:_identify(myenv/lib/python3.12/site-packages/pydantic_core-2.33.2.dist-info) by extensions ['cmake', 'python']
[0.523s] Level 1:colcon.colcon_core.package_identification:_identify(myenv/lib/python3.12/site-packages/pydantic_core-2.33.2.dist-info) by extension 'cmake'
[0.523s] Level 1:colcon.colcon_core.package_identification:_identify(myenv/lib/python3.12/site-packages/pydantic_core-2.33.2.dist-info) by extension 'python'
[0.523s] Level 1:colcon.colcon_core.package_identification:_identify(myenv/lib/python3.12/site-packages/pydantic_core-2.33.2.dist-info) by extensions ['python_setup_py']
[0.523s] Level 1:colcon.colcon_core.package_identification:_identify(myenv/lib/python3.12/site-packages/pydantic_core-2.33.2.dist-info) by extension 'python_setup_py'
[0.523s] Level 1:colcon.colcon_core.package_identification:_identify(myenv/lib/python3.12/site-packages/pydantic_core-2.33.2.dist-info/licenses) by extensions ['ignore', 'ignore_ament_install']
[0.523s] Level 1:colcon.colcon_core.package_identification:_identify(myenv/lib/python3.12/site-packages/pydantic_core-2.33.2.dist-info/licenses) by extension 'ignore'
[0.523s] Level 1:colcon.colcon_core.package_identification:_identify(myenv/lib/python3.12/site-packages/pydantic_core-2.33.2.dist-info/licenses) by extension 'ignore_ament_install'
[0.523s] Level 1:colcon.colcon_core.package_identification:_identify(myenv/lib/python3.12/site-packages/pydantic_core-2.33.2.dist-info/licenses) by extensions ['colcon_pkg']
[0.523s] Level 1:colcon.colcon_core.package_identification:_identify(myenv/lib/python3.12/site-packages/pydantic_core-2.33.2.dist-info/licenses) by extension 'colcon_pkg'
[0.523s] Level 1:colcon.colcon_core.package_identification:_identify(myenv/lib/python3.12/site-packages/pydantic_core-2.33.2.dist-info/licenses) by extensions ['colcon_meta']
[0.523s] Level 1:colcon.colcon_core.package_identification:_identify(myenv/lib/python3.12/site-packages/pydantic_core-2.33.2.dist-info/licenses) by extension 'colcon_meta'
[0.523s] Level 1:colcon.colcon_core.package_identification:_identify(myenv/lib/python3.12/site-packages/pydantic_core-2.33.2.dist-info/licenses) by extensions ['ros']
[0.523s] Level 1:colcon.colcon_core.package_identification:_identify(myenv/lib/python3.12/site-packages/pydantic_core-2.33.2.dist-info/licenses) by extension 'ros'
[0.523s] Level 1:colcon.colcon_core.package_identification:_identify(myenv/lib/python3.12/site-packages/pydantic_core-2.33.2.dist-info/licenses) by extensions ['cmake', 'python']
[0.523s] Level 1:colcon.colcon_core.package_identification:_identify(myenv/lib/python3.12/site-packages/pydantic_core-2.33.2.dist-info/licenses) by extension 'cmake'
[0.524s] Level 1:colcon.colcon_core.package_identification:_identify(myenv/lib/python3.12/site-packages/pydantic_core-2.33.2.dist-info/licenses) by extension 'python'
[0.524s] Level 1:colcon.colcon_core.package_identification:_identify(myenv/lib/python3.12/site-packages/pydantic_core-2.33.2.dist-info/licenses) by extensions ['python_setup_py']
[0.524s] Level 1:colcon.colcon_core.package_identification:_identify(myenv/lib/python3.12/site-packages/pydantic_core-2.33.2.dist-info/licenses) by extension 'python_setup_py'
[0.524s] Level 1:colcon.colcon_core.package_identification:_identify(myenv/lib/python3.12/site-packages/pyunormalize) by extensions ['ignore', 'ignore_ament_install']
[0.524s] Level 1:colcon.colcon_core.package_identification:_identify(myenv/lib/python3.12/site-packages/pyunormalize) by extension 'ignore'
[0.524s] Level 1:colcon.colcon_core.package_identification:_identify(myenv/lib/python3.12/site-packages/pyunormalize) by extension 'ignore_ament_install'
[0.524s] Level 1:colcon.colcon_core.package_identification:_identify(myenv/lib/python3.12/site-packages/pyunormalize) by extensions ['colcon_pkg']
[0.524s] Level 1:colcon.colcon_core.package_identification:_identify(myenv/lib/python3.12/site-packages/pyunormalize) by extension 'colcon_pkg'
[0.524s] Level 1:colcon.colcon_core.package_identification:_identify(myenv/lib/python3.12/site-packages/pyunormalize) by extensions ['colcon_meta']
[0.524s] Level 1:colcon.colcon_core.package_identification:_identify(myenv/lib/python3.12/site-packages/pyunormalize) by extension 'colcon_meta'
[0.524s] Level 1:colcon.colcon_core.package_identification:_identify(myenv/lib/python3.12/site-packages/pyunormalize) by extensions ['ros']
[0.524s] Level 1:colcon.colcon_core.package_identification:_identify(myenv/lib/python3.12/site-packages/pyunormalize) by extension 'ros'
[0.524s] Level 1:colcon.colcon_core.package_identification:_identify(myenv/lib/python3.12/site-packages/pyunormalize) by extensions ['cmake', 'python']
[0.524s] Level 1:colcon.colcon_core.package_identification:_identify(myenv/lib/python3.12/site-packages/pyunormalize) by extension 'cmake'
[0.524s] Level 1:colcon.colcon_core.package_identification:_identify(myenv/lib/python3.12/site-packages/pyunormalize) by extension 'python'
[0.524s] Level 1:colcon.colcon_core.package_identification:_identify(myenv/lib/python3.12/site-packages/pyunormalize) by extensions ['python_setup_py']
[0.524s] Level 1:colcon.colcon_core.package_identification:_identify(myenv/lib/python3.12/site-packages/pyunormalize) by extension 'python_setup_py'
[0.525s] Level 1:colcon.colcon_core.package_identification:_identify(myenv/lib/python3.12/site-packages/pyunormalize/__pycache__) by extensions ['ignore', 'ignore_ament_install']
[0.525s] Level 1:colcon.colcon_core.package_identification:_identify(myenv/lib/python3.12/site-packages/pyunormalize/__pycache__) by extension 'ignore'
[0.525s] Level 1:colcon.colcon_core.package_identification:_identify(myenv/lib/python3.12/site-packages/pyunormalize/__pycache__) by extension 'ignore_ament_install'
[0.525s] Level 1:colcon.colcon_core.package_identification:_identify(myenv/lib/python3.12/site-packages/pyunormalize/__pycache__) by extensions ['colcon_pkg']
[0.525s] Level 1:colcon.colcon_core.package_identification:_identify(myenv/lib/python3.12/site-packages/pyunormalize/__pycache__) by extension 'colcon_pkg'
[0.525s] Level 1:colcon.colcon_core.package_identification:_identify(myenv/lib/python3.12/site-packages/pyunormalize/__pycache__) by extensions ['colcon_meta']
[0.525s] Level 1:colcon.colcon_core.package_identification:_identify(myenv/lib/python3.12/site-packages/pyunormalize/__pycache__) by extension 'colcon_meta'
[0.525s] Level 1:colcon.colcon_core.package_identification:_identify(myenv/lib/python3.12/site-packages/pyunormalize/__pycache__) by extensions ['ros']
[0.525s] Level 1:colcon.colcon_core.package_identification:_identify(myenv/lib/python3.12/site-packages/pyunormalize/__pycache__) by extension 'ros'
[0.525s] Level 1:colcon.colcon_core.package_identification:_identify(myenv/lib/python3.12/site-packages/pyunormalize/__pycache__) by extensions ['cmake', 'python']
[0.525s] Level 1:colcon.colcon_core.package_identification:_identify(myenv/lib/python3.12/site-packages/pyunormalize/__pycache__) by extension 'cmake'
[0.525s] Level 1:colcon.colcon_core.package_identification:_identify(myenv/lib/python3.12/site-packages/pyunormalize/__pycache__) by extension 'python'
[0.525s] Level 1:colcon.colcon_core.package_identification:_identify(myenv/lib/python3.12/site-packages/pyunormalize/__pycache__) by extensions ['python_setup_py']
[0.525s] Level 1:colcon.colcon_core.package_identification:_identify(myenv/lib/python3.12/site-packages/pyunormalize/__pycache__) by extension 'python_setup_py'
[0.526s] Level 1:colcon.colcon_core.package_identification:_identify(myenv/lib/python3.12/site-packages/pyunormalize-16.0.0.dist-info) by extensions ['ignore', 'ignore_ament_install']
[0.526s] Level 1:colcon.colcon_core.package_identification:_identify(myenv/lib/python3.12/site-packages/pyunormalize-16.0.0.dist-info) by extension 'ignore'
[0.526s] Level 1:colcon.colcon_core.package_identification:_identify(myenv/lib/python3.12/site-packages/pyunormalize-16.0.0.dist-info) by extension 'ignore_ament_install'
[0.526s] Level 1:colcon.colcon_core.package_identification:_identify(myenv/lib/python3.12/site-packages/pyunormalize-16.0.0.dist-info) by extensions ['colcon_pkg']
[0.526s] Level 1:colcon.colcon_core.package_identification:_identify(myenv/lib/python3.12/site-packages/pyunormalize-16.0.0.dist-info) by extension 'colcon_pkg'
[0.526s] Level 1:colcon.colcon_core.package_identification:_identify(myenv/lib/python3.12/site-packages/pyunormalize-16.0.0.dist-info) by extensions ['colcon_meta']
[0.526s] Level 1:colcon.colcon_core.package_identification:_identify(myenv/lib/python3.12/site-packages/pyunormalize-16.0.0.dist-info) by extension 'colcon_meta'
[0.526s] Level 1:colcon.colcon_core.package_identification:_identify(myenv/lib/python3.12/site-packages/pyunormalize-16.0.0.dist-info) by extensions ['ros']
[0.526s] Level 1:colcon.colcon_core.package_identification:_identify(myenv/lib/python3.12/site-packages/pyunormalize-16.0.0.dist-info) by extension 'ros'
[0.526s] Level 1:colcon.colcon_core.package_identification:_identify(myenv/lib/python3.12/site-packages/pyunormalize-16.0.0.dist-info) by extensions ['cmake', 'python']
[0.526s] Level 1:colcon.colcon_core.package_identification:_identify(myenv/lib/python3.12/site-packages/pyunormalize-16.0.0.dist-info) by extension 'cmake'
[0.526s] Level 1:colcon.colcon_core.package_identification:_identify(myenv/lib/python3.12/site-packages/pyunormalize-16.0.0.dist-info) by extension 'python'
[0.526s] Level 1:colcon.colcon_core.package_identification:_identify(myenv/lib/python3.12/site-packages/pyunormalize-16.0.0.dist-info) by extensions ['python_setup_py']
[0.526s] Level 1:colcon.colcon_core.package_identification:_identify(myenv/lib/python3.12/site-packages/pyunormalize-16.0.0.dist-info) by extension 'python_setup_py'
[0.526s] Level 1:colcon.colcon_core.package_identification:_identify(myenv/lib/python3.12/site-packages/regex) by extensions ['ignore', 'ignore_ament_install']
[0.527s] Level 1:colcon.colcon_core.package_identification:_identify(myenv/lib/python3.12/site-packages/regex) by extension 'ignore'
[0.527s] Level 1:colcon.colcon_core.package_identification:_identify(myenv/lib/python3.12/site-packages/regex) by extension 'ignore_ament_install'
[0.527s] Level 1:colcon.colcon_core.package_identification:_identify(myenv/lib/python3.12/site-packages/regex) by extensions ['colcon_pkg']
[0.527s] Level 1:colcon.colcon_core.package_identification:_identify(myenv/lib/python3.12/site-packages/regex) by extension 'colcon_pkg'
[0.527s] Level 1:colcon.colcon_core.package_identification:_identify(myenv/lib/python3.12/site-packages/regex) by extensions ['colcon_meta']
[0.527s] Level 1:colcon.colcon_core.package_identification:_identify(myenv/lib/python3.12/site-packages/regex) by extension 'colcon_meta'
[0.527s] Level 1:colcon.colcon_core.package_identification:_identify(myenv/lib/python3.12/site-packages/regex) by extensions ['ros']
[0.527s] Level 1:colcon.colcon_core.package_identification:_identify(myenv/lib/python3.12/site-packages/regex) by extension 'ros'
[0.527s] Level 1:colcon.colcon_core.package_identification:_identify(myenv/lib/python3.12/site-packages/regex) by extensions ['cmake', 'python']
[0.527s] Level 1:colcon.colcon_core.package_identification:_identify(myenv/lib/python3.12/site-packages/regex) by extension 'cmake'
[0.527s] Level 1:colcon.colcon_core.package_identification:_identify(myenv/lib/python3.12/site-packages/regex) by extension 'python'
[0.527s] Level 1:colcon.colcon_core.package_identification:_identify(myenv/lib/python3.12/site-packages/regex) by extensions ['python_setup_py']
[0.527s] Level 1:colcon.colcon_core.package_identification:_identify(myenv/lib/python3.12/site-packages/regex) by extension 'python_setup_py'
[0.527s] Level 1:colcon.colcon_core.package_identification:_identify(myenv/lib/python3.12/site-packages/regex/__pycache__) by extensions ['ignore', 'ignore_ament_install']
[0.527s] Level 1:colcon.colcon_core.package_identification:_identify(myenv/lib/python3.12/site-packages/regex/__pycache__) by extension 'ignore'
[0.527s] Level 1:colcon.colcon_core.package_identification:_identify(myenv/lib/python3.12/site-packages/regex/__pycache__) by extension 'ignore_ament_install'
[0.528s] Level 1:colcon.colcon_core.package_identification:_identify(myenv/lib/python3.12/site-packages/regex/__pycache__) by extensions ['colcon_pkg']
[0.528s] Level 1:colcon.colcon_core.package_identification:_identify(myenv/lib/python3.12/site-packages/regex/__pycache__) by extension 'colcon_pkg'
[0.528s] Level 1:colcon.colcon_core.package_identification:_identify(myenv/lib/python3.12/site-packages/regex/__pycache__) by extensions ['colcon_meta']
[0.528s] Level 1:colcon.colcon_core.package_identification:_identify(myenv/lib/python3.12/site-packages/regex/__pycache__) by extension 'colcon_meta'
[0.528s] Level 1:colcon.colcon_core.package_identification:_identify(myenv/lib/python3.12/site-packages/regex/__pycache__) by extensions ['ros']
[0.528s] Level 1:colcon.colcon_core.package_identification:_identify(myenv/lib/python3.12/site-packages/regex/__pycache__) by extension 'ros'
[0.528s] Level 1:colcon.colcon_core.package_identification:_identify(myenv/lib/python3.12/site-packages/regex/__pycache__) by extensions ['cmake', 'python']
[0.528s] Level 1:colcon.colcon_core.package_identification:_identify(myenv/lib/python3.12/site-packages/regex/__pycache__) by extension 'cmake'
[0.528s] Level 1:colcon.colcon_core.package_identification:_identify(myenv/lib/python3.12/site-packages/regex/__pycache__) by extension 'python'
[0.528s] Level 1:colcon.colcon_core.package_identification:_identify(myenv/lib/python3.12/site-packages/regex/__pycache__) by extensions ['python_setup_py']
[0.528s] Level 1:colcon.colcon_core.package_identification:_identify(myenv/lib/python3.12/site-packages/regex/__pycache__) by extension 'python_setup_py'
[0.528s] Level 1:colcon.colcon_core.package_identification:_identify(myenv/lib/python3.12/site-packages/regex-2025.7.34.dist-info) by extensions ['ignore', 'ignore_ament_install']
[0.528s] Level 1:colcon.colcon_core.package_identification:_identify(myenv/lib/python3.12/site-packages/regex-2025.7.34.dist-info) by extension 'ignore'
[0.528s] Level 1:colcon.colcon_core.package_identification:_identify(myenv/lib/python3.12/site-packages/regex-2025.7.34.dist-info) by extension 'ignore_ament_install'
[0.528s] Level 1:colcon.colcon_core.package_identification:_identify(myenv/lib/python3.12/site-packages/regex-2025.7.34.dist-info) by extensions ['colcon_pkg']
[0.529s] Level 1:colcon.colcon_core.package_identification:_identify(myenv/lib/python3.12/site-packages/regex-2025.7.34.dist-info) by extension 'colcon_pkg'
[0.529s] Level 1:colcon.colcon_core.package_identification:_identify(myenv/lib/python3.12/site-packages/regex-2025.7.34.dist-info) by extensions ['colcon_meta']
[0.529s] Level 1:colcon.colcon_core.package_identification:_identify(myenv/lib/python3.12/site-packages/regex-2025.7.34.dist-info) by extension 'colcon_meta'
[0.529s] Level 1:colcon.colcon_core.package_identification:_identify(myenv/lib/python3.12/site-packages/regex-2025.7.34.dist-info) by extensions ['ros']
[0.529s] Level 1:colcon.colcon_core.package_identification:_identify(myenv/lib/python3.12/site-packages/regex-2025.7.34.dist-info) by extension 'ros'
[0.529s] Level 1:colcon.colcon_core.package_identification:_identify(myenv/lib/python3.12/site-packages/regex-2025.7.34.dist-info) by extensions ['cmake', 'python']
[0.529s] Level 1:colcon.colcon_core.package_identification:_identify(myenv/lib/python3.12/site-packages/regex-2025.7.34.dist-info) by extension 'cmake'
[0.529s] Level 1:colcon.colcon_core.package_identification:_identify(myenv/lib/python3.12/site-packages/regex-2025.7.34.dist-info) by extension 'python'
[0.529s] Level 1:colcon.colcon_core.package_identification:_identify(myenv/lib/python3.12/site-packages/regex-2025.7.34.dist-info) by extensions ['python_setup_py']
[0.529s] Level 1:colcon.colcon_core.package_identification:_identify(myenv/lib/python3.12/site-packages/regex-2025.7.34.dist-info) by extension 'python_setup_py'
[0.529s] Level 1:colcon.colcon_core.package_identification:_identify(myenv/lib/python3.12/site-packages/regex-2025.7.34.dist-info/licenses) by extensions ['ignore', 'ignore_ament_install']
[0.529s] Level 1:colcon.colcon_core.package_identification:_identify(myenv/lib/python3.12/site-packages/regex-2025.7.34.dist-info/licenses) by extension 'ignore'
[0.529s] Level 1:colcon.colcon_core.package_identification:_identify(myenv/lib/python3.12/site-packages/regex-2025.7.34.dist-info/licenses) by extension 'ignore_ament_install'
[0.529s] Level 1:colcon.colcon_core.package_identification:_identify(myenv/lib/python3.12/site-packages/regex-2025.7.34.dist-info/licenses) by extensions ['colcon_pkg']
[0.529s] Level 1:colcon.colcon_core.package_identification:_identify(myenv/lib/python3.12/site-packages/regex-2025.7.34.dist-info/licenses) by extension 'colcon_pkg'
[0.529s] Level 1:colcon.colcon_core.package_identification:_identify(myenv/lib/python3.12/site-packages/regex-2025.7.34.dist-info/licenses) by extensions ['colcon_meta']
[0.530s] Level 1:colcon.colcon_core.package_identification:_identify(myenv/lib/python3.12/site-packages/regex-2025.7.34.dist-info/licenses) by extension 'colcon_meta'
[0.530s] Level 1:colcon.colcon_core.package_identification:_identify(myenv/lib/python3.12/site-packages/regex-2025.7.34.dist-info/licenses) by extensions ['ros']
[0.530s] Level 1:colcon.colcon_core.package_identification:_identify(myenv/lib/python3.12/site-packages/regex-2025.7.34.dist-info/licenses) by extension 'ros'
[0.530s] Level 1:colcon.colcon_core.package_identification:_identify(myenv/lib/python3.12/site-packages/regex-2025.7.34.dist-info/licenses) by extensions ['cmake', 'python']
[0.530s] Level 1:colcon.colcon_core.package_identification:_identify(myenv/lib/python3.12/site-packages/regex-2025.7.34.dist-info/licenses) by extension 'cmake'
[0.530s] Level 1:colcon.colcon_core.package_identification:_identify(myenv/lib/python3.12/site-packages/regex-2025.7.34.dist-info/licenses) by extension 'python'
[0.530s] Level 1:colcon.colcon_core.package_identification:_identify(myenv/lib/python3.12/site-packages/regex-2025.7.34.dist-info/licenses) by extensions ['python_setup_py']
[0.530s] Level 1:colcon.colcon_core.package_identification:_identify(myenv/lib/python3.12/site-packages/regex-2025.7.34.dist-info/licenses) by extension 'python_setup_py'
[0.530s] Level 1:colcon.colcon_core.package_identification:_identify(myenv/lib/python3.12/site-packages/requests) by extensions ['ignore', 'ignore_ament_install']
[0.530s] Level 1:colcon.colcon_core.package_identification:_identify(myenv/lib/python3.12/site-packages/requests) by extension 'ignore'
[0.530s] Level 1:colcon.colcon_core.package_identification:_identify(myenv/lib/python3.12/site-packages/requests) by extension 'ignore_ament_install'
[0.530s] Level 1:colcon.colcon_core.package_identification:_identify(myenv/lib/python3.12/site-packages/requests) by extensions ['colcon_pkg']
[0.530s] Level 1:colcon.colcon_core.package_identification:_identify(myenv/lib/python3.12/site-packages/requests) by extension 'colcon_pkg'
[0.530s] Level 1:colcon.colcon_core.package_identification:_identify(myenv/lib/python3.12/site-packages/requests) by extensions ['colcon_meta']
[0.530s] Level 1:colcon.colcon_core.package_identification:_identify(myenv/lib/python3.12/site-packages/requests) by extension 'colcon_meta'
[0.530s] Level 1:colcon.colcon_core.package_identification:_identify(myenv/lib/python3.12/site-packages/requests) by extensions ['ros']
[0.531s] Level 1:colcon.colcon_core.package_identification:_identify(myenv/lib/python3.12/site-packages/requests) by extension 'ros'
[0.531s] Level 1:colcon.colcon_core.package_identification:_identify(myenv/lib/python3.12/site-packages/requests) by extensions ['cmake', 'python']
[0.531s] Level 1:colcon.colcon_core.package_identification:_identify(myenv/lib/python3.12/site-packages/requests) by extension 'cmake'
[0.531s] Level 1:colcon.colcon_core.package_identification:_identify(myenv/lib/python3.12/site-packages/requests) by extension 'python'
[0.531s] Level 1:colcon.colcon_core.package_identification:_identify(myenv/lib/python3.12/site-packages/requests) by extensions ['python_setup_py']
[0.531s] Level 1:colcon.colcon_core.package_identification:_identify(myenv/lib/python3.12/site-packages/requests) by extension 'python_setup_py'
[0.531s] Level 1:colcon.colcon_core.package_identification:_identify(myenv/lib/python3.12/site-packages/requests/__pycache__) by extensions ['ignore', 'ignore_ament_install']
[0.531s] Level 1:colcon.colcon_core.package_identification:_identify(myenv/lib/python3.12/site-packages/requests/__pycache__) by extension 'ignore'
[0.531s] Level 1:colcon.colcon_core.package_identification:_identify(myenv/lib/python3.12/site-packages/requests/__pycache__) by extension 'ignore_ament_install'
[0.531s] Level 1:colcon.colcon_core.package_identification:_identify(myenv/lib/python3.12/site-packages/requests/__pycache__) by extensions ['colcon_pkg']
[0.531s] Level 1:colcon.colcon_core.package_identification:_identify(myenv/lib/python3.12/site-packages/requests/__pycache__) by extension 'colcon_pkg'
[0.531s] Level 1:colcon.colcon_core.package_identification:_identify(myenv/lib/python3.12/site-packages/requests/__pycache__) by extensions ['colcon_meta']
[0.531s] Level 1:colcon.colcon_core.package_identification:_identify(myenv/lib/python3.12/site-packages/requests/__pycache__) by extension 'colcon_meta'
[0.531s] Level 1:colcon.colcon_core.package_identification:_identify(myenv/lib/python3.12/site-packages/requests/__pycache__) by extensions ['ros']
[0.531s] Level 1:colcon.colcon_core.package_identification:_identify(myenv/lib/python3.12/site-packages/requests/__pycache__) by extension 'ros'
[0.532s] Level 1:colcon.colcon_core.package_identification:_identify(myenv/lib/python3.12/site-packages/requests/__pycache__) by extensions ['cmake', 'python']
[0.532s] Level 1:colcon.colcon_core.package_identification:_identify(myenv/lib/python3.12/site-packages/requests/__pycache__) by extension 'cmake'
[0.532s] Level 1:colcon.colcon_core.package_identification:_identify(myenv/lib/python3.12/site-packages/requests/__pycache__) by extension 'python'
[0.532s] Level 1:colcon.colcon_core.package_identification:_identify(myenv/lib/python3.12/site-packages/requests/__pycache__) by extensions ['python_setup_py']
[0.532s] Level 1:colcon.colcon_core.package_identification:_identify(myenv/lib/python3.12/site-packages/requests/__pycache__) by extension 'python_setup_py'
[0.532s] Level 1:colcon.colcon_core.package_identification:_identify(myenv/lib/python3.12/site-packages/requests-2.32.4.dist-info) by extensions ['ignore', 'ignore_ament_install']
[0.532s] Level 1:colcon.colcon_core.package_identification:_identify(myenv/lib/python3.12/site-packages/requests-2.32.4.dist-info) by extension 'ignore'
[0.532s] Level 1:colcon.colcon_core.package_identification:_identify(myenv/lib/python3.12/site-packages/requests-2.32.4.dist-info) by extension 'ignore_ament_install'
[0.532s] Level 1:colcon.colcon_core.package_identification:_identify(myenv/lib/python3.12/site-packages/requests-2.32.4.dist-info) by extensions ['colcon_pkg']
[0.532s] Level 1:colcon.colcon_core.package_identification:_identify(myenv/lib/python3.12/site-packages/requests-2.32.4.dist-info) by extension 'colcon_pkg'
[0.532s] Level 1:colcon.colcon_core.package_identification:_identify(myenv/lib/python3.12/site-packages/requests-2.32.4.dist-info) by extensions ['colcon_meta']
[0.532s] Level 1:colcon.colcon_core.package_identification:_identify(myenv/lib/python3.12/site-packages/requests-2.32.4.dist-info) by extension 'colcon_meta'
[0.532s] Level 1:colcon.colcon_core.package_identification:_identify(myenv/lib/python3.12/site-packages/requests-2.32.4.dist-info) by extensions ['ros']
[0.532s] Level 1:colcon.colcon_core.package_identification:_identify(myenv/lib/python3.12/site-packages/requests-2.32.4.dist-info) by extension 'ros'
[0.532s] Level 1:colcon.colcon_core.package_identification:_identify(myenv/lib/python3.12/site-packages/requests-2.32.4.dist-info) by extensions ['cmake', 'python']
[0.532s] Level 1:colcon.colcon_core.package_identification:_identify(myenv/lib/python3.12/site-packages/requests-2.32.4.dist-info) by extension 'cmake'
[0.533s] Level 1:colcon.colcon_core.package_identification:_identify(myenv/lib/python3.12/site-packages/requests-2.32.4.dist-info) by extension 'python'
[0.533s] Level 1:colcon.colcon_core.package_identification:_identify(myenv/lib/python3.12/site-packages/requests-2.32.4.dist-info) by extensions ['python_setup_py']
[0.533s] Level 1:colcon.colcon_core.package_identification:_identify(myenv/lib/python3.12/site-packages/requests-2.32.4.dist-info) by extension 'python_setup_py'
[0.533s] Level 1:colcon.colcon_core.package_identification:_identify(myenv/lib/python3.12/site-packages/requests-2.32.4.dist-info/licenses) by extensions ['ignore', 'ignore_ament_install']
[0.533s] Level 1:colcon.colcon_core.package_identification:_identify(myenv/lib/python3.12/site-packages/requests-2.32.4.dist-info/licenses) by extension 'ignore'
[0.533s] Level 1:colcon.colcon_core.package_identification:_identify(myenv/lib/python3.12/site-packages/requests-2.32.4.dist-info/licenses) by extension 'ignore_ament_install'
[0.533s] Level 1:colcon.colcon_core.package_identification:_identify(myenv/lib/python3.12/site-packages/requests-2.32.4.dist-info/licenses) by extensions ['colcon_pkg']
[0.533s] Level 1:colcon.colcon_core.package_identification:_identify(myenv/lib/python3.12/site-packages/requests-2.32.4.dist-info/licenses) by extension 'colcon_pkg'
[0.533s] Level 1:colcon.colcon_core.package_identification:_identify(myenv/lib/python3.12/site-packages/requests-2.32.4.dist-info/licenses) by extensions ['colcon_meta']
[0.533s] Level 1:colcon.colcon_core.package_identification:_identify(myenv/lib/python3.12/site-packages/requests-2.32.4.dist-info/licenses) by extension 'colcon_meta'
[0.533s] Level 1:colcon.colcon_core.package_identification:_identify(myenv/lib/python3.12/site-packages/requests-2.32.4.dist-info/licenses) by extensions ['ros']
[0.533s] Level 1:colcon.colcon_core.package_identification:_identify(myenv/lib/python3.12/site-packages/requests-2.32.4.dist-info/licenses) by extension 'ros'
[0.533s] Level 1:colcon.colcon_core.package_identification:_identify(myenv/lib/python3.12/site-packages/requests-2.32.4.dist-info/licenses) by extensions ['cmake', 'python']
[0.533s] Level 1:colcon.colcon_core.package_identification:_identify(myenv/lib/python3.12/site-packages/requests-2.32.4.dist-info/licenses) by extension 'cmake'
[0.533s] Level 1:colcon.colcon_core.package_identification:_identify(myenv/lib/python3.12/site-packages/requests-2.32.4.dist-info/licenses) by extension 'python'
[0.534s] Level 1:colcon.colcon_core.package_identification:_identify(myenv/lib/python3.12/site-packages/requests-2.32.4.dist-info/licenses) by extensions ['python_setup_py']
[0.534s] Level 1:colcon.colcon_core.package_identification:_identify(myenv/lib/python3.12/site-packages/requests-2.32.4.dist-info/licenses) by extension 'python_setup_py'
[0.534s] Level 1:colcon.colcon_core.package_identification:_identify(myenv/lib/python3.12/site-packages/requests-stubs) by extensions ['ignore', 'ignore_ament_install']
[0.534s] Level 1:colcon.colcon_core.package_identification:_identify(myenv/lib/python3.12/site-packages/requests-stubs) by extension 'ignore'
[0.534s] Level 1:colcon.colcon_core.package_identification:_identify(myenv/lib/python3.12/site-packages/requests-stubs) by extension 'ignore_ament_install'
[0.534s] Level 1:colcon.colcon_core.package_identification:_identify(myenv/lib/python3.12/site-packages/requests-stubs) by extensions ['colcon_pkg']
[0.534s] Level 1:colcon.colcon_core.package_identification:_identify(myenv/lib/python3.12/site-packages/requests-stubs) by extension 'colcon_pkg'
[0.534s] Level 1:colcon.colcon_core.package_identification:_identify(myenv/lib/python3.12/site-packages/requests-stubs) by extensions ['colcon_meta']
[0.534s] Level 1:colcon.colcon_core.package_identification:_identify(myenv/lib/python3.12/site-packages/requests-stubs) by extension 'colcon_meta'
[0.534s] Level 1:colcon.colcon_core.package_identification:_identify(myenv/lib/python3.12/site-packages/requests-stubs) by extensions ['ros']
[0.534s] Level 1:colcon.colcon_core.package_identification:_identify(myenv/lib/python3.12/site-packages/requests-stubs) by extension 'ros'
[0.534s] Level 1:colcon.colcon_core.package_identification:_identify(myenv/lib/python3.12/site-packages/requests-stubs) by extensions ['cmake', 'python']
[0.534s] Level 1:colcon.colcon_core.package_identification:_identify(myenv/lib/python3.12/site-packages/requests-stubs) by extension 'cmake'
[0.534s] Level 1:colcon.colcon_core.package_identification:_identify(myenv/lib/python3.12/site-packages/requests-stubs) by extension 'python'
[0.534s] Level 1:colcon.colcon_core.package_identification:_identify(myenv/lib/python3.12/site-packages/requests-stubs) by extensions ['python_setup_py']
[0.534s] Level 1:colcon.colcon_core.package_identification:_identify(myenv/lib/python3.12/site-packages/requests-stubs) by extension 'python_setup_py'
[0.535s] Level 1:colcon.colcon_core.package_identification:_identify(myenv/lib/python3.12/site-packages/rlp) by extensions ['ignore', 'ignore_ament_install']
[0.535s] Level 1:colcon.colcon_core.package_identification:_identify(myenv/lib/python3.12/site-packages/rlp) by extension 'ignore'
[0.535s] Level 1:colcon.colcon_core.package_identification:_identify(myenv/lib/python3.12/site-packages/rlp) by extension 'ignore_ament_install'
[0.535s] Level 1:colcon.colcon_core.package_identification:_identify(myenv/lib/python3.12/site-packages/rlp) by extensions ['colcon_pkg']
[0.535s] Level 1:colcon.colcon_core.package_identification:_identify(myenv/lib/python3.12/site-packages/rlp) by extension 'colcon_pkg'
[0.535s] Level 1:colcon.colcon_core.package_identification:_identify(myenv/lib/python3.12/site-packages/rlp) by extensions ['colcon_meta']
[0.535s] Level 1:colcon.colcon_core.package_identification:_identify(myenv/lib/python3.12/site-packages/rlp) by extension 'colcon_meta'
[0.535s] Level 1:colcon.colcon_core.package_identification:_identify(myenv/lib/python3.12/site-packages/rlp) by extensions ['ros']
[0.535s] Level 1:colcon.colcon_core.package_identification:_identify(myenv/lib/python3.12/site-packages/rlp) by extension 'ros'
[0.535s] Level 1:colcon.colcon_core.package_identification:_identify(myenv/lib/python3.12/site-packages/rlp) by extensions ['cmake', 'python']
[0.535s] Level 1:colcon.colcon_core.package_identification:_identify(myenv/lib/python3.12/site-packages/rlp) by extension 'cmake'
[0.535s] Level 1:colcon.colcon_core.package_identification:_identify(myenv/lib/python3.12/site-packages/rlp) by extension 'python'
[0.535s] Level 1:colcon.colcon_core.package_identification:_identify(myenv/lib/python3.12/site-packages/rlp) by extensions ['python_setup_py']
[0.535s] Level 1:colcon.colcon_core.package_identification:_identify(myenv/lib/python3.12/site-packages/rlp) by extension 'python_setup_py'
[0.536s] Level 1:colcon.colcon_core.package_identification:_identify(myenv/lib/python3.12/site-packages/rlp/__pycache__) by extensions ['ignore', 'ignore_ament_install']
[0.536s] Level 1:colcon.colcon_core.package_identification:_identify(myenv/lib/python3.12/site-packages/rlp/__pycache__) by extension 'ignore'
[0.536s] Level 1:colcon.colcon_core.package_identification:_identify(myenv/lib/python3.12/site-packages/rlp/__pycache__) by extension 'ignore_ament_install'
[0.536s] Level 1:colcon.colcon_core.package_identification:_identify(myenv/lib/python3.12/site-packages/rlp/__pycache__) by extensions ['colcon_pkg']
[0.536s] Level 1:colcon.colcon_core.package_identification:_identify(myenv/lib/python3.12/site-packages/rlp/__pycache__) by extension 'colcon_pkg'
[0.536s] Level 1:colcon.colcon_core.package_identification:_identify(myenv/lib/python3.12/site-packages/rlp/__pycache__) by extensions ['colcon_meta']
[0.536s] Level 1:colcon.colcon_core.package_identification:_identify(myenv/lib/python3.12/site-packages/rlp/__pycache__) by extension 'colcon_meta'
[0.536s] Level 1:colcon.colcon_core.package_identification:_identify(myenv/lib/python3.12/site-packages/rlp/__pycache__) by extensions ['ros']
[0.536s] Level 1:colcon.colcon_core.package_identification:_identify(myenv/lib/python3.12/site-packages/rlp/__pycache__) by extension 'ros'
[0.536s] Level 1:colcon.colcon_core.package_identification:_identify(myenv/lib/python3.12/site-packages/rlp/__pycache__) by extensions ['cmake', 'python']
[0.536s] Level 1:colcon.colcon_core.package_identification:_identify(myenv/lib/python3.12/site-packages/rlp/__pycache__) by extension 'cmake'
[0.536s] Level 1:colcon.colcon_core.package_identification:_identify(myenv/lib/python3.12/site-packages/rlp/__pycache__) by extension 'python'
[0.536s] Level 1:colcon.colcon_core.package_identification:_identify(myenv/lib/python3.12/site-packages/rlp/__pycache__) by extensions ['python_setup_py']
[0.536s] Level 1:colcon.colcon_core.package_identification:_identify(myenv/lib/python3.12/site-packages/rlp/__pycache__) by extension 'python_setup_py'
[0.536s] Level 1:colcon.colcon_core.package_identification:_identify(myenv/lib/python3.12/site-packages/rlp/sedes) by extensions ['ignore', 'ignore_ament_install']
[0.537s] Level 1:colcon.colcon_core.package_identification:_identify(myenv/lib/python3.12/site-packages/rlp/sedes) by extension 'ignore'
[0.537s] Level 1:colcon.colcon_core.package_identification:_identify(myenv/lib/python3.12/site-packages/rlp/sedes) by extension 'ignore_ament_install'
[0.537s] Level 1:colcon.colcon_core.package_identification:_identify(myenv/lib/python3.12/site-packages/rlp/sedes) by extensions ['colcon_pkg']
[0.537s] Level 1:colcon.colcon_core.package_identification:_identify(myenv/lib/python3.12/site-packages/rlp/sedes) by extension 'colcon_pkg'
[0.537s] Level 1:colcon.colcon_core.package_identification:_identify(myenv/lib/python3.12/site-packages/rlp/sedes) by extensions ['colcon_meta']
[0.537s] Level 1:colcon.colcon_core.package_identification:_identify(myenv/lib/python3.12/site-packages/rlp/sedes) by extension 'colcon_meta'
[0.537s] Level 1:colcon.colcon_core.package_identification:_identify(myenv/lib/python3.12/site-packages/rlp/sedes) by extensions ['ros']
[0.537s] Level 1:colcon.colcon_core.package_identification:_identify(myenv/lib/python3.12/site-packages/rlp/sedes) by extension 'ros'
[0.537s] Level 1:colcon.colcon_core.package_identification:_identify(myenv/lib/python3.12/site-packages/rlp/sedes) by extensions ['cmake', 'python']
[0.537s] Level 1:colcon.colcon_core.package_identification:_identify(myenv/lib/python3.12/site-packages/rlp/sedes) by extension 'cmake'
[0.537s] Level 1:colcon.colcon_core.package_identification:_identify(myenv/lib/python3.12/site-packages/rlp/sedes) by extension 'python'
[0.537s] Level 1:colcon.colcon_core.package_identification:_identify(myenv/lib/python3.12/site-packages/rlp/sedes) by extensions ['python_setup_py']
[0.537s] Level 1:colcon.colcon_core.package_identification:_identify(myenv/lib/python3.12/site-packages/rlp/sedes) by extension 'python_setup_py'
[0.537s] Level 1:colcon.colcon_core.package_identification:_identify(myenv/lib/python3.12/site-packages/rlp/sedes/__pycache__) by extensions ['ignore', 'ignore_ament_install']
[0.537s] Level 1:colcon.colcon_core.package_identification:_identify(myenv/lib/python3.12/site-packages/rlp/sedes/__pycache__) by extension 'ignore'
[0.538s] Level 1:colcon.colcon_core.package_identification:_identify(myenv/lib/python3.12/site-packages/rlp/sedes/__pycache__) by extension 'ignore_ament_install'
[0.538s] Level 1:colcon.colcon_core.package_identification:_identify(myenv/lib/python3.12/site-packages/rlp/sedes/__pycache__) by extensions ['colcon_pkg']
[0.538s] Level 1:colcon.colcon_core.package_identification:_identify(myenv/lib/python3.12/site-packages/rlp/sedes/__pycache__) by extension 'colcon_pkg'
[0.538s] Level 1:colcon.colcon_core.package_identification:_identify(myenv/lib/python3.12/site-packages/rlp/sedes/__pycache__) by extensions ['colcon_meta']
[0.538s] Level 1:colcon.colcon_core.package_identification:_identify(myenv/lib/python3.12/site-packages/rlp/sedes/__pycache__) by extension 'colcon_meta'
[0.538s] Level 1:colcon.colcon_core.package_identification:_identify(myenv/lib/python3.12/site-packages/rlp/sedes/__pycache__) by extensions ['ros']
[0.538s] Level 1:colcon.colcon_core.package_identification:_identify(myenv/lib/python3.12/site-packages/rlp/sedes/__pycache__) by extension 'ros'
[0.538s] Level 1:colcon.colcon_core.package_identification:_identify(myenv/lib/python3.12/site-packages/rlp/sedes/__pycache__) by extensions ['cmake', 'python']
[0.538s] Level 1:colcon.colcon_core.package_identification:_identify(myenv/lib/python3.12/site-packages/rlp/sedes/__pycache__) by extension 'cmake'
[0.538s] Level 1:colcon.colcon_core.package_identification:_identify(myenv/lib/python3.12/site-packages/rlp/sedes/__pycache__) by extension 'python'
[0.538s] Level 1:colcon.colcon_core.package_identification:_identify(myenv/lib/python3.12/site-packages/rlp/sedes/__pycache__) by extensions ['python_setup_py']
[0.538s] Level 1:colcon.colcon_core.package_identification:_identify(myenv/lib/python3.12/site-packages/rlp/sedes/__pycache__) by extension 'python_setup_py'
[0.538s] Level 1:colcon.colcon_core.package_identification:_identify(myenv/lib/python3.12/site-packages/rlp-4.1.0.dist-info) by extensions ['ignore', 'ignore_ament_install']
[0.538s] Level 1:colcon.colcon_core.package_identification:_identify(myenv/lib/python3.12/site-packages/rlp-4.1.0.dist-info) by extension 'ignore'
[0.538s] Level 1:colcon.colcon_core.package_identification:_identify(myenv/lib/python3.12/site-packages/rlp-4.1.0.dist-info) by extension 'ignore_ament_install'
[0.539s] Level 1:colcon.colcon_core.package_identification:_identify(myenv/lib/python3.12/site-packages/rlp-4.1.0.dist-info) by extensions ['colcon_pkg']
[0.539s] Level 1:colcon.colcon_core.package_identification:_identify(myenv/lib/python3.12/site-packages/rlp-4.1.0.dist-info) by extension 'colcon_pkg'
[0.539s] Level 1:colcon.colcon_core.package_identification:_identify(myenv/lib/python3.12/site-packages/rlp-4.1.0.dist-info) by extensions ['colcon_meta']
[0.539s] Level 1:colcon.colcon_core.package_identification:_identify(myenv/lib/python3.12/site-packages/rlp-4.1.0.dist-info) by extension 'colcon_meta'
[0.539s] Level 1:colcon.colcon_core.package_identification:_identify(myenv/lib/python3.12/site-packages/rlp-4.1.0.dist-info) by extensions ['ros']
[0.539s] Level 1:colcon.colcon_core.package_identification:_identify(myenv/lib/python3.12/site-packages/rlp-4.1.0.dist-info) by extension 'ros'
[0.539s] Level 1:colcon.colcon_core.package_identification:_identify(myenv/lib/python3.12/site-packages/rlp-4.1.0.dist-info) by extensions ['cmake', 'python']
[0.539s] Level 1:colcon.colcon_core.package_identification:_identify(myenv/lib/python3.12/site-packages/rlp-4.1.0.dist-info) by extension 'cmake'
[0.539s] Level 1:colcon.colcon_core.package_identification:_identify(myenv/lib/python3.12/site-packages/rlp-4.1.0.dist-info) by extension 'python'
[0.539s] Level 1:colcon.colcon_core.package_identification:_identify(myenv/lib/python3.12/site-packages/rlp-4.1.0.dist-info) by extensions ['python_setup_py']
[0.539s] Level 1:colcon.colcon_core.package_identification:_identify(myenv/lib/python3.12/site-packages/rlp-4.1.0.dist-info) by extension 'python_setup_py'
[0.539s] Level 1:colcon.colcon_core.package_identification:_identify(myenv/lib/python3.12/site-packages/tlz) by extensions ['ignore', 'ignore_ament_install']
[0.539s] Level 1:colcon.colcon_core.package_identification:_identify(myenv/lib/python3.12/site-packages/tlz) by extension 'ignore'
[0.539s] Level 1:colcon.colcon_core.package_identification:_identify(myenv/lib/python3.12/site-packages/tlz) by extension 'ignore_ament_install'
[0.539s] Level 1:colcon.colcon_core.package_identification:_identify(myenv/lib/python3.12/site-packages/tlz) by extensions ['colcon_pkg']
[0.539s] Level 1:colcon.colcon_core.package_identification:_identify(myenv/lib/python3.12/site-packages/tlz) by extension 'colcon_pkg'
[0.540s] Level 1:colcon.colcon_core.package_identification:_identify(myenv/lib/python3.12/site-packages/tlz) by extensions ['colcon_meta']
[0.540s] Level 1:colcon.colcon_core.package_identification:_identify(myenv/lib/python3.12/site-packages/tlz) by extension 'colcon_meta'
[0.540s] Level 1:colcon.colcon_core.package_identification:_identify(myenv/lib/python3.12/site-packages/tlz) by extensions ['ros']
[0.540s] Level 1:colcon.colcon_core.package_identification:_identify(myenv/lib/python3.12/site-packages/tlz) by extension 'ros'
[0.540s] Level 1:colcon.colcon_core.package_identification:_identify(myenv/lib/python3.12/site-packages/tlz) by extensions ['cmake', 'python']
[0.540s] Level 1:colcon.colcon_core.package_identification:_identify(myenv/lib/python3.12/site-packages/tlz) by extension 'cmake'
[0.540s] Level 1:colcon.colcon_core.package_identification:_identify(myenv/lib/python3.12/site-packages/tlz) by extension 'python'
[0.540s] Level 1:colcon.colcon_core.package_identification:_identify(myenv/lib/python3.12/site-packages/tlz) by extensions ['python_setup_py']
[0.540s] Level 1:colcon.colcon_core.package_identification:_identify(myenv/lib/python3.12/site-packages/tlz) by extension 'python_setup_py'
[0.540s] Level 1:colcon.colcon_core.package_identification:_identify(myenv/lib/python3.12/site-packages/tlz/__pycache__) by extensions ['ignore', 'ignore_ament_install']
[0.540s] Level 1:colcon.colcon_core.package_identification:_identify(myenv/lib/python3.12/site-packages/tlz/__pycache__) by extension 'ignore'
[0.540s] Level 1:colcon.colcon_core.package_identification:_identify(myenv/lib/python3.12/site-packages/tlz/__pycache__) by extension 'ignore_ament_install'
[0.540s] Level 1:colcon.colcon_core.package_identification:_identify(myenv/lib/python3.12/site-packages/tlz/__pycache__) by extensions ['colcon_pkg']
[0.540s] Level 1:colcon.colcon_core.package_identification:_identify(myenv/lib/python3.12/site-packages/tlz/__pycache__) by extension 'colcon_pkg'
[0.540s] Level 1:colcon.colcon_core.package_identification:_identify(myenv/lib/python3.12/site-packages/tlz/__pycache__) by extensions ['colcon_meta']
[0.540s] Level 1:colcon.colcon_core.package_identification:_identify(myenv/lib/python3.12/site-packages/tlz/__pycache__) by extension 'colcon_meta'
[0.541s] Level 1:colcon.colcon_core.package_identification:_identify(myenv/lib/python3.12/site-packages/tlz/__pycache__) by extensions ['ros']
[0.541s] Level 1:colcon.colcon_core.package_identification:_identify(myenv/lib/python3.12/site-packages/tlz/__pycache__) by extension 'ros'
[0.541s] Level 1:colcon.colcon_core.package_identification:_identify(myenv/lib/python3.12/site-packages/tlz/__pycache__) by extensions ['cmake', 'python']
[0.541s] Level 1:colcon.colcon_core.package_identification:_identify(myenv/lib/python3.12/site-packages/tlz/__pycache__) by extension 'cmake'
[0.541s] Level 1:colcon.colcon_core.package_identification:_identify(myenv/lib/python3.12/site-packages/tlz/__pycache__) by extension 'python'
[0.541s] Level 1:colcon.colcon_core.package_identification:_identify(myenv/lib/python3.12/site-packages/tlz/__pycache__) by extensions ['python_setup_py']
[0.541s] Level 1:colcon.colcon_core.package_identification:_identify(myenv/lib/python3.12/site-packages/tlz/__pycache__) by extension 'python_setup_py'
[0.541s] Level 1:colcon.colcon_core.package_identification:_identify(myenv/lib/python3.12/site-packages/toolz) by extensions ['ignore', 'ignore_ament_install']
[0.541s] Level 1:colcon.colcon_core.package_identification:_identify(myenv/lib/python3.12/site-packages/toolz) by extension 'ignore'
[0.541s] Level 1:colcon.colcon_core.package_identification:_identify(myenv/lib/python3.12/site-packages/toolz) by extension 'ignore_ament_install'
[0.541s] Level 1:colcon.colcon_core.package_identification:_identify(myenv/lib/python3.12/site-packages/toolz) by extensions ['colcon_pkg']
[0.541s] Level 1:colcon.colcon_core.package_identification:_identify(myenv/lib/python3.12/site-packages/toolz) by extension 'colcon_pkg'
[0.541s] Level 1:colcon.colcon_core.package_identification:_identify(myenv/lib/python3.12/site-packages/toolz) by extensions ['colcon_meta']
[0.541s] Level 1:colcon.colcon_core.package_identification:_identify(myenv/lib/python3.12/site-packages/toolz) by extension 'colcon_meta'
[0.541s] Level 1:colcon.colcon_core.package_identification:_identify(myenv/lib/python3.12/site-packages/toolz) by extensions ['ros']
[0.541s] Level 1:colcon.colcon_core.package_identification:_identify(myenv/lib/python3.12/site-packages/toolz) by extension 'ros'
[0.542s] Level 1:colcon.colcon_core.package_identification:_identify(myenv/lib/python3.12/site-packages/toolz) by extensions ['cmake', 'python']
[0.542s] Level 1:colcon.colcon_core.package_identification:_identify(myenv/lib/python3.12/site-packages/toolz) by extension 'cmake'
[0.542s] Level 1:colcon.colcon_core.package_identification:_identify(myenv/lib/python3.12/site-packages/toolz) by extension 'python'
[0.542s] Level 1:colcon.colcon_core.package_identification:_identify(myenv/lib/python3.12/site-packages/toolz) by extensions ['python_setup_py']
[0.542s] Level 1:colcon.colcon_core.package_identification:_identify(myenv/lib/python3.12/site-packages/toolz) by extension 'python_setup_py'
[0.542s] Level 1:colcon.colcon_core.package_identification:_identify(myenv/lib/python3.12/site-packages/toolz/__pycache__) by extensions ['ignore', 'ignore_ament_install']
[0.542s] Level 1:colcon.colcon_core.package_identification:_identify(myenv/lib/python3.12/site-packages/toolz/__pycache__) by extension 'ignore'
[0.542s] Level 1:colcon.colcon_core.package_identification:_identify(myenv/lib/python3.12/site-packages/toolz/__pycache__) by extension 'ignore_ament_install'
[0.542s] Level 1:colcon.colcon_core.package_identification:_identify(myenv/lib/python3.12/site-packages/toolz/__pycache__) by extensions ['colcon_pkg']
[0.542s] Level 1:colcon.colcon_core.package_identification:_identify(myenv/lib/python3.12/site-packages/toolz/__pycache__) by extension 'colcon_pkg'
[0.542s] Level 1:colcon.colcon_core.package_identification:_identify(myenv/lib/python3.12/site-packages/toolz/__pycache__) by extensions ['colcon_meta']
[0.542s] Level 1:colcon.colcon_core.package_identification:_identify(myenv/lib/python3.12/site-packages/toolz/__pycache__) by extension 'colcon_meta'
[0.542s] Level 1:colcon.colcon_core.package_identification:_identify(myenv/lib/python3.12/site-packages/toolz/__pycache__) by extensions ['ros']
[0.542s] Level 1:colcon.colcon_core.package_identification:_identify(myenv/lib/python3.12/site-packages/toolz/__pycache__) by extension 'ros'
[0.542s] Level 1:colcon.colcon_core.package_identification:_identify(myenv/lib/python3.12/site-packages/toolz/__pycache__) by extensions ['cmake', 'python']
[0.543s] Level 1:colcon.colcon_core.package_identification:_identify(myenv/lib/python3.12/site-packages/toolz/__pycache__) by extension 'cmake'
[0.543s] Level 1:colcon.colcon_core.package_identification:_identify(myenv/lib/python3.12/site-packages/toolz/__pycache__) by extension 'python'
[0.543s] Level 1:colcon.colcon_core.package_identification:_identify(myenv/lib/python3.12/site-packages/toolz/__pycache__) by extensions ['python_setup_py']
[0.543s] Level 1:colcon.colcon_core.package_identification:_identify(myenv/lib/python3.12/site-packages/toolz/__pycache__) by extension 'python_setup_py'
[0.543s] Level 1:colcon.colcon_core.package_identification:_identify(myenv/lib/python3.12/site-packages/toolz/curried) by extensions ['ignore', 'ignore_ament_install']
[0.543s] Level 1:colcon.colcon_core.package_identification:_identify(myenv/lib/python3.12/site-packages/toolz/curried) by extension 'ignore'
[0.543s] Level 1:colcon.colcon_core.package_identification:_identify(myenv/lib/python3.12/site-packages/toolz/curried) by extension 'ignore_ament_install'
[0.543s] Level 1:colcon.colcon_core.package_identification:_identify(myenv/lib/python3.12/site-packages/toolz/curried) by extensions ['colcon_pkg']
[0.543s] Level 1:colcon.colcon_core.package_identification:_identify(myenv/lib/python3.12/site-packages/toolz/curried) by extension 'colcon_pkg'
[0.543s] Level 1:colcon.colcon_core.package_identification:_identify(myenv/lib/python3.12/site-packages/toolz/curried) by extensions ['colcon_meta']
[0.543s] Level 1:colcon.colcon_core.package_identification:_identify(myenv/lib/python3.12/site-packages/toolz/curried) by extension 'colcon_meta'
[0.543s] Level 1:colcon.colcon_core.package_identification:_identify(myenv/lib/python3.12/site-packages/toolz/curried) by extensions ['ros']
[0.543s] Level 1:colcon.colcon_core.package_identification:_identify(myenv/lib/python3.12/site-packages/toolz/curried) by extension 'ros'
[0.543s] Level 1:colcon.colcon_core.package_identification:_identify(myenv/lib/python3.12/site-packages/toolz/curried) by extensions ['cmake', 'python']
[0.543s] Level 1:colcon.colcon_core.package_identification:_identify(myenv/lib/python3.12/site-packages/toolz/curried) by extension 'cmake'
[0.543s] Level 1:colcon.colcon_core.package_identification:_identify(myenv/lib/python3.12/site-packages/toolz/curried) by extension 'python'
[0.544s] Level 1:colcon.colcon_core.package_identification:_identify(myenv/lib/python3.12/site-packages/toolz/curried) by extensions ['python_setup_py']
[0.544s] Level 1:colcon.colcon_core.package_identification:_identify(myenv/lib/python3.12/site-packages/toolz/curried) by extension 'python_setup_py'
[0.544s] Level 1:colcon.colcon_core.package_identification:_identify(myenv/lib/python3.12/site-packages/toolz/curried/__pycache__) by extensions ['ignore', 'ignore_ament_install']
[0.544s] Level 1:colcon.colcon_core.package_identification:_identify(myenv/lib/python3.12/site-packages/toolz/curried/__pycache__) by extension 'ignore'
[0.544s] Level 1:colcon.colcon_core.package_identification:_identify(myenv/lib/python3.12/site-packages/toolz/curried/__pycache__) by extension 'ignore_ament_install'
[0.544s] Level 1:colcon.colcon_core.package_identification:_identify(myenv/lib/python3.12/site-packages/toolz/curried/__pycache__) by extensions ['colcon_pkg']
[0.544s] Level 1:colcon.colcon_core.package_identification:_identify(myenv/lib/python3.12/site-packages/toolz/curried/__pycache__) by extension 'colcon_pkg'
[0.544s] Level 1:colcon.colcon_core.package_identification:_identify(myenv/lib/python3.12/site-packages/toolz/curried/__pycache__) by extensions ['colcon_meta']
[0.544s] Level 1:colcon.colcon_core.package_identification:_identify(myenv/lib/python3.12/site-packages/toolz/curried/__pycache__) by extension 'colcon_meta'
[0.544s] Level 1:colcon.colcon_core.package_identification:_identify(myenv/lib/python3.12/site-packages/toolz/curried/__pycache__) by extensions ['ros']
[0.544s] Level 1:colcon.colcon_core.package_identification:_identify(myenv/lib/python3.12/site-packages/toolz/curried/__pycache__) by extension 'ros'
[0.544s] Level 1:colcon.colcon_core.package_identification:_identify(myenv/lib/python3.12/site-packages/toolz/curried/__pycache__) by extensions ['cmake', 'python']
[0.544s] Level 1:colcon.colcon_core.package_identification:_identify(myenv/lib/python3.12/site-packages/toolz/curried/__pycache__) by extension 'cmake'
[0.544s] Level 1:colcon.colcon_core.package_identification:_identify(myenv/lib/python3.12/site-packages/toolz/curried/__pycache__) by extension 'python'
[0.545s] Level 1:colcon.colcon_core.package_identification:_identify(myenv/lib/python3.12/site-packages/toolz/curried/__pycache__) by extensions ['python_setup_py']
[0.545s] Level 1:colcon.colcon_core.package_identification:_identify(myenv/lib/python3.12/site-packages/toolz/curried/__pycache__) by extension 'python_setup_py'
[0.545s] Level 1:colcon.colcon_core.package_identification:_identify(myenv/lib/python3.12/site-packages/toolz/sandbox) by extensions ['ignore', 'ignore_ament_install']
[0.545s] Level 1:colcon.colcon_core.package_identification:_identify(myenv/lib/python3.12/site-packages/toolz/sandbox) by extension 'ignore'
[0.545s] Level 1:colcon.colcon_core.package_identification:_identify(myenv/lib/python3.12/site-packages/toolz/sandbox) by extension 'ignore_ament_install'
[0.545s] Level 1:colcon.colcon_core.package_identification:_identify(myenv/lib/python3.12/site-packages/toolz/sandbox) by extensions ['colcon_pkg']
[0.545s] Level 1:colcon.colcon_core.package_identification:_identify(myenv/lib/python3.12/site-packages/toolz/sandbox) by extension 'colcon_pkg'
[0.545s] Level 1:colcon.colcon_core.package_identification:_identify(myenv/lib/python3.12/site-packages/toolz/sandbox) by extensions ['colcon_meta']
[0.545s] Level 1:colcon.colcon_core.package_identification:_identify(myenv/lib/python3.12/site-packages/toolz/sandbox) by extension 'colcon_meta'
[0.545s] Level 1:colcon.colcon_core.package_identification:_identify(myenv/lib/python3.12/site-packages/toolz/sandbox) by extensions ['ros']
[0.545s] Level 1:colcon.colcon_core.package_identification:_identify(myenv/lib/python3.12/site-packages/toolz/sandbox) by extension 'ros'
[0.545s] Level 1:colcon.colcon_core.package_identification:_identify(myenv/lib/python3.12/site-packages/toolz/sandbox) by extensions ['cmake', 'python']
[0.545s] Level 1:colcon.colcon_core.package_identification:_identify(myenv/lib/python3.12/site-packages/toolz/sandbox) by extension 'cmake'
[0.545s] Level 1:colcon.colcon_core.package_identification:_identify(myenv/lib/python3.12/site-packages/toolz/sandbox) by extension 'python'
[0.545s] Level 1:colcon.colcon_core.package_identification:_identify(myenv/lib/python3.12/site-packages/toolz/sandbox) by extensions ['python_setup_py']
[0.545s] Level 1:colcon.colcon_core.package_identification:_identify(myenv/lib/python3.12/site-packages/toolz/sandbox) by extension 'python_setup_py'
[0.546s] Level 1:colcon.colcon_core.package_identification:_identify(myenv/lib/python3.12/site-packages/toolz/sandbox/__pycache__) by extensions ['ignore', 'ignore_ament_install']
[0.546s] Level 1:colcon.colcon_core.package_identification:_identify(myenv/lib/python3.12/site-packages/toolz/sandbox/__pycache__) by extension 'ignore'
[0.546s] Level 1:colcon.colcon_core.package_identification:_identify(myenv/lib/python3.12/site-packages/toolz/sandbox/__pycache__) by extension 'ignore_ament_install'
[0.546s] Level 1:colcon.colcon_core.package_identification:_identify(myenv/lib/python3.12/site-packages/toolz/sandbox/__pycache__) by extensions ['colcon_pkg']
[0.546s] Level 1:colcon.colcon_core.package_identification:_identify(myenv/lib/python3.12/site-packages/toolz/sandbox/__pycache__) by extension 'colcon_pkg'
[0.546s] Level 1:colcon.colcon_core.package_identification:_identify(myenv/lib/python3.12/site-packages/toolz/sandbox/__pycache__) by extensions ['colcon_meta']
[0.546s] Level 1:colcon.colcon_core.package_identification:_identify(myenv/lib/python3.12/site-packages/toolz/sandbox/__pycache__) by extension 'colcon_meta'
[0.546s] Level 1:colcon.colcon_core.package_identification:_identify(myenv/lib/python3.12/site-packages/toolz/sandbox/__pycache__) by extensions ['ros']
[0.546s] Level 1:colcon.colcon_core.package_identification:_identify(myenv/lib/python3.12/site-packages/toolz/sandbox/__pycache__) by extension 'ros'
[0.546s] Level 1:colcon.colcon_core.package_identification:_identify(myenv/lib/python3.12/site-packages/toolz/sandbox/__pycache__) by extensions ['cmake', 'python']
[0.546s] Level 1:colcon.colcon_core.package_identification:_identify(myenv/lib/python3.12/site-packages/toolz/sandbox/__pycache__) by extension 'cmake'
[0.546s] Level 1:colcon.colcon_core.package_identification:_identify(myenv/lib/python3.12/site-packages/toolz/sandbox/__pycache__) by extension 'python'
[0.546s] Level 1:colcon.colcon_core.package_identification:_identify(myenv/lib/python3.12/site-packages/toolz/sandbox/__pycache__) by extensions ['python_setup_py']
[0.546s] Level 1:colcon.colcon_core.package_identification:_identify(myenv/lib/python3.12/site-packages/toolz/sandbox/__pycache__) by extension 'python_setup_py'
[0.547s] Level 1:colcon.colcon_core.package_identification:_identify(myenv/lib/python3.12/site-packages/toolz/tests) by extensions ['ignore', 'ignore_ament_install']
[0.547s] Level 1:colcon.colcon_core.package_identification:_identify(myenv/lib/python3.12/site-packages/toolz/tests) by extension 'ignore'
[0.547s] Level 1:colcon.colcon_core.package_identification:_identify(myenv/lib/python3.12/site-packages/toolz/tests) by extension 'ignore_ament_install'
[0.547s] Level 1:colcon.colcon_core.package_identification:_identify(myenv/lib/python3.12/site-packages/toolz/tests) by extensions ['colcon_pkg']
[0.547s] Level 1:colcon.colcon_core.package_identification:_identify(myenv/lib/python3.12/site-packages/toolz/tests) by extension 'colcon_pkg'
[0.547s] Level 1:colcon.colcon_core.package_identification:_identify(myenv/lib/python3.12/site-packages/toolz/tests) by extensions ['colcon_meta']
[0.547s] Level 1:colcon.colcon_core.package_identification:_identify(myenv/lib/python3.12/site-packages/toolz/tests) by extension 'colcon_meta'
[0.547s] Level 1:colcon.colcon_core.package_identification:_identify(myenv/lib/python3.12/site-packages/toolz/tests) by extensions ['ros']
[0.547s] Level 1:colcon.colcon_core.package_identification:_identify(myenv/lib/python3.12/site-packages/toolz/tests) by extension 'ros'
[0.547s] Level 1:colcon.colcon_core.package_identification:_identify(myenv/lib/python3.12/site-packages/toolz/tests) by extensions ['cmake', 'python']
[0.547s] Level 1:colcon.colcon_core.package_identification:_identify(myenv/lib/python3.12/site-packages/toolz/tests) by extension 'cmake'
[0.547s] Level 1:colcon.colcon_core.package_identification:_identify(myenv/lib/python3.12/site-packages/toolz/tests) by extension 'python'
[0.547s] Level 1:colcon.colcon_core.package_identification:_identify(myenv/lib/python3.12/site-packages/toolz/tests) by extensions ['python_setup_py']
[0.547s] Level 1:colcon.colcon_core.package_identification:_identify(myenv/lib/python3.12/site-packages/toolz/tests) by extension 'python_setup_py'
[0.547s] Level 1:colcon.colcon_core.package_identification:_identify(myenv/lib/python3.12/site-packages/toolz/tests/__pycache__) by extensions ['ignore', 'ignore_ament_install']
[0.548s] Level 1:colcon.colcon_core.package_identification:_identify(myenv/lib/python3.12/site-packages/toolz/tests/__pycache__) by extension 'ignore'
[0.548s] Level 1:colcon.colcon_core.package_identification:_identify(myenv/lib/python3.12/site-packages/toolz/tests/__pycache__) by extension 'ignore_ament_install'
[0.548s] Level 1:colcon.colcon_core.package_identification:_identify(myenv/lib/python3.12/site-packages/toolz/tests/__pycache__) by extensions ['colcon_pkg']
[0.548s] Level 1:colcon.colcon_core.package_identification:_identify(myenv/lib/python3.12/site-packages/toolz/tests/__pycache__) by extension 'colcon_pkg'
[0.548s] Level 1:colcon.colcon_core.package_identification:_identify(myenv/lib/python3.12/site-packages/toolz/tests/__pycache__) by extensions ['colcon_meta']
[0.548s] Level 1:colcon.colcon_core.package_identification:_identify(myenv/lib/python3.12/site-packages/toolz/tests/__pycache__) by extension 'colcon_meta'
[0.548s] Level 1:colcon.colcon_core.package_identification:_identify(myenv/lib/python3.12/site-packages/toolz/tests/__pycache__) by extensions ['ros']
[0.548s] Level 1:colcon.colcon_core.package_identification:_identify(myenv/lib/python3.12/site-packages/toolz/tests/__pycache__) by extension 'ros'
[0.548s] Level 1:colcon.colcon_core.package_identification:_identify(myenv/lib/python3.12/site-packages/toolz/tests/__pycache__) by extensions ['cmake', 'python']
[0.548s] Level 1:colcon.colcon_core.package_identification:_identify(myenv/lib/python3.12/site-packages/toolz/tests/__pycache__) by extension 'cmake'
[0.548s] Level 1:colcon.colcon_core.package_identification:_identify(myenv/lib/python3.12/site-packages/toolz/tests/__pycache__) by extension 'python'
[0.548s] Level 1:colcon.colcon_core.package_identification:_identify(myenv/lib/python3.12/site-packages/toolz/tests/__pycache__) by extensions ['python_setup_py']
[0.548s] Level 1:colcon.colcon_core.package_identification:_identify(myenv/lib/python3.12/site-packages/toolz/tests/__pycache__) by extension 'python_setup_py'
[0.548s] Level 1:colcon.colcon_core.package_identification:_identify(myenv/lib/python3.12/site-packages/toolz-1.0.0.dist-info) by extensions ['ignore', 'ignore_ament_install']
[0.548s] Level 1:colcon.colcon_core.package_identification:_identify(myenv/lib/python3.12/site-packages/toolz-1.0.0.dist-info) by extension 'ignore'
[0.549s] Level 1:colcon.colcon_core.package_identification:_identify(myenv/lib/python3.12/site-packages/toolz-1.0.0.dist-info) by extension 'ignore_ament_install'
[0.549s] Level 1:colcon.colcon_core.package_identification:_identify(myenv/lib/python3.12/site-packages/toolz-1.0.0.dist-info) by extensions ['colcon_pkg']
[0.549s] Level 1:colcon.colcon_core.package_identification:_identify(myenv/lib/python3.12/site-packages/toolz-1.0.0.dist-info) by extension 'colcon_pkg'
[0.549s] Level 1:colcon.colcon_core.package_identification:_identify(myenv/lib/python3.12/site-packages/toolz-1.0.0.dist-info) by extensions ['colcon_meta']
[0.549s] Level 1:colcon.colcon_core.package_identification:_identify(myenv/lib/python3.12/site-packages/toolz-1.0.0.dist-info) by extension 'colcon_meta'
[0.549s] Level 1:colcon.colcon_core.package_identification:_identify(myenv/lib/python3.12/site-packages/toolz-1.0.0.dist-info) by extensions ['ros']
[0.549s] Level 1:colcon.colcon_core.package_identification:_identify(myenv/lib/python3.12/site-packages/toolz-1.0.0.dist-info) by extension 'ros'
[0.549s] Level 1:colcon.colcon_core.package_identification:_identify(myenv/lib/python3.12/site-packages/toolz-1.0.0.dist-info) by extensions ['cmake', 'python']
[0.549s] Level 1:colcon.colcon_core.package_identification:_identify(myenv/lib/python3.12/site-packages/toolz-1.0.0.dist-info) by extension 'cmake'
[0.549s] Level 1:colcon.colcon_core.package_identification:_identify(myenv/lib/python3.12/site-packages/toolz-1.0.0.dist-info) by extension 'python'
[0.549s] Level 1:colcon.colcon_core.package_identification:_identify(myenv/lib/python3.12/site-packages/toolz-1.0.0.dist-info) by extensions ['python_setup_py']
[0.549s] Level 1:colcon.colcon_core.package_identification:_identify(myenv/lib/python3.12/site-packages/toolz-1.0.0.dist-info) by extension 'python_setup_py'
[0.549s] Level 1:colcon.colcon_core.package_identification:_identify(myenv/lib/python3.12/site-packages/types_requests-2.32.4.20250809.dist-info) by extensions ['ignore', 'ignore_ament_install']
[0.549s] Level 1:colcon.colcon_core.package_identification:_identify(myenv/lib/python3.12/site-packages/types_requests-2.32.4.20250809.dist-info) by extension 'ignore'
[0.549s] Level 1:colcon.colcon_core.package_identification:_identify(myenv/lib/python3.12/site-packages/types_requests-2.32.4.20250809.dist-info) by extension 'ignore_ament_install'
[0.550s] Level 1:colcon.colcon_core.package_identification:_identify(myenv/lib/python3.12/site-packages/types_requests-2.32.4.20250809.dist-info) by extensions ['colcon_pkg']
[0.550s] Level 1:colcon.colcon_core.package_identification:_identify(myenv/lib/python3.12/site-packages/types_requests-2.32.4.20250809.dist-info) by extension 'colcon_pkg'
[0.550s] Level 1:colcon.colcon_core.package_identification:_identify(myenv/lib/python3.12/site-packages/types_requests-2.32.4.20250809.dist-info) by extensions ['colcon_meta']
[0.550s] Level 1:colcon.colcon_core.package_identification:_identify(myenv/lib/python3.12/site-packages/types_requests-2.32.4.20250809.dist-info) by extension 'colcon_meta'
[0.550s] Level 1:colcon.colcon_core.package_identification:_identify(myenv/lib/python3.12/site-packages/types_requests-2.32.4.20250809.dist-info) by extensions ['ros']
[0.550s] Level 1:colcon.colcon_core.package_identification:_identify(myenv/lib/python3.12/site-packages/types_requests-2.32.4.20250809.dist-info) by extension 'ros'
[0.550s] Level 1:colcon.colcon_core.package_identification:_identify(myenv/lib/python3.12/site-packages/types_requests-2.32.4.20250809.dist-info) by extensions ['cmake', 'python']
[0.550s] Level 1:colcon.colcon_core.package_identification:_identify(myenv/lib/python3.12/site-packages/types_requests-2.32.4.20250809.dist-info) by extension 'cmake'
[0.550s] Level 1:colcon.colcon_core.package_identification:_identify(myenv/lib/python3.12/site-packages/types_requests-2.32.4.20250809.dist-info) by extension 'python'
[0.550s] Level 1:colcon.colcon_core.package_identification:_identify(myenv/lib/python3.12/site-packages/types_requests-2.32.4.20250809.dist-info) by extensions ['python_setup_py']
[0.550s] Level 1:colcon.colcon_core.package_identification:_identify(myenv/lib/python3.12/site-packages/types_requests-2.32.4.20250809.dist-info) by extension 'python_setup_py'
[0.550s] Level 1:colcon.colcon_core.package_identification:_identify(myenv/lib/python3.12/site-packages/types_requests-2.32.4.20250809.dist-info/licenses) by extensions ['ignore', 'ignore_ament_install']
[0.550s] Level 1:colcon.colcon_core.package_identification:_identify(myenv/lib/python3.12/site-packages/types_requests-2.32.4.20250809.dist-info/licenses) by extension 'ignore'
[0.550s] Level 1:colcon.colcon_core.package_identification:_identify(myenv/lib/python3.12/site-packages/types_requests-2.32.4.20250809.dist-info/licenses) by extension 'ignore_ament_install'
[0.550s] Level 1:colcon.colcon_core.package_identification:_identify(myenv/lib/python3.12/site-packages/types_requests-2.32.4.20250809.dist-info/licenses) by extensions ['colcon_pkg']
[0.550s] Level 1:colcon.colcon_core.package_identification:_identify(myenv/lib/python3.12/site-packages/types_requests-2.32.4.20250809.dist-info/licenses) by extension 'colcon_pkg'
[0.551s] Level 1:colcon.colcon_core.package_identification:_identify(myenv/lib/python3.12/site-packages/types_requests-2.32.4.20250809.dist-info/licenses) by extensions ['colcon_meta']
[0.551s] Level 1:colcon.colcon_core.package_identification:_identify(myenv/lib/python3.12/site-packages/types_requests-2.32.4.20250809.dist-info/licenses) by extension 'colcon_meta'
[0.551s] Level 1:colcon.colcon_core.package_identification:_identify(myenv/lib/python3.12/site-packages/types_requests-2.32.4.20250809.dist-info/licenses) by extensions ['ros']
[0.551s] Level 1:colcon.colcon_core.package_identification:_identify(myenv/lib/python3.12/site-packages/types_requests-2.32.4.20250809.dist-info/licenses) by extension 'ros'
[0.551s] Level 1:colcon.colcon_core.package_identification:_identify(myenv/lib/python3.12/site-packages/types_requests-2.32.4.20250809.dist-info/licenses) by extensions ['cmake', 'python']
[0.551s] Level 1:colcon.colcon_core.package_identification:_identify(myenv/lib/python3.12/site-packages/types_requests-2.32.4.20250809.dist-info/licenses) by extension 'cmake'
[0.551s] Level 1:colcon.colcon_core.package_identification:_identify(myenv/lib/python3.12/site-packages/types_requests-2.32.4.20250809.dist-info/licenses) by extension 'python'
[0.551s] Level 1:colcon.colcon_core.package_identification:_identify(myenv/lib/python3.12/site-packages/types_requests-2.32.4.20250809.dist-info/licenses) by extensions ['python_setup_py']
[0.551s] Level 1:colcon.colcon_core.package_identification:_identify(myenv/lib/python3.12/site-packages/types_requests-2.32.4.20250809.dist-info/licenses) by extension 'python_setup_py'
[0.551s] Level 1:colcon.colcon_core.package_identification:_identify(myenv/lib/python3.12/site-packages/typing_extensions-4.14.1.dist-info) by extensions ['ignore', 'ignore_ament_install']
[0.551s] Level 1:colcon.colcon_core.package_identification:_identify(myenv/lib/python3.12/site-packages/typing_extensions-4.14.1.dist-info) by extension 'ignore'
[0.551s] Level 1:colcon.colcon_core.package_identification:_identify(myenv/lib/python3.12/site-packages/typing_extensions-4.14.1.dist-info) by extension 'ignore_ament_install'
[0.551s] Level 1:colcon.colcon_core.package_identification:_identify(myenv/lib/python3.12/site-packages/typing_extensions-4.14.1.dist-info) by extensions ['colcon_pkg']
[0.551s] Level 1:colcon.colcon_core.package_identification:_identify(myenv/lib/python3.12/site-packages/typing_extensions-4.14.1.dist-info) by extension 'colcon_pkg'
[0.551s] Level 1:colcon.colcon_core.package_identification:_identify(myenv/lib/python3.12/site-packages/typing_extensions-4.14.1.dist-info) by extensions ['colcon_meta']
[0.551s] Level 1:colcon.colcon_core.package_identification:_identify(myenv/lib/python3.12/site-packages/typing_extensions-4.14.1.dist-info) by extension 'colcon_meta'
[0.552s] Level 1:colcon.colcon_core.package_identification:_identify(myenv/lib/python3.12/site-packages/typing_extensions-4.14.1.dist-info) by extensions ['ros']
[0.552s] Level 1:colcon.colcon_core.package_identification:_identify(myenv/lib/python3.12/site-packages/typing_extensions-4.14.1.dist-info) by extension 'ros'
[0.552s] Level 1:colcon.colcon_core.package_identification:_identify(myenv/lib/python3.12/site-packages/typing_extensions-4.14.1.dist-info) by extensions ['cmake', 'python']
[0.552s] Level 1:colcon.colcon_core.package_identification:_identify(myenv/lib/python3.12/site-packages/typing_extensions-4.14.1.dist-info) by extension 'cmake'
[0.552s] Level 1:colcon.colcon_core.package_identification:_identify(myenv/lib/python3.12/site-packages/typing_extensions-4.14.1.dist-info) by extension 'python'
[0.552s] Level 1:colcon.colcon_core.package_identification:_identify(myenv/lib/python3.12/site-packages/typing_extensions-4.14.1.dist-info) by extensions ['python_setup_py']
[0.552s] Level 1:colcon.colcon_core.package_identification:_identify(myenv/lib/python3.12/site-packages/typing_extensions-4.14.1.dist-info) by extension 'python_setup_py'
[0.552s] Level 1:colcon.colcon_core.package_identification:_identify(myenv/lib/python3.12/site-packages/typing_extensions-4.14.1.dist-info/licenses) by extensions ['ignore', 'ignore_ament_install']
[0.552s] Level 1:colcon.colcon_core.package_identification:_identify(myenv/lib/python3.12/site-packages/typing_extensions-4.14.1.dist-info/licenses) by extension 'ignore'
[0.552s] Level 1:colcon.colcon_core.package_identification:_identify(myenv/lib/python3.12/site-packages/typing_extensions-4.14.1.dist-info/licenses) by extension 'ignore_ament_install'
[0.552s] Level 1:colcon.colcon_core.package_identification:_identify(myenv/lib/python3.12/site-packages/typing_extensions-4.14.1.dist-info/licenses) by extensions ['colcon_pkg']
[0.552s] Level 1:colcon.colcon_core.package_identification:_identify(myenv/lib/python3.12/site-packages/typing_extensions-4.14.1.dist-info/licenses) by extension 'colcon_pkg'
[0.552s] Level 1:colcon.colcon_core.package_identification:_identify(myenv/lib/python3.12/site-packages/typing_extensions-4.14.1.dist-info/licenses) by extensions ['colcon_meta']
[0.552s] Level 1:colcon.colcon_core.package_identification:_identify(myenv/lib/python3.12/site-packages/typing_extensions-4.14.1.dist-info/licenses) by extension 'colcon_meta'
[0.552s] Level 1:colcon.colcon_core.package_identification:_identify(myenv/lib/python3.12/site-packages/typing_extensions-4.14.1.dist-info/licenses) by extensions ['ros']
[0.552s] Level 1:colcon.colcon_core.package_identification:_identify(myenv/lib/python3.12/site-packages/typing_extensions-4.14.1.dist-info/licenses) by extension 'ros'
[0.553s] Level 1:colcon.colcon_core.package_identification:_identify(myenv/lib/python3.12/site-packages/typing_extensions-4.14.1.dist-info/licenses) by extensions ['cmake', 'python']
[0.553s] Level 1:colcon.colcon_core.package_identification:_identify(myenv/lib/python3.12/site-packages/typing_extensions-4.14.1.dist-info/licenses) by extension 'cmake'
[0.553s] Level 1:colcon.colcon_core.package_identification:_identify(myenv/lib/python3.12/site-packages/typing_extensions-4.14.1.dist-info/licenses) by extension 'python'
[0.553s] Level 1:colcon.colcon_core.package_identification:_identify(myenv/lib/python3.12/site-packages/typing_extensions-4.14.1.dist-info/licenses) by extensions ['python_setup_py']
[0.553s] Level 1:colcon.colcon_core.package_identification:_identify(myenv/lib/python3.12/site-packages/typing_extensions-4.14.1.dist-info/licenses) by extension 'python_setup_py'
[0.553s] Level 1:colcon.colcon_core.package_identification:_identify(myenv/lib/python3.12/site-packages/typing_inspection) by extensions ['ignore', 'ignore_ament_install']
[0.553s] Level 1:colcon.colcon_core.package_identification:_identify(myenv/lib/python3.12/site-packages/typing_inspection) by extension 'ignore'
[0.553s] Level 1:colcon.colcon_core.package_identification:_identify(myenv/lib/python3.12/site-packages/typing_inspection) by extension 'ignore_ament_install'
[0.553s] Level 1:colcon.colcon_core.package_identification:_identify(myenv/lib/python3.12/site-packages/typing_inspection) by extensions ['colcon_pkg']
[0.553s] Level 1:colcon.colcon_core.package_identification:_identify(myenv/lib/python3.12/site-packages/typing_inspection) by extension 'colcon_pkg'
[0.553s] Level 1:colcon.colcon_core.package_identification:_identify(myenv/lib/python3.12/site-packages/typing_inspection) by extensions ['colcon_meta']
[0.553s] Level 1:colcon.colcon_core.package_identification:_identify(myenv/lib/python3.12/site-packages/typing_inspection) by extension 'colcon_meta'
[0.553s] Level 1:colcon.colcon_core.package_identification:_identify(myenv/lib/python3.12/site-packages/typing_inspection) by extensions ['ros']
[0.553s] Level 1:colcon.colcon_core.package_identification:_identify(myenv/lib/python3.12/site-packages/typing_inspection) by extension 'ros'
[0.553s] Level 1:colcon.colcon_core.package_identification:_identify(myenv/lib/python3.12/site-packages/typing_inspection) by extensions ['cmake', 'python']
[0.554s] Level 1:colcon.colcon_core.package_identification:_identify(myenv/lib/python3.12/site-packages/typing_inspection) by extension 'cmake'
[0.554s] Level 1:colcon.colcon_core.package_identification:_identify(myenv/lib/python3.12/site-packages/typing_inspection) by extension 'python'
[0.554s] Level 1:colcon.colcon_core.package_identification:_identify(myenv/lib/python3.12/site-packages/typing_inspection) by extensions ['python_setup_py']
[0.554s] Level 1:colcon.colcon_core.package_identification:_identify(myenv/lib/python3.12/site-packages/typing_inspection) by extension 'python_setup_py'
[0.554s] Level 1:colcon.colcon_core.package_identification:_identify(myenv/lib/python3.12/site-packages/typing_inspection/__pycache__) by extensions ['ignore', 'ignore_ament_install']
[0.554s] Level 1:colcon.colcon_core.package_identification:_identify(myenv/lib/python3.12/site-packages/typing_inspection/__pycache__) by extension 'ignore'
[0.554s] Level 1:colcon.colcon_core.package_identification:_identify(myenv/lib/python3.12/site-packages/typing_inspection/__pycache__) by extension 'ignore_ament_install'
[0.554s] Level 1:colcon.colcon_core.package_identification:_identify(myenv/lib/python3.12/site-packages/typing_inspection/__pycache__) by extensions ['colcon_pkg']
[0.554s] Level 1:colcon.colcon_core.package_identification:_identify(myenv/lib/python3.12/site-packages/typing_inspection/__pycache__) by extension 'colcon_pkg'
[0.554s] Level 1:colcon.colcon_core.package_identification:_identify(myenv/lib/python3.12/site-packages/typing_inspection/__pycache__) by extensions ['colcon_meta']
[0.554s] Level 1:colcon.colcon_core.package_identification:_identify(myenv/lib/python3.12/site-packages/typing_inspection/__pycache__) by extension 'colcon_meta'
[0.554s] Level 1:colcon.colcon_core.package_identification:_identify(myenv/lib/python3.12/site-packages/typing_inspection/__pycache__) by extensions ['ros']
[0.554s] Level 1:colcon.colcon_core.package_identification:_identify(myenv/lib/python3.12/site-packages/typing_inspection/__pycache__) by extension 'ros'
[0.554s] Level 1:colcon.colcon_core.package_identification:_identify(myenv/lib/python3.12/site-packages/typing_inspection/__pycache__) by extensions ['cmake', 'python']
[0.554s] Level 1:colcon.colcon_core.package_identification:_identify(myenv/lib/python3.12/site-packages/typing_inspection/__pycache__) by extension 'cmake'
[0.555s] Level 1:colcon.colcon_core.package_identification:_identify(myenv/lib/python3.12/site-packages/typing_inspection/__pycache__) by extension 'python'
[0.555s] Level 1:colcon.colcon_core.package_identification:_identify(myenv/lib/python3.12/site-packages/typing_inspection/__pycache__) by extensions ['python_setup_py']
[0.555s] Level 1:colcon.colcon_core.package_identification:_identify(myenv/lib/python3.12/site-packages/typing_inspection/__pycache__) by extension 'python_setup_py'
[0.555s] Level 1:colcon.colcon_core.package_identification:_identify(myenv/lib/python3.12/site-packages/typing_inspection-0.4.1.dist-info) by extensions ['ignore', 'ignore_ament_install']
[0.555s] Level 1:colcon.colcon_core.package_identification:_identify(myenv/lib/python3.12/site-packages/typing_inspection-0.4.1.dist-info) by extension 'ignore'
[0.555s] Level 1:colcon.colcon_core.package_identification:_identify(myenv/lib/python3.12/site-packages/typing_inspection-0.4.1.dist-info) by extension 'ignore_ament_install'
[0.555s] Level 1:colcon.colcon_core.package_identification:_identify(myenv/lib/python3.12/site-packages/typing_inspection-0.4.1.dist-info) by extensions ['colcon_pkg']
[0.555s] Level 1:colcon.colcon_core.package_identification:_identify(myenv/lib/python3.12/site-packages/typing_inspection-0.4.1.dist-info) by extension 'colcon_pkg'
[0.555s] Level 1:colcon.colcon_core.package_identification:_identify(myenv/lib/python3.12/site-packages/typing_inspection-0.4.1.dist-info) by extensions ['colcon_meta']
[0.555s] Level 1:colcon.colcon_core.package_identification:_identify(myenv/lib/python3.12/site-packages/typing_inspection-0.4.1.dist-info) by extension 'colcon_meta'
[0.555s] Level 1:colcon.colcon_core.package_identification:_identify(myenv/lib/python3.12/site-packages/typing_inspection-0.4.1.dist-info) by extensions ['ros']
[0.555s] Level 1:colcon.colcon_core.package_identification:_identify(myenv/lib/python3.12/site-packages/typing_inspection-0.4.1.dist-info) by extension 'ros'
[0.555s] Level 1:colcon.colcon_core.package_identification:_identify(myenv/lib/python3.12/site-packages/typing_inspection-0.4.1.dist-info) by extensions ['cmake', 'python']
[0.555s] Level 1:colcon.colcon_core.package_identification:_identify(myenv/lib/python3.12/site-packages/typing_inspection-0.4.1.dist-info) by extension 'cmake'
[0.555s] Level 1:colcon.colcon_core.package_identification:_identify(myenv/lib/python3.12/site-packages/typing_inspection-0.4.1.dist-info) by extension 'python'
[0.555s] Level 1:colcon.colcon_core.package_identification:_identify(myenv/lib/python3.12/site-packages/typing_inspection-0.4.1.dist-info) by extensions ['python_setup_py']
[0.556s] Level 1:colcon.colcon_core.package_identification:_identify(myenv/lib/python3.12/site-packages/typing_inspection-0.4.1.dist-info) by extension 'python_setup_py'
[0.556s] Level 1:colcon.colcon_core.package_identification:_identify(myenv/lib/python3.12/site-packages/typing_inspection-0.4.1.dist-info/licenses) by extensions ['ignore', 'ignore_ament_install']
[0.556s] Level 1:colcon.colcon_core.package_identification:_identify(myenv/lib/python3.12/site-packages/typing_inspection-0.4.1.dist-info/licenses) by extension 'ignore'
[0.556s] Level 1:colcon.colcon_core.package_identification:_identify(myenv/lib/python3.12/site-packages/typing_inspection-0.4.1.dist-info/licenses) by extension 'ignore_ament_install'
[0.556s] Level 1:colcon.colcon_core.package_identification:_identify(myenv/lib/python3.12/site-packages/typing_inspection-0.4.1.dist-info/licenses) by extensions ['colcon_pkg']
[0.556s] Level 1:colcon.colcon_core.package_identification:_identify(myenv/lib/python3.12/site-packages/typing_inspection-0.4.1.dist-info/licenses) by extension 'colcon_pkg'
[0.556s] Level 1:colcon.colcon_core.package_identification:_identify(myenv/lib/python3.12/site-packages/typing_inspection-0.4.1.dist-info/licenses) by extensions ['colcon_meta']
[0.556s] Level 1:colcon.colcon_core.package_identification:_identify(myenv/lib/python3.12/site-packages/typing_inspection-0.4.1.dist-info/licenses) by extension 'colcon_meta'
[0.556s] Level 1:colcon.colcon_core.package_identification:_identify(myenv/lib/python3.12/site-packages/typing_inspection-0.4.1.dist-info/licenses) by extensions ['ros']
[0.556s] Level 1:colcon.colcon_core.package_identification:_identify(myenv/lib/python3.12/site-packages/typing_inspection-0.4.1.dist-info/licenses) by extension 'ros'
[0.556s] Level 1:colcon.colcon_core.package_identification:_identify(myenv/lib/python3.12/site-packages/typing_inspection-0.4.1.dist-info/licenses) by extensions ['cmake', 'python']
[0.556s] Level 1:colcon.colcon_core.package_identification:_identify(myenv/lib/python3.12/site-packages/typing_inspection-0.4.1.dist-info/licenses) by extension 'cmake'
[0.556s] Level 1:colcon.colcon_core.package_identification:_identify(myenv/lib/python3.12/site-packages/typing_inspection-0.4.1.dist-info/licenses) by extension 'python'
[0.556s] Level 1:colcon.colcon_core.package_identification:_identify(myenv/lib/python3.12/site-packages/typing_inspection-0.4.1.dist-info/licenses) by extensions ['python_setup_py']
[0.556s] Level 1:colcon.colcon_core.package_identification:_identify(myenv/lib/python3.12/site-packages/typing_inspection-0.4.1.dist-info/licenses) by extension 'python_setup_py'
[0.557s] Level 1:colcon.colcon_core.package_identification:_identify(myenv/lib/python3.12/site-packages/urllib3) by extensions ['ignore', 'ignore_ament_install']
[0.557s] Level 1:colcon.colcon_core.package_identification:_identify(myenv/lib/python3.12/site-packages/urllib3) by extension 'ignore'
[0.557s] Level 1:colcon.colcon_core.package_identification:_identify(myenv/lib/python3.12/site-packages/urllib3) by extension 'ignore_ament_install'
[0.557s] Level 1:colcon.colcon_core.package_identification:_identify(myenv/lib/python3.12/site-packages/urllib3) by extensions ['colcon_pkg']
[0.557s] Level 1:colcon.colcon_core.package_identification:_identify(myenv/lib/python3.12/site-packages/urllib3) by extension 'colcon_pkg'
[0.557s] Level 1:colcon.colcon_core.package_identification:_identify(myenv/lib/python3.12/site-packages/urllib3) by extensions ['colcon_meta']
[0.557s] Level 1:colcon.colcon_core.package_identification:_identify(myenv/lib/python3.12/site-packages/urllib3) by extension 'colcon_meta'
[0.557s] Level 1:colcon.colcon_core.package_identification:_identify(myenv/lib/python3.12/site-packages/urllib3) by extensions ['ros']
[0.557s] Level 1:colcon.colcon_core.package_identification:_identify(myenv/lib/python3.12/site-packages/urllib3) by extension 'ros'
[0.557s] Level 1:colcon.colcon_core.package_identification:_identify(myenv/lib/python3.12/site-packages/urllib3) by extensions ['cmake', 'python']
[0.557s] Level 1:colcon.colcon_core.package_identification:_identify(myenv/lib/python3.12/site-packages/urllib3) by extension 'cmake'
[0.557s] Level 1:colcon.colcon_core.package_identification:_identify(myenv/lib/python3.12/site-packages/urllib3) by extension 'python'
[0.557s] Level 1:colcon.colcon_core.package_identification:_identify(myenv/lib/python3.12/site-packages/urllib3) by extensions ['python_setup_py']
[0.557s] Level 1:colcon.colcon_core.package_identification:_identify(myenv/lib/python3.12/site-packages/urllib3) by extension 'python_setup_py'
[0.557s] Level 1:colcon.colcon_core.package_identification:_identify(myenv/lib/python3.12/site-packages/urllib3/__pycache__) by extensions ['ignore', 'ignore_ament_install']
[0.558s] Level 1:colcon.colcon_core.package_identification:_identify(myenv/lib/python3.12/site-packages/urllib3/__pycache__) by extension 'ignore'
[0.558s] Level 1:colcon.colcon_core.package_identification:_identify(myenv/lib/python3.12/site-packages/urllib3/__pycache__) by extension 'ignore_ament_install'
[0.558s] Level 1:colcon.colcon_core.package_identification:_identify(myenv/lib/python3.12/site-packages/urllib3/__pycache__) by extensions ['colcon_pkg']
[0.558s] Level 1:colcon.colcon_core.package_identification:_identify(myenv/lib/python3.12/site-packages/urllib3/__pycache__) by extension 'colcon_pkg'
[0.558s] Level 1:colcon.colcon_core.package_identification:_identify(myenv/lib/python3.12/site-packages/urllib3/__pycache__) by extensions ['colcon_meta']
[0.558s] Level 1:colcon.colcon_core.package_identification:_identify(myenv/lib/python3.12/site-packages/urllib3/__pycache__) by extension 'colcon_meta'
[0.558s] Level 1:colcon.colcon_core.package_identification:_identify(myenv/lib/python3.12/site-packages/urllib3/__pycache__) by extensions ['ros']
[0.558s] Level 1:colcon.colcon_core.package_identification:_identify(myenv/lib/python3.12/site-packages/urllib3/__pycache__) by extension 'ros'
[0.558s] Level 1:colcon.colcon_core.package_identification:_identify(myenv/lib/python3.12/site-packages/urllib3/__pycache__) by extensions ['cmake', 'python']
[0.558s] Level 1:colcon.colcon_core.package_identification:_identify(myenv/lib/python3.12/site-packages/urllib3/__pycache__) by extension 'cmake'
[0.558s] Level 1:colcon.colcon_core.package_identification:_identify(myenv/lib/python3.12/site-packages/urllib3/__pycache__) by extension 'python'
[0.558s] Level 1:colcon.colcon_core.package_identification:_identify(myenv/lib/python3.12/site-packages/urllib3/__pycache__) by extensions ['python_setup_py']
[0.558s] Level 1:colcon.colcon_core.package_identification:_identify(myenv/lib/python3.12/site-packages/urllib3/__pycache__) by extension 'python_setup_py'
[0.558s] Level 1:colcon.colcon_core.package_identification:_identify(myenv/lib/python3.12/site-packages/urllib3/contrib) by extensions ['ignore', 'ignore_ament_install']
[0.558s] Level 1:colcon.colcon_core.package_identification:_identify(myenv/lib/python3.12/site-packages/urllib3/contrib) by extension 'ignore'
[0.559s] Level 1:colcon.colcon_core.package_identification:_identify(myenv/lib/python3.12/site-packages/urllib3/contrib) by extension 'ignore_ament_install'
[0.559s] Level 1:colcon.colcon_core.package_identification:_identify(myenv/lib/python3.12/site-packages/urllib3/contrib) by extensions ['colcon_pkg']
[0.559s] Level 1:colcon.colcon_core.package_identification:_identify(myenv/lib/python3.12/site-packages/urllib3/contrib) by extension 'colcon_pkg'
[0.559s] Level 1:colcon.colcon_core.package_identification:_identify(myenv/lib/python3.12/site-packages/urllib3/contrib) by extensions ['colcon_meta']
[0.559s] Level 1:colcon.colcon_core.package_identification:_identify(myenv/lib/python3.12/site-packages/urllib3/contrib) by extension 'colcon_meta'
[0.559s] Level 1:colcon.colcon_core.package_identification:_identify(myenv/lib/python3.12/site-packages/urllib3/contrib) by extensions ['ros']
[0.559s] Level 1:colcon.colcon_core.package_identification:_identify(myenv/lib/python3.12/site-packages/urllib3/contrib) by extension 'ros'
[0.559s] Level 1:colcon.colcon_core.package_identification:_identify(myenv/lib/python3.12/site-packages/urllib3/contrib) by extensions ['cmake', 'python']
[0.559s] Level 1:colcon.colcon_core.package_identification:_identify(myenv/lib/python3.12/site-packages/urllib3/contrib) by extension 'cmake'
[0.559s] Level 1:colcon.colcon_core.package_identification:_identify(myenv/lib/python3.12/site-packages/urllib3/contrib) by extension 'python'
[0.559s] Level 1:colcon.colcon_core.package_identification:_identify(myenv/lib/python3.12/site-packages/urllib3/contrib) by extensions ['python_setup_py']
[0.559s] Level 1:colcon.colcon_core.package_identification:_identify(myenv/lib/python3.12/site-packages/urllib3/contrib) by extension 'python_setup_py'
[0.559s] Level 1:colcon.colcon_core.package_identification:_identify(myenv/lib/python3.12/site-packages/urllib3/contrib/__pycache__) by extensions ['ignore', 'ignore_ament_install']
[0.559s] Level 1:colcon.colcon_core.package_identification:_identify(myenv/lib/python3.12/site-packages/urllib3/contrib/__pycache__) by extension 'ignore'
[0.559s] Level 1:colcon.colcon_core.package_identification:_identify(myenv/lib/python3.12/site-packages/urllib3/contrib/__pycache__) by extension 'ignore_ament_install'
[0.560s] Level 1:colcon.colcon_core.package_identification:_identify(myenv/lib/python3.12/site-packages/urllib3/contrib/__pycache__) by extensions ['colcon_pkg']
[0.560s] Level 1:colcon.colcon_core.package_identification:_identify(myenv/lib/python3.12/site-packages/urllib3/contrib/__pycache__) by extension 'colcon_pkg'
[0.560s] Level 1:colcon.colcon_core.package_identification:_identify(myenv/lib/python3.12/site-packages/urllib3/contrib/__pycache__) by extensions ['colcon_meta']
[0.560s] Level 1:colcon.colcon_core.package_identification:_identify(myenv/lib/python3.12/site-packages/urllib3/contrib/__pycache__) by extension 'colcon_meta'
[0.560s] Level 1:colcon.colcon_core.package_identification:_identify(myenv/lib/python3.12/site-packages/urllib3/contrib/__pycache__) by extensions ['ros']
[0.560s] Level 1:colcon.colcon_core.package_identification:_identify(myenv/lib/python3.12/site-packages/urllib3/contrib/__pycache__) by extension 'ros'
[0.560s] Level 1:colcon.colcon_core.package_identification:_identify(myenv/lib/python3.12/site-packages/urllib3/contrib/__pycache__) by extensions ['cmake', 'python']
[0.560s] Level 1:colcon.colcon_core.package_identification:_identify(myenv/lib/python3.12/site-packages/urllib3/contrib/__pycache__) by extension 'cmake'
[0.560s] Level 1:colcon.colcon_core.package_identification:_identify(myenv/lib/python3.12/site-packages/urllib3/contrib/__pycache__) by extension 'python'
[0.560s] Level 1:colcon.colcon_core.package_identification:_identify(myenv/lib/python3.12/site-packages/urllib3/contrib/__pycache__) by extensions ['python_setup_py']
[0.560s] Level 1:colcon.colcon_core.package_identification:_identify(myenv/lib/python3.12/site-packages/urllib3/contrib/__pycache__) by extension 'python_setup_py'
[0.560s] Level 1:colcon.colcon_core.package_identification:_identify(myenv/lib/python3.12/site-packages/urllib3/contrib/emscripten) by extensions ['ignore', 'ignore_ament_install']
[0.560s] Level 1:colcon.colcon_core.package_identification:_identify(myenv/lib/python3.12/site-packages/urllib3/contrib/emscripten) by extension 'ignore'
[0.560s] Level 1:colcon.colcon_core.package_identification:_identify(myenv/lib/python3.12/site-packages/urllib3/contrib/emscripten) by extension 'ignore_ament_install'
[0.561s] Level 1:colcon.colcon_core.package_identification:_identify(myenv/lib/python3.12/site-packages/urllib3/contrib/emscripten) by extensions ['colcon_pkg']
[0.561s] Level 1:colcon.colcon_core.package_identification:_identify(myenv/lib/python3.12/site-packages/urllib3/contrib/emscripten) by extension 'colcon_pkg'
[0.561s] Level 1:colcon.colcon_core.package_identification:_identify(myenv/lib/python3.12/site-packages/urllib3/contrib/emscripten) by extensions ['colcon_meta']
[0.561s] Level 1:colcon.colcon_core.package_identification:_identify(myenv/lib/python3.12/site-packages/urllib3/contrib/emscripten) by extension 'colcon_meta'
[0.561s] Level 1:colcon.colcon_core.package_identification:_identify(myenv/lib/python3.12/site-packages/urllib3/contrib/emscripten) by extensions ['ros']
[0.561s] Level 1:colcon.colcon_core.package_identification:_identify(myenv/lib/python3.12/site-packages/urllib3/contrib/emscripten) by extension 'ros'
[0.561s] Level 1:colcon.colcon_core.package_identification:_identify(myenv/lib/python3.12/site-packages/urllib3/contrib/emscripten) by extensions ['cmake', 'python']
[0.561s] Level 1:colcon.colcon_core.package_identification:_identify(myenv/lib/python3.12/site-packages/urllib3/contrib/emscripten) by extension 'cmake'
[0.561s] Level 1:colcon.colcon_core.package_identification:_identify(myenv/lib/python3.12/site-packages/urllib3/contrib/emscripten) by extension 'python'
[0.561s] Level 1:colcon.colcon_core.package_identification:_identify(myenv/lib/python3.12/site-packages/urllib3/contrib/emscripten) by extensions ['python_setup_py']
[0.561s] Level 1:colcon.colcon_core.package_identification:_identify(myenv/lib/python3.12/site-packages/urllib3/contrib/emscripten) by extension 'python_setup_py'
[0.561s] Level 1:colcon.colcon_core.package_identification:_identify(myenv/lib/python3.12/site-packages/urllib3/contrib/emscripten/__pycache__) by extensions ['ignore', 'ignore_ament_install']
[0.561s] Level 1:colcon.colcon_core.package_identification:_identify(myenv/lib/python3.12/site-packages/urllib3/contrib/emscripten/__pycache__) by extension 'ignore'
[0.561s] Level 1:colcon.colcon_core.package_identification:_identify(myenv/lib/python3.12/site-packages/urllib3/contrib/emscripten/__pycache__) by extension 'ignore_ament_install'
[0.561s] Level 1:colcon.colcon_core.package_identification:_identify(myenv/lib/python3.12/site-packages/urllib3/contrib/emscripten/__pycache__) by extensions ['colcon_pkg']
[0.561s] Level 1:colcon.colcon_core.package_identification:_identify(myenv/lib/python3.12/site-packages/urllib3/contrib/emscripten/__pycache__) by extension 'colcon_pkg'
[0.562s] Level 1:colcon.colcon_core.package_identification:_identify(myenv/lib/python3.12/site-packages/urllib3/contrib/emscripten/__pycache__) by extensions ['colcon_meta']
[0.562s] Level 1:colcon.colcon_core.package_identification:_identify(myenv/lib/python3.12/site-packages/urllib3/contrib/emscripten/__pycache__) by extension 'colcon_meta'
[0.562s] Level 1:colcon.colcon_core.package_identification:_identify(myenv/lib/python3.12/site-packages/urllib3/contrib/emscripten/__pycache__) by extensions ['ros']
[0.562s] Level 1:colcon.colcon_core.package_identification:_identify(myenv/lib/python3.12/site-packages/urllib3/contrib/emscripten/__pycache__) by extension 'ros'
[0.562s] Level 1:colcon.colcon_core.package_identification:_identify(myenv/lib/python3.12/site-packages/urllib3/contrib/emscripten/__pycache__) by extensions ['cmake', 'python']
[0.562s] Level 1:colcon.colcon_core.package_identification:_identify(myenv/lib/python3.12/site-packages/urllib3/contrib/emscripten/__pycache__) by extension 'cmake'
[0.562s] Level 1:colcon.colcon_core.package_identification:_identify(myenv/lib/python3.12/site-packages/urllib3/contrib/emscripten/__pycache__) by extension 'python'
[0.562s] Level 1:colcon.colcon_core.package_identification:_identify(myenv/lib/python3.12/site-packages/urllib3/contrib/emscripten/__pycache__) by extensions ['python_setup_py']
[0.562s] Level 1:colcon.colcon_core.package_identification:_identify(myenv/lib/python3.12/site-packages/urllib3/contrib/emscripten/__pycache__) by extension 'python_setup_py'
[0.562s] Level 1:colcon.colcon_core.package_identification:_identify(myenv/lib/python3.12/site-packages/urllib3/http2) by extensions ['ignore', 'ignore_ament_install']
[0.562s] Level 1:colcon.colcon_core.package_identification:_identify(myenv/lib/python3.12/site-packages/urllib3/http2) by extension 'ignore'
[0.562s] Level 1:colcon.colcon_core.package_identification:_identify(myenv/lib/python3.12/site-packages/urllib3/http2) by extension 'ignore_ament_install'
[0.562s] Level 1:colcon.colcon_core.package_identification:_identify(myenv/lib/python3.12/site-packages/urllib3/http2) by extensions ['colcon_pkg']
[0.562s] Level 1:colcon.colcon_core.package_identification:_identify(myenv/lib/python3.12/site-packages/urllib3/http2) by extension 'colcon_pkg'
[0.562s] Level 1:colcon.colcon_core.package_identification:_identify(myenv/lib/python3.12/site-packages/urllib3/http2) by extensions ['colcon_meta']
[0.563s] Level 1:colcon.colcon_core.package_identification:_identify(myenv/lib/python3.12/site-packages/urllib3/http2) by extension 'colcon_meta'
[0.563s] Level 1:colcon.colcon_core.package_identification:_identify(myenv/lib/python3.12/site-packages/urllib3/http2) by extensions ['ros']
[0.563s] Level 1:colcon.colcon_core.package_identification:_identify(myenv/lib/python3.12/site-packages/urllib3/http2) by extension 'ros'
[0.563s] Level 1:colcon.colcon_core.package_identification:_identify(myenv/lib/python3.12/site-packages/urllib3/http2) by extensions ['cmake', 'python']
[0.563s] Level 1:colcon.colcon_core.package_identification:_identify(myenv/lib/python3.12/site-packages/urllib3/http2) by extension 'cmake'
[0.563s] Level 1:colcon.colcon_core.package_identification:_identify(myenv/lib/python3.12/site-packages/urllib3/http2) by extension 'python'
[0.563s] Level 1:colcon.colcon_core.package_identification:_identify(myenv/lib/python3.12/site-packages/urllib3/http2) by extensions ['python_setup_py']
[0.563s] Level 1:colcon.colcon_core.package_identification:_identify(myenv/lib/python3.12/site-packages/urllib3/http2) by extension 'python_setup_py'
[0.563s] Level 1:colcon.colcon_core.package_identification:_identify(myenv/lib/python3.12/site-packages/urllib3/http2/__pycache__) by extensions ['ignore', 'ignore_ament_install']
[0.563s] Level 1:colcon.colcon_core.package_identification:_identify(myenv/lib/python3.12/site-packages/urllib3/http2/__pycache__) by extension 'ignore'
[0.563s] Level 1:colcon.colcon_core.package_identification:_identify(myenv/lib/python3.12/site-packages/urllib3/http2/__pycache__) by extension 'ignore_ament_install'
[0.563s] Level 1:colcon.colcon_core.package_identification:_identify(myenv/lib/python3.12/site-packages/urllib3/http2/__pycache__) by extensions ['colcon_pkg']
[0.563s] Level 1:colcon.colcon_core.package_identification:_identify(myenv/lib/python3.12/site-packages/urllib3/http2/__pycache__) by extension 'colcon_pkg'
[0.563s] Level 1:colcon.colcon_core.package_identification:_identify(myenv/lib/python3.12/site-packages/urllib3/http2/__pycache__) by extensions ['colcon_meta']
[0.563s] Level 1:colcon.colcon_core.package_identification:_identify(myenv/lib/python3.12/site-packages/urllib3/http2/__pycache__) by extension 'colcon_meta'
[0.564s] Level 1:colcon.colcon_core.package_identification:_identify(myenv/lib/python3.12/site-packages/urllib3/http2/__pycache__) by extensions ['ros']
[0.564s] Level 1:colcon.colcon_core.package_identification:_identify(myenv/lib/python3.12/site-packages/urllib3/http2/__pycache__) by extension 'ros'
[0.564s] Level 1:colcon.colcon_core.package_identification:_identify(myenv/lib/python3.12/site-packages/urllib3/http2/__pycache__) by extensions ['cmake', 'python']
[0.564s] Level 1:colcon.colcon_core.package_identification:_identify(myenv/lib/python3.12/site-packages/urllib3/http2/__pycache__) by extension 'cmake'
[0.564s] Level 1:colcon.colcon_core.package_identification:_identify(myenv/lib/python3.12/site-packages/urllib3/http2/__pycache__) by extension 'python'
[0.564s] Level 1:colcon.colcon_core.package_identification:_identify(myenv/lib/python3.12/site-packages/urllib3/http2/__pycache__) by extensions ['python_setup_py']
[0.564s] Level 1:colcon.colcon_core.package_identification:_identify(myenv/lib/python3.12/site-packages/urllib3/http2/__pycache__) by extension 'python_setup_py'
[0.564s] Level 1:colcon.colcon_core.package_identification:_identify(myenv/lib/python3.12/site-packages/urllib3/util) by extensions ['ignore', 'ignore_ament_install']
[0.564s] Level 1:colcon.colcon_core.package_identification:_identify(myenv/lib/python3.12/site-packages/urllib3/util) by extension 'ignore'
[0.564s] Level 1:colcon.colcon_core.package_identification:_identify(myenv/lib/python3.12/site-packages/urllib3/util) by extension 'ignore_ament_install'
[0.564s] Level 1:colcon.colcon_core.package_identification:_identify(myenv/lib/python3.12/site-packages/urllib3/util) by extensions ['colcon_pkg']
[0.564s] Level 1:colcon.colcon_core.package_identification:_identify(myenv/lib/python3.12/site-packages/urllib3/util) by extension 'colcon_pkg'
[0.564s] Level 1:colcon.colcon_core.package_identification:_identify(myenv/lib/python3.12/site-packages/urllib3/util) by extensions ['colcon_meta']
[0.564s] Level 1:colcon.colcon_core.package_identification:_identify(myenv/lib/python3.12/site-packages/urllib3/util) by extension 'colcon_meta'
[0.564s] Level 1:colcon.colcon_core.package_identification:_identify(myenv/lib/python3.12/site-packages/urllib3/util) by extensions ['ros']
[0.564s] Level 1:colcon.colcon_core.package_identification:_identify(myenv/lib/python3.12/site-packages/urllib3/util) by extension 'ros'
[0.565s] Level 1:colcon.colcon_core.package_identification:_identify(myenv/lib/python3.12/site-packages/urllib3/util) by extensions ['cmake', 'python']
[0.565s] Level 1:colcon.colcon_core.package_identification:_identify(myenv/lib/python3.12/site-packages/urllib3/util) by extension 'cmake'
[0.565s] Level 1:colcon.colcon_core.package_identification:_identify(myenv/lib/python3.12/site-packages/urllib3/util) by extension 'python'
[0.565s] Level 1:colcon.colcon_core.package_identification:_identify(myenv/lib/python3.12/site-packages/urllib3/util) by extensions ['python_setup_py']
[0.565s] Level 1:colcon.colcon_core.package_identification:_identify(myenv/lib/python3.12/site-packages/urllib3/util) by extension 'python_setup_py'
[0.565s] Level 1:colcon.colcon_core.package_identification:_identify(myenv/lib/python3.12/site-packages/urllib3/util/__pycache__) by extensions ['ignore', 'ignore_ament_install']
[0.565s] Level 1:colcon.colcon_core.package_identification:_identify(myenv/lib/python3.12/site-packages/urllib3/util/__pycache__) by extension 'ignore'
[0.565s] Level 1:colcon.colcon_core.package_identification:_identify(myenv/lib/python3.12/site-packages/urllib3/util/__pycache__) by extension 'ignore_ament_install'
[0.565s] Level 1:colcon.colcon_core.package_identification:_identify(myenv/lib/python3.12/site-packages/urllib3/util/__pycache__) by extensions ['colcon_pkg']
[0.565s] Level 1:colcon.colcon_core.package_identification:_identify(myenv/lib/python3.12/site-packages/urllib3/util/__pycache__) by extension 'colcon_pkg'
[0.565s] Level 1:colcon.colcon_core.package_identification:_identify(myenv/lib/python3.12/site-packages/urllib3/util/__pycache__) by extensions ['colcon_meta']
[0.565s] Level 1:colcon.colcon_core.package_identification:_identify(myenv/lib/python3.12/site-packages/urllib3/util/__pycache__) by extension 'colcon_meta'
[0.565s] Level 1:colcon.colcon_core.package_identification:_identify(myenv/lib/python3.12/site-packages/urllib3/util/__pycache__) by extensions ['ros']
[0.565s] Level 1:colcon.colcon_core.package_identification:_identify(myenv/lib/python3.12/site-packages/urllib3/util/__pycache__) by extension 'ros'
[0.566s] Level 1:colcon.colcon_core.package_identification:_identify(myenv/lib/python3.12/site-packages/urllib3/util/__pycache__) by extensions ['cmake', 'python']
[0.566s] Level 1:colcon.colcon_core.package_identification:_identify(myenv/lib/python3.12/site-packages/urllib3/util/__pycache__) by extension 'cmake'
[0.566s] Level 1:colcon.colcon_core.package_identification:_identify(myenv/lib/python3.12/site-packages/urllib3/util/__pycache__) by extension 'python'
[0.566s] Level 1:colcon.colcon_core.package_identification:_identify(myenv/lib/python3.12/site-packages/urllib3/util/__pycache__) by extensions ['python_setup_py']
[0.566s] Level 1:colcon.colcon_core.package_identification:_identify(myenv/lib/python3.12/site-packages/urllib3/util/__pycache__) by extension 'python_setup_py'
[0.566s] Level 1:colcon.colcon_core.package_identification:_identify(myenv/lib/python3.12/site-packages/urllib3-2.5.0.dist-info) by extensions ['ignore', 'ignore_ament_install']
[0.566s] Level 1:colcon.colcon_core.package_identification:_identify(myenv/lib/python3.12/site-packages/urllib3-2.5.0.dist-info) by extension 'ignore'
[0.566s] Level 1:colcon.colcon_core.package_identification:_identify(myenv/lib/python3.12/site-packages/urllib3-2.5.0.dist-info) by extension 'ignore_ament_install'
[0.566s] Level 1:colcon.colcon_core.package_identification:_identify(myenv/lib/python3.12/site-packages/urllib3-2.5.0.dist-info) by extensions ['colcon_pkg']
[0.566s] Level 1:colcon.colcon_core.package_identification:_identify(myenv/lib/python3.12/site-packages/urllib3-2.5.0.dist-info) by extension 'colcon_pkg'
[0.566s] Level 1:colcon.colcon_core.package_identification:_identify(myenv/lib/python3.12/site-packages/urllib3-2.5.0.dist-info) by extensions ['colcon_meta']
[0.566s] Level 1:colcon.colcon_core.package_identification:_identify(myenv/lib/python3.12/site-packages/urllib3-2.5.0.dist-info) by extension 'colcon_meta'
[0.566s] Level 1:colcon.colcon_core.package_identification:_identify(myenv/lib/python3.12/site-packages/urllib3-2.5.0.dist-info) by extensions ['ros']
[0.566s] Level 1:colcon.colcon_core.package_identification:_identify(myenv/lib/python3.12/site-packages/urllib3-2.5.0.dist-info) by extension 'ros'
[0.566s] Level 1:colcon.colcon_core.package_identification:_identify(myenv/lib/python3.12/site-packages/urllib3-2.5.0.dist-info) by extensions ['cmake', 'python']
[0.567s] Level 1:colcon.colcon_core.package_identification:_identify(myenv/lib/python3.12/site-packages/urllib3-2.5.0.dist-info) by extension 'cmake'
[0.567s] Level 1:colcon.colcon_core.package_identification:_identify(myenv/lib/python3.12/site-packages/urllib3-2.5.0.dist-info) by extension 'python'
[0.567s] Level 1:colcon.colcon_core.package_identification:_identify(myenv/lib/python3.12/site-packages/urllib3-2.5.0.dist-info) by extensions ['python_setup_py']
[0.567s] Level 1:colcon.colcon_core.package_identification:_identify(myenv/lib/python3.12/site-packages/urllib3-2.5.0.dist-info) by extension 'python_setup_py'
[0.567s] Level 1:colcon.colcon_core.package_identification:_identify(myenv/lib/python3.12/site-packages/urllib3-2.5.0.dist-info/licenses) by extensions ['ignore', 'ignore_ament_install']
[0.567s] Level 1:colcon.colcon_core.package_identification:_identify(myenv/lib/python3.12/site-packages/urllib3-2.5.0.dist-info/licenses) by extension 'ignore'
[0.567s] Level 1:colcon.colcon_core.package_identification:_identify(myenv/lib/python3.12/site-packages/urllib3-2.5.0.dist-info/licenses) by extension 'ignore_ament_install'
[0.567s] Level 1:colcon.colcon_core.package_identification:_identify(myenv/lib/python3.12/site-packages/urllib3-2.5.0.dist-info/licenses) by extensions ['colcon_pkg']
[0.567s] Level 1:colcon.colcon_core.package_identification:_identify(myenv/lib/python3.12/site-packages/urllib3-2.5.0.dist-info/licenses) by extension 'colcon_pkg'
[0.567s] Level 1:colcon.colcon_core.package_identification:_identify(myenv/lib/python3.12/site-packages/urllib3-2.5.0.dist-info/licenses) by extensions ['colcon_meta']
[0.567s] Level 1:colcon.colcon_core.package_identification:_identify(myenv/lib/python3.12/site-packages/urllib3-2.5.0.dist-info/licenses) by extension 'colcon_meta'
[0.567s] Level 1:colcon.colcon_core.package_identification:_identify(myenv/lib/python3.12/site-packages/urllib3-2.5.0.dist-info/licenses) by extensions ['ros']
[0.567s] Level 1:colcon.colcon_core.package_identification:_identify(myenv/lib/python3.12/site-packages/urllib3-2.5.0.dist-info/licenses) by extension 'ros'
[0.567s] Level 1:colcon.colcon_core.package_identification:_identify(myenv/lib/python3.12/site-packages/urllib3-2.5.0.dist-info/licenses) by extensions ['cmake', 'python']
[0.567s] Level 1:colcon.colcon_core.package_identification:_identify(myenv/lib/python3.12/site-packages/urllib3-2.5.0.dist-info/licenses) by extension 'cmake'
[0.567s] Level 1:colcon.colcon_core.package_identification:_identify(myenv/lib/python3.12/site-packages/urllib3-2.5.0.dist-info/licenses) by extension 'python'
[0.568s] Level 1:colcon.colcon_core.package_identification:_identify(myenv/lib/python3.12/site-packages/urllib3-2.5.0.dist-info/licenses) by extensions ['python_setup_py']
[0.568s] Level 1:colcon.colcon_core.package_identification:_identify(myenv/lib/python3.12/site-packages/urllib3-2.5.0.dist-info/licenses) by extension 'python_setup_py'
[0.568s] Level 1:colcon.colcon_core.package_identification:_identify(myenv/lib/python3.12/site-packages/web3) by extensions ['ignore', 'ignore_ament_install']
[0.568s] Level 1:colcon.colcon_core.package_identification:_identify(myenv/lib/python3.12/site-packages/web3) by extension 'ignore'
[0.568s] Level 1:colcon.colcon_core.package_identification:_identify(myenv/lib/python3.12/site-packages/web3) by extension 'ignore_ament_install'
[0.568s] Level 1:colcon.colcon_core.package_identification:_identify(myenv/lib/python3.12/site-packages/web3) by extensions ['colcon_pkg']
[0.568s] Level 1:colcon.colcon_core.package_identification:_identify(myenv/lib/python3.12/site-packages/web3) by extension 'colcon_pkg'
[0.568s] Level 1:colcon.colcon_core.package_identification:_identify(myenv/lib/python3.12/site-packages/web3) by extensions ['colcon_meta']
[0.568s] Level 1:colcon.colcon_core.package_identification:_identify(myenv/lib/python3.12/site-packages/web3) by extension 'colcon_meta'
[0.568s] Level 1:colcon.colcon_core.package_identification:_identify(myenv/lib/python3.12/site-packages/web3) by extensions ['ros']
[0.568s] Level 1:colcon.colcon_core.package_identification:_identify(myenv/lib/python3.12/site-packages/web3) by extension 'ros'
[0.568s] Level 1:colcon.colcon_core.package_identification:_identify(myenv/lib/python3.12/site-packages/web3) by extensions ['cmake', 'python']
[0.568s] Level 1:colcon.colcon_core.package_identification:_identify(myenv/lib/python3.12/site-packages/web3) by extension 'cmake'
[0.568s] Level 1:colcon.colcon_core.package_identification:_identify(myenv/lib/python3.12/site-packages/web3) by extension 'python'
[0.568s] Level 1:colcon.colcon_core.package_identification:_identify(myenv/lib/python3.12/site-packages/web3) by extensions ['python_setup_py']
[0.568s] Level 1:colcon.colcon_core.package_identification:_identify(myenv/lib/python3.12/site-packages/web3) by extension 'python_setup_py'
[0.569s] Level 1:colcon.colcon_core.package_identification:_identify(myenv/lib/python3.12/site-packages/web3/__pycache__) by extensions ['ignore', 'ignore_ament_install']
[0.569s] Level 1:colcon.colcon_core.package_identification:_identify(myenv/lib/python3.12/site-packages/web3/__pycache__) by extension 'ignore'
[0.569s] Level 1:colcon.colcon_core.package_identification:_identify(myenv/lib/python3.12/site-packages/web3/__pycache__) by extension 'ignore_ament_install'
[0.569s] Level 1:colcon.colcon_core.package_identification:_identify(myenv/lib/python3.12/site-packages/web3/__pycache__) by extensions ['colcon_pkg']
[0.569s] Level 1:colcon.colcon_core.package_identification:_identify(myenv/lib/python3.12/site-packages/web3/__pycache__) by extension 'colcon_pkg'
[0.569s] Level 1:colcon.colcon_core.package_identification:_identify(myenv/lib/python3.12/site-packages/web3/__pycache__) by extensions ['colcon_meta']
[0.569s] Level 1:colcon.colcon_core.package_identification:_identify(myenv/lib/python3.12/site-packages/web3/__pycache__) by extension 'colcon_meta'
[0.569s] Level 1:colcon.colcon_core.package_identification:_identify(myenv/lib/python3.12/site-packages/web3/__pycache__) by extensions ['ros']
[0.569s] Level 1:colcon.colcon_core.package_identification:_identify(myenv/lib/python3.12/site-packages/web3/__pycache__) by extension 'ros'
[0.569s] Level 1:colcon.colcon_core.package_identification:_identify(myenv/lib/python3.12/site-packages/web3/__pycache__) by extensions ['cmake', 'python']
[0.569s] Level 1:colcon.colcon_core.package_identification:_identify(myenv/lib/python3.12/site-packages/web3/__pycache__) by extension 'cmake'
[0.569s] Level 1:colcon.colcon_core.package_identification:_identify(myenv/lib/python3.12/site-packages/web3/__pycache__) by extension 'python'
[0.569s] Level 1:colcon.colcon_core.package_identification:_identify(myenv/lib/python3.12/site-packages/web3/__pycache__) by extensions ['python_setup_py']
[0.569s] Level 1:colcon.colcon_core.package_identification:_identify(myenv/lib/python3.12/site-packages/web3/__pycache__) by extension 'python_setup_py'
[0.570s] Level 1:colcon.colcon_core.package_identification:_identify(myenv/lib/python3.12/site-packages/web3/_utils) by extensions ['ignore', 'ignore_ament_install']
[0.570s] Level 1:colcon.colcon_core.package_identification:_identify(myenv/lib/python3.12/site-packages/web3/_utils) by extension 'ignore'
[0.570s] Level 1:colcon.colcon_core.package_identification:_identify(myenv/lib/python3.12/site-packages/web3/_utils) by extension 'ignore_ament_install'
[0.570s] Level 1:colcon.colcon_core.package_identification:_identify(myenv/lib/python3.12/site-packages/web3/_utils) by extensions ['colcon_pkg']
[0.570s] Level 1:colcon.colcon_core.package_identification:_identify(myenv/lib/python3.12/site-packages/web3/_utils) by extension 'colcon_pkg'
[0.570s] Level 1:colcon.colcon_core.package_identification:_identify(myenv/lib/python3.12/site-packages/web3/_utils) by extensions ['colcon_meta']
[0.570s] Level 1:colcon.colcon_core.package_identification:_identify(myenv/lib/python3.12/site-packages/web3/_utils) by extension 'colcon_meta'
[0.570s] Level 1:colcon.colcon_core.package_identification:_identify(myenv/lib/python3.12/site-packages/web3/_utils) by extensions ['ros']
[0.570s] Level 1:colcon.colcon_core.package_identification:_identify(myenv/lib/python3.12/site-packages/web3/_utils) by extension 'ros'
[0.570s] Level 1:colcon.colcon_core.package_identification:_identify(myenv/lib/python3.12/site-packages/web3/_utils) by extensions ['cmake', 'python']
[0.570s] Level 1:colcon.colcon_core.package_identification:_identify(myenv/lib/python3.12/site-packages/web3/_utils) by extension 'cmake'
[0.570s] Level 1:colcon.colcon_core.package_identification:_identify(myenv/lib/python3.12/site-packages/web3/_utils) by extension 'python'
[0.570s] Level 1:colcon.colcon_core.package_identification:_identify(myenv/lib/python3.12/site-packages/web3/_utils) by extensions ['python_setup_py']
[0.570s] Level 1:colcon.colcon_core.package_identification:_identify(myenv/lib/python3.12/site-packages/web3/_utils) by extension 'python_setup_py'
[0.571s] Level 1:colcon.colcon_core.package_identification:_identify(myenv/lib/python3.12/site-packages/web3/_utils/__pycache__) by extensions ['ignore', 'ignore_ament_install']
[0.571s] Level 1:colcon.colcon_core.package_identification:_identify(myenv/lib/python3.12/site-packages/web3/_utils/__pycache__) by extension 'ignore'
[0.571s] Level 1:colcon.colcon_core.package_identification:_identify(myenv/lib/python3.12/site-packages/web3/_utils/__pycache__) by extension 'ignore_ament_install'
[0.571s] Level 1:colcon.colcon_core.package_identification:_identify(myenv/lib/python3.12/site-packages/web3/_utils/__pycache__) by extensions ['colcon_pkg']
[0.571s] Level 1:colcon.colcon_core.package_identification:_identify(myenv/lib/python3.12/site-packages/web3/_utils/__pycache__) by extension 'colcon_pkg'
[0.571s] Level 1:colcon.colcon_core.package_identification:_identify(myenv/lib/python3.12/site-packages/web3/_utils/__pycache__) by extensions ['colcon_meta']
[0.571s] Level 1:colcon.colcon_core.package_identification:_identify(myenv/lib/python3.12/site-packages/web3/_utils/__pycache__) by extension 'colcon_meta'
[0.571s] Level 1:colcon.colcon_core.package_identification:_identify(myenv/lib/python3.12/site-packages/web3/_utils/__pycache__) by extensions ['ros']
[0.571s] Level 1:colcon.colcon_core.package_identification:_identify(myenv/lib/python3.12/site-packages/web3/_utils/__pycache__) by extension 'ros'
[0.571s] Level 1:colcon.colcon_core.package_identification:_identify(myenv/lib/python3.12/site-packages/web3/_utils/__pycache__) by extensions ['cmake', 'python']
[0.571s] Level 1:colcon.colcon_core.package_identification:_identify(myenv/lib/python3.12/site-packages/web3/_utils/__pycache__) by extension 'cmake'
[0.571s] Level 1:colcon.colcon_core.package_identification:_identify(myenv/lib/python3.12/site-packages/web3/_utils/__pycache__) by extension 'python'
[0.571s] Level 1:colcon.colcon_core.package_identification:_identify(myenv/lib/python3.12/site-packages/web3/_utils/__pycache__) by extensions ['python_setup_py']
[0.571s] Level 1:colcon.colcon_core.package_identification:_identify(myenv/lib/python3.12/site-packages/web3/_utils/__pycache__) by extension 'python_setup_py'
[0.571s] Level 1:colcon.colcon_core.package_identification:_identify(myenv/lib/python3.12/site-packages/web3/_utils/caching) by extensions ['ignore', 'ignore_ament_install']
[0.572s] Level 1:colcon.colcon_core.package_identification:_identify(myenv/lib/python3.12/site-packages/web3/_utils/caching) by extension 'ignore'
[0.572s] Level 1:colcon.colcon_core.package_identification:_identify(myenv/lib/python3.12/site-packages/web3/_utils/caching) by extension 'ignore_ament_install'
[0.572s] Level 1:colcon.colcon_core.package_identification:_identify(myenv/lib/python3.12/site-packages/web3/_utils/caching) by extensions ['colcon_pkg']
[0.572s] Level 1:colcon.colcon_core.package_identification:_identify(myenv/lib/python3.12/site-packages/web3/_utils/caching) by extension 'colcon_pkg'
[0.572s] Level 1:colcon.colcon_core.package_identification:_identify(myenv/lib/python3.12/site-packages/web3/_utils/caching) by extensions ['colcon_meta']
[0.572s] Level 1:colcon.colcon_core.package_identification:_identify(myenv/lib/python3.12/site-packages/web3/_utils/caching) by extension 'colcon_meta'
[0.572s] Level 1:colcon.colcon_core.package_identification:_identify(myenv/lib/python3.12/site-packages/web3/_utils/caching) by extensions ['ros']
[0.572s] Level 1:colcon.colcon_core.package_identification:_identify(myenv/lib/python3.12/site-packages/web3/_utils/caching) by extension 'ros'
[0.572s] Level 1:colcon.colcon_core.package_identification:_identify(myenv/lib/python3.12/site-packages/web3/_utils/caching) by extensions ['cmake', 'python']
[0.572s] Level 1:colcon.colcon_core.package_identification:_identify(myenv/lib/python3.12/site-packages/web3/_utils/caching) by extension 'cmake'
[0.572s] Level 1:colcon.colcon_core.package_identification:_identify(myenv/lib/python3.12/site-packages/web3/_utils/caching) by extension 'python'
[0.572s] Level 1:colcon.colcon_core.package_identification:_identify(myenv/lib/python3.12/site-packages/web3/_utils/caching) by extensions ['python_setup_py']
[0.572s] Level 1:colcon.colcon_core.package_identification:_identify(myenv/lib/python3.12/site-packages/web3/_utils/caching) by extension 'python_setup_py'
[0.572s] Level 1:colcon.colcon_core.package_identification:_identify(myenv/lib/python3.12/site-packages/web3/_utils/caching/__pycache__) by extensions ['ignore', 'ignore_ament_install']
[0.573s] Level 1:colcon.colcon_core.package_identification:_identify(myenv/lib/python3.12/site-packages/web3/_utils/caching/__pycache__) by extension 'ignore'
[0.573s] Level 1:colcon.colcon_core.package_identification:_identify(myenv/lib/python3.12/site-packages/web3/_utils/caching/__pycache__) by extension 'ignore_ament_install'
[0.573s] Level 1:colcon.colcon_core.package_identification:_identify(myenv/lib/python3.12/site-packages/web3/_utils/caching/__pycache__) by extensions ['colcon_pkg']
[0.573s] Level 1:colcon.colcon_core.package_identification:_identify(myenv/lib/python3.12/site-packages/web3/_utils/caching/__pycache__) by extension 'colcon_pkg'
[0.573s] Level 1:colcon.colcon_core.package_identification:_identify(myenv/lib/python3.12/site-packages/web3/_utils/caching/__pycache__) by extensions ['colcon_meta']
[0.573s] Level 1:colcon.colcon_core.package_identification:_identify(myenv/lib/python3.12/site-packages/web3/_utils/caching/__pycache__) by extension 'colcon_meta'
[0.573s] Level 1:colcon.colcon_core.package_identification:_identify(myenv/lib/python3.12/site-packages/web3/_utils/caching/__pycache__) by extensions ['ros']
[0.573s] Level 1:colcon.colcon_core.package_identification:_identify(myenv/lib/python3.12/site-packages/web3/_utils/caching/__pycache__) by extension 'ros'
[0.573s] Level 1:colcon.colcon_core.package_identification:_identify(myenv/lib/python3.12/site-packages/web3/_utils/caching/__pycache__) by extensions ['cmake', 'python']
[0.573s] Level 1:colcon.colcon_core.package_identification:_identify(myenv/lib/python3.12/site-packages/web3/_utils/caching/__pycache__) by extension 'cmake'
[0.573s] Level 1:colcon.colcon_core.package_identification:_identify(myenv/lib/python3.12/site-packages/web3/_utils/caching/__pycache__) by extension 'python'
[0.573s] Level 1:colcon.colcon_core.package_identification:_identify(myenv/lib/python3.12/site-packages/web3/_utils/caching/__pycache__) by extensions ['python_setup_py']
[0.573s] Level 1:colcon.colcon_core.package_identification:_identify(myenv/lib/python3.12/site-packages/web3/_utils/caching/__pycache__) by extension 'python_setup_py'
[0.573s] Level 1:colcon.colcon_core.package_identification:_identify(myenv/lib/python3.12/site-packages/web3/_utils/compat) by extensions ['ignore', 'ignore_ament_install']
[0.573s] Level 1:colcon.colcon_core.package_identification:_identify(myenv/lib/python3.12/site-packages/web3/_utils/compat) by extension 'ignore'
[0.574s] Level 1:colcon.colcon_core.package_identification:_identify(myenv/lib/python3.12/site-packages/web3/_utils/compat) by extension 'ignore_ament_install'
[0.574s] Level 1:colcon.colcon_core.package_identification:_identify(myenv/lib/python3.12/site-packages/web3/_utils/compat) by extensions ['colcon_pkg']
[0.574s] Level 1:colcon.colcon_core.package_identification:_identify(myenv/lib/python3.12/site-packages/web3/_utils/compat) by extension 'colcon_pkg'
[0.574s] Level 1:colcon.colcon_core.package_identification:_identify(myenv/lib/python3.12/site-packages/web3/_utils/compat) by extensions ['colcon_meta']
[0.574s] Level 1:colcon.colcon_core.package_identification:_identify(myenv/lib/python3.12/site-packages/web3/_utils/compat) by extension 'colcon_meta'
[0.574s] Level 1:colcon.colcon_core.package_identification:_identify(myenv/lib/python3.12/site-packages/web3/_utils/compat) by extensions ['ros']
[0.574s] Level 1:colcon.colcon_core.package_identification:_identify(myenv/lib/python3.12/site-packages/web3/_utils/compat) by extension 'ros'
[0.574s] Level 1:colcon.colcon_core.package_identification:_identify(myenv/lib/python3.12/site-packages/web3/_utils/compat) by extensions ['cmake', 'python']
[0.574s] Level 1:colcon.colcon_core.package_identification:_identify(myenv/lib/python3.12/site-packages/web3/_utils/compat) by extension 'cmake'
[0.574s] Level 1:colcon.colcon_core.package_identification:_identify(myenv/lib/python3.12/site-packages/web3/_utils/compat) by extension 'python'
[0.574s] Level 1:colcon.colcon_core.package_identification:_identify(myenv/lib/python3.12/site-packages/web3/_utils/compat) by extensions ['python_setup_py']
[0.574s] Level 1:colcon.colcon_core.package_identification:_identify(myenv/lib/python3.12/site-packages/web3/_utils/compat) by extension 'python_setup_py'
[0.574s] Level 1:colcon.colcon_core.package_identification:_identify(myenv/lib/python3.12/site-packages/web3/_utils/compat/__pycache__) by extensions ['ignore', 'ignore_ament_install']
[0.574s] Level 1:colcon.colcon_core.package_identification:_identify(myenv/lib/python3.12/site-packages/web3/_utils/compat/__pycache__) by extension 'ignore'
[0.575s] Level 1:colcon.colcon_core.package_identification:_identify(myenv/lib/python3.12/site-packages/web3/_utils/compat/__pycache__) by extension 'ignore_ament_install'
[0.575s] Level 1:colcon.colcon_core.package_identification:_identify(myenv/lib/python3.12/site-packages/web3/_utils/compat/__pycache__) by extensions ['colcon_pkg']
[0.575s] Level 1:colcon.colcon_core.package_identification:_identify(myenv/lib/python3.12/site-packages/web3/_utils/compat/__pycache__) by extension 'colcon_pkg'
[0.575s] Level 1:colcon.colcon_core.package_identification:_identify(myenv/lib/python3.12/site-packages/web3/_utils/compat/__pycache__) by extensions ['colcon_meta']
[0.575s] Level 1:colcon.colcon_core.package_identification:_identify(myenv/lib/python3.12/site-packages/web3/_utils/compat/__pycache__) by extension 'colcon_meta'
[0.575s] Level 1:colcon.colcon_core.package_identification:_identify(myenv/lib/python3.12/site-packages/web3/_utils/compat/__pycache__) by extensions ['ros']
[0.575s] Level 1:colcon.colcon_core.package_identification:_identify(myenv/lib/python3.12/site-packages/web3/_utils/compat/__pycache__) by extension 'ros'
[0.575s] Level 1:colcon.colcon_core.package_identification:_identify(myenv/lib/python3.12/site-packages/web3/_utils/compat/__pycache__) by extensions ['cmake', 'python']
[0.575s] Level 1:colcon.colcon_core.package_identification:_identify(myenv/lib/python3.12/site-packages/web3/_utils/compat/__pycache__) by extension 'cmake'
[0.575s] Level 1:colcon.colcon_core.package_identification:_identify(myenv/lib/python3.12/site-packages/web3/_utils/compat/__pycache__) by extension 'python'
[0.575s] Level 1:colcon.colcon_core.package_identification:_identify(myenv/lib/python3.12/site-packages/web3/_utils/compat/__pycache__) by extensions ['python_setup_py']
[0.575s] Level 1:colcon.colcon_core.package_identification:_identify(myenv/lib/python3.12/site-packages/web3/_utils/compat/__pycache__) by extension 'python_setup_py'
[0.575s] Level 1:colcon.colcon_core.package_identification:_identify(myenv/lib/python3.12/site-packages/web3/_utils/contract_sources) by extensions ['ignore', 'ignore_ament_install']
[0.575s] Level 1:colcon.colcon_core.package_identification:_identify(myenv/lib/python3.12/site-packages/web3/_utils/contract_sources) by extension 'ignore'
[0.575s] Level 1:colcon.colcon_core.package_identification:_identify(myenv/lib/python3.12/site-packages/web3/_utils/contract_sources) by extension 'ignore_ament_install'
[0.576s] Level 1:colcon.colcon_core.package_identification:_identify(myenv/lib/python3.12/site-packages/web3/_utils/contract_sources) by extensions ['colcon_pkg']
[0.576s] Level 1:colcon.colcon_core.package_identification:_identify(myenv/lib/python3.12/site-packages/web3/_utils/contract_sources) by extension 'colcon_pkg'
[0.576s] Level 1:colcon.colcon_core.package_identification:_identify(myenv/lib/python3.12/site-packages/web3/_utils/contract_sources) by extensions ['colcon_meta']
[0.576s] Level 1:colcon.colcon_core.package_identification:_identify(myenv/lib/python3.12/site-packages/web3/_utils/contract_sources) by extension 'colcon_meta'
[0.576s] Level 1:colcon.colcon_core.package_identification:_identify(myenv/lib/python3.12/site-packages/web3/_utils/contract_sources) by extensions ['ros']
[0.576s] Level 1:colcon.colcon_core.package_identification:_identify(myenv/lib/python3.12/site-packages/web3/_utils/contract_sources) by extension 'ros'
[0.576s] Level 1:colcon.colcon_core.package_identification:_identify(myenv/lib/python3.12/site-packages/web3/_utils/contract_sources) by extensions ['cmake', 'python']
[0.576s] Level 1:colcon.colcon_core.package_identification:_identify(myenv/lib/python3.12/site-packages/web3/_utils/contract_sources) by extension 'cmake'
[0.576s] Level 1:colcon.colcon_core.package_identification:_identify(myenv/lib/python3.12/site-packages/web3/_utils/contract_sources) by extension 'python'
[0.576s] Level 1:colcon.colcon_core.package_identification:_identify(myenv/lib/python3.12/site-packages/web3/_utils/contract_sources) by extensions ['python_setup_py']
[0.576s] Level 1:colcon.colcon_core.package_identification:_identify(myenv/lib/python3.12/site-packages/web3/_utils/contract_sources) by extension 'python_setup_py'
[0.576s] Level 1:colcon.colcon_core.package_identification:_identify(myenv/lib/python3.12/site-packages/web3/_utils/contract_sources/__pycache__) by extensions ['ignore', 'ignore_ament_install']
[0.576s] Level 1:colcon.colcon_core.package_identification:_identify(myenv/lib/python3.12/site-packages/web3/_utils/contract_sources/__pycache__) by extension 'ignore'
[0.576s] Level 1:colcon.colcon_core.package_identification:_identify(myenv/lib/python3.12/site-packages/web3/_utils/contract_sources/__pycache__) by extension 'ignore_ament_install'
[0.577s] Level 1:colcon.colcon_core.package_identification:_identify(myenv/lib/python3.12/site-packages/web3/_utils/contract_sources/__pycache__) by extensions ['colcon_pkg']
[0.577s] Level 1:colcon.colcon_core.package_identification:_identify(myenv/lib/python3.12/site-packages/web3/_utils/contract_sources/__pycache__) by extension 'colcon_pkg'
[0.577s] Level 1:colcon.colcon_core.package_identification:_identify(myenv/lib/python3.12/site-packages/web3/_utils/contract_sources/__pycache__) by extensions ['colcon_meta']
[0.577s] Level 1:colcon.colcon_core.package_identification:_identify(myenv/lib/python3.12/site-packages/web3/_utils/contract_sources/__pycache__) by extension 'colcon_meta'
[0.577s] Level 1:colcon.colcon_core.package_identification:_identify(myenv/lib/python3.12/site-packages/web3/_utils/contract_sources/__pycache__) by extensions ['ros']
[0.577s] Level 1:colcon.colcon_core.package_identification:_identify(myenv/lib/python3.12/site-packages/web3/_utils/contract_sources/__pycache__) by extension 'ros'
[0.577s] Level 1:colcon.colcon_core.package_identification:_identify(myenv/lib/python3.12/site-packages/web3/_utils/contract_sources/__pycache__) by extensions ['cmake', 'python']
[0.577s] Level 1:colcon.colcon_core.package_identification:_identify(myenv/lib/python3.12/site-packages/web3/_utils/contract_sources/__pycache__) by extension 'cmake'
[0.577s] Level 1:colcon.colcon_core.package_identification:_identify(myenv/lib/python3.12/site-packages/web3/_utils/contract_sources/__pycache__) by extension 'python'
[0.577s] Level 1:colcon.colcon_core.package_identification:_identify(myenv/lib/python3.12/site-packages/web3/_utils/contract_sources/__pycache__) by extensions ['python_setup_py']
[0.577s] Level 1:colcon.colcon_core.package_identification:_identify(myenv/lib/python3.12/site-packages/web3/_utils/contract_sources/__pycache__) by extension 'python_setup_py'
[0.577s] Level 1:colcon.colcon_core.package_identification:_identify(myenv/lib/python3.12/site-packages/web3/_utils/contract_sources/contract_data) by extensions ['ignore', 'ignore_ament_install']
[0.577s] Level 1:colcon.colcon_core.package_identification:_identify(myenv/lib/python3.12/site-packages/web3/_utils/contract_sources/contract_data) by extension 'ignore'
[0.577s] Level 1:colcon.colcon_core.package_identification:_identify(myenv/lib/python3.12/site-packages/web3/_utils/contract_sources/contract_data) by extension 'ignore_ament_install'
[0.578s] Level 1:colcon.colcon_core.package_identification:_identify(myenv/lib/python3.12/site-packages/web3/_utils/contract_sources/contract_data) by extensions ['colcon_pkg']
[0.578s] Level 1:colcon.colcon_core.package_identification:_identify(myenv/lib/python3.12/site-packages/web3/_utils/contract_sources/contract_data) by extension 'colcon_pkg'
[0.578s] Level 1:colcon.colcon_core.package_identification:_identify(myenv/lib/python3.12/site-packages/web3/_utils/contract_sources/contract_data) by extensions ['colcon_meta']
[0.578s] Level 1:colcon.colcon_core.package_identification:_identify(myenv/lib/python3.12/site-packages/web3/_utils/contract_sources/contract_data) by extension 'colcon_meta'
[0.578s] Level 1:colcon.colcon_core.package_identification:_identify(myenv/lib/python3.12/site-packages/web3/_utils/contract_sources/contract_data) by extensions ['ros']
[0.578s] Level 1:colcon.colcon_core.package_identification:_identify(myenv/lib/python3.12/site-packages/web3/_utils/contract_sources/contract_data) by extension 'ros'
[0.578s] Level 1:colcon.colcon_core.package_identification:_identify(myenv/lib/python3.12/site-packages/web3/_utils/contract_sources/contract_data) by extensions ['cmake', 'python']
[0.578s] Level 1:colcon.colcon_core.package_identification:_identify(myenv/lib/python3.12/site-packages/web3/_utils/contract_sources/contract_data) by extension 'cmake'
[0.578s] Level 1:colcon.colcon_core.package_identification:_identify(myenv/lib/python3.12/site-packages/web3/_utils/contract_sources/contract_data) by extension 'python'
[0.578s] Level 1:colcon.colcon_core.package_identification:_identify(myenv/lib/python3.12/site-packages/web3/_utils/contract_sources/contract_data) by extensions ['python_setup_py']
[0.578s] Level 1:colcon.colcon_core.package_identification:_identify(myenv/lib/python3.12/site-packages/web3/_utils/contract_sources/contract_data) by extension 'python_setup_py'
[0.578s] Level 1:colcon.colcon_core.package_identification:_identify(myenv/lib/python3.12/site-packages/web3/_utils/contract_sources/contract_data/__pycache__) by extensions ['ignore', 'ignore_ament_install']
[0.578s] Level 1:colcon.colcon_core.package_identification:_identify(myenv/lib/python3.12/site-packages/web3/_utils/contract_sources/contract_data/__pycache__) by extension 'ignore'
[0.578s] Level 1:colcon.colcon_core.package_identification:_identify(myenv/lib/python3.12/site-packages/web3/_utils/contract_sources/contract_data/__pycache__) by extension 'ignore_ament_install'
[0.579s] Level 1:colcon.colcon_core.package_identification:_identify(myenv/lib/python3.12/site-packages/web3/_utils/contract_sources/contract_data/__pycache__) by extensions ['colcon_pkg']
[0.579s] Level 1:colcon.colcon_core.package_identification:_identify(myenv/lib/python3.12/site-packages/web3/_utils/contract_sources/contract_data/__pycache__) by extension 'colcon_pkg'
[0.579s] Level 1:colcon.colcon_core.package_identification:_identify(myenv/lib/python3.12/site-packages/web3/_utils/contract_sources/contract_data/__pycache__) by extensions ['colcon_meta']
[0.579s] Level 1:colcon.colcon_core.package_identification:_identify(myenv/lib/python3.12/site-packages/web3/_utils/contract_sources/contract_data/__pycache__) by extension 'colcon_meta'
[0.579s] Level 1:colcon.colcon_core.package_identification:_identify(myenv/lib/python3.12/site-packages/web3/_utils/contract_sources/contract_data/__pycache__) by extensions ['ros']
[0.579s] Level 1:colcon.colcon_core.package_identification:_identify(myenv/lib/python3.12/site-packages/web3/_utils/contract_sources/contract_data/__pycache__) by extension 'ros'
[0.579s] Level 1:colcon.colcon_core.package_identification:_identify(myenv/lib/python3.12/site-packages/web3/_utils/contract_sources/contract_data/__pycache__) by extensions ['cmake', 'python']
[0.579s] Level 1:colcon.colcon_core.package_identification:_identify(myenv/lib/python3.12/site-packages/web3/_utils/contract_sources/contract_data/__pycache__) by extension 'cmake'
[0.579s] Level 1:colcon.colcon_core.package_identification:_identify(myenv/lib/python3.12/site-packages/web3/_utils/contract_sources/contract_data/__pycache__) by extension 'python'
[0.579s] Level 1:colcon.colcon_core.package_identification:_identify(myenv/lib/python3.12/site-packages/web3/_utils/contract_sources/contract_data/__pycache__) by extensions ['python_setup_py']
[0.579s] Level 1:colcon.colcon_core.package_identification:_identify(myenv/lib/python3.12/site-packages/web3/_utils/contract_sources/contract_data/__pycache__) by extension 'python_setup_py'
[0.579s] Level 1:colcon.colcon_core.package_identification:_identify(myenv/lib/python3.12/site-packages/web3/_utils/module_testing) by extensions ['ignore', 'ignore_ament_install']
[0.579s] Level 1:colcon.colcon_core.package_identification:_identify(myenv/lib/python3.12/site-packages/web3/_utils/module_testing) by extension 'ignore'
[0.579s] Level 1:colcon.colcon_core.package_identification:_identify(myenv/lib/python3.12/site-packages/web3/_utils/module_testing) by extension 'ignore_ament_install'
[0.579s] Level 1:colcon.colcon_core.package_identification:_identify(myenv/lib/python3.12/site-packages/web3/_utils/module_testing) by extensions ['colcon_pkg']
[0.580s] Level 1:colcon.colcon_core.package_identification:_identify(myenv/lib/python3.12/site-packages/web3/_utils/module_testing) by extension 'colcon_pkg'
[0.580s] Level 1:colcon.colcon_core.package_identification:_identify(myenv/lib/python3.12/site-packages/web3/_utils/module_testing) by extensions ['colcon_meta']
[0.580s] Level 1:colcon.colcon_core.package_identification:_identify(myenv/lib/python3.12/site-packages/web3/_utils/module_testing) by extension 'colcon_meta'
[0.580s] Level 1:colcon.colcon_core.package_identification:_identify(myenv/lib/python3.12/site-packages/web3/_utils/module_testing) by extensions ['ros']
[0.580s] Level 1:colcon.colcon_core.package_identification:_identify(myenv/lib/python3.12/site-packages/web3/_utils/module_testing) by extension 'ros'
[0.580s] Level 1:colcon.colcon_core.package_identification:_identify(myenv/lib/python3.12/site-packages/web3/_utils/module_testing) by extensions ['cmake', 'python']
[0.580s] Level 1:colcon.colcon_core.package_identification:_identify(myenv/lib/python3.12/site-packages/web3/_utils/module_testing) by extension 'cmake'
[0.580s] Level 1:colcon.colcon_core.package_identification:_identify(myenv/lib/python3.12/site-packages/web3/_utils/module_testing) by extension 'python'
[0.580s] Level 1:colcon.colcon_core.package_identification:_identify(myenv/lib/python3.12/site-packages/web3/_utils/module_testing) by extensions ['python_setup_py']
[0.580s] Level 1:colcon.colcon_core.package_identification:_identify(myenv/lib/python3.12/site-packages/web3/_utils/module_testing) by extension 'python_setup_py'
[0.580s] Level 1:colcon.colcon_core.package_identification:_identify(myenv/lib/python3.12/site-packages/web3/_utils/module_testing/__pycache__) by extensions ['ignore', 'ignore_ament_install']
[0.580s] Level 1:colcon.colcon_core.package_identification:_identify(myenv/lib/python3.12/site-packages/web3/_utils/module_testing/__pycache__) by extension 'ignore'
[0.580s] Level 1:colcon.colcon_core.package_identification:_identify(myenv/lib/python3.12/site-packages/web3/_utils/module_testing/__pycache__) by extension 'ignore_ament_install'
[0.580s] Level 1:colcon.colcon_core.package_identification:_identify(myenv/lib/python3.12/site-packages/web3/_utils/module_testing/__pycache__) by extensions ['colcon_pkg']
[0.580s] Level 1:colcon.colcon_core.package_identification:_identify(myenv/lib/python3.12/site-packages/web3/_utils/module_testing/__pycache__) by extension 'colcon_pkg'
[0.581s] Level 1:colcon.colcon_core.package_identification:_identify(myenv/lib/python3.12/site-packages/web3/_utils/module_testing/__pycache__) by extensions ['colcon_meta']
[0.581s] Level 1:colcon.colcon_core.package_identification:_identify(myenv/lib/python3.12/site-packages/web3/_utils/module_testing/__pycache__) by extension 'colcon_meta'
[0.581s] Level 1:colcon.colcon_core.package_identification:_identify(myenv/lib/python3.12/site-packages/web3/_utils/module_testing/__pycache__) by extensions ['ros']
[0.581s] Level 1:colcon.colcon_core.package_identification:_identify(myenv/lib/python3.12/site-packages/web3/_utils/module_testing/__pycache__) by extension 'ros'
[0.581s] Level 1:colcon.colcon_core.package_identification:_identify(myenv/lib/python3.12/site-packages/web3/_utils/module_testing/__pycache__) by extensions ['cmake', 'python']
[0.581s] Level 1:colcon.colcon_core.package_identification:_identify(myenv/lib/python3.12/site-packages/web3/_utils/module_testing/__pycache__) by extension 'cmake'
[0.581s] Level 1:colcon.colcon_core.package_identification:_identify(myenv/lib/python3.12/site-packages/web3/_utils/module_testing/__pycache__) by extension 'python'
[0.581s] Level 1:colcon.colcon_core.package_identification:_identify(myenv/lib/python3.12/site-packages/web3/_utils/module_testing/__pycache__) by extensions ['python_setup_py']
[0.581s] Level 1:colcon.colcon_core.package_identification:_identify(myenv/lib/python3.12/site-packages/web3/_utils/module_testing/__pycache__) by extension 'python_setup_py'
[0.581s] Level 1:colcon.colcon_core.package_identification:_identify(myenv/lib/python3.12/site-packages/web3/auto) by extensions ['ignore', 'ignore_ament_install']
[0.581s] Level 1:colcon.colcon_core.package_identification:_identify(myenv/lib/python3.12/site-packages/web3/auto) by extension 'ignore'
[0.581s] Level 1:colcon.colcon_core.package_identification:_identify(myenv/lib/python3.12/site-packages/web3/auto) by extension 'ignore_ament_install'
[0.581s] Level 1:colcon.colcon_core.package_identification:_identify(myenv/lib/python3.12/site-packages/web3/auto) by extensions ['colcon_pkg']
[0.581s] Level 1:colcon.colcon_core.package_identification:_identify(myenv/lib/python3.12/site-packages/web3/auto) by extension 'colcon_pkg'
[0.582s] Level 1:colcon.colcon_core.package_identification:_identify(myenv/lib/python3.12/site-packages/web3/auto) by extensions ['colcon_meta']
[0.582s] Level 1:colcon.colcon_core.package_identification:_identify(myenv/lib/python3.12/site-packages/web3/auto) by extension 'colcon_meta'
[0.582s] Level 1:colcon.colcon_core.package_identification:_identify(myenv/lib/python3.12/site-packages/web3/auto) by extensions ['ros']
[0.582s] Level 1:colcon.colcon_core.package_identification:_identify(myenv/lib/python3.12/site-packages/web3/auto) by extension 'ros'
[0.582s] Level 1:colcon.colcon_core.package_identification:_identify(myenv/lib/python3.12/site-packages/web3/auto) by extensions ['cmake', 'python']
[0.582s] Level 1:colcon.colcon_core.package_identification:_identify(myenv/lib/python3.12/site-packages/web3/auto) by extension 'cmake'
[0.582s] Level 1:colcon.colcon_core.package_identification:_identify(myenv/lib/python3.12/site-packages/web3/auto) by extension 'python'
[0.582s] Level 1:colcon.colcon_core.package_identification:_identify(myenv/lib/python3.12/site-packages/web3/auto) by extensions ['python_setup_py']
[0.582s] Level 1:colcon.colcon_core.package_identification:_identify(myenv/lib/python3.12/site-packages/web3/auto) by extension 'python_setup_py'
[0.582s] Level 1:colcon.colcon_core.package_identification:_identify(myenv/lib/python3.12/site-packages/web3/auto/__pycache__) by extensions ['ignore', 'ignore_ament_install']
[0.582s] Level 1:colcon.colcon_core.package_identification:_identify(myenv/lib/python3.12/site-packages/web3/auto/__pycache__) by extension 'ignore'
[0.582s] Level 1:colcon.colcon_core.package_identification:_identify(myenv/lib/python3.12/site-packages/web3/auto/__pycache__) by extension 'ignore_ament_install'
[0.582s] Level 1:colcon.colcon_core.package_identification:_identify(myenv/lib/python3.12/site-packages/web3/auto/__pycache__) by extensions ['colcon_pkg']
[0.582s] Level 1:colcon.colcon_core.package_identification:_identify(myenv/lib/python3.12/site-packages/web3/auto/__pycache__) by extension 'colcon_pkg'
[0.582s] Level 1:colcon.colcon_core.package_identification:_identify(myenv/lib/python3.12/site-packages/web3/auto/__pycache__) by extensions ['colcon_meta']
[0.582s] Level 1:colcon.colcon_core.package_identification:_identify(myenv/lib/python3.12/site-packages/web3/auto/__pycache__) by extension 'colcon_meta'
[0.583s] Level 1:colcon.colcon_core.package_identification:_identify(myenv/lib/python3.12/site-packages/web3/auto/__pycache__) by extensions ['ros']
[0.583s] Level 1:colcon.colcon_core.package_identification:_identify(myenv/lib/python3.12/site-packages/web3/auto/__pycache__) by extension 'ros'
[0.583s] Level 1:colcon.colcon_core.package_identification:_identify(myenv/lib/python3.12/site-packages/web3/auto/__pycache__) by extensions ['cmake', 'python']
[0.583s] Level 1:colcon.colcon_core.package_identification:_identify(myenv/lib/python3.12/site-packages/web3/auto/__pycache__) by extension 'cmake'
[0.583s] Level 1:colcon.colcon_core.package_identification:_identify(myenv/lib/python3.12/site-packages/web3/auto/__pycache__) by extension 'python'
[0.583s] Level 1:colcon.colcon_core.package_identification:_identify(myenv/lib/python3.12/site-packages/web3/auto/__pycache__) by extensions ['python_setup_py']
[0.583s] Level 1:colcon.colcon_core.package_identification:_identify(myenv/lib/python3.12/site-packages/web3/auto/__pycache__) by extension 'python_setup_py'
[0.583s] Level 1:colcon.colcon_core.package_identification:_identify(myenv/lib/python3.12/site-packages/web3/beacon) by extensions ['ignore', 'ignore_ament_install']
[0.583s] Level 1:colcon.colcon_core.package_identification:_identify(myenv/lib/python3.12/site-packages/web3/beacon) by extension 'ignore'
[0.583s] Level 1:colcon.colcon_core.package_identification:_identify(myenv/lib/python3.12/site-packages/web3/beacon) by extension 'ignore_ament_install'
[0.583s] Level 1:colcon.colcon_core.package_identification:_identify(myenv/lib/python3.12/site-packages/web3/beacon) by extensions ['colcon_pkg']
[0.583s] Level 1:colcon.colcon_core.package_identification:_identify(myenv/lib/python3.12/site-packages/web3/beacon) by extension 'colcon_pkg'
[0.583s] Level 1:colcon.colcon_core.package_identification:_identify(myenv/lib/python3.12/site-packages/web3/beacon) by extensions ['colcon_meta']
[0.583s] Level 1:colcon.colcon_core.package_identification:_identify(myenv/lib/python3.12/site-packages/web3/beacon) by extension 'colcon_meta'
[0.583s] Level 1:colcon.colcon_core.package_identification:_identify(myenv/lib/python3.12/site-packages/web3/beacon) by extensions ['ros']
[0.584s] Level 1:colcon.colcon_core.package_identification:_identify(myenv/lib/python3.12/site-packages/web3/beacon) by extension 'ros'
[0.584s] Level 1:colcon.colcon_core.package_identification:_identify(myenv/lib/python3.12/site-packages/web3/beacon) by extensions ['cmake', 'python']
[0.584s] Level 1:colcon.colcon_core.package_identification:_identify(myenv/lib/python3.12/site-packages/web3/beacon) by extension 'cmake'
[0.584s] Level 1:colcon.colcon_core.package_identification:_identify(myenv/lib/python3.12/site-packages/web3/beacon) by extension 'python'
[0.584s] Level 1:colcon.colcon_core.package_identification:_identify(myenv/lib/python3.12/site-packages/web3/beacon) by extensions ['python_setup_py']
[0.584s] Level 1:colcon.colcon_core.package_identification:_identify(myenv/lib/python3.12/site-packages/web3/beacon) by extension 'python_setup_py'
[0.584s] Level 1:colcon.colcon_core.package_identification:_identify(myenv/lib/python3.12/site-packages/web3/beacon/__pycache__) by extensions ['ignore', 'ignore_ament_install']
[0.584s] Level 1:colcon.colcon_core.package_identification:_identify(myenv/lib/python3.12/site-packages/web3/beacon/__pycache__) by extension 'ignore'
[0.584s] Level 1:colcon.colcon_core.package_identification:_identify(myenv/lib/python3.12/site-packages/web3/beacon/__pycache__) by extension 'ignore_ament_install'
[0.584s] Level 1:colcon.colcon_core.package_identification:_identify(myenv/lib/python3.12/site-packages/web3/beacon/__pycache__) by extensions ['colcon_pkg']
[0.584s] Level 1:colcon.colcon_core.package_identification:_identify(myenv/lib/python3.12/site-packages/web3/beacon/__pycache__) by extension 'colcon_pkg'
[0.584s] Level 1:colcon.colcon_core.package_identification:_identify(myenv/lib/python3.12/site-packages/web3/beacon/__pycache__) by extensions ['colcon_meta']
[0.584s] Level 1:colcon.colcon_core.package_identification:_identify(myenv/lib/python3.12/site-packages/web3/beacon/__pycache__) by extension 'colcon_meta'
[0.584s] Level 1:colcon.colcon_core.package_identification:_identify(myenv/lib/python3.12/site-packages/web3/beacon/__pycache__) by extensions ['ros']
[0.584s] Level 1:colcon.colcon_core.package_identification:_identify(myenv/lib/python3.12/site-packages/web3/beacon/__pycache__) by extension 'ros'
[0.585s] Level 1:colcon.colcon_core.package_identification:_identify(myenv/lib/python3.12/site-packages/web3/beacon/__pycache__) by extensions ['cmake', 'python']
[0.585s] Level 1:colcon.colcon_core.package_identification:_identify(myenv/lib/python3.12/site-packages/web3/beacon/__pycache__) by extension 'cmake'
[0.585s] Level 1:colcon.colcon_core.package_identification:_identify(myenv/lib/python3.12/site-packages/web3/beacon/__pycache__) by extension 'python'
[0.585s] Level 1:colcon.colcon_core.package_identification:_identify(myenv/lib/python3.12/site-packages/web3/beacon/__pycache__) by extensions ['python_setup_py']
[0.585s] Level 1:colcon.colcon_core.package_identification:_identify(myenv/lib/python3.12/site-packages/web3/beacon/__pycache__) by extension 'python_setup_py'
[0.585s] Level 1:colcon.colcon_core.package_identification:_identify(myenv/lib/python3.12/site-packages/web3/contract) by extensions ['ignore', 'ignore_ament_install']
[0.585s] Level 1:colcon.colcon_core.package_identification:_identify(myenv/lib/python3.12/site-packages/web3/contract) by extension 'ignore'
[0.585s] Level 1:colcon.colcon_core.package_identification:_identify(myenv/lib/python3.12/site-packages/web3/contract) by extension 'ignore_ament_install'
[0.585s] Level 1:colcon.colcon_core.package_identification:_identify(myenv/lib/python3.12/site-packages/web3/contract) by extensions ['colcon_pkg']
[0.585s] Level 1:colcon.colcon_core.package_identification:_identify(myenv/lib/python3.12/site-packages/web3/contract) by extension 'colcon_pkg'
[0.585s] Level 1:colcon.colcon_core.package_identification:_identify(myenv/lib/python3.12/site-packages/web3/contract) by extensions ['colcon_meta']
[0.585s] Level 1:colcon.colcon_core.package_identification:_identify(myenv/lib/python3.12/site-packages/web3/contract) by extension 'colcon_meta'
[0.585s] Level 1:colcon.colcon_core.package_identification:_identify(myenv/lib/python3.12/site-packages/web3/contract) by extensions ['ros']
[0.585s] Level 1:colcon.colcon_core.package_identification:_identify(myenv/lib/python3.12/site-packages/web3/contract) by extension 'ros'
[0.585s] Level 1:colcon.colcon_core.package_identification:_identify(myenv/lib/python3.12/site-packages/web3/contract) by extensions ['cmake', 'python']
[0.586s] Level 1:colcon.colcon_core.package_identification:_identify(myenv/lib/python3.12/site-packages/web3/contract) by extension 'cmake'
[0.586s] Level 1:colcon.colcon_core.package_identification:_identify(myenv/lib/python3.12/site-packages/web3/contract) by extension 'python'
[0.586s] Level 1:colcon.colcon_core.package_identification:_identify(myenv/lib/python3.12/site-packages/web3/contract) by extensions ['python_setup_py']
[0.586s] Level 1:colcon.colcon_core.package_identification:_identify(myenv/lib/python3.12/site-packages/web3/contract) by extension 'python_setup_py'
[0.586s] Level 1:colcon.colcon_core.package_identification:_identify(myenv/lib/python3.12/site-packages/web3/contract/__pycache__) by extensions ['ignore', 'ignore_ament_install']
[0.586s] Level 1:colcon.colcon_core.package_identification:_identify(myenv/lib/python3.12/site-packages/web3/contract/__pycache__) by extension 'ignore'
[0.586s] Level 1:colcon.colcon_core.package_identification:_identify(myenv/lib/python3.12/site-packages/web3/contract/__pycache__) by extension 'ignore_ament_install'
[0.586s] Level 1:colcon.colcon_core.package_identification:_identify(myenv/lib/python3.12/site-packages/web3/contract/__pycache__) by extensions ['colcon_pkg']
[0.586s] Level 1:colcon.colcon_core.package_identification:_identify(myenv/lib/python3.12/site-packages/web3/contract/__pycache__) by extension 'colcon_pkg'
[0.586s] Level 1:colcon.colcon_core.package_identification:_identify(myenv/lib/python3.12/site-packages/web3/contract/__pycache__) by extensions ['colcon_meta']
[0.586s] Level 1:colcon.colcon_core.package_identification:_identify(myenv/lib/python3.12/site-packages/web3/contract/__pycache__) by extension 'colcon_meta'
[0.586s] Level 1:colcon.colcon_core.package_identification:_identify(myenv/lib/python3.12/site-packages/web3/contract/__pycache__) by extensions ['ros']
[0.586s] Level 1:colcon.colcon_core.package_identification:_identify(myenv/lib/python3.12/site-packages/web3/contract/__pycache__) by extension 'ros'
[0.586s] Level 1:colcon.colcon_core.package_identification:_identify(myenv/lib/python3.12/site-packages/web3/contract/__pycache__) by extensions ['cmake', 'python']
[0.586s] Level 1:colcon.colcon_core.package_identification:_identify(myenv/lib/python3.12/site-packages/web3/contract/__pycache__) by extension 'cmake'
[0.587s] Level 1:colcon.colcon_core.package_identification:_identify(myenv/lib/python3.12/site-packages/web3/contract/__pycache__) by extension 'python'
[0.587s] Level 1:colcon.colcon_core.package_identification:_identify(myenv/lib/python3.12/site-packages/web3/contract/__pycache__) by extensions ['python_setup_py']
[0.587s] Level 1:colcon.colcon_core.package_identification:_identify(myenv/lib/python3.12/site-packages/web3/contract/__pycache__) by extension 'python_setup_py'
[0.587s] Level 1:colcon.colcon_core.package_identification:_identify(myenv/lib/python3.12/site-packages/web3/eth) by extensions ['ignore', 'ignore_ament_install']
[0.587s] Level 1:colcon.colcon_core.package_identification:_identify(myenv/lib/python3.12/site-packages/web3/eth) by extension 'ignore'
[0.587s] Level 1:colcon.colcon_core.package_identification:_identify(myenv/lib/python3.12/site-packages/web3/eth) by extension 'ignore_ament_install'
[0.587s] Level 1:colcon.colcon_core.package_identification:_identify(myenv/lib/python3.12/site-packages/web3/eth) by extensions ['colcon_pkg']
[0.587s] Level 1:colcon.colcon_core.package_identification:_identify(myenv/lib/python3.12/site-packages/web3/eth) by extension 'colcon_pkg'
[0.587s] Level 1:colcon.colcon_core.package_identification:_identify(myenv/lib/python3.12/site-packages/web3/eth) by extensions ['colcon_meta']
[0.587s] Level 1:colcon.colcon_core.package_identification:_identify(myenv/lib/python3.12/site-packages/web3/eth) by extension 'colcon_meta'
[0.587s] Level 1:colcon.colcon_core.package_identification:_identify(myenv/lib/python3.12/site-packages/web3/eth) by extensions ['ros']
[0.587s] Level 1:colcon.colcon_core.package_identification:_identify(myenv/lib/python3.12/site-packages/web3/eth) by extension 'ros'
[0.587s] Level 1:colcon.colcon_core.package_identification:_identify(myenv/lib/python3.12/site-packages/web3/eth) by extensions ['cmake', 'python']
[0.587s] Level 1:colcon.colcon_core.package_identification:_identify(myenv/lib/python3.12/site-packages/web3/eth) by extension 'cmake'
[0.587s] Level 1:colcon.colcon_core.package_identification:_identify(myenv/lib/python3.12/site-packages/web3/eth) by extension 'python'
[0.588s] Level 1:colcon.colcon_core.package_identification:_identify(myenv/lib/python3.12/site-packages/web3/eth) by extensions ['python_setup_py']
[0.588s] Level 1:colcon.colcon_core.package_identification:_identify(myenv/lib/python3.12/site-packages/web3/eth) by extension 'python_setup_py'
[0.588s] Level 1:colcon.colcon_core.package_identification:_identify(myenv/lib/python3.12/site-packages/web3/eth/__pycache__) by extensions ['ignore', 'ignore_ament_install']
[0.588s] Level 1:colcon.colcon_core.package_identification:_identify(myenv/lib/python3.12/site-packages/web3/eth/__pycache__) by extension 'ignore'
[0.588s] Level 1:colcon.colcon_core.package_identification:_identify(myenv/lib/python3.12/site-packages/web3/eth/__pycache__) by extension 'ignore_ament_install'
[0.588s] Level 1:colcon.colcon_core.package_identification:_identify(myenv/lib/python3.12/site-packages/web3/eth/__pycache__) by extensions ['colcon_pkg']
[0.588s] Level 1:colcon.colcon_core.package_identification:_identify(myenv/lib/python3.12/site-packages/web3/eth/__pycache__) by extension 'colcon_pkg'
[0.588s] Level 1:colcon.colcon_core.package_identification:_identify(myenv/lib/python3.12/site-packages/web3/eth/__pycache__) by extensions ['colcon_meta']
[0.588s] Level 1:colcon.colcon_core.package_identification:_identify(myenv/lib/python3.12/site-packages/web3/eth/__pycache__) by extension 'colcon_meta'
[0.588s] Level 1:colcon.colcon_core.package_identification:_identify(myenv/lib/python3.12/site-packages/web3/eth/__pycache__) by extensions ['ros']
[0.588s] Level 1:colcon.colcon_core.package_identification:_identify(myenv/lib/python3.12/site-packages/web3/eth/__pycache__) by extension 'ros'
[0.588s] Level 1:colcon.colcon_core.package_identification:_identify(myenv/lib/python3.12/site-packages/web3/eth/__pycache__) by extensions ['cmake', 'python']
[0.588s] Level 1:colcon.colcon_core.package_identification:_identify(myenv/lib/python3.12/site-packages/web3/eth/__pycache__) by extension 'cmake'
[0.588s] Level 1:colcon.colcon_core.package_identification:_identify(myenv/lib/python3.12/site-packages/web3/eth/__pycache__) by extension 'python'
[0.588s] Level 1:colcon.colcon_core.package_identification:_identify(myenv/lib/python3.12/site-packages/web3/eth/__pycache__) by extensions ['python_setup_py']
[0.589s] Level 1:colcon.colcon_core.package_identification:_identify(myenv/lib/python3.12/site-packages/web3/eth/__pycache__) by extension 'python_setup_py'
[0.589s] Level 1:colcon.colcon_core.package_identification:_identify(myenv/lib/python3.12/site-packages/web3/gas_strategies) by extensions ['ignore', 'ignore_ament_install']
[0.589s] Level 1:colcon.colcon_core.package_identification:_identify(myenv/lib/python3.12/site-packages/web3/gas_strategies) by extension 'ignore'
[0.589s] Level 1:colcon.colcon_core.package_identification:_identify(myenv/lib/python3.12/site-packages/web3/gas_strategies) by extension 'ignore_ament_install'
[0.589s] Level 1:colcon.colcon_core.package_identification:_identify(myenv/lib/python3.12/site-packages/web3/gas_strategies) by extensions ['colcon_pkg']
[0.589s] Level 1:colcon.colcon_core.package_identification:_identify(myenv/lib/python3.12/site-packages/web3/gas_strategies) by extension 'colcon_pkg'
[0.589s] Level 1:colcon.colcon_core.package_identification:_identify(myenv/lib/python3.12/site-packages/web3/gas_strategies) by extensions ['colcon_meta']
[0.589s] Level 1:colcon.colcon_core.package_identification:_identify(myenv/lib/python3.12/site-packages/web3/gas_strategies) by extension 'colcon_meta'
[0.589s] Level 1:colcon.colcon_core.package_identification:_identify(myenv/lib/python3.12/site-packages/web3/gas_strategies) by extensions ['ros']
[0.589s] Level 1:colcon.colcon_core.package_identification:_identify(myenv/lib/python3.12/site-packages/web3/gas_strategies) by extension 'ros'
[0.589s] Level 1:colcon.colcon_core.package_identification:_identify(myenv/lib/python3.12/site-packages/web3/gas_strategies) by extensions ['cmake', 'python']
[0.589s] Level 1:colcon.colcon_core.package_identification:_identify(myenv/lib/python3.12/site-packages/web3/gas_strategies) by extension 'cmake'
[0.589s] Level 1:colcon.colcon_core.package_identification:_identify(myenv/lib/python3.12/site-packages/web3/gas_strategies) by extension 'python'
[0.589s] Level 1:colcon.colcon_core.package_identification:_identify(myenv/lib/python3.12/site-packages/web3/gas_strategies) by extensions ['python_setup_py']
[0.589s] Level 1:colcon.colcon_core.package_identification:_identify(myenv/lib/python3.12/site-packages/web3/gas_strategies) by extension 'python_setup_py'
[0.590s] Level 1:colcon.colcon_core.package_identification:_identify(myenv/lib/python3.12/site-packages/web3/gas_strategies/__pycache__) by extensions ['ignore', 'ignore_ament_install']
[0.590s] Level 1:colcon.colcon_core.package_identification:_identify(myenv/lib/python3.12/site-packages/web3/gas_strategies/__pycache__) by extension 'ignore'
[0.590s] Level 1:colcon.colcon_core.package_identification:_identify(myenv/lib/python3.12/site-packages/web3/gas_strategies/__pycache__) by extension 'ignore_ament_install'
[0.590s] Level 1:colcon.colcon_core.package_identification:_identify(myenv/lib/python3.12/site-packages/web3/gas_strategies/__pycache__) by extensions ['colcon_pkg']
[0.590s] Level 1:colcon.colcon_core.package_identification:_identify(myenv/lib/python3.12/site-packages/web3/gas_strategies/__pycache__) by extension 'colcon_pkg'
[0.590s] Level 1:colcon.colcon_core.package_identification:_identify(myenv/lib/python3.12/site-packages/web3/gas_strategies/__pycache__) by extensions ['colcon_meta']
[0.590s] Level 1:colcon.colcon_core.package_identification:_identify(myenv/lib/python3.12/site-packages/web3/gas_strategies/__pycache__) by extension 'colcon_meta'
[0.590s] Level 1:colcon.colcon_core.package_identification:_identify(myenv/lib/python3.12/site-packages/web3/gas_strategies/__pycache__) by extensions ['ros']
[0.590s] Level 1:colcon.colcon_core.package_identification:_identify(myenv/lib/python3.12/site-packages/web3/gas_strategies/__pycache__) by extension 'ros'
[0.590s] Level 1:colcon.colcon_core.package_identification:_identify(myenv/lib/python3.12/site-packages/web3/gas_strategies/__pycache__) by extensions ['cmake', 'python']
[0.590s] Level 1:colcon.colcon_core.package_identification:_identify(myenv/lib/python3.12/site-packages/web3/gas_strategies/__pycache__) by extension 'cmake'
[0.590s] Level 1:colcon.colcon_core.package_identification:_identify(myenv/lib/python3.12/site-packages/web3/gas_strategies/__pycache__) by extension 'python'
[0.590s] Level 1:colcon.colcon_core.package_identification:_identify(myenv/lib/python3.12/site-packages/web3/gas_strategies/__pycache__) by extensions ['python_setup_py']
[0.590s] Level 1:colcon.colcon_core.package_identification:_identify(myenv/lib/python3.12/site-packages/web3/gas_strategies/__pycache__) by extension 'python_setup_py'
[0.591s] Level 1:colcon.colcon_core.package_identification:_identify(myenv/lib/python3.12/site-packages/web3/middleware) by extensions ['ignore', 'ignore_ament_install']
[0.591s] Level 1:colcon.colcon_core.package_identification:_identify(myenv/lib/python3.12/site-packages/web3/middleware) by extension 'ignore'
[0.591s] Level 1:colcon.colcon_core.package_identification:_identify(myenv/lib/python3.12/site-packages/web3/middleware) by extension 'ignore_ament_install'
[0.591s] Level 1:colcon.colcon_core.package_identification:_identify(myenv/lib/python3.12/site-packages/web3/middleware) by extensions ['colcon_pkg']
[0.591s] Level 1:colcon.colcon_core.package_identification:_identify(myenv/lib/python3.12/site-packages/web3/middleware) by extension 'colcon_pkg'
[0.591s] Level 1:colcon.colcon_core.package_identification:_identify(myenv/lib/python3.12/site-packages/web3/middleware) by extensions ['colcon_meta']
[0.591s] Level 1:colcon.colcon_core.package_identification:_identify(myenv/lib/python3.12/site-packages/web3/middleware) by extension 'colcon_meta'
[0.591s] Level 1:colcon.colcon_core.package_identification:_identify(myenv/lib/python3.12/site-packages/web3/middleware) by extensions ['ros']
[0.591s] Level 1:colcon.colcon_core.package_identification:_identify(myenv/lib/python3.12/site-packages/web3/middleware) by extension 'ros'
[0.591s] Level 1:colcon.colcon_core.package_identification:_identify(myenv/lib/python3.12/site-packages/web3/middleware) by extensions ['cmake', 'python']
[0.591s] Level 1:colcon.colcon_core.package_identification:_identify(myenv/lib/python3.12/site-packages/web3/middleware) by extension 'cmake'
[0.591s] Level 1:colcon.colcon_core.package_identification:_identify(myenv/lib/python3.12/site-packages/web3/middleware) by extension 'python'
[0.591s] Level 1:colcon.colcon_core.package_identification:_identify(myenv/lib/python3.12/site-packages/web3/middleware) by extensions ['python_setup_py']
[0.591s] Level 1:colcon.colcon_core.package_identification:_identify(myenv/lib/python3.12/site-packages/web3/middleware) by extension 'python_setup_py'
[0.591s] Level 1:colcon.colcon_core.package_identification:_identify(myenv/lib/python3.12/site-packages/web3/middleware/__pycache__) by extensions ['ignore', 'ignore_ament_install']
[0.592s] Level 1:colcon.colcon_core.package_identification:_identify(myenv/lib/python3.12/site-packages/web3/middleware/__pycache__) by extension 'ignore'
[0.592s] Level 1:colcon.colcon_core.package_identification:_identify(myenv/lib/python3.12/site-packages/web3/middleware/__pycache__) by extension 'ignore_ament_install'
[0.592s] Level 1:colcon.colcon_core.package_identification:_identify(myenv/lib/python3.12/site-packages/web3/middleware/__pycache__) by extensions ['colcon_pkg']
[0.592s] Level 1:colcon.colcon_core.package_identification:_identify(myenv/lib/python3.12/site-packages/web3/middleware/__pycache__) by extension 'colcon_pkg'
[0.592s] Level 1:colcon.colcon_core.package_identification:_identify(myenv/lib/python3.12/site-packages/web3/middleware/__pycache__) by extensions ['colcon_meta']
[0.592s] Level 1:colcon.colcon_core.package_identification:_identify(myenv/lib/python3.12/site-packages/web3/middleware/__pycache__) by extension 'colcon_meta'
[0.592s] Level 1:colcon.colcon_core.package_identification:_identify(myenv/lib/python3.12/site-packages/web3/middleware/__pycache__) by extensions ['ros']
[0.592s] Level 1:colcon.colcon_core.package_identification:_identify(myenv/lib/python3.12/site-packages/web3/middleware/__pycache__) by extension 'ros'
[0.592s] Level 1:colcon.colcon_core.package_identification:_identify(myenv/lib/python3.12/site-packages/web3/middleware/__pycache__) by extensions ['cmake', 'python']
[0.592s] Level 1:colcon.colcon_core.package_identification:_identify(myenv/lib/python3.12/site-packages/web3/middleware/__pycache__) by extension 'cmake'
[0.592s] Level 1:colcon.colcon_core.package_identification:_identify(myenv/lib/python3.12/site-packages/web3/middleware/__pycache__) by extension 'python'
[0.592s] Level 1:colcon.colcon_core.package_identification:_identify(myenv/lib/python3.12/site-packages/web3/middleware/__pycache__) by extensions ['python_setup_py']
[0.592s] Level 1:colcon.colcon_core.package_identification:_identify(myenv/lib/python3.12/site-packages/web3/middleware/__pycache__) by extension 'python_setup_py'
[0.592s] Level 1:colcon.colcon_core.package_identification:_identify(myenv/lib/python3.12/site-packages/web3/providers) by extensions ['ignore', 'ignore_ament_install']
[0.592s] Level 1:colcon.colcon_core.package_identification:_identify(myenv/lib/python3.12/site-packages/web3/providers) by extension 'ignore'
[0.593s] Level 1:colcon.colcon_core.package_identification:_identify(myenv/lib/python3.12/site-packages/web3/providers) by extension 'ignore_ament_install'
[0.593s] Level 1:colcon.colcon_core.package_identification:_identify(myenv/lib/python3.12/site-packages/web3/providers) by extensions ['colcon_pkg']
[0.593s] Level 1:colcon.colcon_core.package_identification:_identify(myenv/lib/python3.12/site-packages/web3/providers) by extension 'colcon_pkg'
[0.593s] Level 1:colcon.colcon_core.package_identification:_identify(myenv/lib/python3.12/site-packages/web3/providers) by extensions ['colcon_meta']
[0.593s] Level 1:colcon.colcon_core.package_identification:_identify(myenv/lib/python3.12/site-packages/web3/providers) by extension 'colcon_meta'
[0.593s] Level 1:colcon.colcon_core.package_identification:_identify(myenv/lib/python3.12/site-packages/web3/providers) by extensions ['ros']
[0.593s] Level 1:colcon.colcon_core.package_identification:_identify(myenv/lib/python3.12/site-packages/web3/providers) by extension 'ros'
[0.593s] Level 1:colcon.colcon_core.package_identification:_identify(myenv/lib/python3.12/site-packages/web3/providers) by extensions ['cmake', 'python']
[0.593s] Level 1:colcon.colcon_core.package_identification:_identify(myenv/lib/python3.12/site-packages/web3/providers) by extension 'cmake'
[0.593s] Level 1:colcon.colcon_core.package_identification:_identify(myenv/lib/python3.12/site-packages/web3/providers) by extension 'python'
[0.593s] Level 1:colcon.colcon_core.package_identification:_identify(myenv/lib/python3.12/site-packages/web3/providers) by extensions ['python_setup_py']
[0.593s] Level 1:colcon.colcon_core.package_identification:_identify(myenv/lib/python3.12/site-packages/web3/providers) by extension 'python_setup_py'
[0.593s] Level 1:colcon.colcon_core.package_identification:_identify(myenv/lib/python3.12/site-packages/web3/providers/__pycache__) by extensions ['ignore', 'ignore_ament_install']
[0.593s] Level 1:colcon.colcon_core.package_identification:_identify(myenv/lib/python3.12/site-packages/web3/providers/__pycache__) by extension 'ignore'
[0.594s] Level 1:colcon.colcon_core.package_identification:_identify(myenv/lib/python3.12/site-packages/web3/providers/__pycache__) by extension 'ignore_ament_install'
[0.594s] Level 1:colcon.colcon_core.package_identification:_identify(myenv/lib/python3.12/site-packages/web3/providers/__pycache__) by extensions ['colcon_pkg']
[0.594s] Level 1:colcon.colcon_core.package_identification:_identify(myenv/lib/python3.12/site-packages/web3/providers/__pycache__) by extension 'colcon_pkg'
[0.594s] Level 1:colcon.colcon_core.package_identification:_identify(myenv/lib/python3.12/site-packages/web3/providers/__pycache__) by extensions ['colcon_meta']
[0.594s] Level 1:colcon.colcon_core.package_identification:_identify(myenv/lib/python3.12/site-packages/web3/providers/__pycache__) by extension 'colcon_meta'
[0.594s] Level 1:colcon.colcon_core.package_identification:_identify(myenv/lib/python3.12/site-packages/web3/providers/__pycache__) by extensions ['ros']
[0.594s] Level 1:colcon.colcon_core.package_identification:_identify(myenv/lib/python3.12/site-packages/web3/providers/__pycache__) by extension 'ros'
[0.594s] Level 1:colcon.colcon_core.package_identification:_identify(myenv/lib/python3.12/site-packages/web3/providers/__pycache__) by extensions ['cmake', 'python']
[0.594s] Level 1:colcon.colcon_core.package_identification:_identify(myenv/lib/python3.12/site-packages/web3/providers/__pycache__) by extension 'cmake'
[0.594s] Level 1:colcon.colcon_core.package_identification:_identify(myenv/lib/python3.12/site-packages/web3/providers/__pycache__) by extension 'python'
[0.594s] Level 1:colcon.colcon_core.package_identification:_identify(myenv/lib/python3.12/site-packages/web3/providers/__pycache__) by extensions ['python_setup_py']
[0.594s] Level 1:colcon.colcon_core.package_identification:_identify(myenv/lib/python3.12/site-packages/web3/providers/__pycache__) by extension 'python_setup_py'
[0.594s] Level 1:colcon.colcon_core.package_identification:_identify(myenv/lib/python3.12/site-packages/web3/providers/eth_tester) by extensions ['ignore', 'ignore_ament_install']
[0.594s] Level 1:colcon.colcon_core.package_identification:_identify(myenv/lib/python3.12/site-packages/web3/providers/eth_tester) by extension 'ignore'
[0.594s] Level 1:colcon.colcon_core.package_identification:_identify(myenv/lib/python3.12/site-packages/web3/providers/eth_tester) by extension 'ignore_ament_install'
[0.595s] Level 1:colcon.colcon_core.package_identification:_identify(myenv/lib/python3.12/site-packages/web3/providers/eth_tester) by extensions ['colcon_pkg']
[0.595s] Level 1:colcon.colcon_core.package_identification:_identify(myenv/lib/python3.12/site-packages/web3/providers/eth_tester) by extension 'colcon_pkg'
[0.595s] Level 1:colcon.colcon_core.package_identification:_identify(myenv/lib/python3.12/site-packages/web3/providers/eth_tester) by extensions ['colcon_meta']
[0.595s] Level 1:colcon.colcon_core.package_identification:_identify(myenv/lib/python3.12/site-packages/web3/providers/eth_tester) by extension 'colcon_meta'
[0.595s] Level 1:colcon.colcon_core.package_identification:_identify(myenv/lib/python3.12/site-packages/web3/providers/eth_tester) by extensions ['ros']
[0.595s] Level 1:colcon.colcon_core.package_identification:_identify(myenv/lib/python3.12/site-packages/web3/providers/eth_tester) by extension 'ros'
[0.595s] Level 1:colcon.colcon_core.package_identification:_identify(myenv/lib/python3.12/site-packages/web3/providers/eth_tester) by extensions ['cmake', 'python']
[0.595s] Level 1:colcon.colcon_core.package_identification:_identify(myenv/lib/python3.12/site-packages/web3/providers/eth_tester) by extension 'cmake'
[0.595s] Level 1:colcon.colcon_core.package_identification:_identify(myenv/lib/python3.12/site-packages/web3/providers/eth_tester) by extension 'python'
[0.595s] Level 1:colcon.colcon_core.package_identification:_identify(myenv/lib/python3.12/site-packages/web3/providers/eth_tester) by extensions ['python_setup_py']
[0.595s] Level 1:colcon.colcon_core.package_identification:_identify(myenv/lib/python3.12/site-packages/web3/providers/eth_tester) by extension 'python_setup_py'
[0.595s] Level 1:colcon.colcon_core.package_identification:_identify(myenv/lib/python3.12/site-packages/web3/providers/eth_tester/__pycache__) by extensions ['ignore', 'ignore_ament_install']
[0.595s] Level 1:colcon.colcon_core.package_identification:_identify(myenv/lib/python3.12/site-packages/web3/providers/eth_tester/__pycache__) by extension 'ignore'
[0.595s] Level 1:colcon.colcon_core.package_identification:_identify(myenv/lib/python3.12/site-packages/web3/providers/eth_tester/__pycache__) by extension 'ignore_ament_install'
[0.595s] Level 1:colcon.colcon_core.package_identification:_identify(myenv/lib/python3.12/site-packages/web3/providers/eth_tester/__pycache__) by extensions ['colcon_pkg']
[0.596s] Level 1:colcon.colcon_core.package_identification:_identify(myenv/lib/python3.12/site-packages/web3/providers/eth_tester/__pycache__) by extension 'colcon_pkg'
[0.596s] Level 1:colcon.colcon_core.package_identification:_identify(myenv/lib/python3.12/site-packages/web3/providers/eth_tester/__pycache__) by extensions ['colcon_meta']
[0.596s] Level 1:colcon.colcon_core.package_identification:_identify(myenv/lib/python3.12/site-packages/web3/providers/eth_tester/__pycache__) by extension 'colcon_meta'
[0.596s] Level 1:colcon.colcon_core.package_identification:_identify(myenv/lib/python3.12/site-packages/web3/providers/eth_tester/__pycache__) by extensions ['ros']
[0.596s] Level 1:colcon.colcon_core.package_identification:_identify(myenv/lib/python3.12/site-packages/web3/providers/eth_tester/__pycache__) by extension 'ros'
[0.596s] Level 1:colcon.colcon_core.package_identification:_identify(myenv/lib/python3.12/site-packages/web3/providers/eth_tester/__pycache__) by extensions ['cmake', 'python']
[0.596s] Level 1:colcon.colcon_core.package_identification:_identify(myenv/lib/python3.12/site-packages/web3/providers/eth_tester/__pycache__) by extension 'cmake'
[0.596s] Level 1:colcon.colcon_core.package_identification:_identify(myenv/lib/python3.12/site-packages/web3/providers/eth_tester/__pycache__) by extension 'python'
[0.596s] Level 1:colcon.colcon_core.package_identification:_identify(myenv/lib/python3.12/site-packages/web3/providers/eth_tester/__pycache__) by extensions ['python_setup_py']
[0.596s] Level 1:colcon.colcon_core.package_identification:_identify(myenv/lib/python3.12/site-packages/web3/providers/eth_tester/__pycache__) by extension 'python_setup_py'
[0.596s] Level 1:colcon.colcon_core.package_identification:_identify(myenv/lib/python3.12/site-packages/web3/providers/persistent) by extensions ['ignore', 'ignore_ament_install']
[0.596s] Level 1:colcon.colcon_core.package_identification:_identify(myenv/lib/python3.12/site-packages/web3/providers/persistent) by extension 'ignore'
[0.596s] Level 1:colcon.colcon_core.package_identification:_identify(myenv/lib/python3.12/site-packages/web3/providers/persistent) by extension 'ignore_ament_install'
[0.596s] Level 1:colcon.colcon_core.package_identification:_identify(myenv/lib/python3.12/site-packages/web3/providers/persistent) by extensions ['colcon_pkg']
[0.596s] Level 1:colcon.colcon_core.package_identification:_identify(myenv/lib/python3.12/site-packages/web3/providers/persistent) by extension 'colcon_pkg'
[0.597s] Level 1:colcon.colcon_core.package_identification:_identify(myenv/lib/python3.12/site-packages/web3/providers/persistent) by extensions ['colcon_meta']
[0.597s] Level 1:colcon.colcon_core.package_identification:_identify(myenv/lib/python3.12/site-packages/web3/providers/persistent) by extension 'colcon_meta'
[0.597s] Level 1:colcon.colcon_core.package_identification:_identify(myenv/lib/python3.12/site-packages/web3/providers/persistent) by extensions ['ros']
[0.597s] Level 1:colcon.colcon_core.package_identification:_identify(myenv/lib/python3.12/site-packages/web3/providers/persistent) by extension 'ros'
[0.597s] Level 1:colcon.colcon_core.package_identification:_identify(myenv/lib/python3.12/site-packages/web3/providers/persistent) by extensions ['cmake', 'python']
[0.597s] Level 1:colcon.colcon_core.package_identification:_identify(myenv/lib/python3.12/site-packages/web3/providers/persistent) by extension 'cmake'
[0.597s] Level 1:colcon.colcon_core.package_identification:_identify(myenv/lib/python3.12/site-packages/web3/providers/persistent) by extension 'python'
[0.597s] Level 1:colcon.colcon_core.package_identification:_identify(myenv/lib/python3.12/site-packages/web3/providers/persistent) by extensions ['python_setup_py']
[0.597s] Level 1:colcon.colcon_core.package_identification:_identify(myenv/lib/python3.12/site-packages/web3/providers/persistent) by extension 'python_setup_py'
[0.597s] Level 1:colcon.colcon_core.package_identification:_identify(myenv/lib/python3.12/site-packages/web3/providers/persistent/__pycache__) by extensions ['ignore', 'ignore_ament_install']
[0.597s] Level 1:colcon.colcon_core.package_identification:_identify(myenv/lib/python3.12/site-packages/web3/providers/persistent/__pycache__) by extension 'ignore'
[0.597s] Level 1:colcon.colcon_core.package_identification:_identify(myenv/lib/python3.12/site-packages/web3/providers/persistent/__pycache__) by extension 'ignore_ament_install'
[0.597s] Level 1:colcon.colcon_core.package_identification:_identify(myenv/lib/python3.12/site-packages/web3/providers/persistent/__pycache__) by extensions ['colcon_pkg']
[0.597s] Level 1:colcon.colcon_core.package_identification:_identify(myenv/lib/python3.12/site-packages/web3/providers/persistent/__pycache__) by extension 'colcon_pkg'
[0.598s] Level 1:colcon.colcon_core.package_identification:_identify(myenv/lib/python3.12/site-packages/web3/providers/persistent/__pycache__) by extensions ['colcon_meta']
[0.598s] Level 1:colcon.colcon_core.package_identification:_identify(myenv/lib/python3.12/site-packages/web3/providers/persistent/__pycache__) by extension 'colcon_meta'
[0.598s] Level 1:colcon.colcon_core.package_identification:_identify(myenv/lib/python3.12/site-packages/web3/providers/persistent/__pycache__) by extensions ['ros']
[0.598s] Level 1:colcon.colcon_core.package_identification:_identify(myenv/lib/python3.12/site-packages/web3/providers/persistent/__pycache__) by extension 'ros'
[0.598s] Level 1:colcon.colcon_core.package_identification:_identify(myenv/lib/python3.12/site-packages/web3/providers/persistent/__pycache__) by extensions ['cmake', 'python']
[0.598s] Level 1:colcon.colcon_core.package_identification:_identify(myenv/lib/python3.12/site-packages/web3/providers/persistent/__pycache__) by extension 'cmake'
[0.598s] Level 1:colcon.colcon_core.package_identification:_identify(myenv/lib/python3.12/site-packages/web3/providers/persistent/__pycache__) by extension 'python'
[0.598s] Level 1:colcon.colcon_core.package_identification:_identify(myenv/lib/python3.12/site-packages/web3/providers/persistent/__pycache__) by extensions ['python_setup_py']
[0.598s] Level 1:colcon.colcon_core.package_identification:_identify(myenv/lib/python3.12/site-packages/web3/providers/persistent/__pycache__) by extension 'python_setup_py'
[0.598s] Level 1:colcon.colcon_core.package_identification:_identify(myenv/lib/python3.12/site-packages/web3/providers/rpc) by extensions ['ignore', 'ignore_ament_install']
[0.598s] Level 1:colcon.colcon_core.package_identification:_identify(myenv/lib/python3.12/site-packages/web3/providers/rpc) by extension 'ignore'
[0.598s] Level 1:colcon.colcon_core.package_identification:_identify(myenv/lib/python3.12/site-packages/web3/providers/rpc) by extension 'ignore_ament_install'
[0.598s] Level 1:colcon.colcon_core.package_identification:_identify(myenv/lib/python3.12/site-packages/web3/providers/rpc) by extensions ['colcon_pkg']
[0.598s] Level 1:colcon.colcon_core.package_identification:_identify(myenv/lib/python3.12/site-packages/web3/providers/rpc) by extension 'colcon_pkg'
[0.598s] Level 1:colcon.colcon_core.package_identification:_identify(myenv/lib/python3.12/site-packages/web3/providers/rpc) by extensions ['colcon_meta']
[0.598s] Level 1:colcon.colcon_core.package_identification:_identify(myenv/lib/python3.12/site-packages/web3/providers/rpc) by extension 'colcon_meta'
[0.599s] Level 1:colcon.colcon_core.package_identification:_identify(myenv/lib/python3.12/site-packages/web3/providers/rpc) by extensions ['ros']
[0.599s] Level 1:colcon.colcon_core.package_identification:_identify(myenv/lib/python3.12/site-packages/web3/providers/rpc) by extension 'ros'
[0.599s] Level 1:colcon.colcon_core.package_identification:_identify(myenv/lib/python3.12/site-packages/web3/providers/rpc) by extensions ['cmake', 'python']
[0.599s] Level 1:colcon.colcon_core.package_identification:_identify(myenv/lib/python3.12/site-packages/web3/providers/rpc) by extension 'cmake'
[0.599s] Level 1:colcon.colcon_core.package_identification:_identify(myenv/lib/python3.12/site-packages/web3/providers/rpc) by extension 'python'
[0.599s] Level 1:colcon.colcon_core.package_identification:_identify(myenv/lib/python3.12/site-packages/web3/providers/rpc) by extensions ['python_setup_py']
[0.599s] Level 1:colcon.colcon_core.package_identification:_identify(myenv/lib/python3.12/site-packages/web3/providers/rpc) by extension 'python_setup_py'
[0.599s] Level 1:colcon.colcon_core.package_identification:_identify(myenv/lib/python3.12/site-packages/web3/providers/rpc/__pycache__) by extensions ['ignore', 'ignore_ament_install']
[0.599s] Level 1:colcon.colcon_core.package_identification:_identify(myenv/lib/python3.12/site-packages/web3/providers/rpc/__pycache__) by extension 'ignore'
[0.599s] Level 1:colcon.colcon_core.package_identification:_identify(myenv/lib/python3.12/site-packages/web3/providers/rpc/__pycache__) by extension 'ignore_ament_install'
[0.599s] Level 1:colcon.colcon_core.package_identification:_identify(myenv/lib/python3.12/site-packages/web3/providers/rpc/__pycache__) by extensions ['colcon_pkg']
[0.599s] Level 1:colcon.colcon_core.package_identification:_identify(myenv/lib/python3.12/site-packages/web3/providers/rpc/__pycache__) by extension 'colcon_pkg'
[0.599s] Level 1:colcon.colcon_core.package_identification:_identify(myenv/lib/python3.12/site-packages/web3/providers/rpc/__pycache__) by extensions ['colcon_meta']
[0.599s] Level 1:colcon.colcon_core.package_identification:_identify(myenv/lib/python3.12/site-packages/web3/providers/rpc/__pycache__) by extension 'colcon_meta'
[0.600s] Level 1:colcon.colcon_core.package_identification:_identify(myenv/lib/python3.12/site-packages/web3/providers/rpc/__pycache__) by extensions ['ros']
[0.600s] Level 1:colcon.colcon_core.package_identification:_identify(myenv/lib/python3.12/site-packages/web3/providers/rpc/__pycache__) by extension 'ros'
[0.600s] Level 1:colcon.colcon_core.package_identification:_identify(myenv/lib/python3.12/site-packages/web3/providers/rpc/__pycache__) by extensions ['cmake', 'python']
[0.600s] Level 1:colcon.colcon_core.package_identification:_identify(myenv/lib/python3.12/site-packages/web3/providers/rpc/__pycache__) by extension 'cmake'
[0.600s] Level 1:colcon.colcon_core.package_identification:_identify(myenv/lib/python3.12/site-packages/web3/providers/rpc/__pycache__) by extension 'python'
[0.600s] Level 1:colcon.colcon_core.package_identification:_identify(myenv/lib/python3.12/site-packages/web3/providers/rpc/__pycache__) by extensions ['python_setup_py']
[0.600s] Level 1:colcon.colcon_core.package_identification:_identify(myenv/lib/python3.12/site-packages/web3/providers/rpc/__pycache__) by extension 'python_setup_py'
[0.600s] Level 1:colcon.colcon_core.package_identification:_identify(myenv/lib/python3.12/site-packages/web3/scripts) by extensions ['ignore', 'ignore_ament_install']
[0.600s] Level 1:colcon.colcon_core.package_identification:_identify(myenv/lib/python3.12/site-packages/web3/scripts) by extension 'ignore'
[0.600s] Level 1:colcon.colcon_core.package_identification:_identify(myenv/lib/python3.12/site-packages/web3/scripts) by extension 'ignore_ament_install'
[0.600s] Level 1:colcon.colcon_core.package_identification:_identify(myenv/lib/python3.12/site-packages/web3/scripts) by extensions ['colcon_pkg']
[0.600s] Level 1:colcon.colcon_core.package_identification:_identify(myenv/lib/python3.12/site-packages/web3/scripts) by extension 'colcon_pkg'
[0.600s] Level 1:colcon.colcon_core.package_identification:_identify(myenv/lib/python3.12/site-packages/web3/scripts) by extensions ['colcon_meta']
[0.600s] Level 1:colcon.colcon_core.package_identification:_identify(myenv/lib/python3.12/site-packages/web3/scripts) by extension 'colcon_meta'
[0.600s] Level 1:colcon.colcon_core.package_identification:_identify(myenv/lib/python3.12/site-packages/web3/scripts) by extensions ['ros']
[0.600s] Level 1:colcon.colcon_core.package_identification:_identify(myenv/lib/python3.12/site-packages/web3/scripts) by extension 'ros'
[0.601s] Level 1:colcon.colcon_core.package_identification:_identify(myenv/lib/python3.12/site-packages/web3/scripts) by extensions ['cmake', 'python']
[0.601s] Level 1:colcon.colcon_core.package_identification:_identify(myenv/lib/python3.12/site-packages/web3/scripts) by extension 'cmake'
[0.601s] Level 1:colcon.colcon_core.package_identification:_identify(myenv/lib/python3.12/site-packages/web3/scripts) by extension 'python'
[0.601s] Level 1:colcon.colcon_core.package_identification:_identify(myenv/lib/python3.12/site-packages/web3/scripts) by extensions ['python_setup_py']
[0.601s] Level 1:colcon.colcon_core.package_identification:_identify(myenv/lib/python3.12/site-packages/web3/scripts) by extension 'python_setup_py'
[0.601s] Level 1:colcon.colcon_core.package_identification:_identify(myenv/lib/python3.12/site-packages/web3/scripts/__pycache__) by extensions ['ignore', 'ignore_ament_install']
[0.601s] Level 1:colcon.colcon_core.package_identification:_identify(myenv/lib/python3.12/site-packages/web3/scripts/__pycache__) by extension 'ignore'
[0.601s] Level 1:colcon.colcon_core.package_identification:_identify(myenv/lib/python3.12/site-packages/web3/scripts/__pycache__) by extension 'ignore_ament_install'
[0.601s] Level 1:colcon.colcon_core.package_identification:_identify(myenv/lib/python3.12/site-packages/web3/scripts/__pycache__) by extensions ['colcon_pkg']
[0.601s] Level 1:colcon.colcon_core.package_identification:_identify(myenv/lib/python3.12/site-packages/web3/scripts/__pycache__) by extension 'colcon_pkg'
[0.601s] Level 1:colcon.colcon_core.package_identification:_identify(myenv/lib/python3.12/site-packages/web3/scripts/__pycache__) by extensions ['colcon_meta']
[0.601s] Level 1:colcon.colcon_core.package_identification:_identify(myenv/lib/python3.12/site-packages/web3/scripts/__pycache__) by extension 'colcon_meta'
[0.601s] Level 1:colcon.colcon_core.package_identification:_identify(myenv/lib/python3.12/site-packages/web3/scripts/__pycache__) by extensions ['ros']
[0.601s] Level 1:colcon.colcon_core.package_identification:_identify(myenv/lib/python3.12/site-packages/web3/scripts/__pycache__) by extension 'ros'
[0.602s] Level 1:colcon.colcon_core.package_identification:_identify(myenv/lib/python3.12/site-packages/web3/scripts/__pycache__) by extensions ['cmake', 'python']
[0.602s] Level 1:colcon.colcon_core.package_identification:_identify(myenv/lib/python3.12/site-packages/web3/scripts/__pycache__) by extension 'cmake'
[0.602s] Level 1:colcon.colcon_core.package_identification:_identify(myenv/lib/python3.12/site-packages/web3/scripts/__pycache__) by extension 'python'
[0.602s] Level 1:colcon.colcon_core.package_identification:_identify(myenv/lib/python3.12/site-packages/web3/scripts/__pycache__) by extensions ['python_setup_py']
[0.602s] Level 1:colcon.colcon_core.package_identification:_identify(myenv/lib/python3.12/site-packages/web3/scripts/__pycache__) by extension 'python_setup_py'
[0.602s] Level 1:colcon.colcon_core.package_identification:_identify(myenv/lib/python3.12/site-packages/web3/scripts/release) by extensions ['ignore', 'ignore_ament_install']
[0.602s] Level 1:colcon.colcon_core.package_identification:_identify(myenv/lib/python3.12/site-packages/web3/scripts/release) by extension 'ignore'
[0.602s] Level 1:colcon.colcon_core.package_identification:_identify(myenv/lib/python3.12/site-packages/web3/scripts/release) by extension 'ignore_ament_install'
[0.602s] Level 1:colcon.colcon_core.package_identification:_identify(myenv/lib/python3.12/site-packages/web3/scripts/release) by extensions ['colcon_pkg']
[0.602s] Level 1:colcon.colcon_core.package_identification:_identify(myenv/lib/python3.12/site-packages/web3/scripts/release) by extension 'colcon_pkg'
[0.602s] Level 1:colcon.colcon_core.package_identification:_identify(myenv/lib/python3.12/site-packages/web3/scripts/release) by extensions ['colcon_meta']
[0.602s] Level 1:colcon.colcon_core.package_identification:_identify(myenv/lib/python3.12/site-packages/web3/scripts/release) by extension 'colcon_meta'
[0.602s] Level 1:colcon.colcon_core.package_identification:_identify(myenv/lib/python3.12/site-packages/web3/scripts/release) by extensions ['ros']
[0.602s] Level 1:colcon.colcon_core.package_identification:_identify(myenv/lib/python3.12/site-packages/web3/scripts/release) by extension 'ros'
[0.602s] Level 1:colcon.colcon_core.package_identification:_identify(myenv/lib/python3.12/site-packages/web3/scripts/release) by extensions ['cmake', 'python']
[0.603s] Level 1:colcon.colcon_core.package_identification:_identify(myenv/lib/python3.12/site-packages/web3/scripts/release) by extension 'cmake'
[0.603s] Level 1:colcon.colcon_core.package_identification:_identify(myenv/lib/python3.12/site-packages/web3/scripts/release) by extension 'python'
[0.603s] Level 1:colcon.colcon_core.package_identification:_identify(myenv/lib/python3.12/site-packages/web3/scripts/release) by extensions ['python_setup_py']
[0.603s] Level 1:colcon.colcon_core.package_identification:_identify(myenv/lib/python3.12/site-packages/web3/scripts/release) by extension 'python_setup_py'
[0.603s] Level 1:colcon.colcon_core.package_identification:_identify(myenv/lib/python3.12/site-packages/web3/scripts/release/__pycache__) by extensions ['ignore', 'ignore_ament_install']
[0.603s] Level 1:colcon.colcon_core.package_identification:_identify(myenv/lib/python3.12/site-packages/web3/scripts/release/__pycache__) by extension 'ignore'
[0.603s] Level 1:colcon.colcon_core.package_identification:_identify(myenv/lib/python3.12/site-packages/web3/scripts/release/__pycache__) by extension 'ignore_ament_install'
[0.603s] Level 1:colcon.colcon_core.package_identification:_identify(myenv/lib/python3.12/site-packages/web3/scripts/release/__pycache__) by extensions ['colcon_pkg']
[0.603s] Level 1:colcon.colcon_core.package_identification:_identify(myenv/lib/python3.12/site-packages/web3/scripts/release/__pycache__) by extension 'colcon_pkg'
[0.603s] Level 1:colcon.colcon_core.package_identification:_identify(myenv/lib/python3.12/site-packages/web3/scripts/release/__pycache__) by extensions ['colcon_meta']
[0.603s] Level 1:colcon.colcon_core.package_identification:_identify(myenv/lib/python3.12/site-packages/web3/scripts/release/__pycache__) by extension 'colcon_meta'
[0.603s] Level 1:colcon.colcon_core.package_identification:_identify(myenv/lib/python3.12/site-packages/web3/scripts/release/__pycache__) by extensions ['ros']
[0.603s] Level 1:colcon.colcon_core.package_identification:_identify(myenv/lib/python3.12/site-packages/web3/scripts/release/__pycache__) by extension 'ros'
[0.603s] Level 1:colcon.colcon_core.package_identification:_identify(myenv/lib/python3.12/site-packages/web3/scripts/release/__pycache__) by extensions ['cmake', 'python']
[0.603s] Level 1:colcon.colcon_core.package_identification:_identify(myenv/lib/python3.12/site-packages/web3/scripts/release/__pycache__) by extension 'cmake'
[0.604s] Level 1:colcon.colcon_core.package_identification:_identify(myenv/lib/python3.12/site-packages/web3/scripts/release/__pycache__) by extension 'python'
[0.604s] Level 1:colcon.colcon_core.package_identification:_identify(myenv/lib/python3.12/site-packages/web3/scripts/release/__pycache__) by extensions ['python_setup_py']
[0.604s] Level 1:colcon.colcon_core.package_identification:_identify(myenv/lib/python3.12/site-packages/web3/scripts/release/__pycache__) by extension 'python_setup_py'
[0.604s] Level 1:colcon.colcon_core.package_identification:_identify(myenv/lib/python3.12/site-packages/web3/utils) by extensions ['ignore', 'ignore_ament_install']
[0.604s] Level 1:colcon.colcon_core.package_identification:_identify(myenv/lib/python3.12/site-packages/web3/utils) by extension 'ignore'
[0.604s] Level 1:colcon.colcon_core.package_identification:_identify(myenv/lib/python3.12/site-packages/web3/utils) by extension 'ignore_ament_install'
[0.604s] Level 1:colcon.colcon_core.package_identification:_identify(myenv/lib/python3.12/site-packages/web3/utils) by extensions ['colcon_pkg']
[0.604s] Level 1:colcon.colcon_core.package_identification:_identify(myenv/lib/python3.12/site-packages/web3/utils) by extension 'colcon_pkg'
[0.604s] Level 1:colcon.colcon_core.package_identification:_identify(myenv/lib/python3.12/site-packages/web3/utils) by extensions ['colcon_meta']
[0.604s] Level 1:colcon.colcon_core.package_identification:_identify(myenv/lib/python3.12/site-packages/web3/utils) by extension 'colcon_meta'
[0.604s] Level 1:colcon.colcon_core.package_identification:_identify(myenv/lib/python3.12/site-packages/web3/utils) by extensions ['ros']
[0.604s] Level 1:colcon.colcon_core.package_identification:_identify(myenv/lib/python3.12/site-packages/web3/utils) by extension 'ros'
[0.604s] Level 1:colcon.colcon_core.package_identification:_identify(myenv/lib/python3.12/site-packages/web3/utils) by extensions ['cmake', 'python']
[0.604s] Level 1:colcon.colcon_core.package_identification:_identify(myenv/lib/python3.12/site-packages/web3/utils) by extension 'cmake'
[0.604s] Level 1:colcon.colcon_core.package_identification:_identify(myenv/lib/python3.12/site-packages/web3/utils) by extension 'python'
[0.605s] Level 1:colcon.colcon_core.package_identification:_identify(myenv/lib/python3.12/site-packages/web3/utils) by extensions ['python_setup_py']
[0.605s] Level 1:colcon.colcon_core.package_identification:_identify(myenv/lib/python3.12/site-packages/web3/utils) by extension 'python_setup_py'
[0.605s] Level 1:colcon.colcon_core.package_identification:_identify(myenv/lib/python3.12/site-packages/web3/utils/__pycache__) by extensions ['ignore', 'ignore_ament_install']
[0.605s] Level 1:colcon.colcon_core.package_identification:_identify(myenv/lib/python3.12/site-packages/web3/utils/__pycache__) by extension 'ignore'
[0.605s] Level 1:colcon.colcon_core.package_identification:_identify(myenv/lib/python3.12/site-packages/web3/utils/__pycache__) by extension 'ignore_ament_install'
[0.605s] Level 1:colcon.colcon_core.package_identification:_identify(myenv/lib/python3.12/site-packages/web3/utils/__pycache__) by extensions ['colcon_pkg']
[0.605s] Level 1:colcon.colcon_core.package_identification:_identify(myenv/lib/python3.12/site-packages/web3/utils/__pycache__) by extension 'colcon_pkg'
[0.605s] Level 1:colcon.colcon_core.package_identification:_identify(myenv/lib/python3.12/site-packages/web3/utils/__pycache__) by extensions ['colcon_meta']
[0.605s] Level 1:colcon.colcon_core.package_identification:_identify(myenv/lib/python3.12/site-packages/web3/utils/__pycache__) by extension 'colcon_meta'
[0.605s] Level 1:colcon.colcon_core.package_identification:_identify(myenv/lib/python3.12/site-packages/web3/utils/__pycache__) by extensions ['ros']
[0.605s] Level 1:colcon.colcon_core.package_identification:_identify(myenv/lib/python3.12/site-packages/web3/utils/__pycache__) by extension 'ros'
[0.605s] Level 1:colcon.colcon_core.package_identification:_identify(myenv/lib/python3.12/site-packages/web3/utils/__pycache__) by extensions ['cmake', 'python']
[0.605s] Level 1:colcon.colcon_core.package_identification:_identify(myenv/lib/python3.12/site-packages/web3/utils/__pycache__) by extension 'cmake'
[0.605s] Level 1:colcon.colcon_core.package_identification:_identify(myenv/lib/python3.12/site-packages/web3/utils/__pycache__) by extension 'python'
[0.605s] Level 1:colcon.colcon_core.package_identification:_identify(myenv/lib/python3.12/site-packages/web3/utils/__pycache__) by extensions ['python_setup_py']
[0.605s] Level 1:colcon.colcon_core.package_identification:_identify(myenv/lib/python3.12/site-packages/web3/utils/__pycache__) by extension 'python_setup_py'
[0.606s] Level 1:colcon.colcon_core.package_identification:_identify(myenv/lib/python3.12/site-packages/web3-7.13.0.dist-info) by extensions ['ignore', 'ignore_ament_install']
[0.606s] Level 1:colcon.colcon_core.package_identification:_identify(myenv/lib/python3.12/site-packages/web3-7.13.0.dist-info) by extension 'ignore'
[0.606s] Level 1:colcon.colcon_core.package_identification:_identify(myenv/lib/python3.12/site-packages/web3-7.13.0.dist-info) by extension 'ignore_ament_install'
[0.606s] Level 1:colcon.colcon_core.package_identification:_identify(myenv/lib/python3.12/site-packages/web3-7.13.0.dist-info) by extensions ['colcon_pkg']
[0.606s] Level 1:colcon.colcon_core.package_identification:_identify(myenv/lib/python3.12/site-packages/web3-7.13.0.dist-info) by extension 'colcon_pkg'
[0.606s] Level 1:colcon.colcon_core.package_identification:_identify(myenv/lib/python3.12/site-packages/web3-7.13.0.dist-info) by extensions ['colcon_meta']
[0.606s] Level 1:colcon.colcon_core.package_identification:_identify(myenv/lib/python3.12/site-packages/web3-7.13.0.dist-info) by extension 'colcon_meta'
[0.606s] Level 1:colcon.colcon_core.package_identification:_identify(myenv/lib/python3.12/site-packages/web3-7.13.0.dist-info) by extensions ['ros']
[0.606s] Level 1:colcon.colcon_core.package_identification:_identify(myenv/lib/python3.12/site-packages/web3-7.13.0.dist-info) by extension 'ros'
[0.606s] Level 1:colcon.colcon_core.package_identification:_identify(myenv/lib/python3.12/site-packages/web3-7.13.0.dist-info) by extensions ['cmake', 'python']
[0.606s] Level 1:colcon.colcon_core.package_identification:_identify(myenv/lib/python3.12/site-packages/web3-7.13.0.dist-info) by extension 'cmake'
[0.606s] Level 1:colcon.colcon_core.package_identification:_identify(myenv/lib/python3.12/site-packages/web3-7.13.0.dist-info) by extension 'python'
[0.606s] Level 1:colcon.colcon_core.package_identification:_identify(myenv/lib/python3.12/site-packages/web3-7.13.0.dist-info) by extensions ['python_setup_py']
[0.606s] Level 1:colcon.colcon_core.package_identification:_identify(myenv/lib/python3.12/site-packages/web3-7.13.0.dist-info) by extension 'python_setup_py'
[0.607s] Level 1:colcon.colcon_core.package_identification:_identify(myenv/lib/python3.12/site-packages/web3-7.13.0.dist-info/licenses) by extensions ['ignore', 'ignore_ament_install']
[0.607s] Level 1:colcon.colcon_core.package_identification:_identify(myenv/lib/python3.12/site-packages/web3-7.13.0.dist-info/licenses) by extension 'ignore'
[0.607s] Level 1:colcon.colcon_core.package_identification:_identify(myenv/lib/python3.12/site-packages/web3-7.13.0.dist-info/licenses) by extension 'ignore_ament_install'
[0.607s] Level 1:colcon.colcon_core.package_identification:_identify(myenv/lib/python3.12/site-packages/web3-7.13.0.dist-info/licenses) by extensions ['colcon_pkg']
[0.607s] Level 1:colcon.colcon_core.package_identification:_identify(myenv/lib/python3.12/site-packages/web3-7.13.0.dist-info/licenses) by extension 'colcon_pkg'
[0.607s] Level 1:colcon.colcon_core.package_identification:_identify(myenv/lib/python3.12/site-packages/web3-7.13.0.dist-info/licenses) by extensions ['colcon_meta']
[0.607s] Level 1:colcon.colcon_core.package_identification:_identify(myenv/lib/python3.12/site-packages/web3-7.13.0.dist-info/licenses) by extension 'colcon_meta'
[0.607s] Level 1:colcon.colcon_core.package_identification:_identify(myenv/lib/python3.12/site-packages/web3-7.13.0.dist-info/licenses) by extensions ['ros']
[0.607s] Level 1:colcon.colcon_core.package_identification:_identify(myenv/lib/python3.12/site-packages/web3-7.13.0.dist-info/licenses) by extension 'ros'
[0.607s] Level 1:colcon.colcon_core.package_identification:_identify(myenv/lib/python3.12/site-packages/web3-7.13.0.dist-info/licenses) by extensions ['cmake', 'python']
[0.607s] Level 1:colcon.colcon_core.package_identification:_identify(myenv/lib/python3.12/site-packages/web3-7.13.0.dist-info/licenses) by extension 'cmake'
[0.607s] Level 1:colcon.colcon_core.package_identification:_identify(myenv/lib/python3.12/site-packages/web3-7.13.0.dist-info/licenses) by extension 'python'
[0.607s] Level 1:colcon.colcon_core.package_identification:_identify(myenv/lib/python3.12/site-packages/web3-7.13.0.dist-info/licenses) by extensions ['python_setup_py']
[0.607s] Level 1:colcon.colcon_core.package_identification:_identify(myenv/lib/python3.12/site-packages/web3-7.13.0.dist-info/licenses) by extension 'python_setup_py'
[0.607s] Level 1:colcon.colcon_core.package_identification:_identify(myenv/lib/python3.12/site-packages/websockets) by extensions ['ignore', 'ignore_ament_install']
[0.608s] Level 1:colcon.colcon_core.package_identification:_identify(myenv/lib/python3.12/site-packages/websockets) by extension 'ignore'
[0.608s] Level 1:colcon.colcon_core.package_identification:_identify(myenv/lib/python3.12/site-packages/websockets) by extension 'ignore_ament_install'
[0.608s] Level 1:colcon.colcon_core.package_identification:_identify(myenv/lib/python3.12/site-packages/websockets) by extensions ['colcon_pkg']
[0.608s] Level 1:colcon.colcon_core.package_identification:_identify(myenv/lib/python3.12/site-packages/websockets) by extension 'colcon_pkg'
[0.608s] Level 1:colcon.colcon_core.package_identification:_identify(myenv/lib/python3.12/site-packages/websockets) by extensions ['colcon_meta']
[0.608s] Level 1:colcon.colcon_core.package_identification:_identify(myenv/lib/python3.12/site-packages/websockets) by extension 'colcon_meta'
[0.608s] Level 1:colcon.colcon_core.package_identification:_identify(myenv/lib/python3.12/site-packages/websockets) by extensions ['ros']
[0.608s] Level 1:colcon.colcon_core.package_identification:_identify(myenv/lib/python3.12/site-packages/websockets) by extension 'ros'
[0.608s] Level 1:colcon.colcon_core.package_identification:_identify(myenv/lib/python3.12/site-packages/websockets) by extensions ['cmake', 'python']
[0.608s] Level 1:colcon.colcon_core.package_identification:_identify(myenv/lib/python3.12/site-packages/websockets) by extension 'cmake'
[0.608s] Level 1:colcon.colcon_core.package_identification:_identify(myenv/lib/python3.12/site-packages/websockets) by extension 'python'
[0.608s] Level 1:colcon.colcon_core.package_identification:_identify(myenv/lib/python3.12/site-packages/websockets) by extensions ['python_setup_py']
[0.608s] Level 1:colcon.colcon_core.package_identification:_identify(myenv/lib/python3.12/site-packages/websockets) by extension 'python_setup_py'
[0.608s] Level 1:colcon.colcon_core.package_identification:_identify(myenv/lib/python3.12/site-packages/websockets/__pycache__) by extensions ['ignore', 'ignore_ament_install']
[0.609s] Level 1:colcon.colcon_core.package_identification:_identify(myenv/lib/python3.12/site-packages/websockets/__pycache__) by extension 'ignore'
[0.609s] Level 1:colcon.colcon_core.package_identification:_identify(myenv/lib/python3.12/site-packages/websockets/__pycache__) by extension 'ignore_ament_install'
[0.609s] Level 1:colcon.colcon_core.package_identification:_identify(myenv/lib/python3.12/site-packages/websockets/__pycache__) by extensions ['colcon_pkg']
[0.609s] Level 1:colcon.colcon_core.package_identification:_identify(myenv/lib/python3.12/site-packages/websockets/__pycache__) by extension 'colcon_pkg'
[0.609s] Level 1:colcon.colcon_core.package_identification:_identify(myenv/lib/python3.12/site-packages/websockets/__pycache__) by extensions ['colcon_meta']
[0.609s] Level 1:colcon.colcon_core.package_identification:_identify(myenv/lib/python3.12/site-packages/websockets/__pycache__) by extension 'colcon_meta'
[0.609s] Level 1:colcon.colcon_core.package_identification:_identify(myenv/lib/python3.12/site-packages/websockets/__pycache__) by extensions ['ros']
[0.609s] Level 1:colcon.colcon_core.package_identification:_identify(myenv/lib/python3.12/site-packages/websockets/__pycache__) by extension 'ros'
[0.609s] Level 1:colcon.colcon_core.package_identification:_identify(myenv/lib/python3.12/site-packages/websockets/__pycache__) by extensions ['cmake', 'python']
[0.609s] Level 1:colcon.colcon_core.package_identification:_identify(myenv/lib/python3.12/site-packages/websockets/__pycache__) by extension 'cmake'
[0.609s] Level 1:colcon.colcon_core.package_identification:_identify(myenv/lib/python3.12/site-packages/websockets/__pycache__) by extension 'python'
[0.609s] Level 1:colcon.colcon_core.package_identification:_identify(myenv/lib/python3.12/site-packages/websockets/__pycache__) by extensions ['python_setup_py']
[0.609s] Level 1:colcon.colcon_core.package_identification:_identify(myenv/lib/python3.12/site-packages/websockets/__pycache__) by extension 'python_setup_py'
[0.609s] Level 1:colcon.colcon_core.package_identification:_identify(myenv/lib/python3.12/site-packages/websockets/asyncio) by extensions ['ignore', 'ignore_ament_install']
[0.609s] Level 1:colcon.colcon_core.package_identification:_identify(myenv/lib/python3.12/site-packages/websockets/asyncio) by extension 'ignore'
[0.610s] Level 1:colcon.colcon_core.package_identification:_identify(myenv/lib/python3.12/site-packages/websockets/asyncio) by extension 'ignore_ament_install'
[0.610s] Level 1:colcon.colcon_core.package_identification:_identify(myenv/lib/python3.12/site-packages/websockets/asyncio) by extensions ['colcon_pkg']
[0.610s] Level 1:colcon.colcon_core.package_identification:_identify(myenv/lib/python3.12/site-packages/websockets/asyncio) by extension 'colcon_pkg'
[0.610s] Level 1:colcon.colcon_core.package_identification:_identify(myenv/lib/python3.12/site-packages/websockets/asyncio) by extensions ['colcon_meta']
[0.610s] Level 1:colcon.colcon_core.package_identification:_identify(myenv/lib/python3.12/site-packages/websockets/asyncio) by extension 'colcon_meta'
[0.610s] Level 1:colcon.colcon_core.package_identification:_identify(myenv/lib/python3.12/site-packages/websockets/asyncio) by extensions ['ros']
[0.610s] Level 1:colcon.colcon_core.package_identification:_identify(myenv/lib/python3.12/site-packages/websockets/asyncio) by extension 'ros'
[0.610s] Level 1:colcon.colcon_core.package_identification:_identify(myenv/lib/python3.12/site-packages/websockets/asyncio) by extensions ['cmake', 'python']
[0.610s] Level 1:colcon.colcon_core.package_identification:_identify(myenv/lib/python3.12/site-packages/websockets/asyncio) by extension 'cmake'
[0.610s] Level 1:colcon.colcon_core.package_identification:_identify(myenv/lib/python3.12/site-packages/websockets/asyncio) by extension 'python'
[0.610s] Level 1:colcon.colcon_core.package_identification:_identify(myenv/lib/python3.12/site-packages/websockets/asyncio) by extensions ['python_setup_py']
[0.610s] Level 1:colcon.colcon_core.package_identification:_identify(myenv/lib/python3.12/site-packages/websockets/asyncio) by extension 'python_setup_py'
[0.610s] Level 1:colcon.colcon_core.package_identification:_identify(myenv/lib/python3.12/site-packages/websockets/asyncio/__pycache__) by extensions ['ignore', 'ignore_ament_install']
[0.610s] Level 1:colcon.colcon_core.package_identification:_identify(myenv/lib/python3.12/site-packages/websockets/asyncio/__pycache__) by extension 'ignore'
[0.610s] Level 1:colcon.colcon_core.package_identification:_identify(myenv/lib/python3.12/site-packages/websockets/asyncio/__pycache__) by extension 'ignore_ament_install'
[0.611s] Level 1:colcon.colcon_core.package_identification:_identify(myenv/lib/python3.12/site-packages/websockets/asyncio/__pycache__) by extensions ['colcon_pkg']
[0.611s] Level 1:colcon.colcon_core.package_identification:_identify(myenv/lib/python3.12/site-packages/websockets/asyncio/__pycache__) by extension 'colcon_pkg'
[0.611s] Level 1:colcon.colcon_core.package_identification:_identify(myenv/lib/python3.12/site-packages/websockets/asyncio/__pycache__) by extensions ['colcon_meta']
[0.611s] Level 1:colcon.colcon_core.package_identification:_identify(myenv/lib/python3.12/site-packages/websockets/asyncio/__pycache__) by extension 'colcon_meta'
[0.611s] Level 1:colcon.colcon_core.package_identification:_identify(myenv/lib/python3.12/site-packages/websockets/asyncio/__pycache__) by extensions ['ros']
[0.611s] Level 1:colcon.colcon_core.package_identification:_identify(myenv/lib/python3.12/site-packages/websockets/asyncio/__pycache__) by extension 'ros'
[0.611s] Level 1:colcon.colcon_core.package_identification:_identify(myenv/lib/python3.12/site-packages/websockets/asyncio/__pycache__) by extensions ['cmake', 'python']
[0.611s] Level 1:colcon.colcon_core.package_identification:_identify(myenv/lib/python3.12/site-packages/websockets/asyncio/__pycache__) by extension 'cmake'
[0.611s] Level 1:colcon.colcon_core.package_identification:_identify(myenv/lib/python3.12/site-packages/websockets/asyncio/__pycache__) by extension 'python'
[0.611s] Level 1:colcon.colcon_core.package_identification:_identify(myenv/lib/python3.12/site-packages/websockets/asyncio/__pycache__) by extensions ['python_setup_py']
[0.611s] Level 1:colcon.colcon_core.package_identification:_identify(myenv/lib/python3.12/site-packages/websockets/asyncio/__pycache__) by extension 'python_setup_py'
[0.611s] Level 1:colcon.colcon_core.package_identification:_identify(myenv/lib/python3.12/site-packages/websockets/extensions) by extensions ['ignore', 'ignore_ament_install']
[0.611s] Level 1:colcon.colcon_core.package_identification:_identify(myenv/lib/python3.12/site-packages/websockets/extensions) by extension 'ignore'
[0.611s] Level 1:colcon.colcon_core.package_identification:_identify(myenv/lib/python3.12/site-packages/websockets/extensions) by extension 'ignore_ament_install'
[0.611s] Level 1:colcon.colcon_core.package_identification:_identify(myenv/lib/python3.12/site-packages/websockets/extensions) by extensions ['colcon_pkg']
[0.612s] Level 1:colcon.colcon_core.package_identification:_identify(myenv/lib/python3.12/site-packages/websockets/extensions) by extension 'colcon_pkg'
[0.612s] Level 1:colcon.colcon_core.package_identification:_identify(myenv/lib/python3.12/site-packages/websockets/extensions) by extensions ['colcon_meta']
[0.612s] Level 1:colcon.colcon_core.package_identification:_identify(myenv/lib/python3.12/site-packages/websockets/extensions) by extension 'colcon_meta'
[0.612s] Level 1:colcon.colcon_core.package_identification:_identify(myenv/lib/python3.12/site-packages/websockets/extensions) by extensions ['ros']
[0.612s] Level 1:colcon.colcon_core.package_identification:_identify(myenv/lib/python3.12/site-packages/websockets/extensions) by extension 'ros'
[0.612s] Level 1:colcon.colcon_core.package_identification:_identify(myenv/lib/python3.12/site-packages/websockets/extensions) by extensions ['cmake', 'python']
[0.612s] Level 1:colcon.colcon_core.package_identification:_identify(myenv/lib/python3.12/site-packages/websockets/extensions) by extension 'cmake'
[0.612s] Level 1:colcon.colcon_core.package_identification:_identify(myenv/lib/python3.12/site-packages/websockets/extensions) by extension 'python'
[0.612s] Level 1:colcon.colcon_core.package_identification:_identify(myenv/lib/python3.12/site-packages/websockets/extensions) by extensions ['python_setup_py']
[0.612s] Level 1:colcon.colcon_core.package_identification:_identify(myenv/lib/python3.12/site-packages/websockets/extensions) by extension 'python_setup_py'
[0.612s] Level 1:colcon.colcon_core.package_identification:_identify(myenv/lib/python3.12/site-packages/websockets/extensions/__pycache__) by extensions ['ignore', 'ignore_ament_install']
[0.612s] Level 1:colcon.colcon_core.package_identification:_identify(myenv/lib/python3.12/site-packages/websockets/extensions/__pycache__) by extension 'ignore'
[0.612s] Level 1:colcon.colcon_core.package_identification:_identify(myenv/lib/python3.12/site-packages/websockets/extensions/__pycache__) by extension 'ignore_ament_install'
[0.612s] Level 1:colcon.colcon_core.package_identification:_identify(myenv/lib/python3.12/site-packages/websockets/extensions/__pycache__) by extensions ['colcon_pkg']
[0.612s] Level 1:colcon.colcon_core.package_identification:_identify(myenv/lib/python3.12/site-packages/websockets/extensions/__pycache__) by extension 'colcon_pkg'
[0.612s] Level 1:colcon.colcon_core.package_identification:_identify(myenv/lib/python3.12/site-packages/websockets/extensions/__pycache__) by extensions ['colcon_meta']
[0.613s] Level 1:colcon.colcon_core.package_identification:_identify(myenv/lib/python3.12/site-packages/websockets/extensions/__pycache__) by extension 'colcon_meta'
[0.613s] Level 1:colcon.colcon_core.package_identification:_identify(myenv/lib/python3.12/site-packages/websockets/extensions/__pycache__) by extensions ['ros']
[0.613s] Level 1:colcon.colcon_core.package_identification:_identify(myenv/lib/python3.12/site-packages/websockets/extensions/__pycache__) by extension 'ros'
[0.613s] Level 1:colcon.colcon_core.package_identification:_identify(myenv/lib/python3.12/site-packages/websockets/extensions/__pycache__) by extensions ['cmake', 'python']
[0.613s] Level 1:colcon.colcon_core.package_identification:_identify(myenv/lib/python3.12/site-packages/websockets/extensions/__pycache__) by extension 'cmake'
[0.613s] Level 1:colcon.colcon_core.package_identification:_identify(myenv/lib/python3.12/site-packages/websockets/extensions/__pycache__) by extension 'python'
[0.613s] Level 1:colcon.colcon_core.package_identification:_identify(myenv/lib/python3.12/site-packages/websockets/extensions/__pycache__) by extensions ['python_setup_py']
[0.613s] Level 1:colcon.colcon_core.package_identification:_identify(myenv/lib/python3.12/site-packages/websockets/extensions/__pycache__) by extension 'python_setup_py'
[0.613s] Level 1:colcon.colcon_core.package_identification:_identify(myenv/lib/python3.12/site-packages/websockets/legacy) by extensions ['ignore', 'ignore_ament_install']
[0.613s] Level 1:colcon.colcon_core.package_identification:_identify(myenv/lib/python3.12/site-packages/websockets/legacy) by extension 'ignore'
[0.613s] Level 1:colcon.colcon_core.package_identification:_identify(myenv/lib/python3.12/site-packages/websockets/legacy) by extension 'ignore_ament_install'
[0.613s] Level 1:colcon.colcon_core.package_identification:_identify(myenv/lib/python3.12/site-packages/websockets/legacy) by extensions ['colcon_pkg']
[0.613s] Level 1:colcon.colcon_core.package_identification:_identify(myenv/lib/python3.12/site-packages/websockets/legacy) by extension 'colcon_pkg'
[0.613s] Level 1:colcon.colcon_core.package_identification:_identify(myenv/lib/python3.12/site-packages/websockets/legacy) by extensions ['colcon_meta']
[0.613s] Level 1:colcon.colcon_core.package_identification:_identify(myenv/lib/python3.12/site-packages/websockets/legacy) by extension 'colcon_meta'
[0.614s] Level 1:colcon.colcon_core.package_identification:_identify(myenv/lib/python3.12/site-packages/websockets/legacy) by extensions ['ros']
[0.614s] Level 1:colcon.colcon_core.package_identification:_identify(myenv/lib/python3.12/site-packages/websockets/legacy) by extension 'ros'
[0.614s] Level 1:colcon.colcon_core.package_identification:_identify(myenv/lib/python3.12/site-packages/websockets/legacy) by extensions ['cmake', 'python']
[0.614s] Level 1:colcon.colcon_core.package_identification:_identify(myenv/lib/python3.12/site-packages/websockets/legacy) by extension 'cmake'
[0.614s] Level 1:colcon.colcon_core.package_identification:_identify(myenv/lib/python3.12/site-packages/websockets/legacy) by extension 'python'
[0.614s] Level 1:colcon.colcon_core.package_identification:_identify(myenv/lib/python3.12/site-packages/websockets/legacy) by extensions ['python_setup_py']
[0.614s] Level 1:colcon.colcon_core.package_identification:_identify(myenv/lib/python3.12/site-packages/websockets/legacy) by extension 'python_setup_py'
[0.614s] Level 1:colcon.colcon_core.package_identification:_identify(myenv/lib/python3.12/site-packages/websockets/legacy/__pycache__) by extensions ['ignore', 'ignore_ament_install']
[0.614s] Level 1:colcon.colcon_core.package_identification:_identify(myenv/lib/python3.12/site-packages/websockets/legacy/__pycache__) by extension 'ignore'
[0.614s] Level 1:colcon.colcon_core.package_identification:_identify(myenv/lib/python3.12/site-packages/websockets/legacy/__pycache__) by extension 'ignore_ament_install'
[0.614s] Level 1:colcon.colcon_core.package_identification:_identify(myenv/lib/python3.12/site-packages/websockets/legacy/__pycache__) by extensions ['colcon_pkg']
[0.614s] Level 1:colcon.colcon_core.package_identification:_identify(myenv/lib/python3.12/site-packages/websockets/legacy/__pycache__) by extension 'colcon_pkg'
[0.614s] Level 1:colcon.colcon_core.package_identification:_identify(myenv/lib/python3.12/site-packages/websockets/legacy/__pycache__) by extensions ['colcon_meta']
[0.614s] Level 1:colcon.colcon_core.package_identification:_identify(myenv/lib/python3.12/site-packages/websockets/legacy/__pycache__) by extension 'colcon_meta'
[0.614s] Level 1:colcon.colcon_core.package_identification:_identify(myenv/lib/python3.12/site-packages/websockets/legacy/__pycache__) by extensions ['ros']
[0.615s] Level 1:colcon.colcon_core.package_identification:_identify(myenv/lib/python3.12/site-packages/websockets/legacy/__pycache__) by extension 'ros'
[0.615s] Level 1:colcon.colcon_core.package_identification:_identify(myenv/lib/python3.12/site-packages/websockets/legacy/__pycache__) by extensions ['cmake', 'python']
[0.615s] Level 1:colcon.colcon_core.package_identification:_identify(myenv/lib/python3.12/site-packages/websockets/legacy/__pycache__) by extension 'cmake'
[0.615s] Level 1:colcon.colcon_core.package_identification:_identify(myenv/lib/python3.12/site-packages/websockets/legacy/__pycache__) by extension 'python'
[0.615s] Level 1:colcon.colcon_core.package_identification:_identify(myenv/lib/python3.12/site-packages/websockets/legacy/__pycache__) by extensions ['python_setup_py']
[0.615s] Level 1:colcon.colcon_core.package_identification:_identify(myenv/lib/python3.12/site-packages/websockets/legacy/__pycache__) by extension 'python_setup_py'
[0.615s] Level 1:colcon.colcon_core.package_identification:_identify(myenv/lib/python3.12/site-packages/websockets/sync) by extensions ['ignore', 'ignore_ament_install']
[0.615s] Level 1:colcon.colcon_core.package_identification:_identify(myenv/lib/python3.12/site-packages/websockets/sync) by extension 'ignore'
[0.615s] Level 1:colcon.colcon_core.package_identification:_identify(myenv/lib/python3.12/site-packages/websockets/sync) by extension 'ignore_ament_install'
[0.615s] Level 1:colcon.colcon_core.package_identification:_identify(myenv/lib/python3.12/site-packages/websockets/sync) by extensions ['colcon_pkg']
[0.615s] Level 1:colcon.colcon_core.package_identification:_identify(myenv/lib/python3.12/site-packages/websockets/sync) by extension 'colcon_pkg'
[0.615s] Level 1:colcon.colcon_core.package_identification:_identify(myenv/lib/python3.12/site-packages/websockets/sync) by extensions ['colcon_meta']
[0.615s] Level 1:colcon.colcon_core.package_identification:_identify(myenv/lib/python3.12/site-packages/websockets/sync) by extension 'colcon_meta'
[0.615s] Level 1:colcon.colcon_core.package_identification:_identify(myenv/lib/python3.12/site-packages/websockets/sync) by extensions ['ros']
[0.615s] Level 1:colcon.colcon_core.package_identification:_identify(myenv/lib/python3.12/site-packages/websockets/sync) by extension 'ros'
[0.616s] Level 1:colcon.colcon_core.package_identification:_identify(myenv/lib/python3.12/site-packages/websockets/sync) by extensions ['cmake', 'python']
[0.616s] Level 1:colcon.colcon_core.package_identification:_identify(myenv/lib/python3.12/site-packages/websockets/sync) by extension 'cmake'
[0.616s] Level 1:colcon.colcon_core.package_identification:_identify(myenv/lib/python3.12/site-packages/websockets/sync) by extension 'python'
[0.616s] Level 1:colcon.colcon_core.package_identification:_identify(myenv/lib/python3.12/site-packages/websockets/sync) by extensions ['python_setup_py']
[0.616s] Level 1:colcon.colcon_core.package_identification:_identify(myenv/lib/python3.12/site-packages/websockets/sync) by extension 'python_setup_py'
[0.616s] Level 1:colcon.colcon_core.package_identification:_identify(myenv/lib/python3.12/site-packages/websockets/sync/__pycache__) by extensions ['ignore', 'ignore_ament_install']
[0.616s] Level 1:colcon.colcon_core.package_identification:_identify(myenv/lib/python3.12/site-packages/websockets/sync/__pycache__) by extension 'ignore'
[0.616s] Level 1:colcon.colcon_core.package_identification:_identify(myenv/lib/python3.12/site-packages/websockets/sync/__pycache__) by extension 'ignore_ament_install'
[0.616s] Level 1:colcon.colcon_core.package_identification:_identify(myenv/lib/python3.12/site-packages/websockets/sync/__pycache__) by extensions ['colcon_pkg']
[0.616s] Level 1:colcon.colcon_core.package_identification:_identify(myenv/lib/python3.12/site-packages/websockets/sync/__pycache__) by extension 'colcon_pkg'
[0.616s] Level 1:colcon.colcon_core.package_identification:_identify(myenv/lib/python3.12/site-packages/websockets/sync/__pycache__) by extensions ['colcon_meta']
[0.616s] Level 1:colcon.colcon_core.package_identification:_identify(myenv/lib/python3.12/site-packages/websockets/sync/__pycache__) by extension 'colcon_meta'
[0.616s] Level 1:colcon.colcon_core.package_identification:_identify(myenv/lib/python3.12/site-packages/websockets/sync/__pycache__) by extensions ['ros']
[0.616s] Level 1:colcon.colcon_core.package_identification:_identify(myenv/lib/python3.12/site-packages/websockets/sync/__pycache__) by extension 'ros'
[0.617s] Level 1:colcon.colcon_core.package_identification:_identify(myenv/lib/python3.12/site-packages/websockets/sync/__pycache__) by extensions ['cmake', 'python']
[0.617s] Level 1:colcon.colcon_core.package_identification:_identify(myenv/lib/python3.12/site-packages/websockets/sync/__pycache__) by extension 'cmake'
[0.617s] Level 1:colcon.colcon_core.package_identification:_identify(myenv/lib/python3.12/site-packages/websockets/sync/__pycache__) by extension 'python'
[0.617s] Level 1:colcon.colcon_core.package_identification:_identify(myenv/lib/python3.12/site-packages/websockets/sync/__pycache__) by extensions ['python_setup_py']
[0.617s] Level 1:colcon.colcon_core.package_identification:_identify(myenv/lib/python3.12/site-packages/websockets/sync/__pycache__) by extension 'python_setup_py'
[0.617s] Level 1:colcon.colcon_core.package_identification:_identify(myenv/lib/python3.12/site-packages/websockets-15.0.1.dist-info) by extensions ['ignore', 'ignore_ament_install']
[0.617s] Level 1:colcon.colcon_core.package_identification:_identify(myenv/lib/python3.12/site-packages/websockets-15.0.1.dist-info) by extension 'ignore'
[0.617s] Level 1:colcon.colcon_core.package_identification:_identify(myenv/lib/python3.12/site-packages/websockets-15.0.1.dist-info) by extension 'ignore_ament_install'
[0.617s] Level 1:colcon.colcon_core.package_identification:_identify(myenv/lib/python3.12/site-packages/websockets-15.0.1.dist-info) by extensions ['colcon_pkg']
[0.617s] Level 1:colcon.colcon_core.package_identification:_identify(myenv/lib/python3.12/site-packages/websockets-15.0.1.dist-info) by extension 'colcon_pkg'
[0.617s] Level 1:colcon.colcon_core.package_identification:_identify(myenv/lib/python3.12/site-packages/websockets-15.0.1.dist-info) by extensions ['colcon_meta']
[0.617s] Level 1:colcon.colcon_core.package_identification:_identify(myenv/lib/python3.12/site-packages/websockets-15.0.1.dist-info) by extension 'colcon_meta'
[0.617s] Level 1:colcon.colcon_core.package_identification:_identify(myenv/lib/python3.12/site-packages/websockets-15.0.1.dist-info) by extensions ['ros']
[0.617s] Level 1:colcon.colcon_core.package_identification:_identify(myenv/lib/python3.12/site-packages/websockets-15.0.1.dist-info) by extension 'ros'
[0.617s] Level 1:colcon.colcon_core.package_identification:_identify(myenv/lib/python3.12/site-packages/websockets-15.0.1.dist-info) by extensions ['cmake', 'python']
[0.617s] Level 1:colcon.colcon_core.package_identification:_identify(myenv/lib/python3.12/site-packages/websockets-15.0.1.dist-info) by extension 'cmake'
[0.618s] Level 1:colcon.colcon_core.package_identification:_identify(myenv/lib/python3.12/site-packages/websockets-15.0.1.dist-info) by extension 'python'
[0.618s] Level 1:colcon.colcon_core.package_identification:_identify(myenv/lib/python3.12/site-packages/websockets-15.0.1.dist-info) by extensions ['python_setup_py']
[0.618s] Level 1:colcon.colcon_core.package_identification:_identify(myenv/lib/python3.12/site-packages/websockets-15.0.1.dist-info) by extension 'python_setup_py'
[0.618s] Level 1:colcon.colcon_core.package_identification:_identify(myenv/lib/python3.12/site-packages/yarl) by extensions ['ignore', 'ignore_ament_install']
[0.618s] Level 1:colcon.colcon_core.package_identification:_identify(myenv/lib/python3.12/site-packages/yarl) by extension 'ignore'
[0.618s] Level 1:colcon.colcon_core.package_identification:_identify(myenv/lib/python3.12/site-packages/yarl) by extension 'ignore_ament_install'
[0.618s] Level 1:colcon.colcon_core.package_identification:_identify(myenv/lib/python3.12/site-packages/yarl) by extensions ['colcon_pkg']
[0.618s] Level 1:colcon.colcon_core.package_identification:_identify(myenv/lib/python3.12/site-packages/yarl) by extension 'colcon_pkg'
[0.618s] Level 1:colcon.colcon_core.package_identification:_identify(myenv/lib/python3.12/site-packages/yarl) by extensions ['colcon_meta']
[0.618s] Level 1:colcon.colcon_core.package_identification:_identify(myenv/lib/python3.12/site-packages/yarl) by extension 'colcon_meta'
[0.618s] Level 1:colcon.colcon_core.package_identification:_identify(myenv/lib/python3.12/site-packages/yarl) by extensions ['ros']
[0.618s] Level 1:colcon.colcon_core.package_identification:_identify(myenv/lib/python3.12/site-packages/yarl) by extension 'ros'
[0.618s] Level 1:colcon.colcon_core.package_identification:_identify(myenv/lib/python3.12/site-packages/yarl) by extensions ['cmake', 'python']
[0.618s] Level 1:colcon.colcon_core.package_identification:_identify(myenv/lib/python3.12/site-packages/yarl) by extension 'cmake'
[0.618s] Level 1:colcon.colcon_core.package_identification:_identify(myenv/lib/python3.12/site-packages/yarl) by extension 'python'
[0.619s] Level 1:colcon.colcon_core.package_identification:_identify(myenv/lib/python3.12/site-packages/yarl) by extensions ['python_setup_py']
[0.619s] Level 1:colcon.colcon_core.package_identification:_identify(myenv/lib/python3.12/site-packages/yarl) by extension 'python_setup_py'
[0.619s] Level 1:colcon.colcon_core.package_identification:_identify(myenv/lib/python3.12/site-packages/yarl/__pycache__) by extensions ['ignore', 'ignore_ament_install']
[0.619s] Level 1:colcon.colcon_core.package_identification:_identify(myenv/lib/python3.12/site-packages/yarl/__pycache__) by extension 'ignore'
[0.619s] Level 1:colcon.colcon_core.package_identification:_identify(myenv/lib/python3.12/site-packages/yarl/__pycache__) by extension 'ignore_ament_install'
[0.619s] Level 1:colcon.colcon_core.package_identification:_identify(myenv/lib/python3.12/site-packages/yarl/__pycache__) by extensions ['colcon_pkg']
[0.619s] Level 1:colcon.colcon_core.package_identification:_identify(myenv/lib/python3.12/site-packages/yarl/__pycache__) by extension 'colcon_pkg'
[0.619s] Level 1:colcon.colcon_core.package_identification:_identify(myenv/lib/python3.12/site-packages/yarl/__pycache__) by extensions ['colcon_meta']
[0.619s] Level 1:colcon.colcon_core.package_identification:_identify(myenv/lib/python3.12/site-packages/yarl/__pycache__) by extension 'colcon_meta'
[0.619s] Level 1:colcon.colcon_core.package_identification:_identify(myenv/lib/python3.12/site-packages/yarl/__pycache__) by extensions ['ros']
[0.619s] Level 1:colcon.colcon_core.package_identification:_identify(myenv/lib/python3.12/site-packages/yarl/__pycache__) by extension 'ros'
[0.619s] Level 1:colcon.colcon_core.package_identification:_identify(myenv/lib/python3.12/site-packages/yarl/__pycache__) by extensions ['cmake', 'python']
[0.619s] Level 1:colcon.colcon_core.package_identification:_identify(myenv/lib/python3.12/site-packages/yarl/__pycache__) by extension 'cmake'
[0.619s] Level 1:colcon.colcon_core.package_identification:_identify(myenv/lib/python3.12/site-packages/yarl/__pycache__) by extension 'python'
[0.619s] Level 1:colcon.colcon_core.package_identification:_identify(myenv/lib/python3.12/site-packages/yarl/__pycache__) by extensions ['python_setup_py']
[0.619s] Level 1:colcon.colcon_core.package_identification:_identify(myenv/lib/python3.12/site-packages/yarl/__pycache__) by extension 'python_setup_py'
[0.620s] Level 1:colcon.colcon_core.package_identification:_identify(myenv/lib/python3.12/site-packages/yarl-1.20.1.dist-info) by extensions ['ignore', 'ignore_ament_install']
[0.620s] Level 1:colcon.colcon_core.package_identification:_identify(myenv/lib/python3.12/site-packages/yarl-1.20.1.dist-info) by extension 'ignore'
[0.620s] Level 1:colcon.colcon_core.package_identification:_identify(myenv/lib/python3.12/site-packages/yarl-1.20.1.dist-info) by extension 'ignore_ament_install'
[0.620s] Level 1:colcon.colcon_core.package_identification:_identify(myenv/lib/python3.12/site-packages/yarl-1.20.1.dist-info) by extensions ['colcon_pkg']
[0.620s] Level 1:colcon.colcon_core.package_identification:_identify(myenv/lib/python3.12/site-packages/yarl-1.20.1.dist-info) by extension 'colcon_pkg'
[0.620s] Level 1:colcon.colcon_core.package_identification:_identify(myenv/lib/python3.12/site-packages/yarl-1.20.1.dist-info) by extensions ['colcon_meta']
[0.620s] Level 1:colcon.colcon_core.package_identification:_identify(myenv/lib/python3.12/site-packages/yarl-1.20.1.dist-info) by extension 'colcon_meta'
[0.620s] Level 1:colcon.colcon_core.package_identification:_identify(myenv/lib/python3.12/site-packages/yarl-1.20.1.dist-info) by extensions ['ros']
[0.620s] Level 1:colcon.colcon_core.package_identification:_identify(myenv/lib/python3.12/site-packages/yarl-1.20.1.dist-info) by extension 'ros'
[0.620s] Level 1:colcon.colcon_core.package_identification:_identify(myenv/lib/python3.12/site-packages/yarl-1.20.1.dist-info) by extensions ['cmake', 'python']
[0.620s] Level 1:colcon.colcon_core.package_identification:_identify(myenv/lib/python3.12/site-packages/yarl-1.20.1.dist-info) by extension 'cmake'
[0.620s] Level 1:colcon.colcon_core.package_identification:_identify(myenv/lib/python3.12/site-packages/yarl-1.20.1.dist-info) by extension 'python'
[0.620s] Level 1:colcon.colcon_core.package_identification:_identify(myenv/lib/python3.12/site-packages/yarl-1.20.1.dist-info) by extensions ['python_setup_py']
[0.620s] Level 1:colcon.colcon_core.package_identification:_identify(myenv/lib/python3.12/site-packages/yarl-1.20.1.dist-info) by extension 'python_setup_py'
[0.621s] Level 1:colcon.colcon_core.package_identification:_identify(myenv/lib/python3.12/site-packages/yarl-1.20.1.dist-info/licenses) by extensions ['ignore', 'ignore_ament_install']
[0.621s] Level 1:colcon.colcon_core.package_identification:_identify(myenv/lib/python3.12/site-packages/yarl-1.20.1.dist-info/licenses) by extension 'ignore'
[0.621s] Level 1:colcon.colcon_core.package_identification:_identify(myenv/lib/python3.12/site-packages/yarl-1.20.1.dist-info/licenses) by extension 'ignore_ament_install'
[0.621s] Level 1:colcon.colcon_core.package_identification:_identify(myenv/lib/python3.12/site-packages/yarl-1.20.1.dist-info/licenses) by extensions ['colcon_pkg']
[0.621s] Level 1:colcon.colcon_core.package_identification:_identify(myenv/lib/python3.12/site-packages/yarl-1.20.1.dist-info/licenses) by extension 'colcon_pkg'
[0.621s] Level 1:colcon.colcon_core.package_identification:_identify(myenv/lib/python3.12/site-packages/yarl-1.20.1.dist-info/licenses) by extensions ['colcon_meta']
[0.621s] Level 1:colcon.colcon_core.package_identification:_identify(myenv/lib/python3.12/site-packages/yarl-1.20.1.dist-info/licenses) by extension 'colcon_meta'
[0.621s] Level 1:colcon.colcon_core.package_identification:_identify(myenv/lib/python3.12/site-packages/yarl-1.20.1.dist-info/licenses) by extensions ['ros']
[0.621s] Level 1:colcon.colcon_core.package_identification:_identify(myenv/lib/python3.12/site-packages/yarl-1.20.1.dist-info/licenses) by extension 'ros'
[0.621s] Level 1:colcon.colcon_core.package_identification:_identify(myenv/lib/python3.12/site-packages/yarl-1.20.1.dist-info/licenses) by extensions ['cmake', 'python']
[0.621s] Level 1:colcon.colcon_core.package_identification:_identify(myenv/lib/python3.12/site-packages/yarl-1.20.1.dist-info/licenses) by extension 'cmake'
[0.621s] Level 1:colcon.colcon_core.package_identification:_identify(myenv/lib/python3.12/site-packages/yarl-1.20.1.dist-info/licenses) by extension 'python'
[0.621s] Level 1:colcon.colcon_core.package_identification:_identify(myenv/lib/python3.12/site-packages/yarl-1.20.1.dist-info/licenses) by extensions ['python_setup_py']
[0.621s] Level 1:colcon.colcon_core.package_identification:_identify(myenv/lib/python3.12/site-packages/yarl-1.20.1.dist-info/licenses) by extension 'python_setup_py'
[0.621s] Level 1:colcon.colcon_core.package_identification:_identify(myros2_ws) by extensions ['ignore', 'ignore_ament_install']
[0.622s] Level 1:colcon.colcon_core.package_identification:_identify(myros2_ws) by extension 'ignore'
[0.622s] Level 1:colcon.colcon_core.package_identification:_identify(myros2_ws) by extension 'ignore_ament_install'
[0.622s] Level 1:colcon.colcon_core.package_identification:_identify(myros2_ws) by extensions ['colcon_pkg']
[0.622s] Level 1:colcon.colcon_core.package_identification:_identify(myros2_ws) by extension 'colcon_pkg'
[0.622s] Level 1:colcon.colcon_core.package_identification:_identify(myros2_ws) by extensions ['colcon_meta']
[0.622s] Level 1:colcon.colcon_core.package_identification:_identify(myros2_ws) by extension 'colcon_meta'
[0.622s] Level 1:colcon.colcon_core.package_identification:_identify(myros2_ws) by extensions ['ros']
[0.622s] Level 1:colcon.colcon_core.package_identification:_identify(myros2_ws) by extension 'ros'
[0.622s] Level 1:colcon.colcon_core.package_identification:_identify(myros2_ws) by extensions ['cmake', 'python']
[0.622s] Level 1:colcon.colcon_core.package_identification:_identify(myros2_ws) by extension 'cmake'
[0.622s] Level 1:colcon.colcon_core.package_identification:_identify(myros2_ws) by extension 'python'
[0.622s] Level 1:colcon.colcon_core.package_identification:_identify(myros2_ws) by extensions ['python_setup_py']
[0.622s] Level 1:colcon.colcon_core.package_identification:_identify(myros2_ws) by extension 'python_setup_py'
[0.622s] Level 1:colcon.colcon_core.package_identification:_identify(myros2_ws/build) by extensions ['ignore', 'ignore_ament_install']
[0.622s] Level 1:colcon.colcon_core.package_identification:_identify(myros2_ws/build) by extension 'ignore'
[0.622s] Level 1:colcon.colcon_core.package_identification:_identify(myros2_ws/build) ignored
[0.623s] Level 1:colcon.colcon_core.package_identification:_identify(myros2_ws/install) by extensions ['ignore', 'ignore_ament_install']
[0.623s] Level 1:colcon.colcon_core.package_identification:_identify(myros2_ws/install) by extension 'ignore'
[0.623s] Level 1:colcon.colcon_core.package_identification:_identify(myros2_ws/install) ignored
[0.623s] Level 1:colcon.colcon_core.package_identification:_identify(myros2_ws/log) by extensions ['ignore', 'ignore_ament_install']
[0.623s] Level 1:colcon.colcon_core.package_identification:_identify(myros2_ws/log) by extension 'ignore'
[0.623s] Level 1:colcon.colcon_core.package_identification:_identify(myros2_ws/log) ignored
[0.623s] Level 1:colcon.colcon_core.package_identification:_identify(myros2_ws/src) by extensions ['ignore', 'ignore_ament_install']
[0.623s] Level 1:colcon.colcon_core.package_identification:_identify(myros2_ws/src) by extension 'ignore'
[0.624s] Level 1:colcon.colcon_core.package_identification:_identify(myros2_ws/src) by extension 'ignore_ament_install'
[0.624s] Level 1:colcon.colcon_core.package_identification:_identify(myros2_ws/src) by extensions ['colcon_pkg']
[0.624s] Level 1:colcon.colcon_core.package_identification:_identify(myros2_ws/src) by extension 'colcon_pkg'
[0.624s] Level 1:colcon.colcon_core.package_identification:_identify(myros2_ws/src) by extensions ['colcon_meta']
[0.624s] Level 1:colcon.colcon_core.package_identification:_identify(myros2_ws/src) by extension 'colcon_meta'
[0.624s] Level 1:colcon.colcon_core.package_identification:_identify(myros2_ws/src) by extensions ['ros']
[0.624s] Level 1:colcon.colcon_core.package_identification:_identify(myros2_ws/src) by extension 'ros'
[0.624s] Level 1:colcon.colcon_core.package_identification:_identify(myros2_ws/src) by extensions ['cmake', 'python']
[0.624s] Level 1:colcon.colcon_core.package_identification:_identify(myros2_ws/src) by extension 'cmake'
[0.624s] Level 1:colcon.colcon_core.package_identification:_identify(myros2_ws/src) by extension 'python'
[0.624s] Level 1:colcon.colcon_core.package_identification:_identify(myros2_ws/src) by extensions ['python_setup_py']
[0.624s] Level 1:colcon.colcon_core.package_identification:_identify(myros2_ws/src) by extension 'python_setup_py'
[0.624s] Level 1:colcon.colcon_core.package_identification:_identify(myros2_ws/src/robot_logging) by extensions ['ignore', 'ignore_ament_install']
[0.624s] Level 1:colcon.colcon_core.package_identification:_identify(myros2_ws/src/robot_logging) by extension 'ignore'
[0.624s] Level 1:colcon.colcon_core.package_identification:_identify(myros2_ws/src/robot_logging) by extension 'ignore_ament_install'
[0.624s] Level 1:colcon.colcon_core.package_identification:_identify(myros2_ws/src/robot_logging) by extensions ['colcon_pkg']
[0.625s] Level 1:colcon.colcon_core.package_identification:_identify(myros2_ws/src/robot_logging) by extension 'colcon_pkg'
[0.625s] Level 1:colcon.colcon_core.package_identification:_identify(myros2_ws/src/robot_logging) by extensions ['colcon_meta']
[0.625s] Level 1:colcon.colcon_core.package_identification:_identify(myros2_ws/src/robot_logging) by extension 'colcon_meta'
[0.625s] Level 1:colcon.colcon_core.package_identification:_identify(myros2_ws/src/robot_logging) by extensions ['ros']
[0.625s] Level 1:colcon.colcon_core.package_identification:_identify(myros2_ws/src/robot_logging) by extension 'ros'
[0.630s] DEBUG:colcon.colcon_core.package_identification:Package 'myros2_ws/src/robot_logging' with type 'ros.ament_cmake' and name 'robot_logging'
[0.630s] Level 1:colcon.colcon_core.package_identification:_identify(myros2_ws/src/twist_bridge) by extensions ['ignore', 'ignore_ament_install']
[0.631s] Level 1:colcon.colcon_core.package_identification:_identify(myros2_ws/src/twist_bridge) by extension 'ignore'
[0.631s] Level 1:colcon.colcon_core.package_identification:_identify(myros2_ws/src/twist_bridge) by extension 'ignore_ament_install'
[0.631s] Level 1:colcon.colcon_core.package_identification:_identify(myros2_ws/src/twist_bridge) by extensions ['colcon_pkg']
[0.631s] Level 1:colcon.colcon_core.package_identification:_identify(myros2_ws/src/twist_bridge) by extension 'colcon_pkg'
[0.631s] Level 1:colcon.colcon_core.package_identification:_identify(myros2_ws/src/twist_bridge) by extensions ['colcon_meta']
[0.631s] Level 1:colcon.colcon_core.package_identification:_identify(myros2_ws/src/twist_bridge) by extension 'colcon_meta'
[0.631s] Level 1:colcon.colcon_core.package_identification:_identify(myros2_ws/src/twist_bridge) by extensions ['ros']
[0.631s] Level 1:colcon.colcon_core.package_identification:_identify(myros2_ws/src/twist_bridge) by extension 'ros'
[0.632s] DEBUG:colcon.colcon_core.package_identification:Package 'myros2_ws/src/twist_bridge' with type 'ros.ament_python' and name 'twist_bridge'
[0.632s] Level 1:colcon.colcon_core.package_identification:_identify(myros2_ws/src/waypoint_runner) by extensions ['ignore', 'ignore_ament_install']
[0.632s] Level 1:colcon.colcon_core.package_identification:_identify(myros2_ws/src/waypoint_runner) by extension 'ignore'
[0.632s] Level 1:colcon.colcon_core.package_identification:_identify(myros2_ws/src/waypoint_runner) by extension 'ignore_ament_install'
[0.632s] Level 1:colcon.colcon_core.package_identification:_identify(myros2_ws/src/waypoint_runner) by extensions ['colcon_pkg']
[0.632s] Level 1:colcon.colcon_core.package_identification:_identify(myros2_ws/src/waypoint_runner) by extension 'colcon_pkg'
[0.632s] Level 1:colcon.colcon_core.package_identification:_identify(myros2_ws/src/waypoint_runner) by extensions ['colcon_meta']
[0.632s] Level 1:colcon.colcon_core.package_identification:_identify(myros2_ws/src/waypoint_runner) by extension 'colcon_meta'
[0.632s] Level 1:colcon.colcon_core.package_identification:_identify(myros2_ws/src/waypoint_runner) by extensions ['ros']
[0.632s] Level 1:colcon.colcon_core.package_identification:_identify(myros2_ws/src/waypoint_runner) by extension 'ros'
[0.633s] DEBUG:colcon.colcon_core.package_identification:Package 'myros2_ws/src/waypoint_runner' with type 'ros.ament_python' and name 'waypoint_runner'
[0.633s] Level 1:colcon.colcon_core.package_discovery:discover_packages(recursive) using defaults
[0.633s] Level 1:colcon.colcon_core.package_discovery:discover_packages(ignore) discover
[0.633s] Level 1:colcon.colcon_core.package_discovery:discover_packages(ignore) using defaults
[0.633s] Level 1:colcon.colcon_core.package_discovery:discover_packages(path) discover
[0.633s] Level 1:colcon.colcon_core.package_discovery:discover_packages(path) using defaults
[0.653s] INFO:colcon.colcon_core.package_selection:Skipping not selected package 'robot_logging' in 'myros2_ws/src/robot_logging'
[0.654s] INFO:colcon.colcon_core.package_selection:Skipping not selected package 'twist_bridge' in 'myros2_ws/src/twist_bridge'
[0.654s] Level 1:colcon.colcon_core.package_discovery:discover_packages(prefix_path) check parameters
[0.654s] Level 1:colcon.colcon_core.package_discovery:discover_packages(prefix_path) discover
[0.657s] DEBUG:colcon.colcon_installed_package_information.package_discovery:Found 2 installed packages in /home/tersoo/autonomous-robot-logging-with-ROS2-jazzy/install
[0.658s] DEBUG:colcon.colcon_installed_package_information.package_discovery:Found 14 installed packages in /home/tersoo/autonomous-robot-logging-with-ROS2-jazzy/myros2_ws/install
[0.661s] DEBUG:colcon.colcon_installed_package_information.package_discovery:Found 412 installed packages in /opt/ros/jazzy
[0.662s] Level 1:colcon.colcon_core.package_discovery:discover_packages(prefix_path) using defaults
[0.732s] Level 5:colcon.colcon_core.verb:set package 'waypoint_runner' build argument 'cmake_args' from command line to 'None'
[0.732s] Level 5:colcon.colcon_core.verb:set package 'waypoint_runner' build argument 'cmake_target' from command line to 'None'
[0.732s] Level 5:colcon.colcon_core.verb:set package 'waypoint_runner' build argument 'cmake_target_skip_unavailable' from command line to 'False'
[0.732s] Level 5:colcon.colcon_core.verb:set package 'waypoint_runner' build argument 'cmake_clean_cache' from command line to 'False'
[0.733s] Level 5:colcon.colcon_core.verb:set package 'waypoint_runner' build argument 'cmake_clean_first' from command line to 'False'
[0.733s] Level 5:colcon.colcon_core.verb:set package 'waypoint_runner' build argument 'cmake_force_configure' from command line to 'False'
[0.733s] Level 5:colcon.colcon_core.verb:set package 'waypoint_runner' build argument 'ament_cmake_args' from command line to 'None'
[0.733s] Level 5:colcon.colcon_core.verb:set package 'waypoint_runner' build argument 'catkin_cmake_args' from command line to 'None'
[0.733s] Level 5:colcon.colcon_core.verb:set package 'waypoint_runner' build argument 'catkin_skip_building_tests' from command line to 'False'
[0.733s] DEBUG:colcon.colcon_core.verb:Building package 'waypoint_runner' with the following arguments: {'ament_cmake_args': None, 'build_base': '/home/tersoo/autonomous-robot-logging-with-ROS2-jazzy/build/waypoint_runner', 'catkin_cmake_args': None, 'catkin_skip_building_tests': False, 'cmake_args': None, 'cmake_clean_cache': False, 'cmake_clean_first': False, 'cmake_force_configure': False, 'cmake_target': None, 'cmake_target_skip_unavailable': False, 'install_base': '/home/tersoo/autonomous-robot-logging-with-ROS2-jazzy/install/waypoint_runner', 'merge_install': False, 'path': '/home/tersoo/autonomous-robot-logging-with-ROS2-jazzy/myros2_ws/src/waypoint_runner', 'symlink_install': False, 'test_result_base': None}
[0.733s] INFO:colcon.colcon_core.executor:Executing jobs using 'parallel' executor
[0.734s] DEBUG:colcon.colcon_parallel_executor.executor.parallel:run_until_complete
[0.734s] INFO:colcon.colcon_ros.task.ament_python.build:Building ROS package in '/home/tersoo/autonomous-robot-logging-with-ROS2-jazzy/myros2_ws/src/waypoint_runner' with build type 'ament_python'
[0.734s] Level 1:colcon.colcon_core.shell:create_environment_hook('waypoint_runner', 'ament_prefix_path')
[0.737s] INFO:colcon.colcon_core.plugin_system:Skipping extension 'colcon_core.shell.bat': Not used on non-Windows systems
[0.738s] INFO:colcon.colcon_core.shell:Creating environment hook '/home/tersoo/autonomous-robot-logging-with-ROS2-jazzy/install/waypoint_runner/share/waypoint_runner/hook/ament_prefix_path.ps1'
[0.739s] INFO:colcon.colcon_core.shell:Creating environment descriptor '/home/tersoo/autonomous-robot-logging-with-ROS2-jazzy/install/waypoint_runner/share/waypoint_runner/hook/ament_prefix_path.dsv'
[0.739s] INFO:colcon.colcon_core.shell:Creating environment hook '/home/tersoo/autonomous-robot-logging-with-ROS2-jazzy/install/waypoint_runner/share/waypoint_runner/hook/ament_prefix_path.sh'
[0.740s] INFO:colcon.colcon_core.shell:Skip shell extension 'powershell' for command environment: Not usable outside of PowerShell
[0.740s] DEBUG:colcon.colcon_core.shell:Skip shell extension 'dsv' for command environment
[1.031s] INFO:colcon.colcon_core.task.python.build:Building Python package in '/home/tersoo/autonomous-robot-logging-with-ROS2-jazzy/myros2_ws/src/waypoint_runner'
[1.031s] INFO:colcon.colcon_core.shell:Skip shell extension 'powershell' for command environment: Not usable outside of PowerShell
[1.031s] DEBUG:colcon.colcon_core.shell:Skip shell extension 'dsv' for command environment
[1.828s] DEBUG:colcon.colcon_core.event_handler.log_command:Invoking command in '/home/tersoo/autonomous-robot-logging-with-ROS2-jazzy/myros2_ws/src/waypoint_runner': DEBUGINFOD_URLS=https://debuginfod.ubuntu.com PS1=(myenv) \[\e]0;\u@\h: \w\a\]${debian_chroot:+($debian_chroot)}\[\033[01;32m\]\u@\h\[\033[00m\]:\[\033[01;34m\]\w\[\033[00m\]\$ PYTHONPATH=/home/tersoo/autonomous-robot-logging-with-ROS2-jazzy/build/waypoint_runner/prefix_override:/usr/lib/python3/dist-packages/colcon_core/task/python/colcon_distutils_commands:/home/tersoo/autonomous-robot-logging-with-ROS2-jazzy/install/waypoint_runner/lib/python3.12/site-packages:${PYTHONPATH} VIRTUAL_ENV_PROMPT=(myenv) /usr/bin/python3 -W ignore:setup.py install is deprecated -W ignore:easy_install command is deprecated setup.py egg_info --egg-base ../../../build/waypoint_runner build --build-base /home/tersoo/autonomous-robot-logging-with-ROS2-jazzy/build/waypoint_runner/build install --record /home/tersoo/autonomous-robot-logging-with-ROS2-jazzy/build/waypoint_runner/install.log --single-version-externally-managed install_data
[2.567s] DEBUG:colcon.colcon_core.event_handler.log_command:Invoked command in '/home/tersoo/autonomous-robot-logging-with-ROS2-jazzy/myros2_ws/src/waypoint_runner' returned '0': DEBUGINFOD_URLS=https://debuginfod.ubuntu.com PS1=(myenv) \[\e]0;\u@\h: \w\a\]${debian_chroot:+($debian_chroot)}\[\033[01;32m\]\u@\h\[\033[00m\]:\[\033[01;34m\]\w\[\033[00m\]\$ PYTHONPATH=/home/tersoo/autonomous-robot-logging-with-ROS2-jazzy/build/waypoint_runner/prefix_override:/usr/lib/python3/dist-packages/colcon_core/task/python/colcon_distutils_commands:/home/tersoo/autonomous-robot-logging-with-ROS2-jazzy/install/waypoint_runner/lib/python3.12/site-packages:${PYTHONPATH} VIRTUAL_ENV_PROMPT=(myenv) /usr/bin/python3 -W ignore:setup.py install is deprecated -W ignore:easy_install command is deprecated setup.py egg_info --egg-base ../../../build/waypoint_runner build --build-base /home/tersoo/autonomous-robot-logging-with-ROS2-jazzy/build/waypoint_runner/build install --record /home/tersoo/autonomous-robot-logging-with-ROS2-jazzy/build/waypoint_runner/install.log --single-version-externally-managed install_data
[2.573s] Level 1:colcon.colcon_core.environment:checking '/home/tersoo/autonomous-robot-logging-with-ROS2-jazzy/install/waypoint_runner' for CMake module files
[2.574s] Level 1:colcon.colcon_core.environment:checking '/home/tersoo/autonomous-robot-logging-with-ROS2-jazzy/install/waypoint_runner' for CMake config files
[2.576s] Level 1:colcon.colcon_core.environment:checking '/home/tersoo/autonomous-robot-logging-with-ROS2-jazzy/install/waypoint_runner/lib'
[2.576s] Level 1:colcon.colcon_core.environment:checking '/home/tersoo/autonomous-robot-logging-with-ROS2-jazzy/install/waypoint_runner/bin'
[2.576s] Level 1:colcon.colcon_core.environment:checking '/home/tersoo/autonomous-robot-logging-with-ROS2-jazzy/install/waypoint_runner/lib/pkgconfig/waypoint_runner.pc'
[2.577s] Level 1:colcon.colcon_core.environment:checking '/home/tersoo/autonomous-robot-logging-with-ROS2-jazzy/install/waypoint_runner/lib/python3.12/site-packages'
[2.577s] Level 1:colcon.colcon_core.shell:create_environment_hook('waypoint_runner', 'pythonpath')
[2.578s] INFO:colcon.colcon_core.shell:Creating environment hook '/home/tersoo/autonomous-robot-logging-with-ROS2-jazzy/install/waypoint_runner/share/waypoint_runner/hook/pythonpath.ps1'
[2.579s] INFO:colcon.colcon_core.shell:Creating environment descriptor '/home/tersoo/autonomous-robot-logging-with-ROS2-jazzy/install/waypoint_runner/share/waypoint_runner/hook/pythonpath.dsv'
[2.580s] INFO:colcon.colcon_core.shell:Creating environment hook '/home/tersoo/autonomous-robot-logging-with-ROS2-jazzy/install/waypoint_runner/share/waypoint_runner/hook/pythonpath.sh'
[2.581s] Level 1:colcon.colcon_core.environment:checking '/home/tersoo/autonomous-robot-logging-with-ROS2-jazzy/install/waypoint_runner/bin'
[2.581s] Level 1:colcon.colcon_core.environment:create_environment_scripts_only(waypoint_runner)
[2.582s] INFO:colcon.colcon_core.shell:Creating package script '/home/tersoo/autonomous-robot-logging-with-ROS2-jazzy/install/waypoint_runner/share/waypoint_runner/package.ps1'
[2.584s] INFO:colcon.colcon_core.shell:Creating package descriptor '/home/tersoo/autonomous-robot-logging-with-ROS2-jazzy/install/waypoint_runner/share/waypoint_runner/package.dsv'
[2.585s] INFO:colcon.colcon_core.shell:Creating package script '/home/tersoo/autonomous-robot-logging-with-ROS2-jazzy/install/waypoint_runner/share/waypoint_runner/package.sh'
[2.587s] INFO:colcon.colcon_core.shell:Creating package script '/home/tersoo/autonomous-robot-logging-with-ROS2-jazzy/install/waypoint_runner/share/waypoint_runner/package.bash'
[2.607s] INFO:colcon.colcon_core.shell:Creating package script '/home/tersoo/autonomous-robot-logging-with-ROS2-jazzy/install/waypoint_runner/share/waypoint_runner/package.zsh'
[2.609s] Level 1:colcon.colcon_core.environment:create_file_with_runtime_dependencies(/home/tersoo/autonomous-robot-logging-with-ROS2-jazzy/install/waypoint_runner/share/colcon-core/packages/waypoint_runner)
[2.609s] DEBUG:colcon.colcon_parallel_executor.executor.parallel:closing loop
[2.610s] DEBUG:colcon.colcon_parallel_executor.executor.parallel:loop closed
[2.611s] DEBUG:colcon.colcon_parallel_executor.executor.parallel:run_until_complete finished with '0'
[2.611s] DEBUG:colcon.colcon_core.event_reactor:joining thread
[2.624s] INFO:colcon.colcon_core.plugin_system:Skipping extension 'colcon_notification.desktop_notification.terminal_notifier': Not used on non-Darwin systems
[2.625s] INFO:colcon.colcon_core.plugin_system:Skipping extension 'colcon_notification.desktop_notification.win32': Not used on non-Windows systems
[2.625s] INFO:colcon.colcon_notification.desktop_notification:Sending desktop notification using 'notify2'
[2.657s] DEBUG:colcon.colcon_core.event_reactor:joined thread
[2.658s] INFO:colcon.colcon_core.shell:Creating prefix script '/home/tersoo/autonomous-robot-logging-with-ROS2-jazzy/install/local_setup.ps1'
[2.660s] INFO:colcon.colcon_core.shell:Creating prefix util module '/home/tersoo/autonomous-robot-logging-with-ROS2-jazzy/install/_local_setup_util_ps1.py'
[2.662s] INFO:colcon.colcon_core.shell:Creating prefix chain script '/home/tersoo/autonomous-robot-logging-with-ROS2-jazzy/install/setup.ps1'
[2.666s] INFO:colcon.colcon_core.shell:Creating prefix script '/home/tersoo/autonomous-robot-logging-with-ROS2-jazzy/install/local_setup.sh'
[2.668s] INFO:colcon.colcon_core.shell:Creating prefix util module '/home/tersoo/autonomous-robot-logging-with-ROS2-jazzy/install/_local_setup_util_sh.py'
[2.669s] INFO:colcon.colcon_core.shell:Creating prefix chain script '/home/tersoo/autonomous-robot-logging-with-ROS2-jazzy/install/setup.sh'
[2.673s] INFO:colcon.colcon_core.shell:Creating prefix script '/home/tersoo/autonomous-robot-logging-with-ROS2-jazzy/install/local_setup.bash'
[2.674s] INFO:colcon.colcon_core.shell:Creating prefix chain script '/home/tersoo/autonomous-robot-logging-with-ROS2-jazzy/install/setup.bash'
[2.678s] INFO:colcon.colcon_core.shell:Creating prefix script '/home/tersoo/autonomous-robot-logging-with-ROS2-jazzy/install/local_setup.zsh'
[2.679s] INFO:colcon.colcon_core.shell:Creating prefix chain script '/home/tersoo/autonomous-robot-logging-with-ROS2-jazzy/install/setup.zsh'
