[0.020s] Invoking command in '/home/tersoo/autonomous-robot-logging-with-ROS2-jazzy/myros2_ws/build/nav2_msgs': AMENT_PREFIX_PATH=/home/tersoo/autonomous-robot-logging-with-ROS2-jazzy/myros2_ws/install/nav2_common:${AMENT_PREFIX_PATH} CMAKE_PREFIX_PATH=/home/tersoo/autonomous-robot-logging-with-ROS2-jazzy/myros2_ws/install/nav2_common:/home/tersoo/autonomous-robot-logging-with-ROS2-jazzy/myros2_ws/install/robot_logging:/opt/ros/jazzy/opt/gz_sim_vendor:/opt/ros/jazzy/opt/gz_sensors_vendor:/opt/ros/jazzy/opt/gz_physics_vendor:/opt/ros/jazzy/opt/sdformat_vendor:/opt/ros/jazzy/opt/gz_gui_vendor:/opt/ros/jazzy/opt/gz_transport_vendor:/opt/ros/jazzy/opt/gz_rendering_vendor:/opt/ros/jazzy/opt/gz_plugin_vendor:/opt/ros/jazzy/opt/gz_fuel_tools_vendor:/opt/ros/jazzy/opt/gz_msgs_vendor:/opt/ros/jazzy/opt/gz_common_vendor:/opt/ros/jazzy/opt/gz_math_vendor:/opt/ros/jazzy/opt/gz_utils_vendor:/opt/ros/jazzy/opt/gz_tools_vendor:/opt/ros/jazzy/opt/gz_ogre_next_vendor:/opt/ros/jazzy/opt/gz_dartsim_vendor:/opt/ros/jazzy/opt/gz_cmake_vendor:/opt/ros/jazzy DEBUGINFOD_URLS=https://debuginfod.ubuntu.com PYTHONPATH=/home/tersoo/autonomous-robot-logging-with-ROS2-jazzy/myros2_ws/install/nav2_common/lib/python3.12/site-packages:${PYTHONPATH} /usr/bin/cmake /home/tersoo/autonomous-robot-logging-with-ROS2-jazzy/myros2_ws/src/navigation2/nav2_msgs -DCMAKE_INSTALL_PREFIX=/home/tersoo/autonomous-robot-logging-with-ROS2-jazzy/myros2_ws/install/nav2_msgs
[0.102s] -- The C compiler identification is GNU 13.3.0
[0.193s] -- The CXX compiler identification is GNU 13.3.0
[0.241s] -- Detecting C compiler ABI info
[0.411s] -- Detecting C compiler ABI info - done
[0.423s] -- Check for working C compiler: /usr/bin/cc - skipped
[0.424s] -- Detecting C compile features
[0.424s] -- Detecting C compile features - done
[0.439s] -- Detecting CXX compiler ABI info
[0.608s] -- Detecting CXX compiler ABI info - done
[0.641s] -- Check for working CXX compiler: /usr/bin/c++ - skipped
[0.642s] -- Detecting CXX compile features
[0.643s] -- Detecting CXX compile features - done
[0.655s] -- Found ament_cmake: 2.5.4 (/opt/ros/jazzy/share/ament_cmake/cmake)
[0.880s] -- Found Python3: /usr/bin/python3 (found version "3.12.3") found components: Interpreter 
[1.077s] -- Found nav2_common: 1.3.7 (/home/tersoo/autonomous-robot-logging-with-ROS2-jazzy/myros2_ws/install/nav2_common/share/nav2_common/cmake)
[1.083s] -- Found builtin_interfaces: 2.0.2 (/opt/ros/jazzy/share/builtin_interfaces/cmake)
[1.156s] -- Found rosidl_generator_c: 4.6.5 (/opt/ros/jazzy/share/rosidl_generator_c/cmake)
[1.183s] -- Found rosidl_generator_cpp: 4.6.5 (/opt/ros/jazzy/share/rosidl_generator_cpp/cmake)
[1.230s] -- Using all available rosidl_typesupport_c: rosidl_typesupport_fastrtps_c;rosidl_typesupport_introspection_c
[1.346s] -- Using all available rosidl_typesupport_cpp: rosidl_typesupport_fastrtps_cpp;rosidl_typesupport_introspection_cpp
[1.433s] -- Found nav_msgs: 5.3.6 (/opt/ros/jazzy/share/nav_msgs/cmake)
[1.601s] -- Found rosidl_default_generators: 1.6.0 (/opt/ros/jazzy/share/rosidl_default_generators/cmake)
[1.741s] -- Found rosidl_adapter: 4.6.5 (/opt/ros/jazzy/share/rosidl_adapter/cmake)
[1.768s] -- Found geographic_msgs: 1.0.6 (/opt/ros/jazzy/share/geographic_msgs/cmake)
[1.894s] -- Found action_msgs: 2.0.2 (/opt/ros/jazzy/share/action_msgs/cmake)
[2.149s] -- Setting build type to Release as none was specified.
[3.799s] -- Found ament_cmake_ros: 0.12.0 (/opt/ros/jazzy/share/ament_cmake_ros/cmake)
[5.280s] -- Using all available rosidl_typesupport_c: rosidl_typesupport_fastrtps_c;rosidl_typesupport_introspection_c
[5.848s] -- Using all available rosidl_typesupport_cpp: rosidl_typesupport_fastrtps_cpp;rosidl_typesupport_introspection_cpp
[5.866s] -- Found python_cmake_module: 0.11.1 (/opt/ros/jazzy/share/python_cmake_module/cmake)
[6.075s] -- Found PythonExtra: /usr/bin/python3  
[6.652s] -- Found Python3: /usr/bin/python3 (found version "3.12.3") found components: Interpreter Development NumPy Development.Module Development.Embed 
[6.794s] -- Configuring done (6.8s)
[6.994s] -- Generating done (0.2s)
[7.022s] -- Build files have been written to: /home/tersoo/autonomous-robot-logging-with-ROS2-jazzy/myros2_ws/build/nav2_msgs
[7.042s] Invoked command in '/home/tersoo/autonomous-robot-logging-with-ROS2-jazzy/myros2_ws/build/nav2_msgs' returned '0': AMENT_PREFIX_PATH=/home/tersoo/autonomous-robot-logging-with-ROS2-jazzy/myros2_ws/install/nav2_common:${AMENT_PREFIX_PATH} CMAKE_PREFIX_PATH=/home/tersoo/autonomous-robot-logging-with-ROS2-jazzy/myros2_ws/install/nav2_common:/home/tersoo/autonomous-robot-logging-with-ROS2-jazzy/myros2_ws/install/robot_logging:/opt/ros/jazzy/opt/gz_sim_vendor:/opt/ros/jazzy/opt/gz_sensors_vendor:/opt/ros/jazzy/opt/gz_physics_vendor:/opt/ros/jazzy/opt/sdformat_vendor:/opt/ros/jazzy/opt/gz_gui_vendor:/opt/ros/jazzy/opt/gz_transport_vendor:/opt/ros/jazzy/opt/gz_rendering_vendor:/opt/ros/jazzy/opt/gz_plugin_vendor:/opt/ros/jazzy/opt/gz_fuel_tools_vendor:/opt/ros/jazzy/opt/gz_msgs_vendor:/opt/ros/jazzy/opt/gz_common_vendor:/opt/ros/jazzy/opt/gz_math_vendor:/opt/ros/jazzy/opt/gz_utils_vendor:/opt/ros/jazzy/opt/gz_tools_vendor:/opt/ros/jazzy/opt/gz_ogre_next_vendor:/opt/ros/jazzy/opt/gz_dartsim_vendor:/opt/ros/jazzy/opt/gz_cmake_vendor:/opt/ros/jazzy DEBUGINFOD_URLS=https://debuginfod.ubuntu.com PYTHONPATH=/home/tersoo/autonomous-robot-logging-with-ROS2-jazzy/myros2_ws/install/nav2_common/lib/python3.12/site-packages:${PYTHONPATH} /usr/bin/cmake /home/tersoo/autonomous-robot-logging-with-ROS2-jazzy/myros2_ws/src/navigation2/nav2_msgs -DCMAKE_INSTALL_PREFIX=/home/tersoo/autonomous-robot-logging-with-ROS2-jazzy/myros2_ws/install/nav2_msgs
[7.044s] Invoking command in '/home/tersoo/autonomous-robot-logging-with-ROS2-jazzy/myros2_ws/build/nav2_msgs': AMENT_PREFIX_PATH=/home/tersoo/autonomous-robot-logging-with-ROS2-jazzy/myros2_ws/install/nav2_common:${AMENT_PREFIX_PATH} CMAKE_PREFIX_PATH=/home/tersoo/autonomous-robot-logging-with-ROS2-jazzy/myros2_ws/install/nav2_common:/home/tersoo/autonomous-robot-logging-with-ROS2-jazzy/myros2_ws/install/robot_logging:/opt/ros/jazzy/opt/gz_sim_vendor:/opt/ros/jazzy/opt/gz_sensors_vendor:/opt/ros/jazzy/opt/gz_physics_vendor:/opt/ros/jazzy/opt/sdformat_vendor:/opt/ros/jazzy/opt/gz_gui_vendor:/opt/ros/jazzy/opt/gz_transport_vendor:/opt/ros/jazzy/opt/gz_rendering_vendor:/opt/ros/jazzy/opt/gz_plugin_vendor:/opt/ros/jazzy/opt/gz_fuel_tools_vendor:/opt/ros/jazzy/opt/gz_msgs_vendor:/opt/ros/jazzy/opt/gz_common_vendor:/opt/ros/jazzy/opt/gz_math_vendor:/opt/ros/jazzy/opt/gz_utils_vendor:/opt/ros/jazzy/opt/gz_tools_vendor:/opt/ros/jazzy/opt/gz_ogre_next_vendor:/opt/ros/jazzy/opt/gz_dartsim_vendor:/opt/ros/jazzy/opt/gz_cmake_vendor:/opt/ros/jazzy DEBUGINFOD_URLS=https://debuginfod.ubuntu.com PYTHONPATH=/home/tersoo/autonomous-robot-logging-with-ROS2-jazzy/myros2_ws/install/nav2_common/lib/python3.12/site-packages:${PYTHONPATH} /usr/bin/cmake --build /home/tersoo/autonomous-robot-logging-with-ROS2-jazzy/myros2_ws/build/nav2_msgs -- -j12 -l12
[7.175s] [  1%] [34m[1mGenerating type hashes for ROS interfaces[0m
[7.187s] [  1%] Built target ament_cmake_python_copy_nav2_msgs
[7.551s] running egg_info
[7.552s] creating nav2_msgs.egg-info
[7.588s] writing nav2_msgs.egg-info/PKG-INFO
[7.589s] writing dependency_links to nav2_msgs.egg-info/dependency_links.txt
[7.589s] writing top-level names to nav2_msgs.egg-info/top_level.txt
[7.589s] writing manifest file 'nav2_msgs.egg-info/SOURCES.txt'
[7.716s] reading manifest file 'nav2_msgs.egg-info/SOURCES.txt'
[7.717s] writing manifest file 'nav2_msgs.egg-info/SOURCES.txt'
[7.761s] [  1%] Built target ament_cmake_python_build_nav2_msgs_egg
[11.352s] [  1%] Built target nav2_msgs__rosidl_generator_type_description
[11.374s] [  1%] [34m[1mGenerating C code for ROS interfaces[0m
[11.390s] [  1%] [34m[1mGenerating C++ code for ROS interfaces[0m
[20.641s] [  1%] Built target nav2_msgs__cpp
[23.612s] [  1%] [32mBuilding C object CMakeFiles/nav2_msgs__rosidl_generator_c.dir/rosidl_generator_c/nav2_msgs/msg/detail/collision_monitor_state__description.c.o[0m
[23.629s] [  1%] [32mBuilding C object CMakeFiles/nav2_msgs__rosidl_generator_c.dir/rosidl_generator_c/nav2_msgs/msg/detail/costmap__type_support.c.o[0m
[23.637s] [  1%] [32mBuilding C object CMakeFiles/nav2_msgs__rosidl_generator_c.dir/rosidl_generator_c/nav2_msgs/msg/detail/costmap__functions.c.o[0m
[23.637s] [  1%] [32mBuilding C object CMakeFiles/nav2_msgs__rosidl_generator_c.dir/rosidl_generator_c/nav2_msgs/msg/detail/costmap__description.c.o[0m
[23.641s] [  1%] [32mBuilding C object CMakeFiles/nav2_msgs__rosidl_generator_c.dir/rosidl_generator_c/nav2_msgs/msg/detail/collision_detector_state__description.c.o[0m
[23.641s] [  1%] [32mBuilding C object CMakeFiles/nav2_msgs__rosidl_generator_c.dir/rosidl_generator_c/nav2_msgs/msg/detail/collision_monitor_state__type_support.c.o[0m
[23.641s] [  1%] [32mBuilding C object CMakeFiles/nav2_msgs__rosidl_generator_c.dir/rosidl_generator_c/nav2_msgs/msg/detail/costmap_meta_data__type_support.c.o[0m
[23.646s] [  1%] [32mBuilding C object CMakeFiles/nav2_msgs__rosidl_generator_c.dir/rosidl_generator_c/nav2_msgs/msg/detail/collision_detector_state__functions.c.o[0m
[23.647s] [  2%] [32mBuilding C object CMakeFiles/nav2_msgs__rosidl_generator_c.dir/rosidl_generator_c/nav2_msgs/msg/detail/collision_monitor_state__functions.c.o[0m
[23.649s] [  2%] [32mBuilding C object CMakeFiles/nav2_msgs__rosidl_generator_c.dir/rosidl_generator_c/nav2_msgs/msg/detail/costmap_meta_data__description.c.o[0m
[23.657s] [  3%] [32mBuilding C object CMakeFiles/nav2_msgs__rosidl_generator_c.dir/rosidl_generator_c/nav2_msgs/msg/detail/collision_detector_state__type_support.c.o[0m
[23.662s] [  4%] [32mBuilding C object CMakeFiles/nav2_msgs__rosidl_generator_c.dir/rosidl_generator_c/nav2_msgs/msg/detail/costmap_meta_data__functions.c.o[0m
[23.847s] [  4%] [32mBuilding C object CMakeFiles/nav2_msgs__rosidl_generator_c.dir/rosidl_generator_c/nav2_msgs/msg/detail/costmap_update__description.c.o[0m
[23.879s] [  4%] [32mBuilding C object CMakeFiles/nav2_msgs__rosidl_generator_c.dir/rosidl_generator_c/nav2_msgs/msg/detail/costmap_update__functions.c.o[0m
[23.903s] [  5%] [32mBuilding C object CMakeFiles/nav2_msgs__rosidl_generator_c.dir/rosidl_generator_c/nav2_msgs/msg/detail/costmap_update__type_support.c.o[0m
[23.907s] [  5%] [32mBuilding C object CMakeFiles/nav2_msgs__rosidl_generator_c.dir/rosidl_generator_c/nav2_msgs/msg/detail/costmap_filter_info__description.c.o[0m
[23.980s] [  5%] [32mBuilding C object CMakeFiles/nav2_msgs__rosidl_generator_c.dir/rosidl_generator_c/nav2_msgs/msg/detail/costmap_filter_info__functions.c.o[0m
[23.986s] [  5%] [32mBuilding C object CMakeFiles/nav2_msgs__rosidl_generator_c.dir/rosidl_generator_c/nav2_msgs/msg/detail/costmap_filter_info__type_support.c.o[0m
[24.047s] [  6%] [32mBuilding C object CMakeFiles/nav2_msgs__rosidl_generator_c.dir/rosidl_generator_c/nav2_msgs/msg/detail/speed_limit__description.c.o[0m
[24.069s] [  6%] [32mBuilding C object CMakeFiles/nav2_msgs__rosidl_generator_c.dir/rosidl_generator_c/nav2_msgs/msg/detail/speed_limit__type_support.c.o[0m
[24.093s] [  6%] [32mBuilding C object CMakeFiles/nav2_msgs__rosidl_generator_c.dir/rosidl_generator_c/nav2_msgs/msg/detail/speed_limit__functions.c.o[0m
[24.137s] [  6%] [32mBuilding C object CMakeFiles/nav2_msgs__rosidl_generator_c.dir/rosidl_generator_c/nav2_msgs/msg/detail/voxel_grid__description.c.o[0m
[24.138s] [  6%] [32mBuilding C object CMakeFiles/nav2_msgs__rosidl_generator_c.dir/rosidl_generator_c/nav2_msgs/msg/detail/voxel_grid__functions.c.o[0m
[24.177s] [  6%] [32mBuilding C object CMakeFiles/nav2_msgs__rosidl_generator_c.dir/rosidl_generator_c/nav2_msgs/msg/detail/behavior_tree_status_change__functions.c.o[0m
[24.186s] [  6%] [32mBuilding C object CMakeFiles/nav2_msgs__rosidl_generator_c.dir/rosidl_generator_c/nav2_msgs/msg/detail/behavior_tree_status_change__description.c.o[0m
[24.186s] [  7%] [32mBuilding C object CMakeFiles/nav2_msgs__rosidl_generator_c.dir/rosidl_generator_c/nav2_msgs/msg/detail/voxel_grid__type_support.c.o[0m
[24.194s] [  7%] [32mBuilding C object CMakeFiles/nav2_msgs__rosidl_generator_c.dir/rosidl_generator_c/nav2_msgs/msg/detail/behavior_tree_status_change__type_support.c.o[0m
[24.202s] [  8%] [32mBuilding C object CMakeFiles/nav2_msgs__rosidl_generator_c.dir/rosidl_generator_c/nav2_msgs/msg/detail/behavior_tree_log__description.c.o[0m
[24.213s] [  8%] [32mBuilding C object CMakeFiles/nav2_msgs__rosidl_generator_c.dir/rosidl_generator_c/nav2_msgs/msg/detail/behavior_tree_log__functions.c.o[0m
[24.242s] [  8%] [32mBuilding C object CMakeFiles/nav2_msgs__rosidl_generator_c.dir/rosidl_generator_c/nav2_msgs/msg/detail/behavior_tree_log__type_support.c.o[0m
[24.270s] [  8%] [32mBuilding C object CMakeFiles/nav2_msgs__rosidl_generator_c.dir/rosidl_generator_c/nav2_msgs/msg/detail/particle__description.c.o[0m
[24.367s] [  9%] [32mBuilding C object CMakeFiles/nav2_msgs__rosidl_generator_c.dir/rosidl_generator_c/nav2_msgs/msg/detail/particle__functions.c.o[0m
[24.379s] [  9%] [32mBuilding C object CMakeFiles/nav2_msgs__rosidl_generator_c.dir/rosidl_generator_c/nav2_msgs/msg/detail/particle__type_support.c.o[0m
[24.395s] [  9%] [32mBuilding C object CMakeFiles/nav2_msgs__rosidl_generator_c.dir/rosidl_generator_c/nav2_msgs/msg/detail/particle_cloud__description.c.o[0m
[24.404s] [  9%] [32mBuilding C object CMakeFiles/nav2_msgs__rosidl_generator_c.dir/rosidl_generator_c/nav2_msgs/msg/detail/particle_cloud__functions.c.o[0m
[24.405s] [  9%] [32mBuilding C object CMakeFiles/nav2_msgs__rosidl_generator_c.dir/rosidl_generator_c/nav2_msgs/msg/detail/missed_waypoint__functions.c.o[0m
[24.426s] [  9%] [32mBuilding C object CMakeFiles/nav2_msgs__rosidl_generator_c.dir/rosidl_generator_c/nav2_msgs/msg/detail/particle_cloud__type_support.c.o[0m
[24.431s] [ 10%] [32mBuilding C object CMakeFiles/nav2_msgs__rosidl_generator_c.dir/rosidl_generator_c/nav2_msgs/msg/detail/missed_waypoint__description.c.o[0m
[24.522s] [ 10%] [32mBuilding C object CMakeFiles/nav2_msgs__rosidl_generator_c.dir/rosidl_generator_c/nav2_msgs/msg/detail/missed_waypoint__type_support.c.o[0m
[24.551s] [ 10%] [32mBuilding C object CMakeFiles/nav2_msgs__rosidl_generator_c.dir/rosidl_generator_c/nav2_msgs/srv/detail/get_cost__type_support.c.o[0m
[24.554s] [ 10%] [32mBuilding C object CMakeFiles/nav2_msgs__rosidl_generator_c.dir/rosidl_generator_c/nav2_msgs/srv/detail/get_cost__description.c.o[0m
[24.562s] [ 10%] [32mBuilding C object CMakeFiles/nav2_msgs__rosidl_generator_c.dir/rosidl_generator_c/nav2_msgs/srv/detail/get_costmap__description.c.o[0m
[24.577s] [ 11%] [32mBuilding C object CMakeFiles/nav2_msgs__rosidl_generator_c.dir/rosidl_generator_c/nav2_msgs/srv/detail/get_cost__functions.c.o[0m
[24.586s] [ 11%] [32mBuilding C object CMakeFiles/nav2_msgs__rosidl_generator_c.dir/rosidl_generator_c/nav2_msgs/srv/detail/get_costmap__functions.c.o[0m
[24.594s] [ 12%] [32mBuilding C object CMakeFiles/nav2_msgs__rosidl_generator_c.dir/rosidl_generator_c/nav2_msgs/srv/detail/get_costmap__type_support.c.o[0m
[24.602s] [ 12%] [32mBuilding C object CMakeFiles/nav2_msgs__rosidl_generator_c.dir/rosidl_generator_c/nav2_msgs/srv/detail/is_path_valid__description.c.o[0m
[24.684s] [ 12%] [32mBuilding C object CMakeFiles/nav2_msgs__rosidl_generator_c.dir/rosidl_generator_c/nav2_msgs/srv/detail/is_path_valid__functions.c.o[0m
[24.702s] [ 12%] [32mBuilding C object CMakeFiles/nav2_msgs__rosidl_generator_c.dir/rosidl_generator_c/nav2_msgs/srv/detail/is_path_valid__type_support.c.o[0m
[24.764s] [ 12%] [32mBuilding C object CMakeFiles/nav2_msgs__rosidl_generator_c.dir/rosidl_generator_c/nav2_msgs/srv/detail/clear_costmap_except_region__description.c.o[0m
[24.790s] [ 13%] [32mBuilding C object CMakeFiles/nav2_msgs__rosidl_generator_c.dir/rosidl_generator_c/nav2_msgs/srv/detail/clear_costmap_except_region__functions.c.o[0m
[24.831s] [ 13%] [32mBuilding C object CMakeFiles/nav2_msgs__rosidl_generator_c.dir/rosidl_generator_c/nav2_msgs/srv/detail/clear_costmap_except_region__type_support.c.o[0m
[24.832s] [ 13%] [32mBuilding C object CMakeFiles/nav2_msgs__rosidl_generator_c.dir/rosidl_generator_c/nav2_msgs/srv/detail/clear_costmap_around_robot__description.c.o[0m
[24.859s] [ 13%] [32mBuilding C object CMakeFiles/nav2_msgs__rosidl_generator_c.dir/rosidl_generator_c/nav2_msgs/srv/detail/clear_costmap_around_robot__functions.c.o[0m
[24.943s] [ 14%] [32mBuilding C object CMakeFiles/nav2_msgs__rosidl_generator_c.dir/rosidl_generator_c/nav2_msgs/srv/detail/clear_costmap_around_robot__type_support.c.o[0m
[24.954s] [ 14%] [32mBuilding C object CMakeFiles/nav2_msgs__rosidl_generator_c.dir/rosidl_generator_c/nav2_msgs/srv/detail/clear_costmap_around_pose__functions.c.o[0m
[24.963s] [ 14%] [32mBuilding C object CMakeFiles/nav2_msgs__rosidl_generator_c.dir/rosidl_generator_c/nav2_msgs/srv/detail/clear_costmap_around_pose__description.c.o[0m
[24.990s] [ 14%] [32mBuilding C object CMakeFiles/nav2_msgs__rosidl_generator_c.dir/rosidl_generator_c/nav2_msgs/srv/detail/clear_costmap_around_pose__type_support.c.o[0m
[25.021s] [ 15%] [32mBuilding C object CMakeFiles/nav2_msgs__rosidl_generator_c.dir/rosidl_generator_c/nav2_msgs/srv/detail/clear_entire_costmap__description.c.o[0m
[25.035s] [ 15%] [32mBuilding C object CMakeFiles/nav2_msgs__rosidl_generator_c.dir/rosidl_generator_c/nav2_msgs/srv/detail/clear_entire_costmap__functions.c.o[0m
[25.148s] [ 15%] [32mBuilding C object CMakeFiles/nav2_msgs__rosidl_generator_c.dir/rosidl_generator_c/nav2_msgs/srv/detail/clear_entire_costmap__type_support.c.o[0m
[25.204s] [ 15%] [32mBuilding C object CMakeFiles/nav2_msgs__rosidl_generator_c.dir/rosidl_generator_c/nav2_msgs/srv/detail/manage_lifecycle_nodes__functions.c.o[0m
[25.227s] [ 15%] [32mBuilding C object CMakeFiles/nav2_msgs__rosidl_generator_c.dir/rosidl_generator_c/nav2_msgs/srv/detail/manage_lifecycle_nodes__description.c.o[0m
[25.250s] [ 16%] [32mBuilding C object CMakeFiles/nav2_msgs__rosidl_generator_c.dir/rosidl_generator_c/nav2_msgs/srv/detail/manage_lifecycle_nodes__type_support.c.o[0m
[25.319s] [ 16%] [32mBuilding C object CMakeFiles/nav2_msgs__rosidl_generator_c.dir/rosidl_generator_c/nav2_msgs/srv/detail/load_map__description.c.o[0m
[25.327s] [ 16%] [32mBuilding C object CMakeFiles/nav2_msgs__rosidl_generator_c.dir/rosidl_generator_c/nav2_msgs/srv/detail/load_map__functions.c.o[0m
[25.357s] [ 16%] [32mBuilding C object CMakeFiles/nav2_msgs__rosidl_generator_c.dir/rosidl_generator_c/nav2_msgs/srv/detail/load_map__type_support.c.o[0m
[25.385s] [ 17%] [32mBuilding C object CMakeFiles/nav2_msgs__rosidl_generator_c.dir/rosidl_generator_c/nav2_msgs/srv/detail/save_map__description.c.o[0m
[25.490s] [ 17%] [32mBuilding C object CMakeFiles/nav2_msgs__rosidl_generator_c.dir/rosidl_generator_c/nav2_msgs/srv/detail/save_map__functions.c.o[0m
[25.494s] [ 17%] [32mBuilding C object CMakeFiles/nav2_msgs__rosidl_generator_c.dir/rosidl_generator_c/nav2_msgs/srv/detail/save_map__type_support.c.o[0m
[25.519s] [ 17%] [32mBuilding C object CMakeFiles/nav2_msgs__rosidl_generator_c.dir/rosidl_generator_c/nav2_msgs/srv/detail/set_initial_pose__description.c.o[0m
[25.547s] [ 18%] [32mBuilding C object CMakeFiles/nav2_msgs__rosidl_generator_c.dir/rosidl_generator_c/nav2_msgs/srv/detail/set_initial_pose__functions.c.o[0m
[25.579s] [ 18%] [32mBuilding C object CMakeFiles/nav2_msgs__rosidl_generator_c.dir/rosidl_generator_c/nav2_msgs/srv/detail/set_initial_pose__type_support.c.o[0m
[25.588s] [ 18%] [32mBuilding C object CMakeFiles/nav2_msgs__rosidl_generator_c.dir/rosidl_generator_c/nav2_msgs/srv/detail/reload_dock_database__description.c.o[0m
[25.710s] [ 18%] [32mBuilding C object CMakeFiles/nav2_msgs__rosidl_generator_c.dir/rosidl_generator_c/nav2_msgs/srv/detail/reload_dock_database__functions.c.o[0m
[25.747s] [ 19%] [32mBuilding C object CMakeFiles/nav2_msgs__rosidl_generator_c.dir/rosidl_generator_c/nav2_msgs/action/detail/assisted_teleop__description.c.o[0m
[25.758s] [ 19%] [32mBuilding C object CMakeFiles/nav2_msgs__rosidl_generator_c.dir/rosidl_generator_c/nav2_msgs/srv/detail/reload_dock_database__type_support.c.o[0m
[25.760s] [ 19%] [32mBuilding C object CMakeFiles/nav2_msgs__rosidl_generator_c.dir/rosidl_generator_c/nav2_msgs/action/detail/assisted_teleop__functions.c.o[0m
[25.776s] [ 19%] [32mBuilding C object CMakeFiles/nav2_msgs__rosidl_generator_c.dir/rosidl_generator_c/nav2_msgs/action/detail/assisted_teleop__type_support.c.o[0m
[25.787s] [ 20%] [32mBuilding C object CMakeFiles/nav2_msgs__rosidl_generator_c.dir/rosidl_generator_c/nav2_msgs/action/detail/back_up__functions.c.o[0m
[25.798s] [ 20%] [32mBuilding C object CMakeFiles/nav2_msgs__rosidl_generator_c.dir/rosidl_generator_c/nav2_msgs/action/detail/back_up__description.c.o[0m
[25.894s] [ 20%] [32mBuilding C object CMakeFiles/nav2_msgs__rosidl_generator_c.dir/rosidl_generator_c/nav2_msgs/action/detail/back_up__type_support.c.o[0m
[25.954s] [ 20%] [32mBuilding C object CMakeFiles/nav2_msgs__rosidl_generator_c.dir/rosidl_generator_c/nav2_msgs/action/detail/compute_path_to_pose__description.c.o[0m
[26.000s] [ 20%] [32mBuilding C object CMakeFiles/nav2_msgs__rosidl_generator_c.dir/rosidl_generator_c/nav2_msgs/action/detail/compute_path_to_pose__functions.c.o[0m
[26.117s] [ 21%] [32mBuilding C object CMakeFiles/nav2_msgs__rosidl_generator_c.dir/rosidl_generator_c/nav2_msgs/action/detail/compute_path_to_pose__type_support.c.o[0m
[26.151s] [ 21%] [32mBuilding C object CMakeFiles/nav2_msgs__rosidl_generator_c.dir/rosidl_generator_c/nav2_msgs/action/detail/compute_path_through_poses__functions.c.o[0m
[26.158s] [ 21%] [32mBuilding C object CMakeFiles/nav2_msgs__rosidl_generator_c.dir/rosidl_generator_c/nav2_msgs/action/detail/compute_path_through_poses__description.c.o[0m
[26.392s] [ 21%] [32mBuilding C object CMakeFiles/nav2_msgs__rosidl_generator_c.dir/rosidl_generator_c/nav2_msgs/action/detail/compute_path_through_poses__type_support.c.o[0m
[26.419s] [ 21%] [32mBuilding C object CMakeFiles/nav2_msgs__rosidl_generator_c.dir/rosidl_generator_c/nav2_msgs/action/detail/drive_on_heading__description.c.o[0m
[26.421s] [ 22%] [32mBuilding C object CMakeFiles/nav2_msgs__rosidl_generator_c.dir/rosidl_generator_c/nav2_msgs/action/detail/drive_on_heading__functions.c.o[0m
[26.529s] [ 22%] [32mBuilding C object CMakeFiles/nav2_msgs__rosidl_generator_c.dir/rosidl_generator_c/nav2_msgs/action/detail/drive_on_heading__type_support.c.o[0m
[26.583s] [ 22%] [32mBuilding C object CMakeFiles/nav2_msgs__rosidl_generator_c.dir/rosidl_generator_c/nav2_msgs/action/detail/smooth_path__description.c.o[0m
[26.588s] [ 22%] [32mBuilding C object CMakeFiles/nav2_msgs__rosidl_generator_c.dir/rosidl_generator_c/nav2_msgs/action/detail/smooth_path__functions.c.o[0m
[26.623s] [ 23%] [32mBuilding C object CMakeFiles/nav2_msgs__rosidl_generator_c.dir/rosidl_generator_c/nav2_msgs/action/detail/smooth_path__type_support.c.o[0m
[26.681s] [ 23%] [32mBuilding C object CMakeFiles/nav2_msgs__rosidl_generator_c.dir/rosidl_generator_c/nav2_msgs/action/detail/follow_path__description.c.o[0m
[26.781s] [ 23%] [32mBuilding C object CMakeFiles/nav2_msgs__rosidl_generator_c.dir/rosidl_generator_c/nav2_msgs/action/detail/follow_path__functions.c.o[0m
[26.863s] [ 23%] [32mBuilding C object CMakeFiles/nav2_msgs__rosidl_generator_c.dir/rosidl_generator_c/nav2_msgs/action/detail/follow_path__type_support.c.o[0m
[26.928s] [ 24%] [32mBuilding C object CMakeFiles/nav2_msgs__rosidl_generator_c.dir/rosidl_generator_c/nav2_msgs/action/detail/navigate_to_pose__description.c.o[0m
[27.027s] [ 24%] [32mBuilding C object CMakeFiles/nav2_msgs__rosidl_generator_c.dir/rosidl_generator_c/nav2_msgs/action/detail/navigate_to_pose__functions.c.o[0m
[27.173s] [ 24%] [32mBuilding C object CMakeFiles/nav2_msgs__rosidl_generator_c.dir/rosidl_generator_c/nav2_msgs/action/detail/navigate_to_pose__type_support.c.o[0m
[27.239s] [ 24%] [32mBuilding C object CMakeFiles/nav2_msgs__rosidl_generator_c.dir/rosidl_generator_c/nav2_msgs/action/detail/navigate_through_poses__description.c.o[0m
[27.267s] [ 24%] [32mBuilding C object CMakeFiles/nav2_msgs__rosidl_generator_c.dir/rosidl_generator_c/nav2_msgs/action/detail/navigate_through_poses__functions.c.o[0m
[27.322s] [ 25%] [32mBuilding C object CMakeFiles/nav2_msgs__rosidl_generator_c.dir/rosidl_generator_c/nav2_msgs/action/detail/navigate_through_poses__type_support.c.o[0m
[27.441s] [ 25%] [32mBuilding C object CMakeFiles/nav2_msgs__rosidl_generator_c.dir/rosidl_generator_c/nav2_msgs/action/detail/wait__description.c.o[0m
[27.511s] [ 25%] [32mBuilding C object CMakeFiles/nav2_msgs__rosidl_generator_c.dir/rosidl_generator_c/nav2_msgs/action/detail/wait__functions.c.o[0m
[27.590s] [ 25%] [32mBuilding C object CMakeFiles/nav2_msgs__rosidl_generator_c.dir/rosidl_generator_c/nav2_msgs/action/detail/wait__type_support.c.o[0m
[27.730s] [ 26%] [32mBuilding C object CMakeFiles/nav2_msgs__rosidl_generator_c.dir/rosidl_generator_c/nav2_msgs/action/detail/spin__description.c.o[0m
[27.743s] [ 26%] [32mBuilding C object CMakeFiles/nav2_msgs__rosidl_generator_c.dir/rosidl_generator_c/nav2_msgs/action/detail/spin__functions.c.o[0m
[27.809s] [ 26%] [32mBuilding C object CMakeFiles/nav2_msgs__rosidl_generator_c.dir/rosidl_generator_c/nav2_msgs/action/detail/spin__type_support.c.o[0m
[27.838s] [ 26%] [32mBuilding C object CMakeFiles/nav2_msgs__rosidl_generator_c.dir/rosidl_generator_c/nav2_msgs/action/detail/dummy_behavior__description.c.o[0m
[27.915s] [ 27%] [32mBuilding C object CMakeFiles/nav2_msgs__rosidl_generator_c.dir/rosidl_generator_c/nav2_msgs/action/detail/dummy_behavior__functions.c.o[0m
[27.936s] [ 27%] [32mBuilding C object CMakeFiles/nav2_msgs__rosidl_generator_c.dir/rosidl_generator_c/nav2_msgs/action/detail/dummy_behavior__type_support.c.o[0m
[27.968s] [ 27%] [32mBuilding C object CMakeFiles/nav2_msgs__rosidl_generator_c.dir/rosidl_generator_c/nav2_msgs/action/detail/follow_waypoints__description.c.o[0m
[27.995s] [ 27%] [32mBuilding C object CMakeFiles/nav2_msgs__rosidl_generator_c.dir/rosidl_generator_c/nav2_msgs/action/detail/follow_waypoints__functions.c.o[0m
[28.010s] [ 27%] [32mBuilding C object CMakeFiles/nav2_msgs__rosidl_generator_c.dir/rosidl_generator_c/nav2_msgs/action/detail/follow_waypoints__type_support.c.o[0m
[28.021s] [ 28%] [32mBuilding C object CMakeFiles/nav2_msgs__rosidl_generator_c.dir/rosidl_generator_c/nav2_msgs/action/detail/follow_gps_waypoints__description.c.o[0m
[28.135s] [ 28%] [32mBuilding C object CMakeFiles/nav2_msgs__rosidl_generator_c.dir/rosidl_generator_c/nav2_msgs/action/detail/follow_gps_waypoints__functions.c.o[0m
[28.140s] [ 28%] [32mBuilding C object CMakeFiles/nav2_msgs__rosidl_generator_c.dir/rosidl_generator_c/nav2_msgs/action/detail/follow_gps_waypoints__type_support.c.o[0m
[28.255s] [ 28%] [32mBuilding C object CMakeFiles/nav2_msgs__rosidl_generator_c.dir/rosidl_generator_c/nav2_msgs/action/detail/dock_robot__description.c.o[0m
[28.262s] [ 28%] [32mBuilding C object CMakeFiles/nav2_msgs__rosidl_generator_c.dir/rosidl_generator_c/nav2_msgs/action/detail/dock_robot__type_support.c.o[0m
[28.265s] [ 29%] [32mBuilding C object CMakeFiles/nav2_msgs__rosidl_generator_c.dir/rosidl_generator_c/nav2_msgs/action/detail/dock_robot__functions.c.o[0m
[28.267s] [ 29%] [32mBuilding C object CMakeFiles/nav2_msgs__rosidl_generator_c.dir/rosidl_generator_c/nav2_msgs/action/detail/undock_robot__functions.c.o[0m
[28.277s] [ 29%] [32mBuilding C object CMakeFiles/nav2_msgs__rosidl_generator_c.dir/rosidl_generator_c/nav2_msgs/action/detail/undock_robot__description.c.o[0m
[28.309s] [ 30%] [32mBuilding C object CMakeFiles/nav2_msgs__rosidl_generator_c.dir/rosidl_generator_c/nav2_msgs/action/detail/undock_robot__type_support.c.o[0m
[28.989s] [ 30%] [32m[1mLinking C shared library libnav2_msgs__rosidl_generator_c.so[0m
[29.114s] [ 30%] Built target nav2_msgs__rosidl_generator_c
[29.132s] [ 30%] [34m[1mGenerating C++ type support dispatch for ROS interfaces[0m
[29.134s] [ 31%] [34m[1mGenerating C type support for eProsima Fast-RTPS[0m
[29.141s] [ 31%] [34m[1mGenerating C++ introspection for ROS interfaces[0m
[29.141s] [ 31%] [34m[1mGenerating C type support dispatch for ROS interfaces[0m
[29.145s] [ 33%] [34m[1mGenerating C++ type support for eProsima Fast-RTPS[0m
[29.145s] [ 33%] [34m[1mGenerating C introspection for ROS interfaces[0m
[34.433s] [ 34%] [32mBuilding CXX object CMakeFiles/nav2_msgs__rosidl_typesupport_cpp.dir/rosidl_typesupport_cpp/nav2_msgs/msg/costmap__type_support.cpp.o[0m
[34.434s] [ 34%] [32mBuilding CXX object CMakeFiles/nav2_msgs__rosidl_typesupport_cpp.dir/rosidl_typesupport_cpp/nav2_msgs/msg/collision_detector_state__type_support.cpp.o[0m
[34.435s] [ 34%] [32mBuilding CXX object CMakeFiles/nav2_msgs__rosidl_typesupport_cpp.dir/rosidl_typesupport_cpp/nav2_msgs/msg/costmap_update__type_support.cpp.o[0m
[34.435s] [ 34%] [32mBuilding CXX object CMakeFiles/nav2_msgs__rosidl_typesupport_cpp.dir/rosidl_typesupport_cpp/nav2_msgs/msg/costmap_filter_info__type_support.cpp.o[0m
[34.436s] [ 34%] [32mBuilding CXX object CMakeFiles/nav2_msgs__rosidl_typesupport_cpp.dir/rosidl_typesupport_cpp/nav2_msgs/msg/speed_limit__type_support.cpp.o[0m
[34.436s] [ 34%] [32mBuilding CXX object CMakeFiles/nav2_msgs__rosidl_typesupport_cpp.dir/rosidl_typesupport_cpp/nav2_msgs/msg/costmap_meta_data__type_support.cpp.o[0m
[34.436s] [ 34%] [32mBuilding CXX object CMakeFiles/nav2_msgs__rosidl_typesupport_cpp.dir/rosidl_typesupport_cpp/nav2_msgs/msg/collision_monitor_state__type_support.cpp.o[0m
[35.041s] [ 35%] [32mBuilding CXX object CMakeFiles/nav2_msgs__rosidl_typesupport_cpp.dir/rosidl_typesupport_cpp/nav2_msgs/msg/voxel_grid__type_support.cpp.o[0m
[35.049s] [ 35%] [32mBuilding CXX object CMakeFiles/nav2_msgs__rosidl_typesupport_cpp.dir/rosidl_typesupport_cpp/nav2_msgs/msg/behavior_tree_status_change__type_support.cpp.o[0m
[35.050s] [ 35%] [32mBuilding CXX object CMakeFiles/nav2_msgs__rosidl_typesupport_cpp.dir/rosidl_typesupport_cpp/nav2_msgs/msg/behavior_tree_log__type_support.cpp.o[0m
[35.054s] [ 36%] [32mBuilding CXX object CMakeFiles/nav2_msgs__rosidl_typesupport_cpp.dir/rosidl_typesupport_cpp/nav2_msgs/msg/particle_cloud__type_support.cpp.o[0m
[35.055s] [ 36%] [32mBuilding CXX object CMakeFiles/nav2_msgs__rosidl_typesupport_cpp.dir/rosidl_typesupport_cpp/nav2_msgs/msg/particle__type_support.cpp.o[0m
[35.062s] [ 36%] [32mBuilding CXX object CMakeFiles/nav2_msgs__rosidl_typesupport_cpp.dir/rosidl_typesupport_cpp/nav2_msgs/msg/missed_waypoint__type_support.cpp.o[0m
[35.074s] [ 36%] [32mBuilding CXX object CMakeFiles/nav2_msgs__rosidl_typesupport_cpp.dir/rosidl_typesupport_cpp/nav2_msgs/srv/get_cost__type_support.cpp.o[0m
[35.635s] [ 36%] [32mBuilding CXX object CMakeFiles/nav2_msgs__rosidl_typesupport_cpp.dir/rosidl_typesupport_cpp/nav2_msgs/srv/get_costmap__type_support.cpp.o[0m
[35.635s] [ 36%] [32mBuilding CXX object CMakeFiles/nav2_msgs__rosidl_typesupport_cpp.dir/rosidl_typesupport_cpp/nav2_msgs/srv/is_path_valid__type_support.cpp.o[0m
[35.658s] [ 37%] [32mBuilding CXX object CMakeFiles/nav2_msgs__rosidl_typesupport_cpp.dir/rosidl_typesupport_cpp/nav2_msgs/srv/clear_costmap_except_region__type_support.cpp.o[0m
[35.685s] [ 37%] [32mBuilding CXX object CMakeFiles/nav2_msgs__rosidl_typesupport_cpp.dir/rosidl_typesupport_cpp/nav2_msgs/srv/clear_costmap_around_robot__type_support.cpp.o[0m
[35.695s] [ 37%] [32mBuilding CXX object CMakeFiles/nav2_msgs__rosidl_typesupport_cpp.dir/rosidl_typesupport_cpp/nav2_msgs/srv/clear_costmap_around_pose__type_support.cpp.o[0m
[35.721s] [ 37%] [32mBuilding CXX object CMakeFiles/nav2_msgs__rosidl_typesupport_cpp.dir/rosidl_typesupport_cpp/nav2_msgs/srv/clear_entire_costmap__type_support.cpp.o[0m
[35.881s] [ 38%] [32mBuilding CXX object CMakeFiles/nav2_msgs__rosidl_typesupport_cpp.dir/rosidl_typesupport_cpp/nav2_msgs/srv/manage_lifecycle_nodes__type_support.cpp.o[0m
[36.185s] [ 38%] [32mBuilding CXX object CMakeFiles/nav2_msgs__rosidl_typesupport_c.dir/rosidl_typesupport_c/nav2_msgs/msg/collision_monitor_state__type_support.cpp.o[0m
[36.283s] [ 38%] [32mBuilding CXX object CMakeFiles/nav2_msgs__rosidl_typesupport_c.dir/rosidl_typesupport_c/nav2_msgs/msg/collision_detector_state__type_support.cpp.o[0m
[36.382s] [ 39%] [32mBuilding CXX object CMakeFiles/nav2_msgs__rosidl_typesupport_c.dir/rosidl_typesupport_c/nav2_msgs/msg/costmap__type_support.cpp.o[0m
[36.454s] [ 39%] [32mBuilding CXX object CMakeFiles/nav2_msgs__rosidl_typesupport_c.dir/rosidl_typesupport_c/nav2_msgs/msg/costmap_meta_data__type_support.cpp.o[0m
[36.489s] [ 39%] [32mBuilding CXX object CMakeFiles/nav2_msgs__rosidl_typesupport_cpp.dir/rosidl_typesupport_cpp/nav2_msgs/srv/load_map__type_support.cpp.o[0m
[36.493s] [ 39%] [32mBuilding CXX object CMakeFiles/nav2_msgs__rosidl_typesupport_c.dir/rosidl_typesupport_c/nav2_msgs/msg/costmap_update__type_support.cpp.o[0m
[36.497s] [ 39%] [32mBuilding CXX object CMakeFiles/nav2_msgs__rosidl_typesupport_c.dir/rosidl_typesupport_c/nav2_msgs/msg/costmap_filter_info__type_support.cpp.o[0m
[36.548s] [ 39%] [32mBuilding CXX object CMakeFiles/nav2_msgs__rosidl_typesupport_cpp.dir/rosidl_typesupport_cpp/nav2_msgs/srv/save_map__type_support.cpp.o[0m
[36.560s] [ 40%] [32mBuilding CXX object CMakeFiles/nav2_msgs__rosidl_typesupport_c.dir/rosidl_typesupport_c/nav2_msgs/msg/speed_limit__type_support.cpp.o[0m
[36.593s] [ 40%] [32mBuilding CXX object CMakeFiles/nav2_msgs__rosidl_typesupport_cpp.dir/rosidl_typesupport_cpp/nav2_msgs/srv/set_initial_pose__type_support.cpp.o[0m
[36.598s] [ 40%] [32mBuilding CXX object CMakeFiles/nav2_msgs__rosidl_typesupport_c.dir/rosidl_typesupport_c/nav2_msgs/msg/voxel_grid__type_support.cpp.o[0m
[36.640s] [ 40%] [32mBuilding CXX object CMakeFiles/nav2_msgs__rosidl_typesupport_c.dir/rosidl_typesupport_c/nav2_msgs/msg/behavior_tree_status_change__type_support.cpp.o[0m
[36.656s] [ 40%] [32mBuilding CXX object CMakeFiles/nav2_msgs__rosidl_typesupport_c.dir/rosidl_typesupport_c/nav2_msgs/msg/behavior_tree_log__type_support.cpp.o[0m
[36.663s] [ 40%] [32mBuilding CXX object CMakeFiles/nav2_msgs__rosidl_typesupport_c.dir/rosidl_typesupport_c/nav2_msgs/msg/particle__type_support.cpp.o[0m
[36.678s] [ 41%] [32mBuilding CXX object CMakeFiles/nav2_msgs__rosidl_typesupport_cpp.dir/rosidl_typesupport_cpp/nav2_msgs/srv/reload_dock_database__type_support.cpp.o[0m
[36.696s] [ 41%] [32mBuilding CXX object CMakeFiles/nav2_msgs__rosidl_typesupport_cpp.dir/rosidl_typesupport_cpp/nav2_msgs/action/assisted_teleop__type_support.cpp.o[0m
[36.746s] [ 41%] [32mBuilding CXX object CMakeFiles/nav2_msgs__rosidl_typesupport_cpp.dir/rosidl_typesupport_cpp/nav2_msgs/action/back_up__type_support.cpp.o[0m
[36.755s] [ 41%] [32mBuilding CXX object CMakeFiles/nav2_msgs__rosidl_typesupport_cpp.dir/rosidl_typesupport_cpp/nav2_msgs/action/compute_path_to_pose__type_support.cpp.o[0m
[36.762s] [ 42%] [32mBuilding CXX object CMakeFiles/nav2_msgs__rosidl_typesupport_c.dir/rosidl_typesupport_c/nav2_msgs/msg/particle_cloud__type_support.cpp.o[0m
[36.893s] [ 42%] [32mBuilding CXX object CMakeFiles/nav2_msgs__rosidl_typesupport_c.dir/rosidl_typesupport_c/nav2_msgs/msg/missed_waypoint__type_support.cpp.o[0m
[36.989s] [ 42%] [32mBuilding CXX object CMakeFiles/nav2_msgs__rosidl_typesupport_c.dir/rosidl_typesupport_c/nav2_msgs/srv/get_cost__type_support.cpp.o[0m
[37.096s] [ 42%] [32mBuilding CXX object CMakeFiles/nav2_msgs__rosidl_typesupport_c.dir/rosidl_typesupport_c/nav2_msgs/srv/get_costmap__type_support.cpp.o[0m
[37.205s] [ 43%] [32mBuilding CXX object CMakeFiles/nav2_msgs__rosidl_typesupport_c.dir/rosidl_typesupport_c/nav2_msgs/srv/is_path_valid__type_support.cpp.o[0m
[37.315s] [ 43%] [32mBuilding CXX object CMakeFiles/nav2_msgs__rosidl_typesupport_c.dir/rosidl_typesupport_c/nav2_msgs/srv/clear_costmap_except_region__type_support.cpp.o[0m
[37.425s] [ 43%] [32mBuilding CXX object CMakeFiles/nav2_msgs__rosidl_typesupport_c.dir/rosidl_typesupport_c/nav2_msgs/srv/clear_costmap_around_robot__type_support.cpp.o[0m
[37.472s] [ 43%] [32mBuilding CXX object CMakeFiles/nav2_msgs__rosidl_typesupport_c.dir/rosidl_typesupport_c/nav2_msgs/srv/clear_costmap_around_pose__type_support.cpp.o[0m
[37.491s] [ 44%] [32mBuilding CXX object CMakeFiles/nav2_msgs__rosidl_typesupport_introspection_cpp.dir/rosidl_typesupport_introspection_cpp/nav2_msgs/msg/detail/collision_monitor_state__type_support.cpp.o[0m
[37.492s] [ 44%] [32mBuilding CXX object CMakeFiles/nav2_msgs__rosidl_typesupport_introspection_cpp.dir/rosidl_typesupport_introspection_cpp/nav2_msgs/msg/detail/collision_detector_state__type_support.cpp.o[0m
[37.514s] [ 45%] [32mBuilding CXX object CMakeFiles/nav2_msgs__rosidl_typesupport_c.dir/rosidl_typesupport_c/nav2_msgs/srv/clear_entire_costmap__type_support.cpp.o[0m
[37.533s] [ 45%] [32mBuilding CXX object CMakeFiles/nav2_msgs__rosidl_typesupport_introspection_cpp.dir/rosidl_typesupport_introspection_cpp/nav2_msgs/msg/detail/costmap__type_support.cpp.o[0m
[37.571s] [ 45%] [32mBuilding CXX object CMakeFiles/nav2_msgs__rosidl_typesupport_c.dir/rosidl_typesupport_c/nav2_msgs/srv/manage_lifecycle_nodes__type_support.cpp.o[0m
[37.593s] [ 45%] [32mBuilding CXX object CMakeFiles/nav2_msgs__rosidl_typesupport_introspection_cpp.dir/rosidl_typesupport_introspection_cpp/nav2_msgs/msg/detail/costmap_meta_data__type_support.cpp.o[0m
[37.622s] [ 45%] [32mBuilding CXX object CMakeFiles/nav2_msgs__rosidl_typesupport_cpp.dir/rosidl_typesupport_cpp/nav2_msgs/action/compute_path_through_poses__type_support.cpp.o[0m
[37.687s] [ 45%] [32mBuilding CXX object CMakeFiles/nav2_msgs__rosidl_typesupport_c.dir/rosidl_typesupport_c/nav2_msgs/srv/load_map__type_support.cpp.o[0m
[37.812s] [ 45%] [32mBuilding CXX object CMakeFiles/nav2_msgs__rosidl_typesupport_c.dir/rosidl_typesupport_c/nav2_msgs/srv/save_map__type_support.cpp.o[0m
[37.952s] [ 45%] [32mBuilding CXX object CMakeFiles/nav2_msgs__rosidl_typesupport_c.dir/rosidl_typesupport_c/nav2_msgs/srv/set_initial_pose__type_support.cpp.o[0m
[38.065s] [ 46%] [32mBuilding CXX object CMakeFiles/nav2_msgs__rosidl_typesupport_c.dir/rosidl_typesupport_c/nav2_msgs/srv/reload_dock_database__type_support.cpp.o[0m
[38.126s] [ 47%] [32mBuilding CXX object CMakeFiles/nav2_msgs__rosidl_typesupport_cpp.dir/rosidl_typesupport_cpp/nav2_msgs/action/drive_on_heading__type_support.cpp.o[0m
[38.157s] [ 47%] [32mBuilding CXX object CMakeFiles/nav2_msgs__rosidl_typesupport_c.dir/rosidl_typesupport_c/nav2_msgs/action/assisted_teleop__type_support.cpp.o[0m
[38.170s] [ 48%] [32mBuilding CXX object CMakeFiles/nav2_msgs__rosidl_typesupport_introspection_cpp.dir/rosidl_typesupport_introspection_cpp/nav2_msgs/msg/detail/costmap_update__type_support.cpp.o[0m
[38.211s] [ 48%] [32mBuilding CXX object CMakeFiles/nav2_msgs__rosidl_typesupport_c.dir/rosidl_typesupport_c/nav2_msgs/action/back_up__type_support.cpp.o[0m
[38.269s] [ 48%] [32mBuilding CXX object CMakeFiles/nav2_msgs__rosidl_typesupport_cpp.dir/rosidl_typesupport_cpp/nav2_msgs/action/smooth_path__type_support.cpp.o[0m
[38.289s] [ 48%] [32mBuilding CXX object CMakeFiles/nav2_msgs__rosidl_typesupport_cpp.dir/rosidl_typesupport_cpp/nav2_msgs/action/follow_path__type_support.cpp.o[0m
[38.301s] [ 48%] [32mBuilding CXX object CMakeFiles/nav2_msgs__rosidl_typesupport_cpp.dir/rosidl_typesupport_cpp/nav2_msgs/action/navigate_to_pose__type_support.cpp.o[0m
[38.350s] [ 48%] [32mBuilding CXX object CMakeFiles/nav2_msgs__rosidl_typesupport_c.dir/rosidl_typesupport_c/nav2_msgs/action/compute_path_to_pose__type_support.cpp.o[0m
[38.387s] [ 48%] [32mBuilding C object CMakeFiles/nav2_msgs__rosidl_typesupport_introspection_c.dir/rosidl_typesupport_introspection_c/nav2_msgs/msg/detail/collision_monitor_state__type_support.c.o[0m
[38.464s] [ 49%] [32mBuilding CXX object CMakeFiles/nav2_msgs__rosidl_typesupport_c.dir/rosidl_typesupport_c/nav2_msgs/action/compute_path_through_poses__type_support.cpp.o[0m
[38.480s] [ 49%] [32mBuilding C object CMakeFiles/nav2_msgs__rosidl_typesupport_introspection_c.dir/rosidl_typesupport_introspection_c/nav2_msgs/msg/detail/collision_detector_state__type_support.c.o[0m
[38.496s] [ 49%] [32mBuilding C object CMakeFiles/nav2_msgs__rosidl_typesupport_introspection_c.dir/rosidl_typesupport_introspection_c/nav2_msgs/msg/detail/costmap__type_support.c.o[0m
[38.499s] [ 49%] [32mBuilding CXX object CMakeFiles/nav2_msgs__rosidl_typesupport_introspection_cpp.dir/rosidl_typesupport_introspection_cpp/nav2_msgs/msg/detail/costmap_filter_info__type_support.cpp.o[0m
[38.602s] [ 49%] [32mBuilding CXX object CMakeFiles/nav2_msgs__rosidl_typesupport_introspection_cpp.dir/rosidl_typesupport_introspection_cpp/nav2_msgs/msg/detail/speed_limit__type_support.cpp.o[0m
[38.603s] [ 49%] [32mBuilding C object CMakeFiles/nav2_msgs__rosidl_typesupport_introspection_c.dir/rosidl_typesupport_introspection_c/nav2_msgs/msg/detail/costmap_meta_data__type_support.c.o[0m
[38.620s] [ 49%] [32mBuilding CXX object CMakeFiles/nav2_msgs__rosidl_typesupport_c.dir/rosidl_typesupport_c/nav2_msgs/action/drive_on_heading__type_support.cpp.o[0m
[38.710s] [ 50%] [32mBuilding C object CMakeFiles/nav2_msgs__rosidl_typesupport_introspection_c.dir/rosidl_typesupport_introspection_c/nav2_msgs/msg/detail/costmap_update__type_support.c.o[0m
[38.774s] [ 50%] [32mBuilding CXX object CMakeFiles/nav2_msgs__rosidl_typesupport_c.dir/rosidl_typesupport_c/nav2_msgs/action/smooth_path__type_support.cpp.o[0m
[38.840s] [ 50%] [32mBuilding C object CMakeFiles/nav2_msgs__rosidl_typesupport_introspection_c.dir/rosidl_typesupport_introspection_c/nav2_msgs/msg/detail/costmap_filter_info__type_support.c.o[0m
[38.898s] [ 50%] [32mBuilding CXX object CMakeFiles/nav2_msgs__rosidl_typesupport_c.dir/rosidl_typesupport_c/nav2_msgs/action/follow_path__type_support.cpp.o[0m
[38.941s] [ 51%] [32mBuilding CXX object CMakeFiles/nav2_msgs__rosidl_typesupport_cpp.dir/rosidl_typesupport_cpp/nav2_msgs/action/navigate_through_poses__type_support.cpp.o[0m
[38.946s] [ 51%] [32mBuilding C object CMakeFiles/nav2_msgs__rosidl_typesupport_introspection_c.dir/rosidl_typesupport_introspection_c/nav2_msgs/msg/detail/speed_limit__type_support.c.o[0m
[39.041s] [ 51%] [32mBuilding C object CMakeFiles/nav2_msgs__rosidl_typesupport_introspection_c.dir/rosidl_typesupport_introspection_c/nav2_msgs/msg/detail/voxel_grid__type_support.c.o[0m
[39.072s] [ 52%] [32mBuilding CXX object CMakeFiles/nav2_msgs__rosidl_typesupport_c.dir/rosidl_typesupport_c/nav2_msgs/action/navigate_to_pose__type_support.cpp.o[0m
[39.159s] [ 53%] [32mBuilding C object CMakeFiles/nav2_msgs__rosidl_typesupport_introspection_c.dir/rosidl_typesupport_introspection_c/nav2_msgs/msg/detail/behavior_tree_status_change__type_support.c.o[0m
[39.191s] [ 53%] [32mBuilding CXX object CMakeFiles/nav2_msgs__rosidl_typesupport_cpp.dir/rosidl_typesupport_cpp/nav2_msgs/action/wait__type_support.cpp.o[0m
[39.237s] [ 53%] [32mBuilding CXX object CMakeFiles/nav2_msgs__rosidl_typesupport_c.dir/rosidl_typesupport_c/nav2_msgs/action/navigate_through_poses__type_support.cpp.o[0m
[39.252s] [ 53%] [32mBuilding C object CMakeFiles/nav2_msgs__rosidl_typesupport_introspection_c.dir/rosidl_typesupport_introspection_c/nav2_msgs/msg/detail/behavior_tree_log__type_support.c.o[0m
[39.253s] [ 53%] [32mBuilding CXX object CMakeFiles/nav2_msgs__rosidl_typesupport_introspection_cpp.dir/rosidl_typesupport_introspection_cpp/nav2_msgs/msg/detail/voxel_grid__type_support.cpp.o[0m
[39.357s] [ 53%] [32mBuilding C object CMakeFiles/nav2_msgs__rosidl_typesupport_introspection_c.dir/rosidl_typesupport_introspection_c/nav2_msgs/msg/detail/particle__type_support.c.o[0m
[39.378s] [ 53%] [32mBuilding CXX object CMakeFiles/nav2_msgs__rosidl_typesupport_c.dir/rosidl_typesupport_c/nav2_msgs/action/wait__type_support.cpp.o[0m
[39.448s] [ 53%] [32mBuilding C object CMakeFiles/nav2_msgs__rosidl_typesupport_introspection_c.dir/rosidl_typesupport_introspection_c/nav2_msgs/msg/detail/particle_cloud__type_support.c.o[0m
[39.474s] [ 54%] [32mBuilding CXX object CMakeFiles/nav2_msgs__rosidl_typesupport_introspection_cpp.dir/rosidl_typesupport_introspection_cpp/nav2_msgs/msg/detail/behavior_tree_status_change__type_support.cpp.o[0m
[39.504s] [ 54%] [32mBuilding CXX object CMakeFiles/nav2_msgs__rosidl_typesupport_introspection_cpp.dir/rosidl_typesupport_introspection_cpp/nav2_msgs/msg/detail/behavior_tree_log__type_support.cpp.o[0m
[39.523s] [ 54%] [32mBuilding CXX object CMakeFiles/nav2_msgs__rosidl_typesupport_c.dir/rosidl_typesupport_c/nav2_msgs/action/spin__type_support.cpp.o[0m
[39.552s] [ 55%] [32mBuilding C object CMakeFiles/nav2_msgs__rosidl_typesupport_introspection_c.dir/rosidl_typesupport_introspection_c/nav2_msgs/msg/detail/missed_waypoint__type_support.c.o[0m
[39.639s] [ 55%] [32mBuilding C object CMakeFiles/nav2_msgs__rosidl_typesupport_introspection_c.dir/rosidl_typesupport_introspection_c/nav2_msgs/srv/detail/get_cost__type_support.c.o[0m
[39.662s] [ 55%] [32mBuilding CXX object CMakeFiles/nav2_msgs__rosidl_typesupport_c.dir/rosidl_typesupport_c/nav2_msgs/action/dummy_behavior__type_support.cpp.o[0m
[39.779s] [ 55%] [32mBuilding C object CMakeFiles/nav2_msgs__rosidl_typesupport_introspection_c.dir/rosidl_typesupport_introspection_c/nav2_msgs/srv/detail/get_costmap__type_support.c.o[0m
[39.808s] [ 56%] [32mBuilding CXX object CMakeFiles/nav2_msgs__rosidl_typesupport_c.dir/rosidl_typesupport_c/nav2_msgs/action/follow_waypoints__type_support.cpp.o[0m
[39.887s] [ 56%] [32mBuilding CXX object CMakeFiles/nav2_msgs__rosidl_typesupport_introspection_cpp.dir/rosidl_typesupport_introspection_cpp/nav2_msgs/msg/detail/particle__type_support.cpp.o[0m
[39.941s] [ 56%] [32mBuilding C object CMakeFiles/nav2_msgs__rosidl_typesupport_introspection_c.dir/rosidl_typesupport_introspection_c/nav2_msgs/srv/detail/is_path_valid__type_support.c.o[0m
[39.964s] [ 56%] [32mBuilding CXX object CMakeFiles/nav2_msgs__rosidl_typesupport_c.dir/rosidl_typesupport_c/nav2_msgs/action/follow_gps_waypoints__type_support.cpp.o[0m
[40.008s] [ 56%] [32mBuilding C object CMakeFiles/nav2_msgs__rosidl_typesupport_introspection_c.dir/rosidl_typesupport_introspection_c/nav2_msgs/srv/detail/clear_costmap_except_region__type_support.c.o[0m
[40.057s] [ 56%] [32mBuilding CXX object CMakeFiles/nav2_msgs__rosidl_typesupport_c.dir/rosidl_typesupport_c/nav2_msgs/action/dock_robot__type_support.cpp.o[0m
[40.062s] [ 56%] [32mBuilding CXX object CMakeFiles/nav2_msgs__rosidl_typesupport_c.dir/rosidl_typesupport_c/nav2_msgs/action/undock_robot__type_support.cpp.o[0m
[40.107s] [ 57%] [32mBuilding C object CMakeFiles/nav2_msgs__rosidl_typesupport_introspection_c.dir/rosidl_typesupport_introspection_c/nav2_msgs/srv/detail/clear_costmap_around_robot__type_support.c.o[0m
[40.107s] [ 57%] [32mBuilding CXX object CMakeFiles/nav2_msgs__rosidl_typesupport_cpp.dir/rosidl_typesupport_cpp/nav2_msgs/action/spin__type_support.cpp.o[0m
[40.124s] [ 57%] [32mBuilding CXX object CMakeFiles/nav2_msgs__rosidl_typesupport_cpp.dir/rosidl_typesupport_cpp/nav2_msgs/action/dummy_behavior__type_support.cpp.o[0m
[40.167s] [ 57%] [32mBuilding CXX object CMakeFiles/nav2_msgs__rosidl_typesupport_introspection_cpp.dir/rosidl_typesupport_introspection_cpp/nav2_msgs/msg/detail/particle_cloud__type_support.cpp.o[0m
[40.201s] [ 58%] [32m[1mLinking CXX shared library libnav2_msgs__rosidl_typesupport_c.so[0m
[40.201s] [ 58%] [32mBuilding CXX object CMakeFiles/nav2_msgs__rosidl_typesupport_introspection_cpp.dir/rosidl_typesupport_introspection_cpp/nav2_msgs/msg/detail/missed_waypoint__type_support.cpp.o[0m
[40.242s] [ 58%] [32mBuilding C object CMakeFiles/nav2_msgs__rosidl_typesupport_introspection_c.dir/rosidl_typesupport_introspection_c/nav2_msgs/srv/detail/clear_costmap_around_pose__type_support.c.o[0m
[40.336s] [ 58%] Built target nav2_msgs__rosidl_typesupport_c
[40.347s] [ 59%] [32mBuilding CXX object CMakeFiles/nav2_msgs__rosidl_typesupport_cpp.dir/rosidl_typesupport_cpp/nav2_msgs/action/follow_waypoints__type_support.cpp.o[0m
[40.356s] [ 59%] [32mBuilding CXX object CMakeFiles/nav2_msgs__rosidl_typesupport_cpp.dir/rosidl_typesupport_cpp/nav2_msgs/action/follow_gps_waypoints__type_support.cpp.o[0m
[40.387s] [ 59%] [32mBuilding C object CMakeFiles/nav2_msgs__rosidl_typesupport_introspection_c.dir/rosidl_typesupport_introspection_c/nav2_msgs/srv/detail/clear_entire_costmap__type_support.c.o[0m
[40.528s] [ 59%] [32mBuilding CXX object CMakeFiles/nav2_msgs__rosidl_typesupport_cpp.dir/rosidl_typesupport_cpp/nav2_msgs/action/dock_robot__type_support.cpp.o[0m
[40.538s] [ 59%] [32mBuilding C object CMakeFiles/nav2_msgs__rosidl_typesupport_introspection_c.dir/rosidl_typesupport_introspection_c/nav2_msgs/srv/detail/manage_lifecycle_nodes__type_support.c.o[0m
[40.606s] [ 60%] [32mBuilding C object CMakeFiles/nav2_msgs__rosidl_typesupport_introspection_c.dir/rosidl_typesupport_introspection_c/nav2_msgs/srv/detail/load_map__type_support.c.o[0m
[40.645s] [ 61%] [32mBuilding CXX object CMakeFiles/nav2_msgs__rosidl_typesupport_introspection_cpp.dir/rosidl_typesupport_introspection_cpp/nav2_msgs/srv/detail/get_cost__type_support.cpp.o[0m
[40.687s] [ 61%] [32mBuilding CXX object CMakeFiles/nav2_msgs__rosidl_typesupport_introspection_cpp.dir/rosidl_typesupport_introspection_cpp/nav2_msgs/srv/detail/get_costmap__type_support.cpp.o[0m
[40.794s] [ 61%] [32mBuilding C object CMakeFiles/nav2_msgs__rosidl_typesupport_introspection_c.dir/rosidl_typesupport_introspection_c/nav2_msgs/srv/detail/save_map__type_support.c.o[0m
[40.857s] [ 61%] [32mBuilding C object CMakeFiles/nav2_msgs__rosidl_typesupport_introspection_c.dir/rosidl_typesupport_introspection_c/nav2_msgs/srv/detail/set_initial_pose__type_support.c.o[0m
[40.892s] [ 61%] [32mBuilding CXX object CMakeFiles/nav2_msgs__rosidl_typesupport_cpp.dir/rosidl_typesupport_cpp/nav2_msgs/action/undock_robot__type_support.cpp.o[0m
[40.964s] [ 61%] [32mBuilding CXX object CMakeFiles/nav2_msgs__rosidl_typesupport_introspection_cpp.dir/rosidl_typesupport_introspection_cpp/nav2_msgs/srv/detail/is_path_valid__type_support.cpp.o[0m
[41.012s] [ 61%] [32mBuilding C object CMakeFiles/nav2_msgs__rosidl_typesupport_introspection_c.dir/rosidl_typesupport_introspection_c/nav2_msgs/srv/detail/reload_dock_database__type_support.c.o[0m
[41.182s] [ 62%] [32mBuilding C object CMakeFiles/nav2_msgs__rosidl_typesupport_introspection_c.dir/rosidl_typesupport_introspection_c/nav2_msgs/action/detail/assisted_teleop__type_support.c.o[0m
[41.445s] [ 62%] [32mBuilding C object CMakeFiles/nav2_msgs__rosidl_typesupport_introspection_c.dir/rosidl_typesupport_introspection_c/nav2_msgs/action/detail/back_up__type_support.c.o[0m
[41.564s] [ 62%] [32mBuilding C object CMakeFiles/nav2_msgs__rosidl_typesupport_introspection_c.dir/rosidl_typesupport_introspection_c/nav2_msgs/action/detail/compute_path_to_pose__type_support.c.o[0m
[41.576s] [ 62%] [32mBuilding CXX object CMakeFiles/nav2_msgs__rosidl_typesupport_introspection_cpp.dir/rosidl_typesupport_introspection_cpp/nav2_msgs/srv/detail/clear_costmap_except_region__type_support.cpp.o[0m
[41.662s] [ 63%] [32mBuilding CXX object CMakeFiles/nav2_msgs__rosidl_typesupport_introspection_cpp.dir/rosidl_typesupport_introspection_cpp/nav2_msgs/srv/detail/clear_costmap_around_robot__type_support.cpp.o[0m
[41.693s] [ 63%] [32mBuilding CXX object CMakeFiles/nav2_msgs__rosidl_typesupport_introspection_cpp.dir/rosidl_typesupport_introspection_cpp/nav2_msgs/srv/detail/clear_costmap_around_pose__type_support.cpp.o[0m
[41.805s] [ 63%] [32mBuilding C object CMakeFiles/nav2_msgs__rosidl_typesupport_introspection_c.dir/rosidl_typesupport_introspection_c/nav2_msgs/action/detail/compute_path_through_poses__type_support.c.o[0m
[41.976s] [ 63%] [32mBuilding CXX object CMakeFiles/nav2_msgs__rosidl_typesupport_introspection_cpp.dir/rosidl_typesupport_introspection_cpp/nav2_msgs/srv/detail/clear_entire_costmap__type_support.cpp.o[0m
[42.085s] [ 63%] [32mBuilding C object CMakeFiles/nav2_msgs__rosidl_typesupport_introspection_c.dir/rosidl_typesupport_introspection_c/nav2_msgs/action/detail/drive_on_heading__type_support.c.o[0m
[42.086s] [ 64%] [32mBuilding C object CMakeFiles/nav2_msgs__rosidl_typesupport_introspection_c.dir/rosidl_typesupport_introspection_c/nav2_msgs/action/detail/smooth_path__type_support.c.o[0m
[42.118s] [ 64%] [32mBuilding CXX object CMakeFiles/nav2_msgs__rosidl_typesupport_introspection_cpp.dir/rosidl_typesupport_introspection_cpp/nav2_msgs/srv/detail/manage_lifecycle_nodes__type_support.cpp.o[0m
[42.196s] [ 64%] [32mBuilding C object CMakeFiles/nav2_msgs__rosidl_typesupport_introspection_c.dir/rosidl_typesupport_introspection_c/nav2_msgs/action/detail/follow_path__type_support.c.o[0m
[42.304s] [ 64%] [32mBuilding C object CMakeFiles/nav2_msgs__rosidl_typesupport_introspection_c.dir/rosidl_typesupport_introspection_c/nav2_msgs/action/detail/navigate_to_pose__type_support.c.o[0m
[42.308s] [ 65%] [32mBuilding CXX object CMakeFiles/nav2_msgs__rosidl_typesupport_introspection_cpp.dir/rosidl_typesupport_introspection_cpp/nav2_msgs/srv/detail/load_map__type_support.cpp.o[0m
[42.438s] [ 65%] [32mBuilding CXX object CMakeFiles/nav2_msgs__rosidl_typesupport_introspection_cpp.dir/rosidl_typesupport_introspection_cpp/nav2_msgs/srv/detail/save_map__type_support.cpp.o[0m
[42.468s] [ 65%] [32mBuilding C object CMakeFiles/nav2_msgs__rosidl_typesupport_introspection_c.dir/rosidl_typesupport_introspection_c/nav2_msgs/action/detail/navigate_through_poses__type_support.c.o[0m
[42.501s] [ 66%] [32mBuilding C object CMakeFiles/nav2_msgs__rosidl_typesupport_introspection_c.dir/rosidl_typesupport_introspection_c/nav2_msgs/action/detail/wait__type_support.c.o[0m
[42.508s] [ 66%] [32m[1mLinking CXX shared library libnav2_msgs__rosidl_typesupport_cpp.so[0m
[42.527s] [ 66%] [32mBuilding CXX object CMakeFiles/nav2_msgs__rosidl_typesupport_introspection_cpp.dir/rosidl_typesupport_introspection_cpp/nav2_msgs/srv/detail/set_initial_pose__type_support.cpp.o[0m
[42.556s] [ 66%] [32mBuilding C object CMakeFiles/nav2_msgs__rosidl_typesupport_introspection_c.dir/rosidl_typesupport_introspection_c/nav2_msgs/action/detail/spin__type_support.c.o[0m
[42.726s] [ 66%] [32mBuilding CXX object CMakeFiles/nav2_msgs__rosidl_typesupport_introspection_cpp.dir/rosidl_typesupport_introspection_cpp/nav2_msgs/srv/detail/reload_dock_database__type_support.cpp.o[0m
[42.747s] [ 66%] [32mBuilding CXX object CMakeFiles/nav2_msgs__rosidl_typesupport_introspection_cpp.dir/rosidl_typesupport_introspection_cpp/nav2_msgs/action/detail/assisted_teleop__type_support.cpp.o[0m
[42.776s] [ 66%] [32mBuilding C object CMakeFiles/nav2_msgs__rosidl_typesupport_introspection_c.dir/rosidl_typesupport_introspection_c/nav2_msgs/action/detail/dummy_behavior__type_support.c.o[0m
[42.797s] [ 67%] [32mBuilding CXX object CMakeFiles/nav2_msgs__rosidl_typesupport_introspection_cpp.dir/rosidl_typesupport_introspection_cpp/nav2_msgs/action/detail/back_up__type_support.cpp.o[0m
[42.811s] [ 67%] Built target nav2_msgs__rosidl_typesupport_cpp
[42.829s] [ 67%] [32mBuilding CXX object CMakeFiles/nav2_msgs__rosidl_typesupport_introspection_cpp.dir/rosidl_typesupport_introspection_cpp/nav2_msgs/action/detail/compute_path_to_pose__type_support.cpp.o[0m
[42.911s] [ 67%] [32mBuilding C object CMakeFiles/nav2_msgs__rosidl_typesupport_introspection_c.dir/rosidl_typesupport_introspection_c/nav2_msgs/action/detail/follow_waypoints__type_support.c.o[0m
[43.056s] [ 68%] [32mBuilding C object CMakeFiles/nav2_msgs__rosidl_typesupport_introspection_c.dir/rosidl_typesupport_introspection_c/nav2_msgs/action/detail/follow_gps_waypoints__type_support.c.o[0m
[43.069s] [ 68%] [32mBuilding CXX object CMakeFiles/nav2_msgs__rosidl_typesupport_introspection_cpp.dir/rosidl_typesupport_introspection_cpp/nav2_msgs/action/detail/compute_path_through_poses__type_support.cpp.o[0m
[43.179s] [ 68%] [32mBuilding CXX object CMakeFiles/nav2_msgs__rosidl_typesupport_introspection_cpp.dir/rosidl_typesupport_introspection_cpp/nav2_msgs/action/detail/drive_on_heading__type_support.cpp.o[0m
[43.341s] [ 68%] [32mBuilding C object CMakeFiles/nav2_msgs__rosidl_typesupport_introspection_c.dir/rosidl_typesupport_introspection_c/nav2_msgs/action/detail/dock_robot__type_support.c.o[0m
[43.508s] [ 68%] [32mBuilding CXX object CMakeFiles/nav2_msgs__rosidl_typesupport_fastrtps_cpp.dir/rosidl_typesupport_fastrtps_cpp/nav2_msgs/msg/detail/dds_fastrtps/collision_monitor_state__type_support.cpp.o[0m
[43.616s] [ 68%] [32mBuilding C object CMakeFiles/nav2_msgs__rosidl_typesupport_introspection_c.dir/rosidl_typesupport_introspection_c/nav2_msgs/action/detail/undock_robot__type_support.c.o[0m
[43.635s] [ 68%] [32mBuilding CXX object CMakeFiles/nav2_msgs__rosidl_typesupport_fastrtps_cpp.dir/rosidl_typesupport_fastrtps_cpp/nav2_msgs/msg/detail/dds_fastrtps/collision_detector_state__type_support.cpp.o[0m
[43.701s] [ 68%] [32mBuilding CXX object CMakeFiles/nav2_msgs__rosidl_typesupport_fastrtps_cpp.dir/rosidl_typesupport_fastrtps_cpp/nav2_msgs/msg/detail/dds_fastrtps/costmap__type_support.cpp.o[0m
[43.746s] [ 69%] [32mBuilding CXX object CMakeFiles/nav2_msgs__rosidl_typesupport_fastrtps_cpp.dir/rosidl_typesupport_fastrtps_cpp/nav2_msgs/msg/detail/dds_fastrtps/costmap_meta_data__type_support.cpp.o[0m
[43.804s] [ 69%] [32mBuilding CXX object CMakeFiles/nav2_msgs__rosidl_typesupport_fastrtps_cpp.dir/rosidl_typesupport_fastrtps_cpp/nav2_msgs/msg/detail/dds_fastrtps/costmap_update__type_support.cpp.o[0m
[43.853s] [ 69%] [32m[1mLinking C shared library libnav2_msgs__rosidl_typesupport_introspection_c.so[0m
[44.003s] [ 69%] Built target nav2_msgs__rosidl_typesupport_introspection_c
[44.058s] [ 70%] [32mBuilding CXX object CMakeFiles/nav2_msgs__rosidl_typesupport_introspection_cpp.dir/rosidl_typesupport_introspection_cpp/nav2_msgs/action/detail/smooth_path__type_support.cpp.o[0m
[44.492s] [ 70%] [32mBuilding CXX object CMakeFiles/nav2_msgs__rosidl_typesupport_introspection_cpp.dir/rosidl_typesupport_introspection_cpp/nav2_msgs/action/detail/follow_path__type_support.cpp.o[0m
[44.596s] [ 70%] [32mBuilding CXX object CMakeFiles/nav2_msgs__rosidl_typesupport_fastrtps_cpp.dir/rosidl_typesupport_fastrtps_cpp/nav2_msgs/msg/detail/dds_fastrtps/costmap_filter_info__type_support.cpp.o[0m
[44.612s] [ 70%] [32mBuilding CXX object CMakeFiles/nav2_msgs__rosidl_typesupport_fastrtps_cpp.dir/rosidl_typesupport_fastrtps_cpp/nav2_msgs/msg/detail/dds_fastrtps/speed_limit__type_support.cpp.o[0m
[44.823s] [ 70%] [32mBuilding CXX object CMakeFiles/nav2_msgs__rosidl_typesupport_introspection_cpp.dir/rosidl_typesupport_introspection_cpp/nav2_msgs/action/detail/navigate_to_pose__type_support.cpp.o[0m
[44.876s] [ 70%] [32mBuilding CXX object CMakeFiles/nav2_msgs__rosidl_typesupport_introspection_cpp.dir/rosidl_typesupport_introspection_cpp/nav2_msgs/action/detail/navigate_through_poses__type_support.cpp.o[0m
[44.907s] [ 70%] [32mBuilding CXX object CMakeFiles/nav2_msgs__rosidl_typesupport_fastrtps_cpp.dir/rosidl_typesupport_fastrtps_cpp/nav2_msgs/msg/detail/dds_fastrtps/voxel_grid__type_support.cpp.o[0m
[44.981s] [ 71%] [32mBuilding CXX object CMakeFiles/nav2_msgs__rosidl_typesupport_introspection_cpp.dir/rosidl_typesupport_introspection_cpp/nav2_msgs/action/detail/wait__type_support.cpp.o[0m
[45.052s] [ 72%] [32mBuilding CXX object CMakeFiles/nav2_msgs__rosidl_typesupport_fastrtps_cpp.dir/rosidl_typesupport_fastrtps_cpp/nav2_msgs/msg/detail/dds_fastrtps/behavior_tree_status_change__type_support.cpp.o[0m
[45.224s] [ 72%] [32mBuilding CXX object CMakeFiles/nav2_msgs__rosidl_typesupport_fastrtps_c.dir/rosidl_typesupport_fastrtps_c/nav2_msgs/msg/detail/collision_monitor_state__type_support_c.cpp.o[0m
[45.257s] [ 72%] [32mBuilding CXX object CMakeFiles/nav2_msgs__rosidl_typesupport_fastrtps_cpp.dir/rosidl_typesupport_fastrtps_cpp/nav2_msgs/msg/detail/dds_fastrtps/behavior_tree_log__type_support.cpp.o[0m
[45.708s] [ 72%] [32mBuilding CXX object CMakeFiles/nav2_msgs__rosidl_typesupport_fastrtps_cpp.dir/rosidl_typesupport_fastrtps_cpp/nav2_msgs/msg/detail/dds_fastrtps/particle_cloud__type_support.cpp.o[0m
[45.709s] [ 72%] [32mBuilding CXX object CMakeFiles/nav2_msgs__rosidl_typesupport_fastrtps_cpp.dir/rosidl_typesupport_fastrtps_cpp/nav2_msgs/msg/detail/dds_fastrtps/particle__type_support.cpp.o[0m
[45.784s] [ 72%] [32mBuilding CXX object CMakeFiles/nav2_msgs__rosidl_typesupport_introspection_cpp.dir/rosidl_typesupport_introspection_cpp/nav2_msgs/action/detail/spin__type_support.cpp.o[0m
[46.073s] [ 72%] [32mBuilding CXX object CMakeFiles/nav2_msgs__rosidl_typesupport_fastrtps_c.dir/rosidl_typesupport_fastrtps_c/nav2_msgs/msg/detail/collision_detector_state__type_support_c.cpp.o[0m
[46.168s] [ 72%] [32mBuilding CXX object CMakeFiles/nav2_msgs__rosidl_typesupport_introspection_cpp.dir/rosidl_typesupport_introspection_cpp/nav2_msgs/action/detail/dummy_behavior__type_support.cpp.o[0m
[46.257s] [ 72%] [32mBuilding CXX object CMakeFiles/nav2_msgs__rosidl_typesupport_introspection_cpp.dir/rosidl_typesupport_introspection_cpp/nav2_msgs/action/detail/follow_waypoints__type_support.cpp.o[0m
[46.533s] [ 73%] [32mBuilding CXX object CMakeFiles/nav2_msgs__rosidl_typesupport_fastrtps_cpp.dir/rosidl_typesupport_fastrtps_cpp/nav2_msgs/msg/detail/dds_fastrtps/missed_waypoint__type_support.cpp.o[0m
[46.548s] [ 73%] [32mBuilding CXX object CMakeFiles/nav2_msgs__rosidl_typesupport_fastrtps_c.dir/rosidl_typesupport_fastrtps_c/nav2_msgs/msg/detail/costmap__type_support_c.cpp.o[0m
[46.691s] [ 73%] [32mBuilding CXX object CMakeFiles/nav2_msgs__rosidl_typesupport_introspection_cpp.dir/rosidl_typesupport_introspection_cpp/nav2_msgs/action/detail/follow_gps_waypoints__type_support.cpp.o[0m
[46.845s] [ 74%] [32mBuilding CXX object CMakeFiles/nav2_msgs__rosidl_typesupport_fastrtps_c.dir/rosidl_typesupport_fastrtps_c/nav2_msgs/msg/detail/costmap_meta_data__type_support_c.cpp.o[0m
[46.859s] [ 74%] [32mBuilding CXX object CMakeFiles/nav2_msgs__rosidl_typesupport_fastrtps_c.dir/rosidl_typesupport_fastrtps_c/nav2_msgs/msg/detail/costmap_update__type_support_c.cpp.o[0m
[46.931s] [ 74%] [32mBuilding CXX object CMakeFiles/nav2_msgs__rosidl_typesupport_fastrtps_cpp.dir/rosidl_typesupport_fastrtps_cpp/nav2_msgs/srv/detail/dds_fastrtps/get_cost__type_support.cpp.o[0m
[46.982s] [ 74%] [32mBuilding CXX object CMakeFiles/nav2_msgs__rosidl_typesupport_fastrtps_cpp.dir/rosidl_typesupport_fastrtps_cpp/nav2_msgs/srv/detail/dds_fastrtps/get_costmap__type_support.cpp.o[0m
[47.081s] [ 75%] [32mBuilding CXX object CMakeFiles/nav2_msgs__rosidl_typesupport_introspection_cpp.dir/rosidl_typesupport_introspection_cpp/nav2_msgs/action/detail/dock_robot__type_support.cpp.o[0m
[47.220s] [ 75%] [32mBuilding CXX object CMakeFiles/nav2_msgs__rosidl_typesupport_fastrtps_cpp.dir/rosidl_typesupport_fastrtps_cpp/nav2_msgs/srv/detail/dds_fastrtps/is_path_valid__type_support.cpp.o[0m
[47.495s] [ 76%] [32mBuilding CXX object CMakeFiles/nav2_msgs__rosidl_typesupport_fastrtps_cpp.dir/rosidl_typesupport_fastrtps_cpp/nav2_msgs/srv/detail/dds_fastrtps/clear_costmap_except_region__type_support.cpp.o[0m
[47.538s] [ 76%] [32mBuilding CXX object CMakeFiles/nav2_msgs__rosidl_typesupport_introspection_cpp.dir/rosidl_typesupport_introspection_cpp/nav2_msgs/action/detail/undock_robot__type_support.cpp.o[0m
[47.667s] [ 76%] [32mBuilding CXX object CMakeFiles/nav2_msgs__rosidl_typesupport_fastrtps_c.dir/rosidl_typesupport_fastrtps_c/nav2_msgs/msg/detail/costmap_filter_info__type_support_c.cpp.o[0m
[47.889s] [ 76%] [32mBuilding CXX object CMakeFiles/nav2_msgs__rosidl_typesupport_fastrtps_cpp.dir/rosidl_typesupport_fastrtps_cpp/nav2_msgs/srv/detail/dds_fastrtps/clear_costmap_around_robot__type_support.cpp.o[0m
[47.893s] [ 76%] [32mBuilding CXX object CMakeFiles/nav2_msgs__rosidl_typesupport_fastrtps_cpp.dir/rosidl_typesupport_fastrtps_cpp/nav2_msgs/srv/detail/dds_fastrtps/clear_costmap_around_pose__type_support.cpp.o[0m
[48.143s] [ 76%] [32mBuilding CXX object CMakeFiles/nav2_msgs__rosidl_typesupport_fastrtps_c.dir/rosidl_typesupport_fastrtps_c/nav2_msgs/msg/detail/speed_limit__type_support_c.cpp.o[0m
[48.452s] [ 77%] [32mBuilding CXX object CMakeFiles/nav2_msgs__rosidl_typesupport_fastrtps_c.dir/rosidl_typesupport_fastrtps_c/nav2_msgs/msg/detail/voxel_grid__type_support_c.cpp.o[0m
[48.725s] [ 77%] [32mBuilding CXX object CMakeFiles/nav2_msgs__rosidl_typesupport_fastrtps_cpp.dir/rosidl_typesupport_fastrtps_cpp/nav2_msgs/srv/detail/dds_fastrtps/clear_entire_costmap__type_support.cpp.o[0m
[48.733s] [ 77%] [32mBuilding CXX object CMakeFiles/nav2_msgs__rosidl_typesupport_fastrtps_cpp.dir/rosidl_typesupport_fastrtps_cpp/nav2_msgs/srv/detail/dds_fastrtps/manage_lifecycle_nodes__type_support.cpp.o[0m
[48.905s] [ 77%] [32mBuilding CXX object CMakeFiles/nav2_msgs__rosidl_typesupport_fastrtps_c.dir/rosidl_typesupport_fastrtps_c/nav2_msgs/msg/detail/behavior_tree_status_change__type_support_c.cpp.o[0m
[48.942s] [ 77%] [32mBuilding CXX object CMakeFiles/nav2_msgs__rosidl_typesupport_fastrtps_c.dir/rosidl_typesupport_fastrtps_c/nav2_msgs/msg/detail/behavior_tree_log__type_support_c.cpp.o[0m
[49.083s] [ 77%] [32mBuilding CXX object CMakeFiles/nav2_msgs__rosidl_typesupport_fastrtps_c.dir/rosidl_typesupport_fastrtps_c/nav2_msgs/msg/detail/particle__type_support_c.cpp.o[0m
[49.147s] [ 78%] [32mBuilding CXX object CMakeFiles/nav2_msgs__rosidl_typesupport_fastrtps_cpp.dir/rosidl_typesupport_fastrtps_cpp/nav2_msgs/srv/detail/dds_fastrtps/load_map__type_support.cpp.o[0m
[49.189s] [ 78%] [32mBuilding CXX object CMakeFiles/nav2_msgs__rosidl_typesupport_fastrtps_c.dir/rosidl_typesupport_fastrtps_c/nav2_msgs/msg/detail/particle_cloud__type_support_c.cpp.o[0m
[49.245s] [ 79%] [32mBuilding CXX object CMakeFiles/nav2_msgs__rosidl_typesupport_fastrtps_c.dir/rosidl_typesupport_fastrtps_c/nav2_msgs/msg/detail/missed_waypoint__type_support_c.cpp.o[0m
[49.254s] [ 79%] [32mBuilding CXX object CMakeFiles/nav2_msgs__rosidl_typesupport_fastrtps_c.dir/rosidl_typesupport_fastrtps_c/nav2_msgs/srv/detail/get_cost__type_support_c.cpp.o[0m
[49.472s] [ 79%] [32mBuilding CXX object CMakeFiles/nav2_msgs__rosidl_typesupport_fastrtps_c.dir/rosidl_typesupport_fastrtps_c/nav2_msgs/srv/detail/get_costmap__type_support_c.cpp.o[0m
[49.482s] [ 79%] [32mBuilding CXX object CMakeFiles/nav2_msgs__rosidl_typesupport_fastrtps_cpp.dir/rosidl_typesupport_fastrtps_cpp/nav2_msgs/srv/detail/dds_fastrtps/save_map__type_support.cpp.o[0m
[49.490s] [ 79%] [32m[1mLinking CXX shared library libnav2_msgs__rosidl_typesupport_introspection_cpp.so[0m
[49.932s] [ 79%] Built target nav2_msgs__rosidl_typesupport_introspection_cpp
[49.955s] [ 79%] [32mBuilding CXX object CMakeFiles/nav2_msgs__rosidl_typesupport_fastrtps_cpp.dir/rosidl_typesupport_fastrtps_cpp/nav2_msgs/srv/detail/dds_fastrtps/set_initial_pose__type_support.cpp.o[0m
[49.969s] [ 79%] [32mBuilding CXX object CMakeFiles/nav2_msgs__rosidl_typesupport_fastrtps_cpp.dir/rosidl_typesupport_fastrtps_cpp/nav2_msgs/srv/detail/dds_fastrtps/reload_dock_database__type_support.cpp.o[0m
[50.059s] [ 79%] [32mBuilding CXX object CMakeFiles/nav2_msgs__rosidl_typesupport_fastrtps_c.dir/rosidl_typesupport_fastrtps_c/nav2_msgs/srv/detail/is_path_valid__type_support_c.cpp.o[0m
[50.123s] [ 80%] [32mBuilding CXX object CMakeFiles/nav2_msgs__rosidl_typesupport_fastrtps_c.dir/rosidl_typesupport_fastrtps_c/nav2_msgs/srv/detail/clear_costmap_except_region__type_support_c.cpp.o[0m
[50.136s] [ 81%] [32mBuilding CXX object CMakeFiles/nav2_msgs__rosidl_typesupport_fastrtps_cpp.dir/rosidl_typesupport_fastrtps_cpp/nav2_msgs/action/detail/dds_fastrtps/assisted_teleop__type_support.cpp.o[0m
[50.137s] [ 81%] [32mBuilding CXX object CMakeFiles/nav2_msgs__rosidl_typesupport_fastrtps_c.dir/rosidl_typesupport_fastrtps_c/nav2_msgs/srv/detail/clear_costmap_around_robot__type_support_c.cpp.o[0m
[50.221s] [ 81%] [32mBuilding CXX object CMakeFiles/nav2_msgs__rosidl_typesupport_fastrtps_cpp.dir/rosidl_typesupport_fastrtps_cpp/nav2_msgs/action/detail/dds_fastrtps/back_up__type_support.cpp.o[0m
[50.274s] [ 81%] [32mBuilding CXX object CMakeFiles/nav2_msgs__rosidl_typesupport_fastrtps_cpp.dir/rosidl_typesupport_fastrtps_cpp/nav2_msgs/action/detail/dds_fastrtps/compute_path_to_pose__type_support.cpp.o[0m
[50.388s] [ 81%] [32mBuilding CXX object CMakeFiles/nav2_msgs__rosidl_typesupport_fastrtps_c.dir/rosidl_typesupport_fastrtps_c/nav2_msgs/srv/detail/clear_costmap_around_pose__type_support_c.cpp.o[0m
[50.676s] [ 81%] [32mBuilding CXX object CMakeFiles/nav2_msgs__rosidl_typesupport_fastrtps_c.dir/rosidl_typesupport_fastrtps_c/nav2_msgs/srv/detail/clear_entire_costmap__type_support_c.cpp.o[0m
[50.993s] [ 81%] [32mBuilding CXX object CMakeFiles/nav2_msgs__rosidl_typesupport_fastrtps_cpp.dir/rosidl_typesupport_fastrtps_cpp/nav2_msgs/action/detail/dds_fastrtps/compute_path_through_poses__type_support.cpp.o[0m
[51.201s] [ 82%] [32mBuilding CXX object CMakeFiles/nav2_msgs__rosidl_typesupport_fastrtps_cpp.dir/rosidl_typesupport_fastrtps_cpp/nav2_msgs/action/detail/dds_fastrtps/drive_on_heading__type_support.cpp.o[0m
[51.291s] [ 83%] [32mBuilding CXX object CMakeFiles/nav2_msgs__rosidl_typesupport_fastrtps_c.dir/rosidl_typesupport_fastrtps_c/nav2_msgs/srv/detail/manage_lifecycle_nodes__type_support_c.cpp.o[0m
[51.319s] [ 83%] [32mBuilding CXX object CMakeFiles/nav2_msgs__rosidl_typesupport_fastrtps_c.dir/rosidl_typesupport_fastrtps_c/nav2_msgs/srv/detail/load_map__type_support_c.cpp.o[0m
[51.368s] [ 83%] [32mBuilding CXX object CMakeFiles/nav2_msgs__rosidl_typesupport_fastrtps_c.dir/rosidl_typesupport_fastrtps_c/nav2_msgs/srv/detail/save_map__type_support_c.cpp.o[0m
[51.491s] [ 83%] [32mBuilding CXX object CMakeFiles/nav2_msgs__rosidl_typesupport_fastrtps_cpp.dir/rosidl_typesupport_fastrtps_cpp/nav2_msgs/action/detail/dds_fastrtps/smooth_path__type_support.cpp.o[0m
[51.529s] [ 83%] [32mBuilding CXX object CMakeFiles/nav2_msgs__rosidl_typesupport_fastrtps_cpp.dir/rosidl_typesupport_fastrtps_cpp/nav2_msgs/action/detail/dds_fastrtps/follow_path__type_support.cpp.o[0m
[51.556s] [ 83%] [32mBuilding CXX object CMakeFiles/nav2_msgs__rosidl_typesupport_fastrtps_cpp.dir/rosidl_typesupport_fastrtps_cpp/nav2_msgs/action/detail/dds_fastrtps/navigate_to_pose__type_support.cpp.o[0m
[51.867s] [ 83%] [32mBuilding CXX object CMakeFiles/nav2_msgs__rosidl_typesupport_fastrtps_cpp.dir/rosidl_typesupport_fastrtps_cpp/nav2_msgs/action/detail/dds_fastrtps/navigate_through_poses__type_support.cpp.o[0m
[52.497s] [ 84%] [32mBuilding CXX object CMakeFiles/nav2_msgs__rosidl_typesupport_fastrtps_cpp.dir/rosidl_typesupport_fastrtps_cpp/nav2_msgs/action/detail/dds_fastrtps/wait__type_support.cpp.o[0m
[52.615s] [ 84%] [32mBuilding CXX object CMakeFiles/nav2_msgs__rosidl_typesupport_fastrtps_cpp.dir/rosidl_typesupport_fastrtps_cpp/nav2_msgs/action/detail/dds_fastrtps/spin__type_support.cpp.o[0m
[52.659s] [ 84%] [32mBuilding CXX object CMakeFiles/nav2_msgs__rosidl_typesupport_fastrtps_c.dir/rosidl_typesupport_fastrtps_c/nav2_msgs/srv/detail/set_initial_pose__type_support_c.cpp.o[0m
[52.834s] [ 84%] [32mBuilding CXX object CMakeFiles/nav2_msgs__rosidl_typesupport_fastrtps_c.dir/rosidl_typesupport_fastrtps_c/nav2_msgs/srv/detail/reload_dock_database__type_support_c.cpp.o[0m
[53.013s] [ 85%] [32mBuilding CXX object CMakeFiles/nav2_msgs__rosidl_typesupport_fastrtps_c.dir/rosidl_typesupport_fastrtps_c/nav2_msgs/action/detail/assisted_teleop__type_support_c.cpp.o[0m
[53.578s] [ 85%] [32mBuilding CXX object CMakeFiles/nav2_msgs__rosidl_typesupport_fastrtps_c.dir/rosidl_typesupport_fastrtps_c/nav2_msgs/action/detail/back_up__type_support_c.cpp.o[0m
[53.800s] [ 85%] [32mBuilding CXX object CMakeFiles/nav2_msgs__rosidl_typesupport_fastrtps_cpp.dir/rosidl_typesupport_fastrtps_cpp/nav2_msgs/action/detail/dds_fastrtps/dummy_behavior__type_support.cpp.o[0m
[54.008s] [ 85%] [32mBuilding CXX object CMakeFiles/nav2_msgs__rosidl_typesupport_fastrtps_c.dir/rosidl_typesupport_fastrtps_c/nav2_msgs/action/detail/compute_path_to_pose__type_support_c.cpp.o[0m
[54.157s] [ 85%] [32mBuilding CXX object CMakeFiles/nav2_msgs__rosidl_typesupport_fastrtps_cpp.dir/rosidl_typesupport_fastrtps_cpp/nav2_msgs/action/detail/dds_fastrtps/follow_waypoints__type_support.cpp.o[0m
[54.441s] [ 85%] [32mBuilding CXX object CMakeFiles/nav2_msgs__rosidl_typesupport_fastrtps_c.dir/rosidl_typesupport_fastrtps_c/nav2_msgs/action/detail/compute_path_through_poses__type_support_c.cpp.o[0m
[54.724s] [ 86%] [32mBuilding CXX object CMakeFiles/nav2_msgs__rosidl_typesupport_fastrtps_c.dir/rosidl_typesupport_fastrtps_c/nav2_msgs/action/detail/drive_on_heading__type_support_c.cpp.o[0m
[54.786s] [ 86%] [32mBuilding CXX object CMakeFiles/nav2_msgs__rosidl_typesupport_fastrtps_c.dir/rosidl_typesupport_fastrtps_c/nav2_msgs/action/detail/smooth_path__type_support_c.cpp.o[0m
[54.828s] [ 87%] [32mBuilding CXX object CMakeFiles/nav2_msgs__rosidl_typesupport_fastrtps_cpp.dir/rosidl_typesupport_fastrtps_cpp/nav2_msgs/action/detail/dds_fastrtps/follow_gps_waypoints__type_support.cpp.o[0m
[54.865s] [ 87%] [32mBuilding CXX object CMakeFiles/nav2_msgs__rosidl_typesupport_fastrtps_c.dir/rosidl_typesupport_fastrtps_c/nav2_msgs/action/detail/follow_path__type_support_c.cpp.o[0m
[55.119s] [ 87%] [32mBuilding CXX object CMakeFiles/nav2_msgs__rosidl_typesupport_fastrtps_c.dir/rosidl_typesupport_fastrtps_c/nav2_msgs/action/detail/navigate_to_pose__type_support_c.cpp.o[0m
[55.237s] [ 88%] [32mBuilding CXX object CMakeFiles/nav2_msgs__rosidl_typesupport_fastrtps_c.dir/rosidl_typesupport_fastrtps_c/nav2_msgs/action/detail/navigate_through_poses__type_support_c.cpp.o[0m
[55.372s] [ 88%] [32mBuilding CXX object CMakeFiles/nav2_msgs__rosidl_typesupport_fastrtps_cpp.dir/rosidl_typesupport_fastrtps_cpp/nav2_msgs/action/detail/dds_fastrtps/dock_robot__type_support.cpp.o[0m
[55.406s] [ 88%] [32mBuilding CXX object CMakeFiles/nav2_msgs__rosidl_typesupport_fastrtps_c.dir/rosidl_typesupport_fastrtps_c/nav2_msgs/action/detail/wait__type_support_c.cpp.o[0m
[55.808s] [ 88%] [32mBuilding CXX object CMakeFiles/nav2_msgs__rosidl_typesupport_fastrtps_c.dir/rosidl_typesupport_fastrtps_c/nav2_msgs/action/detail/spin__type_support_c.cpp.o[0m
[56.346s] [ 88%] [32mBuilding CXX object CMakeFiles/nav2_msgs__rosidl_typesupport_fastrtps_cpp.dir/rosidl_typesupport_fastrtps_cpp/nav2_msgs/action/detail/dds_fastrtps/undock_robot__type_support.cpp.o[0m
[56.445s] [ 88%] [32mBuilding CXX object CMakeFiles/nav2_msgs__rosidl_typesupport_fastrtps_c.dir/rosidl_typesupport_fastrtps_c/nav2_msgs/action/detail/dummy_behavior__type_support_c.cpp.o[0m
[56.583s] [ 88%] [32mBuilding CXX object CMakeFiles/nav2_msgs__rosidl_typesupport_fastrtps_c.dir/rosidl_typesupport_fastrtps_c/nav2_msgs/action/detail/follow_waypoints__type_support_c.cpp.o[0m
[56.658s] [ 89%] [32mBuilding CXX object CMakeFiles/nav2_msgs__rosidl_typesupport_fastrtps_c.dir/rosidl_typesupport_fastrtps_c/nav2_msgs/action/detail/follow_gps_waypoints__type_support_c.cpp.o[0m
[56.669s] [ 89%] [32mBuilding CXX object CMakeFiles/nav2_msgs__rosidl_typesupport_fastrtps_c.dir/rosidl_typesupport_fastrtps_c/nav2_msgs/action/detail/dock_robot__type_support_c.cpp.o[0m
[56.881s] [ 89%] [32mBuilding CXX object CMakeFiles/nav2_msgs__rosidl_typesupport_fastrtps_c.dir/rosidl_typesupport_fastrtps_c/nav2_msgs/action/detail/undock_robot__type_support_c.cpp.o[0m
[58.233s] [ 89%] [32m[1mLinking CXX shared library libnav2_msgs__rosidl_typesupport_fastrtps_c.so[0m
[58.406s] [ 89%] Built target nav2_msgs__rosidl_typesupport_fastrtps_c
[58.663s] [ 89%] [32m[1mLinking CXX shared library libnav2_msgs__rosidl_typesupport_fastrtps_cpp.so[0m
[58.873s] [ 89%] Built target nav2_msgs__rosidl_typesupport_fastrtps_cpp
[58.906s] [ 89%] Built target nav2_msgs
[58.938s] [ 89%] [34m[1mGenerating Python code for ROS interfaces[0m
[75.128s] [ 89%] Built target nav2_msgs__py
[75.170s] [ 89%] [32mBuilding C object CMakeFiles/nav2_msgs__rosidl_generator_py.dir/rosidl_generator_py/nav2_msgs/msg/_costmap_s.c.o[0m
[75.170s] [ 89%] [32mBuilding C object CMakeFiles/nav2_msgs__rosidl_generator_py.dir/rosidl_generator_py/nav2_msgs/msg/_costmap_filter_info_s.c.o[0m
[75.170s] [ 90%] [32mBuilding C object CMakeFiles/nav2_msgs__rosidl_generator_py.dir/rosidl_generator_py/nav2_msgs/msg/_voxel_grid_s.c.o[0m
[75.170s] [ 91%] [32mBuilding C object CMakeFiles/nav2_msgs__rosidl_generator_py.dir/rosidl_generator_py/nav2_msgs/msg/_speed_limit_s.c.o[0m
[75.171s] [ 91%] [32mBuilding C object CMakeFiles/nav2_msgs__rosidl_generator_py.dir/rosidl_generator_py/nav2_msgs/msg/_collision_detector_state_s.c.o[0m
[75.171s] [ 91%] [32mBuilding C object CMakeFiles/nav2_msgs__rosidl_generator_py.dir/rosidl_generator_py/nav2_msgs/msg/_costmap_meta_data_s.c.o[0m
[75.171s] [ 91%] [32mBuilding C object CMakeFiles/nav2_msgs__rosidl_generator_py.dir/rosidl_generator_py/nav2_msgs/msg/_collision_monitor_state_s.c.o[0m
[75.171s] [ 91%] [32mBuilding C object CMakeFiles/nav2_msgs__rosidl_generator_py.dir/rosidl_generator_py/nav2_msgs/msg/_behavior_tree_log_s.c.o[0m
[75.171s] [ 91%] [32mBuilding C object CMakeFiles/nav2_msgs__rosidl_generator_py.dir/rosidl_generator_py/nav2_msgs/msg/_particle_s.c.o[0m
[75.171s] [ 91%] [32mBuilding C object CMakeFiles/nav2_msgs__rosidl_generator_py.dir/rosidl_generator_py/nav2_msgs/msg/_costmap_update_s.c.o[0m
[75.171s] [ 92%] [32mBuilding C object CMakeFiles/nav2_msgs__rosidl_generator_py.dir/rosidl_generator_py/nav2_msgs/msg/_particle_cloud_s.c.o[0m
[75.172s] [ 92%] [32mBuilding C object CMakeFiles/nav2_msgs__rosidl_generator_py.dir/rosidl_generator_py/nav2_msgs/msg/_behavior_tree_status_change_s.c.o[0m
[75.439s] [ 92%] [32mBuilding C object CMakeFiles/nav2_msgs__rosidl_generator_py.dir/rosidl_generator_py/nav2_msgs/msg/_missed_waypoint_s.c.o[0m
[75.444s] [ 92%] [32mBuilding C object CMakeFiles/nav2_msgs__rosidl_generator_py.dir/rosidl_generator_py/nav2_msgs/srv/_get_costmap_s.c.o[0m
[75.444s] [ 92%] [32mBuilding C object CMakeFiles/nav2_msgs__rosidl_generator_py.dir/rosidl_generator_py/nav2_msgs/srv/_get_cost_s.c.o[0m
[75.468s] [ 92%] [32mBuilding C object CMakeFiles/nav2_msgs__rosidl_generator_py.dir/rosidl_generator_py/nav2_msgs/srv/_is_path_valid_s.c.o[0m
[75.478s] [ 92%] [32mBuilding C object CMakeFiles/nav2_msgs__rosidl_generator_py.dir/rosidl_generator_py/nav2_msgs/srv/_clear_costmap_around_pose_s.c.o[0m
[75.478s] [ 92%] [32mBuilding C object CMakeFiles/nav2_msgs__rosidl_generator_py.dir/rosidl_generator_py/nav2_msgs/srv/_clear_costmap_around_robot_s.c.o[0m
[75.480s] [ 93%] [32mBuilding C object CMakeFiles/nav2_msgs__rosidl_generator_py.dir/rosidl_generator_py/nav2_msgs/srv/_clear_costmap_except_region_s.c.o[0m
[75.483s] [ 93%] [32mBuilding C object CMakeFiles/nav2_msgs__rosidl_generator_py.dir/rosidl_generator_py/nav2_msgs/srv/_clear_entire_costmap_s.c.o[0m
[75.516s] [ 94%] [32mBuilding C object CMakeFiles/nav2_msgs__rosidl_generator_py.dir/rosidl_generator_py/nav2_msgs/srv/_manage_lifecycle_nodes_s.c.o[0m
[75.520s] [ 94%] [32mBuilding C object CMakeFiles/nav2_msgs__rosidl_generator_py.dir/rosidl_generator_py/nav2_msgs/srv/_load_map_s.c.o[0m
[75.524s] [ 94%] [32mBuilding C object CMakeFiles/nav2_msgs__rosidl_generator_py.dir/rosidl_generator_py/nav2_msgs/srv/_save_map_s.c.o[0m
[75.583s] [ 94%] [32mBuilding C object CMakeFiles/nav2_msgs__rosidl_generator_py.dir/rosidl_generator_py/nav2_msgs/srv/_set_initial_pose_s.c.o[0m
[75.729s] [ 95%] [32mBuilding C object CMakeFiles/nav2_msgs__rosidl_generator_py.dir/rosidl_generator_py/nav2_msgs/srv/_reload_dock_database_s.c.o[0m
[75.849s] [ 95%] [32mBuilding C object CMakeFiles/nav2_msgs__rosidl_generator_py.dir/rosidl_generator_py/nav2_msgs/action/_assisted_teleop_s.c.o[0m
[75.867s] [ 95%] [32mBuilding C object CMakeFiles/nav2_msgs__rosidl_generator_py.dir/rosidl_generator_py/nav2_msgs/action/_back_up_s.c.o[0m
[75.892s] [ 95%] [32mBuilding C object CMakeFiles/nav2_msgs__rosidl_generator_py.dir/rosidl_generator_py/nav2_msgs/action/_compute_path_to_pose_s.c.o[0m
[75.899s] [ 95%] [32mBuilding C object CMakeFiles/nav2_msgs__rosidl_generator_py.dir/rosidl_generator_py/nav2_msgs/action/_compute_path_through_poses_s.c.o[0m
[75.902s] [ 96%] [32mBuilding C object CMakeFiles/nav2_msgs__rosidl_generator_py.dir/rosidl_generator_py/nav2_msgs/action/_drive_on_heading_s.c.o[0m
[75.915s] [ 96%] [32mBuilding C object CMakeFiles/nav2_msgs__rosidl_generator_py.dir/rosidl_generator_py/nav2_msgs/action/_smooth_path_s.c.o[0m
[75.934s] [ 96%] [32mBuilding C object CMakeFiles/nav2_msgs__rosidl_generator_py.dir/rosidl_generator_py/nav2_msgs/action/_follow_path_s.c.o[0m
[75.936s] [ 96%] [32mBuilding C object CMakeFiles/nav2_msgs__rosidl_generator_py.dir/rosidl_generator_py/nav2_msgs/action/_navigate_to_pose_s.c.o[0m
[75.945s] [ 97%] [32mBuilding C object CMakeFiles/nav2_msgs__rosidl_generator_py.dir/rosidl_generator_py/nav2_msgs/action/_navigate_through_poses_s.c.o[0m
[75.981s] [ 97%] [32mBuilding C object CMakeFiles/nav2_msgs__rosidl_generator_py.dir/rosidl_generator_py/nav2_msgs/action/_wait_s.c.o[0m
[76.002s] [ 97%] [32mBuilding C object CMakeFiles/nav2_msgs__rosidl_generator_py.dir/rosidl_generator_py/nav2_msgs/action/_spin_s.c.o[0m
[76.151s] [ 97%] [32mBuilding C object CMakeFiles/nav2_msgs__rosidl_generator_py.dir/rosidl_generator_py/nav2_msgs/action/_dummy_behavior_s.c.o[0m
[76.601s] [ 98%] [32mBuilding C object CMakeFiles/nav2_msgs__rosidl_generator_py.dir/rosidl_generator_py/nav2_msgs/action/_follow_waypoints_s.c.o[0m
[76.641s] [ 98%] [32mBuilding C object CMakeFiles/nav2_msgs__rosidl_generator_py.dir/rosidl_generator_py/nav2_msgs/action/_follow_gps_waypoints_s.c.o[0m
[76.665s] [ 98%] [32mBuilding C object CMakeFiles/nav2_msgs__rosidl_generator_py.dir/rosidl_generator_py/nav2_msgs/action/_dock_robot_s.c.o[0m
[76.674s] [ 98%] [32mBuilding C object CMakeFiles/nav2_msgs__rosidl_generator_py.dir/rosidl_generator_py/nav2_msgs/action/_undock_robot_s.c.o[0m
[77.230s] [ 98%] [32m[1mLinking C shared library libnav2_msgs__rosidl_generator_py.so[0m
[77.349s] [ 98%] Built target nav2_msgs__rosidl_generator_py
[77.380s] [ 98%] [32mBuilding C object CMakeFiles/nav2_msgs_s__rosidl_typesupport_fastrtps_c.dir/rosidl_generator_py/nav2_msgs/_nav2_msgs_s.ep.rosidl_typesupport_fastrtps_c.c.o[0m
[77.386s] [ 98%] [32mBuilding C object CMakeFiles/nav2_msgs_s__rosidl_typesupport_c.dir/rosidl_generator_py/nav2_msgs/_nav2_msgs_s.ep.rosidl_typesupport_c.c.o[0m
[77.396s] [ 98%] [32mBuilding C object CMakeFiles/nav2_msgs_s__rosidl_typesupport_introspection_c.dir/rosidl_generator_py/nav2_msgs/_nav2_msgs_s.ep.rosidl_typesupport_introspection_c.c.o[0m
[80.631s] [ 98%] [32m[1mLinking C shared module rosidl_generator_py/nav2_msgs/nav2_msgs_s__rosidl_typesupport_fastrtps_c.so[0m
[80.631s] [ 99%] [32m[1mLinking C shared module rosidl_generator_py/nav2_msgs/nav2_msgs_s__rosidl_typesupport_c.so[0m
[80.636s] [100%] [32m[1mLinking C shared module rosidl_generator_py/nav2_msgs/nav2_msgs_s__rosidl_typesupport_introspection_c.so[0m
[80.706s] [100%] Built target nav2_msgs_s__rosidl_typesupport_fastrtps_c
[80.715s] [100%] Built target nav2_msgs_s__rosidl_typesupport_introspection_c
[80.724s] [100%] Built target nav2_msgs_s__rosidl_typesupport_c
[81.704s] Invoked command in '/home/tersoo/autonomous-robot-logging-with-ROS2-jazzy/myros2_ws/build/nav2_msgs' returned '0': AMENT_PREFIX_PATH=/home/tersoo/autonomous-robot-logging-with-ROS2-jazzy/myros2_ws/install/nav2_common:${AMENT_PREFIX_PATH} CMAKE_PREFIX_PATH=/home/tersoo/autonomous-robot-logging-with-ROS2-jazzy/myros2_ws/install/nav2_common:/home/tersoo/autonomous-robot-logging-with-ROS2-jazzy/myros2_ws/install/robot_logging:/opt/ros/jazzy/opt/gz_sim_vendor:/opt/ros/jazzy/opt/gz_sensors_vendor:/opt/ros/jazzy/opt/gz_physics_vendor:/opt/ros/jazzy/opt/sdformat_vendor:/opt/ros/jazzy/opt/gz_gui_vendor:/opt/ros/jazzy/opt/gz_transport_vendor:/opt/ros/jazzy/opt/gz_rendering_vendor:/opt/ros/jazzy/opt/gz_plugin_vendor:/opt/ros/jazzy/opt/gz_fuel_tools_vendor:/opt/ros/jazzy/opt/gz_msgs_vendor:/opt/ros/jazzy/opt/gz_common_vendor:/opt/ros/jazzy/opt/gz_math_vendor:/opt/ros/jazzy/opt/gz_utils_vendor:/opt/ros/jazzy/opt/gz_tools_vendor:/opt/ros/jazzy/opt/gz_ogre_next_vendor:/opt/ros/jazzy/opt/gz_dartsim_vendor:/opt/ros/jazzy/opt/gz_cmake_vendor:/opt/ros/jazzy DEBUGINFOD_URLS=https://debuginfod.ubuntu.com PYTHONPATH=/home/tersoo/autonomous-robot-logging-with-ROS2-jazzy/myros2_ws/install/nav2_common/lib/python3.12/site-packages:${PYTHONPATH} /usr/bin/cmake --build /home/tersoo/autonomous-robot-logging-with-ROS2-jazzy/myros2_ws/build/nav2_msgs -- -j12 -l12
[81.707s] Invoking command in '/home/tersoo/autonomous-robot-logging-with-ROS2-jazzy/myros2_ws/build/nav2_msgs': AMENT_PREFIX_PATH=/home/tersoo/autonomous-robot-logging-with-ROS2-jazzy/myros2_ws/install/nav2_common:${AMENT_PREFIX_PATH} CMAKE_PREFIX_PATH=/home/tersoo/autonomous-robot-logging-with-ROS2-jazzy/myros2_ws/install/nav2_common:/home/tersoo/autonomous-robot-logging-with-ROS2-jazzy/myros2_ws/install/robot_logging:/opt/ros/jazzy/opt/gz_sim_vendor:/opt/ros/jazzy/opt/gz_sensors_vendor:/opt/ros/jazzy/opt/gz_physics_vendor:/opt/ros/jazzy/opt/sdformat_vendor:/opt/ros/jazzy/opt/gz_gui_vendor:/opt/ros/jazzy/opt/gz_transport_vendor:/opt/ros/jazzy/opt/gz_rendering_vendor:/opt/ros/jazzy/opt/gz_plugin_vendor:/opt/ros/jazzy/opt/gz_fuel_tools_vendor:/opt/ros/jazzy/opt/gz_msgs_vendor:/opt/ros/jazzy/opt/gz_common_vendor:/opt/ros/jazzy/opt/gz_math_vendor:/opt/ros/jazzy/opt/gz_utils_vendor:/opt/ros/jazzy/opt/gz_tools_vendor:/opt/ros/jazzy/opt/gz_ogre_next_vendor:/opt/ros/jazzy/opt/gz_dartsim_vendor:/opt/ros/jazzy/opt/gz_cmake_vendor:/opt/ros/jazzy DEBUGINFOD_URLS=https://debuginfod.ubuntu.com PYTHONPATH=/home/tersoo/autonomous-robot-logging-with-ROS2-jazzy/myros2_ws/install/nav2_common/lib/python3.12/site-packages:${PYTHONPATH} /usr/bin/cmake --install /home/tersoo/autonomous-robot-logging-with-ROS2-jazzy/myros2_ws/build/nav2_msgs
[81.728s] -- Install configuration: "Release"
[81.730s] -- Installing: /home/tersoo/autonomous-robot-logging-with-ROS2-jazzy/myros2_ws/install/nav2_msgs/share/ament_index/resource_index/rosidl_interfaces/nav2_msgs
[81.730s] -- Installing: /home/tersoo/autonomous-robot-logging-with-ROS2-jazzy/myros2_ws/install/nav2_msgs/share/nav2_msgs/msg/CollisionMonitorState.json
[81.731s] -- Installing: /home/tersoo/autonomous-robot-logging-with-ROS2-jazzy/myros2_ws/install/nav2_msgs/share/nav2_msgs/msg/CollisionDetectorState.json
[81.731s] -- Installing: /home/tersoo/autonomous-robot-logging-with-ROS2-jazzy/myros2_ws/install/nav2_msgs/share/nav2_msgs/msg/Costmap.json
[81.731s] -- Installing: /home/tersoo/autonomous-robot-logging-with-ROS2-jazzy/myros2_ws/install/nav2_msgs/share/nav2_msgs/msg/CostmapMetaData.json
[81.732s] -- Installing: /home/tersoo/autonomous-robot-logging-with-ROS2-jazzy/myros2_ws/install/nav2_msgs/share/nav2_msgs/msg/CostmapUpdate.json
[81.732s] -- Installing: /home/tersoo/autonomous-robot-logging-with-ROS2-jazzy/myros2_ws/install/nav2_msgs/share/nav2_msgs/msg/CostmapFilterInfo.json
[81.732s] -- Installing: /home/tersoo/autonomous-robot-logging-with-ROS2-jazzy/myros2_ws/install/nav2_msgs/share/nav2_msgs/msg/SpeedLimit.json
[81.732s] -- Installing: /home/tersoo/autonomous-robot-logging-with-ROS2-jazzy/myros2_ws/install/nav2_msgs/share/nav2_msgs/msg/VoxelGrid.json
[81.733s] -- Installing: /home/tersoo/autonomous-robot-logging-with-ROS2-jazzy/myros2_ws/install/nav2_msgs/share/nav2_msgs/msg/BehaviorTreeStatusChange.json
[81.733s] -- Installing: /home/tersoo/autonomous-robot-logging-with-ROS2-jazzy/myros2_ws/install/nav2_msgs/share/nav2_msgs/msg/BehaviorTreeLog.json
[81.733s] -- Installing: /home/tersoo/autonomous-robot-logging-with-ROS2-jazzy/myros2_ws/install/nav2_msgs/share/nav2_msgs/msg/Particle.json
[81.733s] -- Installing: /home/tersoo/autonomous-robot-logging-with-ROS2-jazzy/myros2_ws/install/nav2_msgs/share/nav2_msgs/msg/ParticleCloud.json
[81.734s] -- Installing: /home/tersoo/autonomous-robot-logging-with-ROS2-jazzy/myros2_ws/install/nav2_msgs/share/nav2_msgs/msg/MissedWaypoint.json
[81.734s] -- Installing: /home/tersoo/autonomous-robot-logging-with-ROS2-jazzy/myros2_ws/install/nav2_msgs/share/nav2_msgs/srv/GetCost.json
[81.734s] -- Installing: /home/tersoo/autonomous-robot-logging-with-ROS2-jazzy/myros2_ws/install/nav2_msgs/share/nav2_msgs/srv/GetCostmap.json
[81.735s] -- Installing: /home/tersoo/autonomous-robot-logging-with-ROS2-jazzy/myros2_ws/install/nav2_msgs/share/nav2_msgs/srv/IsPathValid.json
[81.735s] -- Installing: /home/tersoo/autonomous-robot-logging-with-ROS2-jazzy/myros2_ws/install/nav2_msgs/share/nav2_msgs/srv/ClearCostmapExceptRegion.json
[81.735s] -- Installing: /home/tersoo/autonomous-robot-logging-with-ROS2-jazzy/myros2_ws/install/nav2_msgs/share/nav2_msgs/srv/ClearCostmapAroundRobot.json
[81.736s] -- Installing: /home/tersoo/autonomous-robot-logging-with-ROS2-jazzy/myros2_ws/install/nav2_msgs/share/nav2_msgs/srv/ClearCostmapAroundPose.json
[81.736s] -- Installing: /home/tersoo/autonomous-robot-logging-with-ROS2-jazzy/myros2_ws/install/nav2_msgs/share/nav2_msgs/srv/ClearEntireCostmap.json
[81.736s] -- Installing: /home/tersoo/autonomous-robot-logging-with-ROS2-jazzy/myros2_ws/install/nav2_msgs/share/nav2_msgs/srv/ManageLifecycleNodes.json
[81.736s] -- Installing: /home/tersoo/autonomous-robot-logging-with-ROS2-jazzy/myros2_ws/install/nav2_msgs/share/nav2_msgs/srv/LoadMap.json
[81.737s] -- Installing: /home/tersoo/autonomous-robot-logging-with-ROS2-jazzy/myros2_ws/install/nav2_msgs/share/nav2_msgs/srv/SaveMap.json
[81.737s] -- Installing: /home/tersoo/autonomous-robot-logging-with-ROS2-jazzy/myros2_ws/install/nav2_msgs/share/nav2_msgs/srv/SetInitialPose.json
[81.737s] -- Installing: /home/tersoo/autonomous-robot-logging-with-ROS2-jazzy/myros2_ws/install/nav2_msgs/share/nav2_msgs/srv/ReloadDockDatabase.json
[81.738s] -- Installing: /home/tersoo/autonomous-robot-logging-with-ROS2-jazzy/myros2_ws/install/nav2_msgs/share/nav2_msgs/action/AssistedTeleop.json
[81.738s] -- Installing: /home/tersoo/autonomous-robot-logging-with-ROS2-jazzy/myros2_ws/install/nav2_msgs/share/nav2_msgs/action/BackUp.json
[81.738s] -- Installing: /home/tersoo/autonomous-robot-logging-with-ROS2-jazzy/myros2_ws/install/nav2_msgs/share/nav2_msgs/action/ComputePathToPose.json
[81.738s] -- Installing: /home/tersoo/autonomous-robot-logging-with-ROS2-jazzy/myros2_ws/install/nav2_msgs/share/nav2_msgs/action/ComputePathThroughPoses.json
[81.739s] -- Installing: /home/tersoo/autonomous-robot-logging-with-ROS2-jazzy/myros2_ws/install/nav2_msgs/share/nav2_msgs/action/DriveOnHeading.json
[81.739s] -- Installing: /home/tersoo/autonomous-robot-logging-with-ROS2-jazzy/myros2_ws/install/nav2_msgs/share/nav2_msgs/action/SmoothPath.json
[81.739s] -- Installing: /home/tersoo/autonomous-robot-logging-with-ROS2-jazzy/myros2_ws/install/nav2_msgs/share/nav2_msgs/action/FollowPath.json
[81.740s] -- Installing: /home/tersoo/autonomous-robot-logging-with-ROS2-jazzy/myros2_ws/install/nav2_msgs/share/nav2_msgs/action/NavigateToPose.json
[81.740s] -- Installing: /home/tersoo/autonomous-robot-logging-with-ROS2-jazzy/myros2_ws/install/nav2_msgs/share/nav2_msgs/action/NavigateThroughPoses.json
[81.740s] -- Installing: /home/tersoo/autonomous-robot-logging-with-ROS2-jazzy/myros2_ws/install/nav2_msgs/share/nav2_msgs/action/Wait.json
[81.740s] -- Installing: /home/tersoo/autonomous-robot-logging-with-ROS2-jazzy/myros2_ws/install/nav2_msgs/share/nav2_msgs/action/Spin.json
[81.741s] -- Installing: /home/tersoo/autonomous-robot-logging-with-ROS2-jazzy/myros2_ws/install/nav2_msgs/share/nav2_msgs/action/DummyBehavior.json
[81.741s] -- Installing: /home/tersoo/autonomous-robot-logging-with-ROS2-jazzy/myros2_ws/install/nav2_msgs/share/nav2_msgs/action/FollowWaypoints.json
[81.741s] -- Installing: /home/tersoo/autonomous-robot-logging-with-ROS2-jazzy/myros2_ws/install/nav2_msgs/share/nav2_msgs/action/FollowGPSWaypoints.json
[81.741s] -- Installing: /home/tersoo/autonomous-robot-logging-with-ROS2-jazzy/myros2_ws/install/nav2_msgs/share/nav2_msgs/action/DockRobot.json
[81.742s] -- Installing: /home/tersoo/autonomous-robot-logging-with-ROS2-jazzy/myros2_ws/install/nav2_msgs/share/nav2_msgs/action/UndockRobot.json
[81.742s] -- Installing: /home/tersoo/autonomous-robot-logging-with-ROS2-jazzy/myros2_ws/install/nav2_msgs/include/nav2_msgs/nav2_msgs
[81.742s] -- Installing: /home/tersoo/autonomous-robot-logging-with-ROS2-jazzy/myros2_ws/install/nav2_msgs/include/nav2_msgs/nav2_msgs/msg
[81.743s] -- Installing: /home/tersoo/autonomous-robot-logging-with-ROS2-jazzy/myros2_ws/install/nav2_msgs/include/nav2_msgs/nav2_msgs/msg/rosidl_generator_c__visibility_control.h
[81.743s] -- Installing: /home/tersoo/autonomous-robot-logging-with-ROS2-jazzy/myros2_ws/install/nav2_msgs/include/nav2_msgs/nav2_msgs/msg/particle.h
[81.743s] -- Installing: /home/tersoo/autonomous-robot-logging-with-ROS2-jazzy/myros2_ws/install/nav2_msgs/include/nav2_msgs/nav2_msgs/msg/costmap_update.h
[81.744s] -- Installing: /home/tersoo/autonomous-robot-logging-with-ROS2-jazzy/myros2_ws/install/nav2_msgs/include/nav2_msgs/nav2_msgs/msg/speed_limit.h
[81.744s] -- Installing: /home/tersoo/autonomous-robot-logging-with-ROS2-jazzy/myros2_ws/install/nav2_msgs/include/nav2_msgs/nav2_msgs/msg/costmap.h
[81.744s] -- Installing: /home/tersoo/autonomous-robot-logging-with-ROS2-jazzy/myros2_ws/install/nav2_msgs/include/nav2_msgs/nav2_msgs/msg/voxel_grid.h
[81.744s] -- Installing: /home/tersoo/autonomous-robot-logging-with-ROS2-jazzy/myros2_ws/install/nav2_msgs/include/nav2_msgs/nav2_msgs/msg/collision_monitor_state.h
[81.745s] -- Installing: /home/tersoo/autonomous-robot-logging-with-ROS2-jazzy/myros2_ws/install/nav2_msgs/include/nav2_msgs/nav2_msgs/msg/collision_detector_state.h
[81.745s] -- Installing: /home/tersoo/autonomous-robot-logging-with-ROS2-jazzy/myros2_ws/install/nav2_msgs/include/nav2_msgs/nav2_msgs/msg/particle_cloud.h
[81.745s] -- Installing: /home/tersoo/autonomous-robot-logging-with-ROS2-jazzy/myros2_ws/install/nav2_msgs/include/nav2_msgs/nav2_msgs/msg/detail
[81.745s] -- Installing: /home/tersoo/autonomous-robot-logging-with-ROS2-jazzy/myros2_ws/install/nav2_msgs/include/nav2_msgs/nav2_msgs/msg/detail/costmap__description.c
[81.746s] -- Installing: /home/tersoo/autonomous-robot-logging-with-ROS2-jazzy/myros2_ws/install/nav2_msgs/include/nav2_msgs/nav2_msgs/msg/detail/behavior_tree_status_change__type_support.c
[81.746s] -- Installing: /home/tersoo/autonomous-robot-logging-with-ROS2-jazzy/myros2_ws/install/nav2_msgs/include/nav2_msgs/nav2_msgs/msg/detail/collision_monitor_state__description.c
[81.746s] -- Installing: /home/tersoo/autonomous-robot-logging-with-ROS2-jazzy/myros2_ws/install/nav2_msgs/include/nav2_msgs/nav2_msgs/msg/detail/costmap_meta_data__struct.h
[81.747s] -- Installing: /home/tersoo/autonomous-robot-logging-with-ROS2-jazzy/myros2_ws/install/nav2_msgs/include/nav2_msgs/nav2_msgs/msg/detail/costmap_update__description.c
[81.747s] -- Installing: /home/tersoo/autonomous-robot-logging-with-ROS2-jazzy/myros2_ws/install/nav2_msgs/include/nav2_msgs/nav2_msgs/msg/detail/missed_waypoint__functions.c
[81.747s] -- Installing: /home/tersoo/autonomous-robot-logging-with-ROS2-jazzy/myros2_ws/install/nav2_msgs/include/nav2_msgs/nav2_msgs/msg/detail/speed_limit__struct.h
[81.747s] -- Installing: /home/tersoo/autonomous-robot-logging-with-ROS2-jazzy/myros2_ws/install/nav2_msgs/include/nav2_msgs/nav2_msgs/msg/detail/missed_waypoint__description.c
[81.748s] -- Installing: /home/tersoo/autonomous-robot-logging-with-ROS2-jazzy/myros2_ws/install/nav2_msgs/include/nav2_msgs/nav2_msgs/msg/detail/missed_waypoint__struct.h
[81.748s] -- Installing: /home/tersoo/autonomous-robot-logging-with-ROS2-jazzy/myros2_ws/install/nav2_msgs/include/nav2_msgs/nav2_msgs/msg/detail/costmap_meta_data__type_support.c
[81.748s] -- Installing: /home/tersoo/autonomous-robot-logging-with-ROS2-jazzy/myros2_ws/install/nav2_msgs/include/nav2_msgs/nav2_msgs/msg/detail/speed_limit__type_support.c
[81.748s] -- Installing: /home/tersoo/autonomous-robot-logging-with-ROS2-jazzy/myros2_ws/install/nav2_msgs/include/nav2_msgs/nav2_msgs/msg/detail/behavior_tree_log__type_support.h
[81.749s] -- Installing: /home/tersoo/autonomous-robot-logging-with-ROS2-jazzy/myros2_ws/install/nav2_msgs/include/nav2_msgs/nav2_msgs/msg/detail/particle__functions.h
[81.749s] -- Installing: /home/tersoo/autonomous-robot-logging-with-ROS2-jazzy/myros2_ws/install/nav2_msgs/include/nav2_msgs/nav2_msgs/msg/detail/costmap__type_support.h
[81.749s] -- Installing: /home/tersoo/autonomous-robot-logging-with-ROS2-jazzy/myros2_ws/install/nav2_msgs/include/nav2_msgs/nav2_msgs/msg/detail/collision_monitor_state__type_support.c
[81.749s] -- Installing: /home/tersoo/autonomous-robot-logging-with-ROS2-jazzy/myros2_ws/install/nav2_msgs/include/nav2_msgs/nav2_msgs/msg/detail/behavior_tree_log__functions.c
[81.750s] -- Installing: /home/tersoo/autonomous-robot-logging-with-ROS2-jazzy/myros2_ws/install/nav2_msgs/include/nav2_msgs/nav2_msgs/msg/detail/behavior_tree_status_change__type_support.h
[81.750s] -- Installing: /home/tersoo/autonomous-robot-logging-with-ROS2-jazzy/myros2_ws/install/nav2_msgs/include/nav2_msgs/nav2_msgs/msg/detail/voxel_grid__functions.c
[81.750s] -- Installing: /home/tersoo/autonomous-robot-logging-with-ROS2-jazzy/myros2_ws/install/nav2_msgs/include/nav2_msgs/nav2_msgs/msg/detail/collision_detector_state__functions.c
[81.750s] -- Installing: /home/tersoo/autonomous-robot-logging-with-ROS2-jazzy/myros2_ws/install/nav2_msgs/include/nav2_msgs/nav2_msgs/msg/detail/voxel_grid__type_support.h
[81.751s] -- Installing: /home/tersoo/autonomous-robot-logging-with-ROS2-jazzy/myros2_ws/install/nav2_msgs/include/nav2_msgs/nav2_msgs/msg/detail/speed_limit__description.c
[81.751s] -- Installing: /home/tersoo/autonomous-robot-logging-with-ROS2-jazzy/myros2_ws/install/nav2_msgs/include/nav2_msgs/nav2_msgs/msg/detail/speed_limit__type_support.h
[81.752s] -- Installing: /home/tersoo/autonomous-robot-logging-with-ROS2-jazzy/myros2_ws/install/nav2_msgs/include/nav2_msgs/nav2_msgs/msg/detail/voxel_grid__description.c
[81.752s] -- Installing: /home/tersoo/autonomous-robot-logging-with-ROS2-jazzy/myros2_ws/install/nav2_msgs/include/nav2_msgs/nav2_msgs/msg/detail/particle_cloud__type_support.c
[81.752s] -- Installing: /home/tersoo/autonomous-robot-logging-with-ROS2-jazzy/myros2_ws/install/nav2_msgs/include/nav2_msgs/nav2_msgs/msg/detail/collision_monitor_state__struct.h
[81.752s] -- Installing: /home/tersoo/autonomous-robot-logging-with-ROS2-jazzy/myros2_ws/install/nav2_msgs/include/nav2_msgs/nav2_msgs/msg/detail/voxel_grid__functions.h
[81.753s] -- Installing: /home/tersoo/autonomous-robot-logging-with-ROS2-jazzy/myros2_ws/install/nav2_msgs/include/nav2_msgs/nav2_msgs/msg/detail/particle__functions.c
[81.753s] -- Installing: /home/tersoo/autonomous-robot-logging-with-ROS2-jazzy/myros2_ws/install/nav2_msgs/include/nav2_msgs/nav2_msgs/msg/detail/collision_monitor_state__type_support.h
[81.753s] -- Installing: /home/tersoo/autonomous-robot-logging-with-ROS2-jazzy/myros2_ws/install/nav2_msgs/include/nav2_msgs/nav2_msgs/msg/detail/costmap_update__struct.h
[81.753s] -- Installing: /home/tersoo/autonomous-robot-logging-with-ROS2-jazzy/myros2_ws/install/nav2_msgs/include/nav2_msgs/nav2_msgs/msg/detail/costmap_filter_info__functions.h
[81.754s] -- Installing: /home/tersoo/autonomous-robot-logging-with-ROS2-jazzy/myros2_ws/install/nav2_msgs/include/nav2_msgs/nav2_msgs/msg/detail/speed_limit__functions.c
[81.754s] -- Installing: /home/tersoo/autonomous-robot-logging-with-ROS2-jazzy/myros2_ws/install/nav2_msgs/include/nav2_msgs/nav2_msgs/msg/detail/costmap_filter_info__struct.h
[81.754s] -- Installing: /home/tersoo/autonomous-robot-logging-with-ROS2-jazzy/myros2_ws/install/nav2_msgs/include/nav2_msgs/nav2_msgs/msg/detail/costmap_update__functions.c
[81.755s] -- Installing: /home/tersoo/autonomous-robot-logging-with-ROS2-jazzy/myros2_ws/install/nav2_msgs/include/nav2_msgs/nav2_msgs/msg/detail/particle__description.c
[81.755s] -- Installing: /home/tersoo/autonomous-robot-logging-with-ROS2-jazzy/myros2_ws/install/nav2_msgs/include/nav2_msgs/nav2_msgs/msg/detail/costmap_filter_info__type_support.h
[81.755s] -- Installing: /home/tersoo/autonomous-robot-logging-with-ROS2-jazzy/myros2_ws/install/nav2_msgs/include/nav2_msgs/nav2_msgs/msg/detail/particle_cloud__struct.h
[81.755s] -- Installing: /home/tersoo/autonomous-robot-logging-with-ROS2-jazzy/myros2_ws/install/nav2_msgs/include/nav2_msgs/nav2_msgs/msg/detail/costmap_meta_data__functions.h
[81.756s] -- Installing: /home/tersoo/autonomous-robot-logging-with-ROS2-jazzy/myros2_ws/install/nav2_msgs/include/nav2_msgs/nav2_msgs/msg/detail/collision_detector_state__struct.h
[81.756s] -- Installing: /home/tersoo/autonomous-robot-logging-with-ROS2-jazzy/myros2_ws/install/nav2_msgs/include/nav2_msgs/nav2_msgs/msg/detail/voxel_grid__type_support.c
[81.756s] -- Installing: /home/tersoo/autonomous-robot-logging-with-ROS2-jazzy/myros2_ws/install/nav2_msgs/include/nav2_msgs/nav2_msgs/msg/detail/costmap__struct.h
[81.756s] -- Installing: /home/tersoo/autonomous-robot-logging-with-ROS2-jazzy/myros2_ws/install/nav2_msgs/include/nav2_msgs/nav2_msgs/msg/detail/costmap_filter_info__functions.c
[81.757s] -- Installing: /home/tersoo/autonomous-robot-logging-with-ROS2-jazzy/myros2_ws/install/nav2_msgs/include/nav2_msgs/nav2_msgs/msg/detail/collision_monitor_state__functions.c
[81.757s] -- Installing: /home/tersoo/autonomous-robot-logging-with-ROS2-jazzy/myros2_ws/install/nav2_msgs/include/nav2_msgs/nav2_msgs/msg/detail/behavior_tree_log__struct.h
[81.757s] -- Installing: /home/tersoo/autonomous-robot-logging-with-ROS2-jazzy/myros2_ws/install/nav2_msgs/include/nav2_msgs/nav2_msgs/msg/detail/behavior_tree_status_change__description.c
[81.757s] -- Installing: /home/tersoo/autonomous-robot-logging-with-ROS2-jazzy/myros2_ws/install/nav2_msgs/include/nav2_msgs/nav2_msgs/msg/detail/particle_cloud__functions.h
[81.758s] -- Installing: /home/tersoo/autonomous-robot-logging-with-ROS2-jazzy/myros2_ws/install/nav2_msgs/include/nav2_msgs/nav2_msgs/msg/detail/costmap_meta_data__type_support.h
[81.758s] -- Installing: /home/tersoo/autonomous-robot-logging-with-ROS2-jazzy/myros2_ws/install/nav2_msgs/include/nav2_msgs/nav2_msgs/msg/detail/behavior_tree_status_change__struct.h
[81.758s] -- Installing: /home/tersoo/autonomous-robot-logging-with-ROS2-jazzy/myros2_ws/install/nav2_msgs/include/nav2_msgs/nav2_msgs/msg/detail/costmap__functions.c
[81.759s] -- Installing: /home/tersoo/autonomous-robot-logging-with-ROS2-jazzy/myros2_ws/install/nav2_msgs/include/nav2_msgs/nav2_msgs/msg/detail/costmap_meta_data__description.c
[81.759s] -- Installing: /home/tersoo/autonomous-robot-logging-with-ROS2-jazzy/myros2_ws/install/nav2_msgs/include/nav2_msgs/nav2_msgs/msg/detail/costmap_meta_data__functions.c
[81.759s] -- Installing: /home/tersoo/autonomous-robot-logging-with-ROS2-jazzy/myros2_ws/install/nav2_msgs/include/nav2_msgs/nav2_msgs/msg/detail/collision_detector_state__type_support.c
[81.760s] -- Installing: /home/tersoo/autonomous-robot-logging-with-ROS2-jazzy/myros2_ws/install/nav2_msgs/include/nav2_msgs/nav2_msgs/msg/detail/costmap__functions.h
[81.760s] -- Installing: /home/tersoo/autonomous-robot-logging-with-ROS2-jazzy/myros2_ws/install/nav2_msgs/include/nav2_msgs/nav2_msgs/msg/detail/missed_waypoint__type_support.c
[81.760s] -- Installing: /home/tersoo/autonomous-robot-logging-with-ROS2-jazzy/myros2_ws/install/nav2_msgs/include/nav2_msgs/nav2_msgs/msg/detail/behavior_tree_status_change__functions.h
[81.760s] -- Installing: /home/tersoo/autonomous-robot-logging-with-ROS2-jazzy/myros2_ws/install/nav2_msgs/include/nav2_msgs/nav2_msgs/msg/detail/particle__type_support.c
[81.761s] -- Installing: /home/tersoo/autonomous-robot-logging-with-ROS2-jazzy/myros2_ws/install/nav2_msgs/include/nav2_msgs/nav2_msgs/msg/detail/costmap_update__functions.h
[81.761s] -- Installing: /home/tersoo/autonomous-robot-logging-with-ROS2-jazzy/myros2_ws/install/nav2_msgs/include/nav2_msgs/nav2_msgs/msg/detail/missed_waypoint__functions.h
[81.761s] -- Installing: /home/tersoo/autonomous-robot-logging-with-ROS2-jazzy/myros2_ws/install/nav2_msgs/include/nav2_msgs/nav2_msgs/msg/detail/costmap_update__type_support.h
[81.762s] -- Installing: /home/tersoo/autonomous-robot-logging-with-ROS2-jazzy/myros2_ws/install/nav2_msgs/include/nav2_msgs/nav2_msgs/msg/detail/behavior_tree_log__description.c
[81.762s] -- Installing: /home/tersoo/autonomous-robot-logging-with-ROS2-jazzy/myros2_ws/install/nav2_msgs/include/nav2_msgs/nav2_msgs/msg/detail/particle__struct.h
[81.762s] -- Installing: /home/tersoo/autonomous-robot-logging-with-ROS2-jazzy/myros2_ws/install/nav2_msgs/include/nav2_msgs/nav2_msgs/msg/detail/behavior_tree_status_change__functions.c
[81.762s] -- Installing: /home/tersoo/autonomous-robot-logging-with-ROS2-jazzy/myros2_ws/install/nav2_msgs/include/nav2_msgs/nav2_msgs/msg/detail/particle__type_support.h
[81.763s] -- Installing: /home/tersoo/autonomous-robot-logging-with-ROS2-jazzy/myros2_ws/install/nav2_msgs/include/nav2_msgs/nav2_msgs/msg/detail/costmap_update__type_support.c
[81.763s] -- Installing: /home/tersoo/autonomous-robot-logging-with-ROS2-jazzy/myros2_ws/install/nav2_msgs/include/nav2_msgs/nav2_msgs/msg/detail/speed_limit__functions.h
[81.763s] -- Installing: /home/tersoo/autonomous-robot-logging-with-ROS2-jazzy/myros2_ws/install/nav2_msgs/include/nav2_msgs/nav2_msgs/msg/detail/behavior_tree_log__type_support.c
[81.763s] -- Installing: /home/tersoo/autonomous-robot-logging-with-ROS2-jazzy/myros2_ws/install/nav2_msgs/include/nav2_msgs/nav2_msgs/msg/detail/particle_cloud__functions.c
[81.764s] -- Installing: /home/tersoo/autonomous-robot-logging-with-ROS2-jazzy/myros2_ws/install/nav2_msgs/include/nav2_msgs/nav2_msgs/msg/detail/missed_waypoint__type_support.h
[81.764s] -- Installing: /home/tersoo/autonomous-robot-logging-with-ROS2-jazzy/myros2_ws/install/nav2_msgs/include/nav2_msgs/nav2_msgs/msg/detail/particle_cloud__type_support.h
[81.764s] -- Installing: /home/tersoo/autonomous-robot-logging-with-ROS2-jazzy/myros2_ws/install/nav2_msgs/include/nav2_msgs/nav2_msgs/msg/detail/costmap_filter_info__description.c
[81.765s] -- Installing: /home/tersoo/autonomous-robot-logging-with-ROS2-jazzy/myros2_ws/install/nav2_msgs/include/nav2_msgs/nav2_msgs/msg/detail/costmap_filter_info__type_support.c
[81.765s] -- Installing: /home/tersoo/autonomous-robot-logging-with-ROS2-jazzy/myros2_ws/install/nav2_msgs/include/nav2_msgs/nav2_msgs/msg/detail/collision_monitor_state__functions.h
[81.765s] -- Installing: /home/tersoo/autonomous-robot-logging-with-ROS2-jazzy/myros2_ws/install/nav2_msgs/include/nav2_msgs/nav2_msgs/msg/detail/particle_cloud__description.c
[81.766s] -- Installing: /home/tersoo/autonomous-robot-logging-with-ROS2-jazzy/myros2_ws/install/nav2_msgs/include/nav2_msgs/nav2_msgs/msg/detail/collision_detector_state__type_support.h
[81.766s] -- Installing: /home/tersoo/autonomous-robot-logging-with-ROS2-jazzy/myros2_ws/install/nav2_msgs/include/nav2_msgs/nav2_msgs/msg/detail/voxel_grid__struct.h
[81.766s] -- Installing: /home/tersoo/autonomous-robot-logging-with-ROS2-jazzy/myros2_ws/install/nav2_msgs/include/nav2_msgs/nav2_msgs/msg/detail/collision_detector_state__description.c
[81.766s] -- Installing: /home/tersoo/autonomous-robot-logging-with-ROS2-jazzy/myros2_ws/install/nav2_msgs/include/nav2_msgs/nav2_msgs/msg/detail/collision_detector_state__functions.h
[81.767s] -- Installing: /home/tersoo/autonomous-robot-logging-with-ROS2-jazzy/myros2_ws/install/nav2_msgs/include/nav2_msgs/nav2_msgs/msg/detail/behavior_tree_log__functions.h
[81.767s] -- Installing: /home/tersoo/autonomous-robot-logging-with-ROS2-jazzy/myros2_ws/install/nav2_msgs/include/nav2_msgs/nav2_msgs/msg/detail/costmap__type_support.c
[81.767s] -- Installing: /home/tersoo/autonomous-robot-logging-with-ROS2-jazzy/myros2_ws/install/nav2_msgs/include/nav2_msgs/nav2_msgs/msg/behavior_tree_log.h
[81.767s] -- Installing: /home/tersoo/autonomous-robot-logging-with-ROS2-jazzy/myros2_ws/install/nav2_msgs/include/nav2_msgs/nav2_msgs/msg/behavior_tree_status_change.h
[81.768s] -- Installing: /home/tersoo/autonomous-robot-logging-with-ROS2-jazzy/myros2_ws/install/nav2_msgs/include/nav2_msgs/nav2_msgs/msg/costmap_meta_data.h
[81.768s] -- Installing: /home/tersoo/autonomous-robot-logging-with-ROS2-jazzy/myros2_ws/install/nav2_msgs/include/nav2_msgs/nav2_msgs/msg/costmap_filter_info.h
[81.768s] -- Installing: /home/tersoo/autonomous-robot-logging-with-ROS2-jazzy/myros2_ws/install/nav2_msgs/include/nav2_msgs/nav2_msgs/msg/missed_waypoint.h
[81.769s] -- Installing: /home/tersoo/autonomous-robot-logging-with-ROS2-jazzy/myros2_ws/install/nav2_msgs/include/nav2_msgs/nav2_msgs/action
[81.769s] -- Installing: /home/tersoo/autonomous-robot-logging-with-ROS2-jazzy/myros2_ws/install/nav2_msgs/include/nav2_msgs/nav2_msgs/action/navigate_to_pose.h
[81.769s] -- Installing: /home/tersoo/autonomous-robot-logging-with-ROS2-jazzy/myros2_ws/install/nav2_msgs/include/nav2_msgs/nav2_msgs/action/assisted_teleop.h
[81.769s] -- Installing: /home/tersoo/autonomous-robot-logging-with-ROS2-jazzy/myros2_ws/install/nav2_msgs/include/nav2_msgs/nav2_msgs/action/back_up.h
[81.770s] -- Installing: /home/tersoo/autonomous-robot-logging-with-ROS2-jazzy/myros2_ws/install/nav2_msgs/include/nav2_msgs/nav2_msgs/action/wait.h
[81.770s] -- Installing: /home/tersoo/autonomous-robot-logging-with-ROS2-jazzy/myros2_ws/install/nav2_msgs/include/nav2_msgs/nav2_msgs/action/compute_path_to_pose.h
[81.770s] -- Installing: /home/tersoo/autonomous-robot-logging-with-ROS2-jazzy/myros2_ws/install/nav2_msgs/include/nav2_msgs/nav2_msgs/action/spin.h
[81.771s] -- Installing: /home/tersoo/autonomous-robot-logging-with-ROS2-jazzy/myros2_ws/install/nav2_msgs/include/nav2_msgs/nav2_msgs/action/follow_path.h
[81.771s] -- Installing: /home/tersoo/autonomous-robot-logging-with-ROS2-jazzy/myros2_ws/install/nav2_msgs/include/nav2_msgs/nav2_msgs/action/drive_on_heading.h
[81.771s] -- Installing: /home/tersoo/autonomous-robot-logging-with-ROS2-jazzy/myros2_ws/install/nav2_msgs/include/nav2_msgs/nav2_msgs/action/undock_robot.h
[81.771s] -- Installing: /home/tersoo/autonomous-robot-logging-with-ROS2-jazzy/myros2_ws/install/nav2_msgs/include/nav2_msgs/nav2_msgs/action/dummy_behavior.h
[81.772s] -- Installing: /home/tersoo/autonomous-robot-logging-with-ROS2-jazzy/myros2_ws/install/nav2_msgs/include/nav2_msgs/nav2_msgs/action/detail
[81.772s] -- Installing: /home/tersoo/autonomous-robot-logging-with-ROS2-jazzy/myros2_ws/install/nav2_msgs/include/nav2_msgs/nav2_msgs/action/detail/follow_gps_waypoints__description.c
[81.772s] -- Installing: /home/tersoo/autonomous-robot-logging-with-ROS2-jazzy/myros2_ws/install/nav2_msgs/include/nav2_msgs/nav2_msgs/action/detail/navigate_to_pose__functions.c
[81.773s] -- Installing: /home/tersoo/autonomous-robot-logging-with-ROS2-jazzy/myros2_ws/install/nav2_msgs/include/nav2_msgs/nav2_msgs/action/detail/navigate_through_poses__description.c
[81.773s] -- Installing: /home/tersoo/autonomous-robot-logging-with-ROS2-jazzy/myros2_ws/install/nav2_msgs/include/nav2_msgs/nav2_msgs/action/detail/compute_path_to_pose__functions.c
[81.773s] -- Installing: /home/tersoo/autonomous-robot-logging-with-ROS2-jazzy/myros2_ws/install/nav2_msgs/include/nav2_msgs/nav2_msgs/action/detail/spin__functions.h
[81.773s] -- Installing: /home/tersoo/autonomous-robot-logging-with-ROS2-jazzy/myros2_ws/install/nav2_msgs/include/nav2_msgs/nav2_msgs/action/detail/navigate_through_poses__type_support.h
[81.774s] -- Installing: /home/tersoo/autonomous-robot-logging-with-ROS2-jazzy/myros2_ws/install/nav2_msgs/include/nav2_msgs/nav2_msgs/action/detail/dummy_behavior__struct.h
[81.774s] -- Installing: /home/tersoo/autonomous-robot-logging-with-ROS2-jazzy/myros2_ws/install/nav2_msgs/include/nav2_msgs/nav2_msgs/action/detail/wait__type_support.h
[81.774s] -- Installing: /home/tersoo/autonomous-robot-logging-with-ROS2-jazzy/myros2_ws/install/nav2_msgs/include/nav2_msgs/nav2_msgs/action/detail/assisted_teleop__type_support.h
[81.774s] -- Installing: /home/tersoo/autonomous-robot-logging-with-ROS2-jazzy/myros2_ws/install/nav2_msgs/include/nav2_msgs/nav2_msgs/action/detail/undock_robot__struct.h
[81.775s] -- Installing: /home/tersoo/autonomous-robot-logging-with-ROS2-jazzy/myros2_ws/install/nav2_msgs/include/nav2_msgs/nav2_msgs/action/detail/dummy_behavior__description.c
[81.775s] -- Installing: /home/tersoo/autonomous-robot-logging-with-ROS2-jazzy/myros2_ws/install/nav2_msgs/include/nav2_msgs/nav2_msgs/action/detail/back_up__functions.h
[81.775s] -- Installing: /home/tersoo/autonomous-robot-logging-with-ROS2-jazzy/myros2_ws/install/nav2_msgs/include/nav2_msgs/nav2_msgs/action/detail/follow_gps_waypoints__type_support.h
[81.776s] -- Installing: /home/tersoo/autonomous-robot-logging-with-ROS2-jazzy/myros2_ws/install/nav2_msgs/include/nav2_msgs/nav2_msgs/action/detail/dummy_behavior__type_support.c
[81.776s] -- Installing: /home/tersoo/autonomous-robot-logging-with-ROS2-jazzy/myros2_ws/install/nav2_msgs/include/nav2_msgs/nav2_msgs/action/detail/follow_waypoints__functions.h
[81.776s] -- Installing: /home/tersoo/autonomous-robot-logging-with-ROS2-jazzy/myros2_ws/install/nav2_msgs/include/nav2_msgs/nav2_msgs/action/detail/dock_robot__functions.h
[81.776s] -- Installing: /home/tersoo/autonomous-robot-logging-with-ROS2-jazzy/myros2_ws/install/nav2_msgs/include/nav2_msgs/nav2_msgs/action/detail/dummy_behavior__type_support.h
[81.777s] -- Installing: /home/tersoo/autonomous-robot-logging-with-ROS2-jazzy/myros2_ws/install/nav2_msgs/include/nav2_msgs/nav2_msgs/action/detail/smooth_path__type_support.h
[81.777s] -- Installing: /home/tersoo/autonomous-robot-logging-with-ROS2-jazzy/myros2_ws/install/nav2_msgs/include/nav2_msgs/nav2_msgs/action/detail/wait__functions.c
[81.777s] -- Installing: /home/tersoo/autonomous-robot-logging-with-ROS2-jazzy/myros2_ws/install/nav2_msgs/include/nav2_msgs/nav2_msgs/action/detail/undock_robot__description.c
[81.778s] -- Installing: /home/tersoo/autonomous-robot-logging-with-ROS2-jazzy/myros2_ws/install/nav2_msgs/include/nav2_msgs/nav2_msgs/action/detail/follow_waypoints__type_support.c
[81.778s] -- Installing: /home/tersoo/autonomous-robot-logging-with-ROS2-jazzy/myros2_ws/install/nav2_msgs/include/nav2_msgs/nav2_msgs/action/detail/drive_on_heading__struct.h
[81.778s] -- Installing: /home/tersoo/autonomous-robot-logging-with-ROS2-jazzy/myros2_ws/install/nav2_msgs/include/nav2_msgs/nav2_msgs/action/detail/smooth_path__type_support.c
[81.778s] -- Installing: /home/tersoo/autonomous-robot-logging-with-ROS2-jazzy/myros2_ws/install/nav2_msgs/include/nav2_msgs/nav2_msgs/action/detail/navigate_to_pose__struct.h
[81.779s] -- Installing: /home/tersoo/autonomous-robot-logging-with-ROS2-jazzy/myros2_ws/install/nav2_msgs/include/nav2_msgs/nav2_msgs/action/detail/spin__type_support.h
[81.779s] -- Installing: /home/tersoo/autonomous-robot-logging-with-ROS2-jazzy/myros2_ws/install/nav2_msgs/include/nav2_msgs/nav2_msgs/action/detail/assisted_teleop__functions.h
[81.779s] -- Installing: /home/tersoo/autonomous-robot-logging-with-ROS2-jazzy/myros2_ws/install/nav2_msgs/include/nav2_msgs/nav2_msgs/action/detail/dock_robot__type_support.c
[81.780s] -- Installing: /home/tersoo/autonomous-robot-logging-with-ROS2-jazzy/myros2_ws/install/nav2_msgs/include/nav2_msgs/nav2_msgs/action/detail/follow_gps_waypoints__functions.h
[81.780s] -- Installing: /home/tersoo/autonomous-robot-logging-with-ROS2-jazzy/myros2_ws/install/nav2_msgs/include/nav2_msgs/nav2_msgs/action/detail/back_up__type_support.h
[81.780s] -- Installing: /home/tersoo/autonomous-robot-logging-with-ROS2-jazzy/myros2_ws/install/nav2_msgs/include/nav2_msgs/nav2_msgs/action/detail/compute_path_through_poses__functions.c
[81.781s] -- Installing: /home/tersoo/autonomous-robot-logging-with-ROS2-jazzy/myros2_ws/install/nav2_msgs/include/nav2_msgs/nav2_msgs/action/detail/back_up__description.c
[81.781s] -- Installing: /home/tersoo/autonomous-robot-logging-with-ROS2-jazzy/myros2_ws/install/nav2_msgs/include/nav2_msgs/nav2_msgs/action/detail/follow_gps_waypoints__functions.c
[81.781s] -- Installing: /home/tersoo/autonomous-robot-logging-with-ROS2-jazzy/myros2_ws/install/nav2_msgs/include/nav2_msgs/nav2_msgs/action/detail/navigate_to_pose__type_support.h
[81.781s] -- Installing: /home/tersoo/autonomous-robot-logging-with-ROS2-jazzy/myros2_ws/install/nav2_msgs/include/nav2_msgs/nav2_msgs/action/detail/dummy_behavior__functions.h
[81.782s] -- Installing: /home/tersoo/autonomous-robot-logging-with-ROS2-jazzy/myros2_ws/install/nav2_msgs/include/nav2_msgs/nav2_msgs/action/detail/spin__functions.c
[81.782s] -- Installing: /home/tersoo/autonomous-robot-logging-with-ROS2-jazzy/myros2_ws/install/nav2_msgs/include/nav2_msgs/nav2_msgs/action/detail/back_up__type_support.c
[81.782s] -- Installing: /home/tersoo/autonomous-robot-logging-with-ROS2-jazzy/myros2_ws/install/nav2_msgs/include/nav2_msgs/nav2_msgs/action/detail/compute_path_through_poses__type_support.h
[81.782s] -- Installing: /home/tersoo/autonomous-robot-logging-with-ROS2-jazzy/myros2_ws/install/nav2_msgs/include/nav2_msgs/nav2_msgs/action/detail/spin__struct.h
[81.782s] -- Installing: /home/tersoo/autonomous-robot-logging-with-ROS2-jazzy/myros2_ws/install/nav2_msgs/include/nav2_msgs/nav2_msgs/action/detail/navigate_to_pose__type_support.c
[81.782s] -- Installing: /home/tersoo/autonomous-robot-logging-with-ROS2-jazzy/myros2_ws/install/nav2_msgs/include/nav2_msgs/nav2_msgs/action/detail/assisted_teleop__description.c
[81.782s] -- Installing: /home/tersoo/autonomous-robot-logging-with-ROS2-jazzy/myros2_ws/install/nav2_msgs/include/nav2_msgs/nav2_msgs/action/detail/navigate_to_pose__functions.h
[81.783s] -- Installing: /home/tersoo/autonomous-robot-logging-with-ROS2-jazzy/myros2_ws/install/nav2_msgs/include/nav2_msgs/nav2_msgs/action/detail/dummy_behavior__functions.c
[81.783s] -- Installing: /home/tersoo/autonomous-robot-logging-with-ROS2-jazzy/myros2_ws/install/nav2_msgs/include/nav2_msgs/nav2_msgs/action/detail/drive_on_heading__description.c
[81.783s] -- Installing: /home/tersoo/autonomous-robot-logging-with-ROS2-jazzy/myros2_ws/install/nav2_msgs/include/nav2_msgs/nav2_msgs/action/detail/follow_path__struct.h
[81.783s] -- Installing: /home/tersoo/autonomous-robot-logging-with-ROS2-jazzy/myros2_ws/install/nav2_msgs/include/nav2_msgs/nav2_msgs/action/detail/navigate_through_poses__struct.h
[81.783s] -- Installing: /home/tersoo/autonomous-robot-logging-with-ROS2-jazzy/myros2_ws/install/nav2_msgs/include/nav2_msgs/nav2_msgs/action/detail/spin__description.c
[81.783s] -- Installing: /home/tersoo/autonomous-robot-logging-with-ROS2-jazzy/myros2_ws/install/nav2_msgs/include/nav2_msgs/nav2_msgs/action/detail/smooth_path__functions.c
[81.783s] -- Installing: /home/tersoo/autonomous-robot-logging-with-ROS2-jazzy/myros2_ws/install/nav2_msgs/include/nav2_msgs/nav2_msgs/action/detail/follow_path__type_support.h
[81.783s] -- Installing: /home/tersoo/autonomous-robot-logging-with-ROS2-jazzy/myros2_ws/install/nav2_msgs/include/nav2_msgs/nav2_msgs/action/detail/compute_path_to_pose__type_support.c
[81.784s] -- Installing: /home/tersoo/autonomous-robot-logging-with-ROS2-jazzy/myros2_ws/install/nav2_msgs/include/nav2_msgs/nav2_msgs/action/detail/compute_path_to_pose__functions.h
[81.784s] -- Installing: /home/tersoo/autonomous-robot-logging-with-ROS2-jazzy/myros2_ws/install/nav2_msgs/include/nav2_msgs/nav2_msgs/action/detail/navigate_to_pose__description.c
[81.784s] -- Installing: /home/tersoo/autonomous-robot-logging-with-ROS2-jazzy/myros2_ws/install/nav2_msgs/include/nav2_msgs/nav2_msgs/action/detail/follow_gps_waypoints__struct.h
[81.784s] -- Installing: /home/tersoo/autonomous-robot-logging-with-ROS2-jazzy/myros2_ws/install/nav2_msgs/include/nav2_msgs/nav2_msgs/action/detail/follow_waypoints__struct.h
[81.784s] -- Installing: /home/tersoo/autonomous-robot-logging-with-ROS2-jazzy/myros2_ws/install/nav2_msgs/include/nav2_msgs/nav2_msgs/action/detail/follow_path__functions.h
[81.784s] -- Installing: /home/tersoo/autonomous-robot-logging-with-ROS2-jazzy/myros2_ws/install/nav2_msgs/include/nav2_msgs/nav2_msgs/action/detail/navigate_through_poses__functions.c
[81.784s] -- Installing: /home/tersoo/autonomous-robot-logging-with-ROS2-jazzy/myros2_ws/install/nav2_msgs/include/nav2_msgs/nav2_msgs/action/detail/follow_path__description.c
[81.784s] -- Installing: /home/tersoo/autonomous-robot-logging-with-ROS2-jazzy/myros2_ws/install/nav2_msgs/include/nav2_msgs/nav2_msgs/action/detail/wait__type_support.c
[81.784s] -- Installing: /home/tersoo/autonomous-robot-logging-with-ROS2-jazzy/myros2_ws/install/nav2_msgs/include/nav2_msgs/nav2_msgs/action/detail/undock_robot__functions.c
[81.785s] -- Installing: /home/tersoo/autonomous-robot-logging-with-ROS2-jazzy/myros2_ws/install/nav2_msgs/include/nav2_msgs/nav2_msgs/action/detail/navigate_through_poses__type_support.c
[81.785s] -- Installing: /home/tersoo/autonomous-robot-logging-with-ROS2-jazzy/myros2_ws/install/nav2_msgs/include/nav2_msgs/nav2_msgs/action/detail/smooth_path__description.c
[81.785s] -- Installing: /home/tersoo/autonomous-robot-logging-with-ROS2-jazzy/myros2_ws/install/nav2_msgs/include/nav2_msgs/nav2_msgs/action/detail/wait__functions.h
[81.785s] -- Installing: /home/tersoo/autonomous-robot-logging-with-ROS2-jazzy/myros2_ws/install/nav2_msgs/include/nav2_msgs/nav2_msgs/action/detail/assisted_teleop__type_support.c
[81.785s] -- Installing: /home/tersoo/autonomous-robot-logging-with-ROS2-jazzy/myros2_ws/install/nav2_msgs/include/nav2_msgs/nav2_msgs/action/detail/follow_gps_waypoints__type_support.c
[81.785s] -- Installing: /home/tersoo/autonomous-robot-logging-with-ROS2-jazzy/myros2_ws/install/nav2_msgs/include/nav2_msgs/nav2_msgs/action/detail/dock_robot__type_support.h
[81.785s] -- Installing: /home/tersoo/autonomous-robot-logging-with-ROS2-jazzy/myros2_ws/install/nav2_msgs/include/nav2_msgs/nav2_msgs/action/detail/drive_on_heading__type_support.c
[81.785s] -- Installing: /home/tersoo/autonomous-robot-logging-with-ROS2-jazzy/myros2_ws/install/nav2_msgs/include/nav2_msgs/nav2_msgs/action/detail/dock_robot__description.c
[81.785s] -- Installing: /home/tersoo/autonomous-robot-logging-with-ROS2-jazzy/myros2_ws/install/nav2_msgs/include/nav2_msgs/nav2_msgs/action/detail/dock_robot__functions.c
[81.786s] -- Installing: /home/tersoo/autonomous-robot-logging-with-ROS2-jazzy/myros2_ws/install/nav2_msgs/include/nav2_msgs/nav2_msgs/action/detail/navigate_through_poses__functions.h
[81.786s] -- Installing: /home/tersoo/autonomous-robot-logging-with-ROS2-jazzy/myros2_ws/install/nav2_msgs/include/nav2_msgs/nav2_msgs/action/detail/dock_robot__struct.h
[81.786s] -- Installing: /home/tersoo/autonomous-robot-logging-with-ROS2-jazzy/myros2_ws/install/nav2_msgs/include/nav2_msgs/nav2_msgs/action/detail/back_up__struct.h
[81.786s] -- Installing: /home/tersoo/autonomous-robot-logging-with-ROS2-jazzy/myros2_ws/install/nav2_msgs/include/nav2_msgs/nav2_msgs/action/detail/compute_path_to_pose__struct.h
[81.786s] -- Installing: /home/tersoo/autonomous-robot-logging-with-ROS2-jazzy/myros2_ws/install/nav2_msgs/include/nav2_msgs/nav2_msgs/action/detail/follow_waypoints__type_support.h
[81.786s] -- Installing: /home/tersoo/autonomous-robot-logging-with-ROS2-jazzy/myros2_ws/install/nav2_msgs/include/nav2_msgs/nav2_msgs/action/detail/drive_on_heading__type_support.h
[81.786s] -- Installing: /home/tersoo/autonomous-robot-logging-with-ROS2-jazzy/myros2_ws/install/nav2_msgs/include/nav2_msgs/nav2_msgs/action/detail/compute_path_through_poses__description.c
[81.786s] -- Installing: /home/tersoo/autonomous-robot-logging-with-ROS2-jazzy/myros2_ws/install/nav2_msgs/include/nav2_msgs/nav2_msgs/action/detail/compute_path_to_pose__type_support.h
[81.786s] -- Installing: /home/tersoo/autonomous-robot-logging-with-ROS2-jazzy/myros2_ws/install/nav2_msgs/include/nav2_msgs/nav2_msgs/action/detail/drive_on_heading__functions.h
[81.787s] -- Installing: /home/tersoo/autonomous-robot-logging-with-ROS2-jazzy/myros2_ws/install/nav2_msgs/include/nav2_msgs/nav2_msgs/action/detail/compute_path_through_poses__type_support.c
[81.787s] -- Installing: /home/tersoo/autonomous-robot-logging-with-ROS2-jazzy/myros2_ws/install/nav2_msgs/include/nav2_msgs/nav2_msgs/action/detail/follow_path__type_support.c
[81.787s] -- Installing: /home/tersoo/autonomous-robot-logging-with-ROS2-jazzy/myros2_ws/install/nav2_msgs/include/nav2_msgs/nav2_msgs/action/detail/assisted_teleop__struct.h
[81.787s] -- Installing: /home/tersoo/autonomous-robot-logging-with-ROS2-jazzy/myros2_ws/install/nav2_msgs/include/nav2_msgs/nav2_msgs/action/detail/undock_robot__functions.h
[81.787s] -- Installing: /home/tersoo/autonomous-robot-logging-with-ROS2-jazzy/myros2_ws/install/nav2_msgs/include/nav2_msgs/nav2_msgs/action/detail/follow_waypoints__functions.c
[81.787s] -- Installing: /home/tersoo/autonomous-robot-logging-with-ROS2-jazzy/myros2_ws/install/nav2_msgs/include/nav2_msgs/nav2_msgs/action/detail/compute_path_to_pose__description.c
[81.787s] -- Installing: /home/tersoo/autonomous-robot-logging-with-ROS2-jazzy/myros2_ws/install/nav2_msgs/include/nav2_msgs/nav2_msgs/action/detail/undock_robot__type_support.c
[81.787s] -- Installing: /home/tersoo/autonomous-robot-logging-with-ROS2-jazzy/myros2_ws/install/nav2_msgs/include/nav2_msgs/nav2_msgs/action/detail/compute_path_through_poses__functions.h
[81.787s] -- Installing: /home/tersoo/autonomous-robot-logging-with-ROS2-jazzy/myros2_ws/install/nav2_msgs/include/nav2_msgs/nav2_msgs/action/detail/wait__struct.h
[81.788s] -- Installing: /home/tersoo/autonomous-robot-logging-with-ROS2-jazzy/myros2_ws/install/nav2_msgs/include/nav2_msgs/nav2_msgs/action/detail/smooth_path__struct.h
[81.788s] -- Installing: /home/tersoo/autonomous-robot-logging-with-ROS2-jazzy/myros2_ws/install/nav2_msgs/include/nav2_msgs/nav2_msgs/action/detail/follow_waypoints__description.c
[81.788s] -- Installing: /home/tersoo/autonomous-robot-logging-with-ROS2-jazzy/myros2_ws/install/nav2_msgs/include/nav2_msgs/nav2_msgs/action/detail/wait__description.c
[81.788s] -- Installing: /home/tersoo/autonomous-robot-logging-with-ROS2-jazzy/myros2_ws/install/nav2_msgs/include/nav2_msgs/nav2_msgs/action/detail/undock_robot__type_support.h
[81.788s] -- Installing: /home/tersoo/autonomous-robot-logging-with-ROS2-jazzy/myros2_ws/install/nav2_msgs/include/nav2_msgs/nav2_msgs/action/detail/compute_path_through_poses__struct.h
[81.788s] -- Installing: /home/tersoo/autonomous-robot-logging-with-ROS2-jazzy/myros2_ws/install/nav2_msgs/include/nav2_msgs/nav2_msgs/action/detail/smooth_path__functions.h
[81.788s] -- Installing: /home/tersoo/autonomous-robot-logging-with-ROS2-jazzy/myros2_ws/install/nav2_msgs/include/nav2_msgs/nav2_msgs/action/detail/spin__type_support.c
[81.788s] -- Installing: /home/tersoo/autonomous-robot-logging-with-ROS2-jazzy/myros2_ws/install/nav2_msgs/include/nav2_msgs/nav2_msgs/action/detail/follow_path__functions.c
[81.789s] -- Installing: /home/tersoo/autonomous-robot-logging-with-ROS2-jazzy/myros2_ws/install/nav2_msgs/include/nav2_msgs/nav2_msgs/action/detail/assisted_teleop__functions.c
[81.789s] -- Installing: /home/tersoo/autonomous-robot-logging-with-ROS2-jazzy/myros2_ws/install/nav2_msgs/include/nav2_msgs/nav2_msgs/action/detail/back_up__functions.c
[81.789s] -- Installing: /home/tersoo/autonomous-robot-logging-with-ROS2-jazzy/myros2_ws/install/nav2_msgs/include/nav2_msgs/nav2_msgs/action/detail/drive_on_heading__functions.c
[81.789s] -- Installing: /home/tersoo/autonomous-robot-logging-with-ROS2-jazzy/myros2_ws/install/nav2_msgs/include/nav2_msgs/nav2_msgs/action/smooth_path.h
[81.789s] -- Installing: /home/tersoo/autonomous-robot-logging-with-ROS2-jazzy/myros2_ws/install/nav2_msgs/include/nav2_msgs/nav2_msgs/action/navigate_through_poses.h
[81.789s] -- Installing: /home/tersoo/autonomous-robot-logging-with-ROS2-jazzy/myros2_ws/install/nav2_msgs/include/nav2_msgs/nav2_msgs/action/dock_robot.h
[81.789s] -- Installing: /home/tersoo/autonomous-robot-logging-with-ROS2-jazzy/myros2_ws/install/nav2_msgs/include/nav2_msgs/nav2_msgs/action/follow_gps_waypoints.h
[81.789s] -- Installing: /home/tersoo/autonomous-robot-logging-with-ROS2-jazzy/myros2_ws/install/nav2_msgs/include/nav2_msgs/nav2_msgs/action/compute_path_through_poses.h
[81.789s] -- Installing: /home/tersoo/autonomous-robot-logging-with-ROS2-jazzy/myros2_ws/install/nav2_msgs/include/nav2_msgs/nav2_msgs/action/follow_waypoints.h
[81.790s] -- Installing: /home/tersoo/autonomous-robot-logging-with-ROS2-jazzy/myros2_ws/install/nav2_msgs/include/nav2_msgs/nav2_msgs/srv
[81.790s] -- Installing: /home/tersoo/autonomous-robot-logging-with-ROS2-jazzy/myros2_ws/install/nav2_msgs/include/nav2_msgs/nav2_msgs/srv/clear_costmap_around_robot.h
[81.790s] -- Installing: /home/tersoo/autonomous-robot-logging-with-ROS2-jazzy/myros2_ws/install/nav2_msgs/include/nav2_msgs/nav2_msgs/srv/clear_costmap_except_region.h
[81.790s] -- Installing: /home/tersoo/autonomous-robot-logging-with-ROS2-jazzy/myros2_ws/install/nav2_msgs/include/nav2_msgs/nav2_msgs/srv/is_path_valid.h
[81.790s] -- Installing: /home/tersoo/autonomous-robot-logging-with-ROS2-jazzy/myros2_ws/install/nav2_msgs/include/nav2_msgs/nav2_msgs/srv/clear_costmap_around_pose.h
[81.790s] -- Installing: /home/tersoo/autonomous-robot-logging-with-ROS2-jazzy/myros2_ws/install/nav2_msgs/include/nav2_msgs/nav2_msgs/srv/reload_dock_database.h
[81.790s] -- Installing: /home/tersoo/autonomous-robot-logging-with-ROS2-jazzy/myros2_ws/install/nav2_msgs/include/nav2_msgs/nav2_msgs/srv/get_costmap.h
[81.790s] -- Installing: /home/tersoo/autonomous-robot-logging-with-ROS2-jazzy/myros2_ws/install/nav2_msgs/include/nav2_msgs/nav2_msgs/srv/detail
[81.790s] -- Installing: /home/tersoo/autonomous-robot-logging-with-ROS2-jazzy/myros2_ws/install/nav2_msgs/include/nav2_msgs/nav2_msgs/srv/detail/load_map__functions.c
[81.791s] -- Installing: /home/tersoo/autonomous-robot-logging-with-ROS2-jazzy/myros2_ws/install/nav2_msgs/include/nav2_msgs/nav2_msgs/srv/detail/clear_entire_costmap__functions.c
[81.791s] -- Installing: /home/tersoo/autonomous-robot-logging-with-ROS2-jazzy/myros2_ws/install/nav2_msgs/include/nav2_msgs/nav2_msgs/srv/detail/manage_lifecycle_nodes__type_support.h
[81.791s] -- Installing: /home/tersoo/autonomous-robot-logging-with-ROS2-jazzy/myros2_ws/install/nav2_msgs/include/nav2_msgs/nav2_msgs/srv/detail/get_cost__functions.h
[81.791s] -- Installing: /home/tersoo/autonomous-robot-logging-with-ROS2-jazzy/myros2_ws/install/nav2_msgs/include/nav2_msgs/nav2_msgs/srv/detail/clear_entire_costmap__functions.h
[81.791s] -- Installing: /home/tersoo/autonomous-robot-logging-with-ROS2-jazzy/myros2_ws/install/nav2_msgs/include/nav2_msgs/nav2_msgs/srv/detail/clear_costmap_around_pose__type_support.c
[81.791s] -- Installing: /home/tersoo/autonomous-robot-logging-with-ROS2-jazzy/myros2_ws/install/nav2_msgs/include/nav2_msgs/nav2_msgs/srv/detail/set_initial_pose__functions.c
[81.791s] -- Installing: /home/tersoo/autonomous-robot-logging-with-ROS2-jazzy/myros2_ws/install/nav2_msgs/include/nav2_msgs/nav2_msgs/srv/detail/clear_costmap_except_region__type_support.c
[81.791s] -- Installing: /home/tersoo/autonomous-robot-logging-with-ROS2-jazzy/myros2_ws/install/nav2_msgs/include/nav2_msgs/nav2_msgs/srv/detail/clear_costmap_around_robot__description.c
[81.792s] -- Installing: /home/tersoo/autonomous-robot-logging-with-ROS2-jazzy/myros2_ws/install/nav2_msgs/include/nav2_msgs/nav2_msgs/srv/detail/manage_lifecycle_nodes__functions.c
[81.792s] -- Installing: /home/tersoo/autonomous-robot-logging-with-ROS2-jazzy/myros2_ws/install/nav2_msgs/include/nav2_msgs/nav2_msgs/srv/detail/save_map__struct.h
[81.792s] -- Installing: /home/tersoo/autonomous-robot-logging-with-ROS2-jazzy/myros2_ws/install/nav2_msgs/include/nav2_msgs/nav2_msgs/srv/detail/load_map__struct.h
[81.792s] -- Installing: /home/tersoo/autonomous-robot-logging-with-ROS2-jazzy/myros2_ws/install/nav2_msgs/include/nav2_msgs/nav2_msgs/srv/detail/manage_lifecycle_nodes__description.c
[81.792s] -- Installing: /home/tersoo/autonomous-robot-logging-with-ROS2-jazzy/myros2_ws/install/nav2_msgs/include/nav2_msgs/nav2_msgs/srv/detail/clear_costmap_except_region__struct.h
[81.792s] -- Installing: /home/tersoo/autonomous-robot-logging-with-ROS2-jazzy/myros2_ws/install/nav2_msgs/include/nav2_msgs/nav2_msgs/srv/detail/reload_dock_database__struct.h
[81.792s] -- Installing: /home/tersoo/autonomous-robot-logging-with-ROS2-jazzy/myros2_ws/install/nav2_msgs/include/nav2_msgs/nav2_msgs/srv/detail/get_cost__functions.c
[81.792s] -- Installing: /home/tersoo/autonomous-robot-logging-with-ROS2-jazzy/myros2_ws/install/nav2_msgs/include/nav2_msgs/nav2_msgs/srv/detail/get_costmap__type_support.h
[81.792s] -- Installing: /home/tersoo/autonomous-robot-logging-with-ROS2-jazzy/myros2_ws/install/nav2_msgs/include/nav2_msgs/nav2_msgs/srv/detail/manage_lifecycle_nodes__type_support.c
[81.793s] -- Installing: /home/tersoo/autonomous-robot-logging-with-ROS2-jazzy/myros2_ws/install/nav2_msgs/include/nav2_msgs/nav2_msgs/srv/detail/set_initial_pose__type_support.c
[81.793s] -- Installing: /home/tersoo/autonomous-robot-logging-with-ROS2-jazzy/myros2_ws/install/nav2_msgs/include/nav2_msgs/nav2_msgs/srv/detail/is_path_valid__struct.h
[81.793s] -- Installing: /home/tersoo/autonomous-robot-logging-with-ROS2-jazzy/myros2_ws/install/nav2_msgs/include/nav2_msgs/nav2_msgs/srv/detail/get_costmap__functions.c
[81.793s] -- Installing: /home/tersoo/autonomous-robot-logging-with-ROS2-jazzy/myros2_ws/install/nav2_msgs/include/nav2_msgs/nav2_msgs/srv/detail/reload_dock_database__description.c
[81.793s] -- Installing: /home/tersoo/autonomous-robot-logging-with-ROS2-jazzy/myros2_ws/install/nav2_msgs/include/nav2_msgs/nav2_msgs/srv/detail/manage_lifecycle_nodes__struct.h
[81.793s] -- Installing: /home/tersoo/autonomous-robot-logging-with-ROS2-jazzy/myros2_ws/install/nav2_msgs/include/nav2_msgs/nav2_msgs/srv/detail/is_path_valid__type_support.c
[81.793s] -- Installing: /home/tersoo/autonomous-robot-logging-with-ROS2-jazzy/myros2_ws/install/nav2_msgs/include/nav2_msgs/nav2_msgs/srv/detail/clear_costmap_except_region__functions.c
[81.793s] -- Installing: /home/tersoo/autonomous-robot-logging-with-ROS2-jazzy/myros2_ws/install/nav2_msgs/include/nav2_msgs/nav2_msgs/srv/detail/get_costmap__type_support.c
[81.793s] -- Installing: /home/tersoo/autonomous-robot-logging-with-ROS2-jazzy/myros2_ws/install/nav2_msgs/include/nav2_msgs/nav2_msgs/srv/detail/clear_costmap_around_pose__functions.h
[81.794s] -- Installing: /home/tersoo/autonomous-robot-logging-with-ROS2-jazzy/myros2_ws/install/nav2_msgs/include/nav2_msgs/nav2_msgs/srv/detail/get_cost__struct.h
[81.794s] -- Installing: /home/tersoo/autonomous-robot-logging-with-ROS2-jazzy/myros2_ws/install/nav2_msgs/include/nav2_msgs/nav2_msgs/srv/detail/clear_costmap_around_pose__functions.c
[81.794s] -- Installing: /home/tersoo/autonomous-robot-logging-with-ROS2-jazzy/myros2_ws/install/nav2_msgs/include/nav2_msgs/nav2_msgs/srv/detail/load_map__type_support.c
[81.794s] -- Installing: /home/tersoo/autonomous-robot-logging-with-ROS2-jazzy/myros2_ws/install/nav2_msgs/include/nav2_msgs/nav2_msgs/srv/detail/clear_costmap_around_robot__functions.h
[81.794s] -- Installing: /home/tersoo/autonomous-robot-logging-with-ROS2-jazzy/myros2_ws/install/nav2_msgs/include/nav2_msgs/nav2_msgs/srv/detail/is_path_valid__functions.h
[81.794s] -- Installing: /home/tersoo/autonomous-robot-logging-with-ROS2-jazzy/myros2_ws/install/nav2_msgs/include/nav2_msgs/nav2_msgs/srv/detail/clear_costmap_around_pose__struct.h
[81.794s] -- Installing: /home/tersoo/autonomous-robot-logging-with-ROS2-jazzy/myros2_ws/install/nav2_msgs/include/nav2_msgs/nav2_msgs/srv/detail/save_map__functions.h
[81.794s] -- Installing: /home/tersoo/autonomous-robot-logging-with-ROS2-jazzy/myros2_ws/install/nav2_msgs/include/nav2_msgs/nav2_msgs/srv/detail/clear_costmap_around_robot__functions.c
[81.794s] -- Installing: /home/tersoo/autonomous-robot-logging-with-ROS2-jazzy/myros2_ws/install/nav2_msgs/include/nav2_msgs/nav2_msgs/srv/detail/clear_entire_costmap__description.c
[81.795s] -- Installing: /home/tersoo/autonomous-robot-logging-with-ROS2-jazzy/myros2_ws/install/nav2_msgs/include/nav2_msgs/nav2_msgs/srv/detail/manage_lifecycle_nodes__functions.h
[81.795s] -- Installing: /home/tersoo/autonomous-robot-logging-with-ROS2-jazzy/myros2_ws/install/nav2_msgs/include/nav2_msgs/nav2_msgs/srv/detail/is_path_valid__description.c
[81.795s] -- Installing: /home/tersoo/autonomous-robot-logging-with-ROS2-jazzy/myros2_ws/install/nav2_msgs/include/nav2_msgs/nav2_msgs/srv/detail/set_initial_pose__type_support.h
[81.795s] -- Installing: /home/tersoo/autonomous-robot-logging-with-ROS2-jazzy/myros2_ws/install/nav2_msgs/include/nav2_msgs/nav2_msgs/srv/detail/clear_costmap_around_pose__description.c
[81.795s] -- Installing: /home/tersoo/autonomous-robot-logging-with-ROS2-jazzy/myros2_ws/install/nav2_msgs/include/nav2_msgs/nav2_msgs/srv/detail/clear_entire_costmap__type_support.h
[81.795s] -- Installing: /home/tersoo/autonomous-robot-logging-with-ROS2-jazzy/myros2_ws/install/nav2_msgs/include/nav2_msgs/nav2_msgs/srv/detail/load_map__functions.h
[81.795s] -- Installing: /home/tersoo/autonomous-robot-logging-with-ROS2-jazzy/myros2_ws/install/nav2_msgs/include/nav2_msgs/nav2_msgs/srv/detail/load_map__description.c
[81.795s] -- Installing: /home/tersoo/autonomous-robot-logging-with-ROS2-jazzy/myros2_ws/install/nav2_msgs/include/nav2_msgs/nav2_msgs/srv/detail/save_map__description.c
[81.795s] -- Installing: /home/tersoo/autonomous-robot-logging-with-ROS2-jazzy/myros2_ws/install/nav2_msgs/include/nav2_msgs/nav2_msgs/srv/detail/clear_costmap_around_robot__type_support.h
[81.796s] -- Installing: /home/tersoo/autonomous-robot-logging-with-ROS2-jazzy/myros2_ws/install/nav2_msgs/include/nav2_msgs/nav2_msgs/srv/detail/clear_entire_costmap__struct.h
[81.796s] -- Installing: /home/tersoo/autonomous-robot-logging-with-ROS2-jazzy/myros2_ws/install/nav2_msgs/include/nav2_msgs/nav2_msgs/srv/detail/reload_dock_database__functions.c
[81.796s] -- Installing: /home/tersoo/autonomous-robot-logging-with-ROS2-jazzy/myros2_ws/install/nav2_msgs/include/nav2_msgs/nav2_msgs/srv/detail/clear_costmap_around_robot__struct.h
[81.796s] -- Installing: /home/tersoo/autonomous-robot-logging-with-ROS2-jazzy/myros2_ws/install/nav2_msgs/include/nav2_msgs/nav2_msgs/srv/detail/save_map__type_support.h
[81.796s] -- Installing: /home/tersoo/autonomous-robot-logging-with-ROS2-jazzy/myros2_ws/install/nav2_msgs/include/nav2_msgs/nav2_msgs/srv/detail/get_cost__type_support.c
[81.796s] -- Installing: /home/tersoo/autonomous-robot-logging-with-ROS2-jazzy/myros2_ws/install/nav2_msgs/include/nav2_msgs/nav2_msgs/srv/detail/clear_costmap_around_robot__type_support.c
[81.796s] -- Installing: /home/tersoo/autonomous-robot-logging-with-ROS2-jazzy/myros2_ws/install/nav2_msgs/include/nav2_msgs/nav2_msgs/srv/detail/clear_costmap_except_region__type_support.h
[81.796s] -- Installing: /home/tersoo/autonomous-robot-logging-with-ROS2-jazzy/myros2_ws/install/nav2_msgs/include/nav2_msgs/nav2_msgs/srv/detail/get_cost__type_support.h
[81.797s] -- Installing: /home/tersoo/autonomous-robot-logging-with-ROS2-jazzy/myros2_ws/install/nav2_msgs/include/nav2_msgs/nav2_msgs/srv/detail/get_costmap__functions.h
[81.797s] -- Installing: /home/tersoo/autonomous-robot-logging-with-ROS2-jazzy/myros2_ws/install/nav2_msgs/include/nav2_msgs/nav2_msgs/srv/detail/reload_dock_database__functions.h
[81.797s] -- Installing: /home/tersoo/autonomous-robot-logging-with-ROS2-jazzy/myros2_ws/install/nav2_msgs/include/nav2_msgs/nav2_msgs/srv/detail/reload_dock_database__type_support.c
[81.797s] -- Installing: /home/tersoo/autonomous-robot-logging-with-ROS2-jazzy/myros2_ws/install/nav2_msgs/include/nav2_msgs/nav2_msgs/srv/detail/clear_entire_costmap__type_support.c
[81.797s] -- Installing: /home/tersoo/autonomous-robot-logging-with-ROS2-jazzy/myros2_ws/install/nav2_msgs/include/nav2_msgs/nav2_msgs/srv/detail/save_map__type_support.c
[81.797s] -- Installing: /home/tersoo/autonomous-robot-logging-with-ROS2-jazzy/myros2_ws/install/nav2_msgs/include/nav2_msgs/nav2_msgs/srv/detail/get_costmap__description.c
[81.797s] -- Installing: /home/tersoo/autonomous-robot-logging-with-ROS2-jazzy/myros2_ws/install/nav2_msgs/include/nav2_msgs/nav2_msgs/srv/detail/clear_costmap_except_region__description.c
[81.797s] -- Installing: /home/tersoo/autonomous-robot-logging-with-ROS2-jazzy/myros2_ws/install/nav2_msgs/include/nav2_msgs/nav2_msgs/srv/detail/get_cost__description.c
[81.797s] -- Installing: /home/tersoo/autonomous-robot-logging-with-ROS2-jazzy/myros2_ws/install/nav2_msgs/include/nav2_msgs/nav2_msgs/srv/detail/set_initial_pose__struct.h
[81.797s] -- Installing: /home/tersoo/autonomous-robot-logging-with-ROS2-jazzy/myros2_ws/install/nav2_msgs/include/nav2_msgs/nav2_msgs/srv/detail/is_path_valid__type_support.h
[81.798s] -- Installing: /home/tersoo/autonomous-robot-logging-with-ROS2-jazzy/myros2_ws/install/nav2_msgs/include/nav2_msgs/nav2_msgs/srv/detail/clear_costmap_around_pose__type_support.h
[81.798s] -- Installing: /home/tersoo/autonomous-robot-logging-with-ROS2-jazzy/myros2_ws/install/nav2_msgs/include/nav2_msgs/nav2_msgs/srv/detail/set_initial_pose__description.c
[81.798s] -- Installing: /home/tersoo/autonomous-robot-logging-with-ROS2-jazzy/myros2_ws/install/nav2_msgs/include/nav2_msgs/nav2_msgs/srv/detail/is_path_valid__functions.c
[81.798s] -- Installing: /home/tersoo/autonomous-robot-logging-with-ROS2-jazzy/myros2_ws/install/nav2_msgs/include/nav2_msgs/nav2_msgs/srv/detail/load_map__type_support.h
[81.798s] -- Installing: /home/tersoo/autonomous-robot-logging-with-ROS2-jazzy/myros2_ws/install/nav2_msgs/include/nav2_msgs/nav2_msgs/srv/detail/get_costmap__struct.h
[81.798s] -- Installing: /home/tersoo/autonomous-robot-logging-with-ROS2-jazzy/myros2_ws/install/nav2_msgs/include/nav2_msgs/nav2_msgs/srv/detail/set_initial_pose__functions.h
[81.798s] -- Installing: /home/tersoo/autonomous-robot-logging-with-ROS2-jazzy/myros2_ws/install/nav2_msgs/include/nav2_msgs/nav2_msgs/srv/detail/save_map__functions.c
[81.798s] -- Installing: /home/tersoo/autonomous-robot-logging-with-ROS2-jazzy/myros2_ws/install/nav2_msgs/include/nav2_msgs/nav2_msgs/srv/detail/clear_costmap_except_region__functions.h
[81.798s] -- Installing: /home/tersoo/autonomous-robot-logging-with-ROS2-jazzy/myros2_ws/install/nav2_msgs/include/nav2_msgs/nav2_msgs/srv/detail/reload_dock_database__type_support.h
[81.798s] -- Installing: /home/tersoo/autonomous-robot-logging-with-ROS2-jazzy/myros2_ws/install/nav2_msgs/include/nav2_msgs/nav2_msgs/srv/set_initial_pose.h
[81.799s] -- Installing: /home/tersoo/autonomous-robot-logging-with-ROS2-jazzy/myros2_ws/install/nav2_msgs/include/nav2_msgs/nav2_msgs/srv/clear_entire_costmap.h
[81.799s] -- Installing: /home/tersoo/autonomous-robot-logging-with-ROS2-jazzy/myros2_ws/install/nav2_msgs/include/nav2_msgs/nav2_msgs/srv/save_map.h
[81.799s] -- Installing: /home/tersoo/autonomous-robot-logging-with-ROS2-jazzy/myros2_ws/install/nav2_msgs/include/nav2_msgs/nav2_msgs/srv/get_cost.h
[81.799s] -- Installing: /home/tersoo/autonomous-robot-logging-with-ROS2-jazzy/myros2_ws/install/nav2_msgs/include/nav2_msgs/nav2_msgs/srv/load_map.h
[81.799s] -- Installing: /home/tersoo/autonomous-robot-logging-with-ROS2-jazzy/myros2_ws/install/nav2_msgs/include/nav2_msgs/nav2_msgs/srv/manage_lifecycle_nodes.h
[81.799s] -- Installing: /home/tersoo/autonomous-robot-logging-with-ROS2-jazzy/myros2_ws/install/nav2_msgs/share/nav2_msgs/environment/library_path.sh
[81.799s] -- Installing: /home/tersoo/autonomous-robot-logging-with-ROS2-jazzy/myros2_ws/install/nav2_msgs/share/nav2_msgs/environment/library_path.dsv
[81.799s] -- Installing: /home/tersoo/autonomous-robot-logging-with-ROS2-jazzy/myros2_ws/install/nav2_msgs/lib/libnav2_msgs__rosidl_generator_c.so
[81.800s] -- Set non-toolchain portion of runtime path of "/home/tersoo/autonomous-robot-logging-with-ROS2-jazzy/myros2_ws/install/nav2_msgs/lib/libnav2_msgs__rosidl_generator_c.so" to ""
[81.800s] -- Up-to-date: /home/tersoo/autonomous-robot-logging-with-ROS2-jazzy/myros2_ws/install/nav2_msgs/include/nav2_msgs/nav2_msgs
[81.800s] -- Up-to-date: /home/tersoo/autonomous-robot-logging-with-ROS2-jazzy/myros2_ws/install/nav2_msgs/include/nav2_msgs/nav2_msgs/msg
[81.800s] -- Installing: /home/tersoo/autonomous-robot-logging-with-ROS2-jazzy/myros2_ws/install/nav2_msgs/include/nav2_msgs/nav2_msgs/msg/rosidl_typesupport_fastrtps_c__visibility_control.h
[81.800s] -- Up-to-date: /home/tersoo/autonomous-robot-logging-with-ROS2-jazzy/myros2_ws/install/nav2_msgs/include/nav2_msgs/nav2_msgs/msg/detail
[81.800s] -- Installing: /home/tersoo/autonomous-robot-logging-with-ROS2-jazzy/myros2_ws/install/nav2_msgs/include/nav2_msgs/nav2_msgs/msg/detail/behavior_tree_log__rosidl_typesupport_fastrtps_c.h
[81.800s] -- Installing: /home/tersoo/autonomous-robot-logging-with-ROS2-jazzy/myros2_ws/install/nav2_msgs/include/nav2_msgs/nav2_msgs/msg/detail/particle_cloud__rosidl_typesupport_fastrtps_c.h
[81.800s] -- Installing: /home/tersoo/autonomous-robot-logging-with-ROS2-jazzy/myros2_ws/install/nav2_msgs/include/nav2_msgs/nav2_msgs/msg/detail/costmap_meta_data__rosidl_typesupport_fastrtps_c.h
[81.800s] -- Installing: /home/tersoo/autonomous-robot-logging-with-ROS2-jazzy/myros2_ws/install/nav2_msgs/include/nav2_msgs/nav2_msgs/msg/detail/particle__rosidl_typesupport_fastrtps_c.h
[81.801s] -- Installing: /home/tersoo/autonomous-robot-logging-with-ROS2-jazzy/myros2_ws/install/nav2_msgs/include/nav2_msgs/nav2_msgs/msg/detail/costmap_filter_info__rosidl_typesupport_fastrtps_c.h
[81.801s] -- Installing: /home/tersoo/autonomous-robot-logging-with-ROS2-jazzy/myros2_ws/install/nav2_msgs/include/nav2_msgs/nav2_msgs/msg/detail/speed_limit__rosidl_typesupport_fastrtps_c.h
[81.801s] -- Installing: /home/tersoo/autonomous-robot-logging-with-ROS2-jazzy/myros2_ws/install/nav2_msgs/include/nav2_msgs/nav2_msgs/msg/detail/missed_waypoint__rosidl_typesupport_fastrtps_c.h
[81.801s] -- Installing: /home/tersoo/autonomous-robot-logging-with-ROS2-jazzy/myros2_ws/install/nav2_msgs/include/nav2_msgs/nav2_msgs/msg/detail/voxel_grid__rosidl_typesupport_fastrtps_c.h
[81.801s] -- Installing: /home/tersoo/autonomous-robot-logging-with-ROS2-jazzy/myros2_ws/install/nav2_msgs/include/nav2_msgs/nav2_msgs/msg/detail/collision_monitor_state__rosidl_typesupport_fastrtps_c.h
[81.801s] -- Installing: /home/tersoo/autonomous-robot-logging-with-ROS2-jazzy/myros2_ws/install/nav2_msgs/include/nav2_msgs/nav2_msgs/msg/detail/costmap_update__rosidl_typesupport_fastrtps_c.h
[81.801s] -- Installing: /home/tersoo/autonomous-robot-logging-with-ROS2-jazzy/myros2_ws/install/nav2_msgs/include/nav2_msgs/nav2_msgs/msg/detail/collision_detector_state__rosidl_typesupport_fastrtps_c.h
[81.802s] -- Installing: /home/tersoo/autonomous-robot-logging-with-ROS2-jazzy/myros2_ws/install/nav2_msgs/include/nav2_msgs/nav2_msgs/msg/detail/costmap__rosidl_typesupport_fastrtps_c.h
[81.802s] -- Installing: /home/tersoo/autonomous-robot-logging-with-ROS2-jazzy/myros2_ws/install/nav2_msgs/include/nav2_msgs/nav2_msgs/msg/detail/behavior_tree_status_change__rosidl_typesupport_fastrtps_c.h
[81.802s] -- Up-to-date: /home/tersoo/autonomous-robot-logging-with-ROS2-jazzy/myros2_ws/install/nav2_msgs/include/nav2_msgs/nav2_msgs/action
[81.802s] -- Up-to-date: /home/tersoo/autonomous-robot-logging-with-ROS2-jazzy/myros2_ws/install/nav2_msgs/include/nav2_msgs/nav2_msgs/action/detail
[81.802s] -- Installing: /home/tersoo/autonomous-robot-logging-with-ROS2-jazzy/myros2_ws/install/nav2_msgs/include/nav2_msgs/nav2_msgs/action/detail/navigate_through_poses__rosidl_typesupport_fastrtps_c.h
[81.802s] -- Installing: /home/tersoo/autonomous-robot-logging-with-ROS2-jazzy/myros2_ws/install/nav2_msgs/include/nav2_msgs/nav2_msgs/action/detail/follow_gps_waypoints__rosidl_typesupport_fastrtps_c.h
[81.802s] -- Installing: /home/tersoo/autonomous-robot-logging-with-ROS2-jazzy/myros2_ws/install/nav2_msgs/include/nav2_msgs/nav2_msgs/action/detail/assisted_teleop__rosidl_typesupport_fastrtps_c.h
[81.803s] -- Installing: /home/tersoo/autonomous-robot-logging-with-ROS2-jazzy/myros2_ws/install/nav2_msgs/include/nav2_msgs/nav2_msgs/action/detail/back_up__rosidl_typesupport_fastrtps_c.h
[81.803s] -- Installing: /home/tersoo/autonomous-robot-logging-with-ROS2-jazzy/myros2_ws/install/nav2_msgs/include/nav2_msgs/nav2_msgs/action/detail/dummy_behavior__rosidl_typesupport_fastrtps_c.h
[81.803s] -- Installing: /home/tersoo/autonomous-robot-logging-with-ROS2-jazzy/myros2_ws/install/nav2_msgs/include/nav2_msgs/nav2_msgs/action/detail/undock_robot__rosidl_typesupport_fastrtps_c.h
[81.803s] -- Installing: /home/tersoo/autonomous-robot-logging-with-ROS2-jazzy/myros2_ws/install/nav2_msgs/include/nav2_msgs/nav2_msgs/action/detail/navigate_to_pose__rosidl_typesupport_fastrtps_c.h
[81.804s] -- Installing: /home/tersoo/autonomous-robot-logging-with-ROS2-jazzy/myros2_ws/install/nav2_msgs/include/nav2_msgs/nav2_msgs/action/detail/drive_on_heading__rosidl_typesupport_fastrtps_c.h
[81.804s] -- Installing: /home/tersoo/autonomous-robot-logging-with-ROS2-jazzy/myros2_ws/install/nav2_msgs/include/nav2_msgs/nav2_msgs/action/detail/smooth_path__rosidl_typesupport_fastrtps_c.h
[81.804s] -- Installing: /home/tersoo/autonomous-robot-logging-with-ROS2-jazzy/myros2_ws/install/nav2_msgs/include/nav2_msgs/nav2_msgs/action/detail/follow_path__rosidl_typesupport_fastrtps_c.h
[81.804s] -- Installing: /home/tersoo/autonomous-robot-logging-with-ROS2-jazzy/myros2_ws/install/nav2_msgs/include/nav2_msgs/nav2_msgs/action/detail/compute_path_through_poses__rosidl_typesupport_fastrtps_c.h
[81.804s] -- Installing: /home/tersoo/autonomous-robot-logging-with-ROS2-jazzy/myros2_ws/install/nav2_msgs/include/nav2_msgs/nav2_msgs/action/detail/compute_path_to_pose__rosidl_typesupport_fastrtps_c.h
[81.804s] -- Installing: /home/tersoo/autonomous-robot-logging-with-ROS2-jazzy/myros2_ws/install/nav2_msgs/include/nav2_msgs/nav2_msgs/action/detail/dock_robot__rosidl_typesupport_fastrtps_c.h
[81.804s] -- Installing: /home/tersoo/autonomous-robot-logging-with-ROS2-jazzy/myros2_ws/install/nav2_msgs/include/nav2_msgs/nav2_msgs/action/detail/spin__rosidl_typesupport_fastrtps_c.h
[81.805s] -- Installing: /home/tersoo/autonomous-robot-logging-with-ROS2-jazzy/myros2_ws/install/nav2_msgs/include/nav2_msgs/nav2_msgs/action/detail/follow_waypoints__rosidl_typesupport_fastrtps_c.h
[81.805s] -- Installing: /home/tersoo/autonomous-robot-logging-with-ROS2-jazzy/myros2_ws/install/nav2_msgs/include/nav2_msgs/nav2_msgs/action/detail/wait__rosidl_typesupport_fastrtps_c.h
[81.805s] -- Up-to-date: /home/tersoo/autonomous-robot-logging-with-ROS2-jazzy/myros2_ws/install/nav2_msgs/include/nav2_msgs/nav2_msgs/srv
[81.805s] -- Up-to-date: /home/tersoo/autonomous-robot-logging-with-ROS2-jazzy/myros2_ws/install/nav2_msgs/include/nav2_msgs/nav2_msgs/srv/detail
[81.805s] -- Installing: /home/tersoo/autonomous-robot-logging-with-ROS2-jazzy/myros2_ws/install/nav2_msgs/include/nav2_msgs/nav2_msgs/srv/detail/reload_dock_database__rosidl_typesupport_fastrtps_c.h
[81.805s] -- Installing: /home/tersoo/autonomous-robot-logging-with-ROS2-jazzy/myros2_ws/install/nav2_msgs/include/nav2_msgs/nav2_msgs/srv/detail/clear_entire_costmap__rosidl_typesupport_fastrtps_c.h
[81.805s] -- Installing: /home/tersoo/autonomous-robot-logging-with-ROS2-jazzy/myros2_ws/install/nav2_msgs/include/nav2_msgs/nav2_msgs/srv/detail/get_cost__rosidl_typesupport_fastrtps_c.h
[81.806s] -- Installing: /home/tersoo/autonomous-robot-logging-with-ROS2-jazzy/myros2_ws/install/nav2_msgs/include/nav2_msgs/nav2_msgs/srv/detail/clear_costmap_around_robot__rosidl_typesupport_fastrtps_c.h
[81.806s] -- Installing: /home/tersoo/autonomous-robot-logging-with-ROS2-jazzy/myros2_ws/install/nav2_msgs/include/nav2_msgs/nav2_msgs/srv/detail/clear_costmap_around_pose__rosidl_typesupport_fastrtps_c.h
[81.806s] -- Installing: /home/tersoo/autonomous-robot-logging-with-ROS2-jazzy/myros2_ws/install/nav2_msgs/include/nav2_msgs/nav2_msgs/srv/detail/save_map__rosidl_typesupport_fastrtps_c.h
[81.806s] -- Installing: /home/tersoo/autonomous-robot-logging-with-ROS2-jazzy/myros2_ws/install/nav2_msgs/include/nav2_msgs/nav2_msgs/srv/detail/load_map__rosidl_typesupport_fastrtps_c.h
[81.806s] -- Installing: /home/tersoo/autonomous-robot-logging-with-ROS2-jazzy/myros2_ws/install/nav2_msgs/include/nav2_msgs/nav2_msgs/srv/detail/clear_costmap_except_region__rosidl_typesupport_fastrtps_c.h
[81.806s] -- Installing: /home/tersoo/autonomous-robot-logging-with-ROS2-jazzy/myros2_ws/install/nav2_msgs/include/nav2_msgs/nav2_msgs/srv/detail/is_path_valid__rosidl_typesupport_fastrtps_c.h
[81.807s] -- Installing: /home/tersoo/autonomous-robot-logging-with-ROS2-jazzy/myros2_ws/install/nav2_msgs/include/nav2_msgs/nav2_msgs/srv/detail/get_costmap__rosidl_typesupport_fastrtps_c.h
[81.807s] -- Installing: /home/tersoo/autonomous-robot-logging-with-ROS2-jazzy/myros2_ws/install/nav2_msgs/include/nav2_msgs/nav2_msgs/srv/detail/set_initial_pose__rosidl_typesupport_fastrtps_c.h
[81.807s] -- Installing: /home/tersoo/autonomous-robot-logging-with-ROS2-jazzy/myros2_ws/install/nav2_msgs/include/nav2_msgs/nav2_msgs/srv/detail/manage_lifecycle_nodes__rosidl_typesupport_fastrtps_c.h
[81.807s] -- Installing: /home/tersoo/autonomous-robot-logging-with-ROS2-jazzy/myros2_ws/install/nav2_msgs/lib/libnav2_msgs__rosidl_typesupport_fastrtps_c.so
[81.810s] -- Set non-toolchain portion of runtime path of "/home/tersoo/autonomous-robot-logging-with-ROS2-jazzy/myros2_ws/install/nav2_msgs/lib/libnav2_msgs__rosidl_typesupport_fastrtps_c.so" to ""
[81.810s] -- Up-to-date: /home/tersoo/autonomous-robot-logging-with-ROS2-jazzy/myros2_ws/install/nav2_msgs/include/nav2_msgs/nav2_msgs
[81.810s] -- Up-to-date: /home/tersoo/autonomous-robot-logging-with-ROS2-jazzy/myros2_ws/install/nav2_msgs/include/nav2_msgs/nav2_msgs/msg
[81.810s] -- Installing: /home/tersoo/autonomous-robot-logging-with-ROS2-jazzy/myros2_ws/install/nav2_msgs/include/nav2_msgs/nav2_msgs/msg/behavior_tree_log.hpp
[81.810s] -- Installing: /home/tersoo/autonomous-robot-logging-with-ROS2-jazzy/myros2_ws/install/nav2_msgs/include/nav2_msgs/nav2_msgs/msg/speed_limit.hpp
[81.811s] -- Installing: /home/tersoo/autonomous-robot-logging-with-ROS2-jazzy/myros2_ws/install/nav2_msgs/include/nav2_msgs/nav2_msgs/msg/costmap.hpp
[81.811s] -- Installing: /home/tersoo/autonomous-robot-logging-with-ROS2-jazzy/myros2_ws/install/nav2_msgs/include/nav2_msgs/nav2_msgs/msg/costmap_filter_info.hpp
[81.811s] -- Installing: /home/tersoo/autonomous-robot-logging-with-ROS2-jazzy/myros2_ws/install/nav2_msgs/include/nav2_msgs/nav2_msgs/msg/behavior_tree_status_change.hpp
[81.811s] -- Installing: /home/tersoo/autonomous-robot-logging-with-ROS2-jazzy/myros2_ws/install/nav2_msgs/include/nav2_msgs/nav2_msgs/msg/costmap_update.hpp
[81.811s] -- Installing: /home/tersoo/autonomous-robot-logging-with-ROS2-jazzy/myros2_ws/install/nav2_msgs/include/nav2_msgs/nav2_msgs/msg/costmap_meta_data.hpp
[81.811s] -- Installing: /home/tersoo/autonomous-robot-logging-with-ROS2-jazzy/myros2_ws/install/nav2_msgs/include/nav2_msgs/nav2_msgs/msg/collision_monitor_state.hpp
[81.811s] -- Installing: /home/tersoo/autonomous-robot-logging-with-ROS2-jazzy/myros2_ws/install/nav2_msgs/include/nav2_msgs/nav2_msgs/msg/particle.hpp
[81.812s] -- Up-to-date: /home/tersoo/autonomous-robot-logging-with-ROS2-jazzy/myros2_ws/install/nav2_msgs/include/nav2_msgs/nav2_msgs/msg/detail
[81.812s] -- Installing: /home/tersoo/autonomous-robot-logging-with-ROS2-jazzy/myros2_ws/install/nav2_msgs/include/nav2_msgs/nav2_msgs/msg/detail/collision_monitor_state__type_support.hpp
[81.812s] -- Installing: /home/tersoo/autonomous-robot-logging-with-ROS2-jazzy/myros2_ws/install/nav2_msgs/include/nav2_msgs/nav2_msgs/msg/detail/costmap_update__traits.hpp
[81.812s] -- Installing: /home/tersoo/autonomous-robot-logging-with-ROS2-jazzy/myros2_ws/install/nav2_msgs/include/nav2_msgs/nav2_msgs/msg/detail/costmap__struct.hpp
[81.812s] -- Installing: /home/tersoo/autonomous-robot-logging-with-ROS2-jazzy/myros2_ws/install/nav2_msgs/include/nav2_msgs/nav2_msgs/msg/detail/voxel_grid__builder.hpp
[81.812s] -- Installing: /home/tersoo/autonomous-robot-logging-with-ROS2-jazzy/myros2_ws/install/nav2_msgs/include/nav2_msgs/nav2_msgs/msg/detail/collision_detector_state__traits.hpp
[81.812s] -- Installing: /home/tersoo/autonomous-robot-logging-with-ROS2-jazzy/myros2_ws/install/nav2_msgs/include/nav2_msgs/nav2_msgs/msg/detail/costmap_filter_info__traits.hpp
[81.813s] -- Installing: /home/tersoo/autonomous-robot-logging-with-ROS2-jazzy/myros2_ws/install/nav2_msgs/include/nav2_msgs/nav2_msgs/msg/detail/behavior_tree_log__traits.hpp
[81.813s] -- Installing: /home/tersoo/autonomous-robot-logging-with-ROS2-jazzy/myros2_ws/install/nav2_msgs/include/nav2_msgs/nav2_msgs/msg/detail/speed_limit__builder.hpp
[81.813s] -- Installing: /home/tersoo/autonomous-robot-logging-with-ROS2-jazzy/myros2_ws/install/nav2_msgs/include/nav2_msgs/nav2_msgs/msg/detail/costmap_update__type_support.hpp
[81.813s] -- Installing: /home/tersoo/autonomous-robot-logging-with-ROS2-jazzy/myros2_ws/install/nav2_msgs/include/nav2_msgs/nav2_msgs/msg/detail/missed_waypoint__builder.hpp
[81.813s] -- Installing: /home/tersoo/autonomous-robot-logging-with-ROS2-jazzy/myros2_ws/install/nav2_msgs/include/nav2_msgs/nav2_msgs/msg/detail/collision_detector_state__type_support.hpp
[81.814s] -- Installing: /home/tersoo/autonomous-robot-logging-with-ROS2-jazzy/myros2_ws/install/nav2_msgs/include/nav2_msgs/nav2_msgs/msg/detail/costmap_filter_info__type_support.hpp
[81.814s] -- Installing: /home/tersoo/autonomous-robot-logging-with-ROS2-jazzy/myros2_ws/install/nav2_msgs/include/nav2_msgs/nav2_msgs/msg/detail/speed_limit__struct.hpp
[81.814s] -- Installing: /home/tersoo/autonomous-robot-logging-with-ROS2-jazzy/myros2_ws/install/nav2_msgs/include/nav2_msgs/nav2_msgs/msg/detail/behavior_tree_log__builder.hpp
[81.814s] -- Installing: /home/tersoo/autonomous-robot-logging-with-ROS2-jazzy/myros2_ws/install/nav2_msgs/include/nav2_msgs/nav2_msgs/msg/detail/voxel_grid__type_support.hpp
[81.814s] -- Installing: /home/tersoo/autonomous-robot-logging-with-ROS2-jazzy/myros2_ws/install/nav2_msgs/include/nav2_msgs/nav2_msgs/msg/detail/costmap_filter_info__builder.hpp
[81.815s] -- Installing: /home/tersoo/autonomous-robot-logging-with-ROS2-jazzy/myros2_ws/install/nav2_msgs/include/nav2_msgs/nav2_msgs/msg/detail/speed_limit__traits.hpp
[81.815s] -- Installing: /home/tersoo/autonomous-robot-logging-with-ROS2-jazzy/myros2_ws/install/nav2_msgs/include/nav2_msgs/nav2_msgs/msg/detail/collision_detector_state__struct.hpp
[81.815s] -- Installing: /home/tersoo/autonomous-robot-logging-with-ROS2-jazzy/myros2_ws/install/nav2_msgs/include/nav2_msgs/nav2_msgs/msg/detail/costmap_update__struct.hpp
[81.815s] -- Installing: /home/tersoo/autonomous-robot-logging-with-ROS2-jazzy/myros2_ws/install/nav2_msgs/include/nav2_msgs/nav2_msgs/msg/detail/costmap_update__builder.hpp
[81.815s] -- Installing: /home/tersoo/autonomous-robot-logging-with-ROS2-jazzy/myros2_ws/install/nav2_msgs/include/nav2_msgs/nav2_msgs/msg/detail/speed_limit__type_support.hpp
[81.815s] -- Installing: /home/tersoo/autonomous-robot-logging-with-ROS2-jazzy/myros2_ws/install/nav2_msgs/include/nav2_msgs/nav2_msgs/msg/detail/costmap_meta_data__struct.hpp
[81.816s] -- Installing: /home/tersoo/autonomous-robot-logging-with-ROS2-jazzy/myros2_ws/install/nav2_msgs/include/nav2_msgs/nav2_msgs/msg/detail/costmap_meta_data__builder.hpp
[81.816s] -- Installing: /home/tersoo/autonomous-robot-logging-with-ROS2-jazzy/myros2_ws/install/nav2_msgs/include/nav2_msgs/nav2_msgs/msg/detail/behavior_tree_status_change__builder.hpp
[81.816s] -- Installing: /home/tersoo/autonomous-robot-logging-with-ROS2-jazzy/myros2_ws/install/nav2_msgs/include/nav2_msgs/nav2_msgs/msg/detail/particle_cloud__type_support.hpp
[81.816s] -- Installing: /home/tersoo/autonomous-robot-logging-with-ROS2-jazzy/myros2_ws/install/nav2_msgs/include/nav2_msgs/nav2_msgs/msg/detail/costmap__traits.hpp
[81.816s] -- Installing: /home/tersoo/autonomous-robot-logging-with-ROS2-jazzy/myros2_ws/install/nav2_msgs/include/nav2_msgs/nav2_msgs/msg/detail/particle_cloud__traits.hpp
[81.817s] -- Installing: /home/tersoo/autonomous-robot-logging-with-ROS2-jazzy/myros2_ws/install/nav2_msgs/include/nav2_msgs/nav2_msgs/msg/detail/behavior_tree_status_change__traits.hpp
[81.817s] -- Installing: /home/tersoo/autonomous-robot-logging-with-ROS2-jazzy/myros2_ws/install/nav2_msgs/include/nav2_msgs/nav2_msgs/msg/detail/collision_monitor_state__traits.hpp
[81.817s] -- Installing: /home/tersoo/autonomous-robot-logging-with-ROS2-jazzy/myros2_ws/install/nav2_msgs/include/nav2_msgs/nav2_msgs/msg/detail/particle_cloud__builder.hpp
[81.817s] -- Installing: /home/tersoo/autonomous-robot-logging-with-ROS2-jazzy/myros2_ws/install/nav2_msgs/include/nav2_msgs/nav2_msgs/msg/detail/costmap_meta_data__type_support.hpp
[81.817s] -- Installing: /home/tersoo/autonomous-robot-logging-with-ROS2-jazzy/myros2_ws/install/nav2_msgs/include/nav2_msgs/nav2_msgs/msg/detail/particle__traits.hpp
[81.818s] -- Installing: /home/tersoo/autonomous-robot-logging-with-ROS2-jazzy/myros2_ws/install/nav2_msgs/include/nav2_msgs/nav2_msgs/msg/detail/collision_detector_state__builder.hpp
[81.818s] -- Installing: /home/tersoo/autonomous-robot-logging-with-ROS2-jazzy/myros2_ws/install/nav2_msgs/include/nav2_msgs/nav2_msgs/msg/detail/costmap__builder.hpp
[81.818s] -- Installing: /home/tersoo/autonomous-robot-logging-with-ROS2-jazzy/myros2_ws/install/nav2_msgs/include/nav2_msgs/nav2_msgs/msg/detail/behavior_tree_log__type_support.hpp
[81.818s] -- Installing: /home/tersoo/autonomous-robot-logging-with-ROS2-jazzy/myros2_ws/install/nav2_msgs/include/nav2_msgs/nav2_msgs/msg/detail/costmap_filter_info__struct.hpp
[81.818s] -- Installing: /home/tersoo/autonomous-robot-logging-with-ROS2-jazzy/myros2_ws/install/nav2_msgs/include/nav2_msgs/nav2_msgs/msg/detail/behavior_tree_status_change__type_support.hpp
[81.818s] -- Installing: /home/tersoo/autonomous-robot-logging-with-ROS2-jazzy/myros2_ws/install/nav2_msgs/include/nav2_msgs/nav2_msgs/msg/detail/behavior_tree_log__struct.hpp
[81.819s] -- Installing: /home/tersoo/autonomous-robot-logging-with-ROS2-jazzy/myros2_ws/install/nav2_msgs/include/nav2_msgs/nav2_msgs/msg/detail/particle__type_support.hpp
[81.819s] -- Installing: /home/tersoo/autonomous-robot-logging-with-ROS2-jazzy/myros2_ws/install/nav2_msgs/include/nav2_msgs/nav2_msgs/msg/detail/particle__builder.hpp
[81.819s] -- Installing: /home/tersoo/autonomous-robot-logging-with-ROS2-jazzy/myros2_ws/install/nav2_msgs/include/nav2_msgs/nav2_msgs/msg/detail/costmap__type_support.hpp
[81.819s] -- Installing: /home/tersoo/autonomous-robot-logging-with-ROS2-jazzy/myros2_ws/install/nav2_msgs/include/nav2_msgs/nav2_msgs/msg/detail/behavior_tree_status_change__struct.hpp
[81.819s] -- Installing: /home/tersoo/autonomous-robot-logging-with-ROS2-jazzy/myros2_ws/install/nav2_msgs/include/nav2_msgs/nav2_msgs/msg/detail/collision_monitor_state__struct.hpp
[81.820s] -- Installing: /home/tersoo/autonomous-robot-logging-with-ROS2-jazzy/myros2_ws/install/nav2_msgs/include/nav2_msgs/nav2_msgs/msg/detail/voxel_grid__traits.hpp
[81.820s] -- Installing: /home/tersoo/autonomous-robot-logging-with-ROS2-jazzy/myros2_ws/install/nav2_msgs/include/nav2_msgs/nav2_msgs/msg/detail/voxel_grid__struct.hpp
[81.820s] -- Installing: /home/tersoo/autonomous-robot-logging-with-ROS2-jazzy/myros2_ws/install/nav2_msgs/include/nav2_msgs/nav2_msgs/msg/detail/missed_waypoint__type_support.hpp
[81.820s] -- Installing: /home/tersoo/autonomous-robot-logging-with-ROS2-jazzy/myros2_ws/install/nav2_msgs/include/nav2_msgs/nav2_msgs/msg/detail/particle_cloud__struct.hpp
[81.820s] -- Installing: /home/tersoo/autonomous-robot-logging-with-ROS2-jazzy/myros2_ws/install/nav2_msgs/include/nav2_msgs/nav2_msgs/msg/detail/costmap_meta_data__traits.hpp
[81.821s] -- Installing: /home/tersoo/autonomous-robot-logging-with-ROS2-jazzy/myros2_ws/install/nav2_msgs/include/nav2_msgs/nav2_msgs/msg/detail/missed_waypoint__traits.hpp
[81.821s] -- Installing: /home/tersoo/autonomous-robot-logging-with-ROS2-jazzy/myros2_ws/install/nav2_msgs/include/nav2_msgs/nav2_msgs/msg/detail/collision_monitor_state__builder.hpp
[81.821s] -- Installing: /home/tersoo/autonomous-robot-logging-with-ROS2-jazzy/myros2_ws/install/nav2_msgs/include/nav2_msgs/nav2_msgs/msg/detail/particle__struct.hpp
[81.821s] -- Installing: /home/tersoo/autonomous-robot-logging-with-ROS2-jazzy/myros2_ws/install/nav2_msgs/include/nav2_msgs/nav2_msgs/msg/detail/missed_waypoint__struct.hpp
[81.821s] -- Installing: /home/tersoo/autonomous-robot-logging-with-ROS2-jazzy/myros2_ws/install/nav2_msgs/include/nav2_msgs/nav2_msgs/msg/particle_cloud.hpp
[81.821s] -- Installing: /home/tersoo/autonomous-robot-logging-with-ROS2-jazzy/myros2_ws/install/nav2_msgs/include/nav2_msgs/nav2_msgs/msg/missed_waypoint.hpp
[81.822s] -- Installing: /home/tersoo/autonomous-robot-logging-with-ROS2-jazzy/myros2_ws/install/nav2_msgs/include/nav2_msgs/nav2_msgs/msg/voxel_grid.hpp
[81.822s] -- Installing: /home/tersoo/autonomous-robot-logging-with-ROS2-jazzy/myros2_ws/install/nav2_msgs/include/nav2_msgs/nav2_msgs/msg/rosidl_generator_cpp__visibility_control.hpp
[81.822s] -- Installing: /home/tersoo/autonomous-robot-logging-with-ROS2-jazzy/myros2_ws/install/nav2_msgs/include/nav2_msgs/nav2_msgs/msg/collision_detector_state.hpp
[81.822s] -- Up-to-date: /home/tersoo/autonomous-robot-logging-with-ROS2-jazzy/myros2_ws/install/nav2_msgs/include/nav2_msgs/nav2_msgs/action
[81.822s] -- Installing: /home/tersoo/autonomous-robot-logging-with-ROS2-jazzy/myros2_ws/install/nav2_msgs/include/nav2_msgs/nav2_msgs/action/drive_on_heading.hpp
[81.822s] -- Installing: /home/tersoo/autonomous-robot-logging-with-ROS2-jazzy/myros2_ws/install/nav2_msgs/include/nav2_msgs/nav2_msgs/action/follow_waypoints.hpp
[81.823s] -- Installing: /home/tersoo/autonomous-robot-logging-with-ROS2-jazzy/myros2_ws/install/nav2_msgs/include/nav2_msgs/nav2_msgs/action/navigate_to_pose.hpp
[81.823s] -- Installing: /home/tersoo/autonomous-robot-logging-with-ROS2-jazzy/myros2_ws/install/nav2_msgs/include/nav2_msgs/nav2_msgs/action/follow_path.hpp
[81.823s] -- Installing: /home/tersoo/autonomous-robot-logging-with-ROS2-jazzy/myros2_ws/install/nav2_msgs/include/nav2_msgs/nav2_msgs/action/navigate_through_poses.hpp
[81.823s] -- Installing: /home/tersoo/autonomous-robot-logging-with-ROS2-jazzy/myros2_ws/install/nav2_msgs/include/nav2_msgs/nav2_msgs/action/compute_path_through_poses.hpp
[81.823s] -- Installing: /home/tersoo/autonomous-robot-logging-with-ROS2-jazzy/myros2_ws/install/nav2_msgs/include/nav2_msgs/nav2_msgs/action/smooth_path.hpp
[81.823s] -- Installing: /home/tersoo/autonomous-robot-logging-with-ROS2-jazzy/myros2_ws/install/nav2_msgs/include/nav2_msgs/nav2_msgs/action/follow_gps_waypoints.hpp
[81.824s] -- Installing: /home/tersoo/autonomous-robot-logging-with-ROS2-jazzy/myros2_ws/install/nav2_msgs/include/nav2_msgs/nav2_msgs/action/undock_robot.hpp
[81.824s] -- Installing: /home/tersoo/autonomous-robot-logging-with-ROS2-jazzy/myros2_ws/install/nav2_msgs/include/nav2_msgs/nav2_msgs/action/wait.hpp
[81.824s] -- Up-to-date: /home/tersoo/autonomous-robot-logging-with-ROS2-jazzy/myros2_ws/install/nav2_msgs/include/nav2_msgs/nav2_msgs/action/detail
[81.824s] -- Installing: /home/tersoo/autonomous-robot-logging-with-ROS2-jazzy/myros2_ws/install/nav2_msgs/include/nav2_msgs/nav2_msgs/action/detail/assisted_teleop__traits.hpp
[81.824s] -- Installing: /home/tersoo/autonomous-robot-logging-with-ROS2-jazzy/myros2_ws/install/nav2_msgs/include/nav2_msgs/nav2_msgs/action/detail/spin__traits.hpp
[81.824s] -- Installing: /home/tersoo/autonomous-robot-logging-with-ROS2-jazzy/myros2_ws/install/nav2_msgs/include/nav2_msgs/nav2_msgs/action/detail/follow_gps_waypoints__traits.hpp
[81.825s] -- Installing: /home/tersoo/autonomous-robot-logging-with-ROS2-jazzy/myros2_ws/install/nav2_msgs/include/nav2_msgs/nav2_msgs/action/detail/assisted_teleop__builder.hpp
[81.825s] -- Installing: /home/tersoo/autonomous-robot-logging-with-ROS2-jazzy/myros2_ws/install/nav2_msgs/include/nav2_msgs/nav2_msgs/action/detail/spin__type_support.hpp
[81.825s] -- Installing: /home/tersoo/autonomous-robot-logging-with-ROS2-jazzy/myros2_ws/install/nav2_msgs/include/nav2_msgs/nav2_msgs/action/detail/drive_on_heading__traits.hpp
[81.825s] -- Installing: /home/tersoo/autonomous-robot-logging-with-ROS2-jazzy/myros2_ws/install/nav2_msgs/include/nav2_msgs/nav2_msgs/action/detail/compute_path_to_pose__struct.hpp
[81.826s] -- Installing: /home/tersoo/autonomous-robot-logging-with-ROS2-jazzy/myros2_ws/install/nav2_msgs/include/nav2_msgs/nav2_msgs/action/detail/navigate_through_poses__type_support.hpp
[81.826s] -- Installing: /home/tersoo/autonomous-robot-logging-with-ROS2-jazzy/myros2_ws/install/nav2_msgs/include/nav2_msgs/nav2_msgs/action/detail/dummy_behavior__struct.hpp
[81.826s] -- Installing: /home/tersoo/autonomous-robot-logging-with-ROS2-jazzy/myros2_ws/install/nav2_msgs/include/nav2_msgs/nav2_msgs/action/detail/back_up__type_support.hpp
[81.826s] -- Installing: /home/tersoo/autonomous-robot-logging-with-ROS2-jazzy/myros2_ws/install/nav2_msgs/include/nav2_msgs/nav2_msgs/action/detail/smooth_path__builder.hpp
[81.826s] -- Installing: /home/tersoo/autonomous-robot-logging-with-ROS2-jazzy/myros2_ws/install/nav2_msgs/include/nav2_msgs/nav2_msgs/action/detail/follow_waypoints__traits.hpp
[81.827s] -- Installing: /home/tersoo/autonomous-robot-logging-with-ROS2-jazzy/myros2_ws/install/nav2_msgs/include/nav2_msgs/nav2_msgs/action/detail/compute_path_to_pose__traits.hpp
[81.827s] -- Installing: /home/tersoo/autonomous-robot-logging-with-ROS2-jazzy/myros2_ws/install/nav2_msgs/include/nav2_msgs/nav2_msgs/action/detail/follow_gps_waypoints__struct.hpp
[81.827s] -- Installing: /home/tersoo/autonomous-robot-logging-with-ROS2-jazzy/myros2_ws/install/nav2_msgs/include/nav2_msgs/nav2_msgs/action/detail/back_up__traits.hpp
[81.827s] -- Installing: /home/tersoo/autonomous-robot-logging-with-ROS2-jazzy/myros2_ws/install/nav2_msgs/include/nav2_msgs/nav2_msgs/action/detail/smooth_path__traits.hpp
[81.828s] -- Installing: /home/tersoo/autonomous-robot-logging-with-ROS2-jazzy/myros2_ws/install/nav2_msgs/include/nav2_msgs/nav2_msgs/action/detail/spin__struct.hpp
[81.828s] -- Installing: /home/tersoo/autonomous-robot-logging-with-ROS2-jazzy/myros2_ws/install/nav2_msgs/include/nav2_msgs/nav2_msgs/action/detail/follow_path__traits.hpp
[81.828s] -- Installing: /home/tersoo/autonomous-robot-logging-with-ROS2-jazzy/myros2_ws/install/nav2_msgs/include/nav2_msgs/nav2_msgs/action/detail/smooth_path__type_support.hpp
[81.828s] -- Installing: /home/tersoo/autonomous-robot-logging-with-ROS2-jazzy/myros2_ws/install/nav2_msgs/include/nav2_msgs/nav2_msgs/action/detail/compute_path_to_pose__builder.hpp
[81.828s] -- Installing: /home/tersoo/autonomous-robot-logging-with-ROS2-jazzy/myros2_ws/install/nav2_msgs/include/nav2_msgs/nav2_msgs/action/detail/undock_robot__traits.hpp
[81.829s] -- Installing: /home/tersoo/autonomous-robot-logging-with-ROS2-jazzy/myros2_ws/install/nav2_msgs/include/nav2_msgs/nav2_msgs/action/detail/follow_path__type_support.hpp
[81.829s] -- Installing: /home/tersoo/autonomous-robot-logging-with-ROS2-jazzy/myros2_ws/install/nav2_msgs/include/nav2_msgs/nav2_msgs/action/detail/drive_on_heading__builder.hpp
[81.829s] -- Installing: /home/tersoo/autonomous-robot-logging-with-ROS2-jazzy/myros2_ws/install/nav2_msgs/include/nav2_msgs/nav2_msgs/action/detail/smooth_path__struct.hpp
[81.829s] -- Installing: /home/tersoo/autonomous-robot-logging-with-ROS2-jazzy/myros2_ws/install/nav2_msgs/include/nav2_msgs/nav2_msgs/action/detail/wait__builder.hpp
[81.829s] -- Installing: /home/tersoo/autonomous-robot-logging-with-ROS2-jazzy/myros2_ws/install/nav2_msgs/include/nav2_msgs/nav2_msgs/action/detail/back_up__struct.hpp
[81.830s] -- Installing: /home/tersoo/autonomous-robot-logging-with-ROS2-jazzy/myros2_ws/install/nav2_msgs/include/nav2_msgs/nav2_msgs/action/detail/navigate_to_pose__builder.hpp
[81.830s] -- Installing: /home/tersoo/autonomous-robot-logging-with-ROS2-jazzy/myros2_ws/install/nav2_msgs/include/nav2_msgs/nav2_msgs/action/detail/dummy_behavior__traits.hpp
[81.830s] -- Installing: /home/tersoo/autonomous-robot-logging-with-ROS2-jazzy/myros2_ws/install/nav2_msgs/include/nav2_msgs/nav2_msgs/action/detail/back_up__builder.hpp
[81.830s] -- Installing: /home/tersoo/autonomous-robot-logging-with-ROS2-jazzy/myros2_ws/install/nav2_msgs/include/nav2_msgs/nav2_msgs/action/detail/follow_gps_waypoints__type_support.hpp
[81.831s] -- Installing: /home/tersoo/autonomous-robot-logging-with-ROS2-jazzy/myros2_ws/install/nav2_msgs/include/nav2_msgs/nav2_msgs/action/detail/follow_waypoints__struct.hpp
[81.831s] -- Installing: /home/tersoo/autonomous-robot-logging-with-ROS2-jazzy/myros2_ws/install/nav2_msgs/include/nav2_msgs/nav2_msgs/action/detail/dock_robot__traits.hpp
[81.831s] -- Installing: /home/tersoo/autonomous-robot-logging-with-ROS2-jazzy/myros2_ws/install/nav2_msgs/include/nav2_msgs/nav2_msgs/action/detail/navigate_through_poses__traits.hpp
[81.831s] -- Installing: /home/tersoo/autonomous-robot-logging-with-ROS2-jazzy/myros2_ws/install/nav2_msgs/include/nav2_msgs/nav2_msgs/action/detail/dock_robot__struct.hpp
[81.832s] -- Installing: /home/tersoo/autonomous-robot-logging-with-ROS2-jazzy/myros2_ws/install/nav2_msgs/include/nav2_msgs/nav2_msgs/action/detail/undock_robot__builder.hpp
[81.832s] -- Installing: /home/tersoo/autonomous-robot-logging-with-ROS2-jazzy/myros2_ws/install/nav2_msgs/include/nav2_msgs/nav2_msgs/action/detail/compute_path_through_poses__builder.hpp
[81.832s] -- Installing: /home/tersoo/autonomous-robot-logging-with-ROS2-jazzy/myros2_ws/install/nav2_msgs/include/nav2_msgs/nav2_msgs/action/detail/spin__builder.hpp
[81.832s] -- Installing: /home/tersoo/autonomous-robot-logging-with-ROS2-jazzy/myros2_ws/install/nav2_msgs/include/nav2_msgs/nav2_msgs/action/detail/follow_path__struct.hpp
[81.832s] -- Installing: /home/tersoo/autonomous-robot-logging-with-ROS2-jazzy/myros2_ws/install/nav2_msgs/include/nav2_msgs/nav2_msgs/action/detail/navigate_through_poses__builder.hpp
[81.833s] -- Installing: /home/tersoo/autonomous-robot-logging-with-ROS2-jazzy/myros2_ws/install/nav2_msgs/include/nav2_msgs/nav2_msgs/action/detail/wait__type_support.hpp
[81.833s] -- Installing: /home/tersoo/autonomous-robot-logging-with-ROS2-jazzy/myros2_ws/install/nav2_msgs/include/nav2_msgs/nav2_msgs/action/detail/navigate_to_pose__struct.hpp
[81.833s] -- Installing: /home/tersoo/autonomous-robot-logging-with-ROS2-jazzy/myros2_ws/install/nav2_msgs/include/nav2_msgs/nav2_msgs/action/detail/assisted_teleop__struct.hpp
[81.833s] -- Installing: /home/tersoo/autonomous-robot-logging-with-ROS2-jazzy/myros2_ws/install/nav2_msgs/include/nav2_msgs/nav2_msgs/action/detail/undock_robot__struct.hpp
[81.834s] -- Installing: /home/tersoo/autonomous-robot-logging-with-ROS2-jazzy/myros2_ws/install/nav2_msgs/include/nav2_msgs/nav2_msgs/action/detail/undock_robot__type_support.hpp
[81.834s] -- Installing: /home/tersoo/autonomous-robot-logging-with-ROS2-jazzy/myros2_ws/install/nav2_msgs/include/nav2_msgs/nav2_msgs/action/detail/assisted_teleop__type_support.hpp
[81.834s] -- Installing: /home/tersoo/autonomous-robot-logging-with-ROS2-jazzy/myros2_ws/install/nav2_msgs/include/nav2_msgs/nav2_msgs/action/detail/drive_on_heading__type_support.hpp
[81.834s] -- Installing: /home/tersoo/autonomous-robot-logging-with-ROS2-jazzy/myros2_ws/install/nav2_msgs/include/nav2_msgs/nav2_msgs/action/detail/navigate_to_pose__type_support.hpp
[81.834s] -- Installing: /home/tersoo/autonomous-robot-logging-with-ROS2-jazzy/myros2_ws/install/nav2_msgs/include/nav2_msgs/nav2_msgs/action/detail/drive_on_heading__struct.hpp
[81.835s] -- Installing: /home/tersoo/autonomous-robot-logging-with-ROS2-jazzy/myros2_ws/install/nav2_msgs/include/nav2_msgs/nav2_msgs/action/detail/wait__struct.hpp
[81.835s] -- Installing: /home/tersoo/autonomous-robot-logging-with-ROS2-jazzy/myros2_ws/install/nav2_msgs/include/nav2_msgs/nav2_msgs/action/detail/navigate_through_poses__struct.hpp
[81.835s] -- Installing: /home/tersoo/autonomous-robot-logging-with-ROS2-jazzy/myros2_ws/install/nav2_msgs/include/nav2_msgs/nav2_msgs/action/detail/compute_path_through_poses__traits.hpp
[81.835s] -- Installing: /home/tersoo/autonomous-robot-logging-with-ROS2-jazzy/myros2_ws/install/nav2_msgs/include/nav2_msgs/nav2_msgs/action/detail/navigate_to_pose__traits.hpp
[81.835s] -- Installing: /home/tersoo/autonomous-robot-logging-with-ROS2-jazzy/myros2_ws/install/nav2_msgs/include/nav2_msgs/nav2_msgs/action/detail/dock_robot__builder.hpp
[81.836s] -- Installing: /home/tersoo/autonomous-robot-logging-with-ROS2-jazzy/myros2_ws/install/nav2_msgs/include/nav2_msgs/nav2_msgs/action/detail/dock_robot__type_support.hpp
[81.836s] -- Installing: /home/tersoo/autonomous-robot-logging-with-ROS2-jazzy/myros2_ws/install/nav2_msgs/include/nav2_msgs/nav2_msgs/action/detail/wait__traits.hpp
[81.836s] -- Installing: /home/tersoo/autonomous-robot-logging-with-ROS2-jazzy/myros2_ws/install/nav2_msgs/include/nav2_msgs/nav2_msgs/action/detail/dummy_behavior__type_support.hpp
[81.836s] -- Installing: /home/tersoo/autonomous-robot-logging-with-ROS2-jazzy/myros2_ws/install/nav2_msgs/include/nav2_msgs/nav2_msgs/action/detail/follow_waypoints__type_support.hpp
[81.837s] -- Installing: /home/tersoo/autonomous-robot-logging-with-ROS2-jazzy/myros2_ws/install/nav2_msgs/include/nav2_msgs/nav2_msgs/action/detail/follow_waypoints__builder.hpp
[81.837s] -- Installing: /home/tersoo/autonomous-robot-logging-with-ROS2-jazzy/myros2_ws/install/nav2_msgs/include/nav2_msgs/nav2_msgs/action/detail/compute_path_through_poses__type_support.hpp
[81.837s] -- Installing: /home/tersoo/autonomous-robot-logging-with-ROS2-jazzy/myros2_ws/install/nav2_msgs/include/nav2_msgs/nav2_msgs/action/detail/follow_path__builder.hpp
[81.837s] -- Installing: /home/tersoo/autonomous-robot-logging-with-ROS2-jazzy/myros2_ws/install/nav2_msgs/include/nav2_msgs/nav2_msgs/action/detail/compute_path_to_pose__type_support.hpp
[81.837s] -- Installing: /home/tersoo/autonomous-robot-logging-with-ROS2-jazzy/myros2_ws/install/nav2_msgs/include/nav2_msgs/nav2_msgs/action/detail/dummy_behavior__builder.hpp
[81.838s] -- Installing: /home/tersoo/autonomous-robot-logging-with-ROS2-jazzy/myros2_ws/install/nav2_msgs/include/nav2_msgs/nav2_msgs/action/detail/follow_gps_waypoints__builder.hpp
[81.838s] -- Installing: /home/tersoo/autonomous-robot-logging-with-ROS2-jazzy/myros2_ws/install/nav2_msgs/include/nav2_msgs/nav2_msgs/action/detail/compute_path_through_poses__struct.hpp
[81.838s] -- Installing: /home/tersoo/autonomous-robot-logging-with-ROS2-jazzy/myros2_ws/install/nav2_msgs/include/nav2_msgs/nav2_msgs/action/assisted_teleop.hpp
[81.838s] -- Installing: /home/tersoo/autonomous-robot-logging-with-ROS2-jazzy/myros2_ws/install/nav2_msgs/include/nav2_msgs/nav2_msgs/action/back_up.hpp
[81.838s] -- Installing: /home/tersoo/autonomous-robot-logging-with-ROS2-jazzy/myros2_ws/install/nav2_msgs/include/nav2_msgs/nav2_msgs/action/compute_path_to_pose.hpp
[81.838s] -- Installing: /home/tersoo/autonomous-robot-logging-with-ROS2-jazzy/myros2_ws/install/nav2_msgs/include/nav2_msgs/nav2_msgs/action/dock_robot.hpp
[81.839s] -- Installing: /home/tersoo/autonomous-robot-logging-with-ROS2-jazzy/myros2_ws/install/nav2_msgs/include/nav2_msgs/nav2_msgs/action/spin.hpp
[81.839s] -- Installing: /home/tersoo/autonomous-robot-logging-with-ROS2-jazzy/myros2_ws/install/nav2_msgs/include/nav2_msgs/nav2_msgs/action/dummy_behavior.hpp
[81.839s] -- Up-to-date: /home/tersoo/autonomous-robot-logging-with-ROS2-jazzy/myros2_ws/install/nav2_msgs/include/nav2_msgs/nav2_msgs/srv
[81.839s] -- Installing: /home/tersoo/autonomous-robot-logging-with-ROS2-jazzy/myros2_ws/install/nav2_msgs/include/nav2_msgs/nav2_msgs/srv/manage_lifecycle_nodes.hpp
[81.839s] -- Installing: /home/tersoo/autonomous-robot-logging-with-ROS2-jazzy/myros2_ws/install/nav2_msgs/include/nav2_msgs/nav2_msgs/srv/get_costmap.hpp
[81.839s] -- Installing: /home/tersoo/autonomous-robot-logging-with-ROS2-jazzy/myros2_ws/install/nav2_msgs/include/nav2_msgs/nav2_msgs/srv/load_map.hpp
[81.840s] -- Installing: /home/tersoo/autonomous-robot-logging-with-ROS2-jazzy/myros2_ws/install/nav2_msgs/include/nav2_msgs/nav2_msgs/srv/clear_entire_costmap.hpp
[81.840s] -- Installing: /home/tersoo/autonomous-robot-logging-with-ROS2-jazzy/myros2_ws/install/nav2_msgs/include/nav2_msgs/nav2_msgs/srv/set_initial_pose.hpp
[81.840s] -- Installing: /home/tersoo/autonomous-robot-logging-with-ROS2-jazzy/myros2_ws/install/nav2_msgs/include/nav2_msgs/nav2_msgs/srv/save_map.hpp
[81.840s] -- Installing: /home/tersoo/autonomous-robot-logging-with-ROS2-jazzy/myros2_ws/install/nav2_msgs/include/nav2_msgs/nav2_msgs/srv/clear_costmap_around_pose.hpp
[81.840s] -- Up-to-date: /home/tersoo/autonomous-robot-logging-with-ROS2-jazzy/myros2_ws/install/nav2_msgs/include/nav2_msgs/nav2_msgs/srv/detail
[81.840s] -- Installing: /home/tersoo/autonomous-robot-logging-with-ROS2-jazzy/myros2_ws/install/nav2_msgs/include/nav2_msgs/nav2_msgs/srv/detail/clear_costmap_except_region__builder.hpp
[81.841s] -- Installing: /home/tersoo/autonomous-robot-logging-with-ROS2-jazzy/myros2_ws/install/nav2_msgs/include/nav2_msgs/nav2_msgs/srv/detail/load_map__builder.hpp
[81.841s] -- Installing: /home/tersoo/autonomous-robot-logging-with-ROS2-jazzy/myros2_ws/install/nav2_msgs/include/nav2_msgs/nav2_msgs/srv/detail/clear_entire_costmap__builder.hpp
[81.841s] -- Installing: /home/tersoo/autonomous-robot-logging-with-ROS2-jazzy/myros2_ws/install/nav2_msgs/include/nav2_msgs/nav2_msgs/srv/detail/clear_costmap_around_pose__traits.hpp
[81.841s] -- Installing: /home/tersoo/autonomous-robot-logging-with-ROS2-jazzy/myros2_ws/install/nav2_msgs/include/nav2_msgs/nav2_msgs/srv/detail/clear_entire_costmap__type_support.hpp
[81.841s] -- Installing: /home/tersoo/autonomous-robot-logging-with-ROS2-jazzy/myros2_ws/install/nav2_msgs/include/nav2_msgs/nav2_msgs/srv/detail/set_initial_pose__type_support.hpp
[81.842s] -- Installing: /home/tersoo/autonomous-robot-logging-with-ROS2-jazzy/myros2_ws/install/nav2_msgs/include/nav2_msgs/nav2_msgs/srv/detail/is_path_valid__traits.hpp
[81.842s] -- Installing: /home/tersoo/autonomous-robot-logging-with-ROS2-jazzy/myros2_ws/install/nav2_msgs/include/nav2_msgs/nav2_msgs/srv/detail/is_path_valid__builder.hpp
[81.842s] -- Installing: /home/tersoo/autonomous-robot-logging-with-ROS2-jazzy/myros2_ws/install/nav2_msgs/include/nav2_msgs/nav2_msgs/srv/detail/clear_entire_costmap__traits.hpp
[81.842s] -- Installing: /home/tersoo/autonomous-robot-logging-with-ROS2-jazzy/myros2_ws/install/nav2_msgs/include/nav2_msgs/nav2_msgs/srv/detail/get_cost__traits.hpp
[81.842s] -- Installing: /home/tersoo/autonomous-robot-logging-with-ROS2-jazzy/myros2_ws/install/nav2_msgs/include/nav2_msgs/nav2_msgs/srv/detail/get_costmap__struct.hpp
[81.843s] -- Installing: /home/tersoo/autonomous-robot-logging-with-ROS2-jazzy/myros2_ws/install/nav2_msgs/include/nav2_msgs/nav2_msgs/srv/detail/clear_costmap_around_pose__type_support.hpp
[81.843s] -- Installing: /home/tersoo/autonomous-robot-logging-with-ROS2-jazzy/myros2_ws/install/nav2_msgs/include/nav2_msgs/nav2_msgs/srv/detail/manage_lifecycle_nodes__struct.hpp
[81.843s] -- Installing: /home/tersoo/autonomous-robot-logging-with-ROS2-jazzy/myros2_ws/install/nav2_msgs/include/nav2_msgs/nav2_msgs/srv/detail/reload_dock_database__struct.hpp
[81.843s] -- Installing: /home/tersoo/autonomous-robot-logging-with-ROS2-jazzy/myros2_ws/install/nav2_msgs/include/nav2_msgs/nav2_msgs/srv/detail/get_costmap__traits.hpp
[81.843s] -- Installing: /home/tersoo/autonomous-robot-logging-with-ROS2-jazzy/myros2_ws/install/nav2_msgs/include/nav2_msgs/nav2_msgs/srv/detail/save_map__builder.hpp
[81.844s] -- Installing: /home/tersoo/autonomous-robot-logging-with-ROS2-jazzy/myros2_ws/install/nav2_msgs/include/nav2_msgs/nav2_msgs/srv/detail/save_map__type_support.hpp
[81.844s] -- Installing: /home/tersoo/autonomous-robot-logging-with-ROS2-jazzy/myros2_ws/install/nav2_msgs/include/nav2_msgs/nav2_msgs/srv/detail/reload_dock_database__builder.hpp
[81.844s] -- Installing: /home/tersoo/autonomous-robot-logging-with-ROS2-jazzy/myros2_ws/install/nav2_msgs/include/nav2_msgs/nav2_msgs/srv/detail/is_path_valid__type_support.hpp
[81.844s] -- Installing: /home/tersoo/autonomous-robot-logging-with-ROS2-jazzy/myros2_ws/install/nav2_msgs/include/nav2_msgs/nav2_msgs/srv/detail/load_map__struct.hpp
[81.844s] -- Installing: /home/tersoo/autonomous-robot-logging-with-ROS2-jazzy/myros2_ws/install/nav2_msgs/include/nav2_msgs/nav2_msgs/srv/detail/clear_costmap_except_region__traits.hpp
[81.845s] -- Installing: /home/tersoo/autonomous-robot-logging-with-ROS2-jazzy/myros2_ws/install/nav2_msgs/include/nav2_msgs/nav2_msgs/srv/detail/load_map__traits.hpp
[81.845s] -- Installing: /home/tersoo/autonomous-robot-logging-with-ROS2-jazzy/myros2_ws/install/nav2_msgs/include/nav2_msgs/nav2_msgs/srv/detail/get_cost__builder.hpp
[81.845s] -- Installing: /home/tersoo/autonomous-robot-logging-with-ROS2-jazzy/myros2_ws/install/nav2_msgs/include/nav2_msgs/nav2_msgs/srv/detail/get_cost__struct.hpp
[81.845s] -- Installing: /home/tersoo/autonomous-robot-logging-with-ROS2-jazzy/myros2_ws/install/nav2_msgs/include/nav2_msgs/nav2_msgs/srv/detail/manage_lifecycle_nodes__traits.hpp
[81.845s] -- Installing: /home/tersoo/autonomous-robot-logging-with-ROS2-jazzy/myros2_ws/install/nav2_msgs/include/nav2_msgs/nav2_msgs/srv/detail/save_map__struct.hpp
[81.845s] -- Installing: /home/tersoo/autonomous-robot-logging-with-ROS2-jazzy/myros2_ws/install/nav2_msgs/include/nav2_msgs/nav2_msgs/srv/detail/get_cost__type_support.hpp
[81.846s] -- Installing: /home/tersoo/autonomous-robot-logging-with-ROS2-jazzy/myros2_ws/install/nav2_msgs/include/nav2_msgs/nav2_msgs/srv/detail/reload_dock_database__traits.hpp
[81.846s] -- Installing: /home/tersoo/autonomous-robot-logging-with-ROS2-jazzy/myros2_ws/install/nav2_msgs/include/nav2_msgs/nav2_msgs/srv/detail/set_initial_pose__traits.hpp
[81.846s] -- Installing: /home/tersoo/autonomous-robot-logging-with-ROS2-jazzy/myros2_ws/install/nav2_msgs/include/nav2_msgs/nav2_msgs/srv/detail/clear_costmap_around_robot__struct.hpp
[81.846s] -- Installing: /home/tersoo/autonomous-robot-logging-with-ROS2-jazzy/myros2_ws/install/nav2_msgs/include/nav2_msgs/nav2_msgs/srv/detail/set_initial_pose__builder.hpp
[81.846s] -- Installing: /home/tersoo/autonomous-robot-logging-with-ROS2-jazzy/myros2_ws/install/nav2_msgs/include/nav2_msgs/nav2_msgs/srv/detail/manage_lifecycle_nodes__type_support.hpp
[81.847s] -- Installing: /home/tersoo/autonomous-robot-logging-with-ROS2-jazzy/myros2_ws/install/nav2_msgs/include/nav2_msgs/nav2_msgs/srv/detail/clear_costmap_around_robot__type_support.hpp
[81.847s] -- Installing: /home/tersoo/autonomous-robot-logging-with-ROS2-jazzy/myros2_ws/install/nav2_msgs/include/nav2_msgs/nav2_msgs/srv/detail/load_map__type_support.hpp
[81.847s] -- Installing: /home/tersoo/autonomous-robot-logging-with-ROS2-jazzy/myros2_ws/install/nav2_msgs/include/nav2_msgs/nav2_msgs/srv/detail/clear_costmap_around_pose__struct.hpp
[81.847s] -- Installing: /home/tersoo/autonomous-robot-logging-with-ROS2-jazzy/myros2_ws/install/nav2_msgs/include/nav2_msgs/nav2_msgs/srv/detail/clear_costmap_around_robot__builder.hpp
[81.847s] -- Installing: /home/tersoo/autonomous-robot-logging-with-ROS2-jazzy/myros2_ws/install/nav2_msgs/include/nav2_msgs/nav2_msgs/srv/detail/reload_dock_database__type_support.hpp
[81.848s] -- Installing: /home/tersoo/autonomous-robot-logging-with-ROS2-jazzy/myros2_ws/install/nav2_msgs/include/nav2_msgs/nav2_msgs/srv/detail/clear_costmap_around_pose__builder.hpp
[81.848s] -- Installing: /home/tersoo/autonomous-robot-logging-with-ROS2-jazzy/myros2_ws/install/nav2_msgs/include/nav2_msgs/nav2_msgs/srv/detail/clear_costmap_except_region__type_support.hpp
[81.848s] -- Installing: /home/tersoo/autonomous-robot-logging-with-ROS2-jazzy/myros2_ws/install/nav2_msgs/include/nav2_msgs/nav2_msgs/srv/detail/clear_costmap_around_robot__traits.hpp
[81.848s] -- Installing: /home/tersoo/autonomous-robot-logging-with-ROS2-jazzy/myros2_ws/install/nav2_msgs/include/nav2_msgs/nav2_msgs/srv/detail/set_initial_pose__struct.hpp
[81.848s] -- Installing: /home/tersoo/autonomous-robot-logging-with-ROS2-jazzy/myros2_ws/install/nav2_msgs/include/nav2_msgs/nav2_msgs/srv/detail/clear_costmap_except_region__struct.hpp
[81.849s] -- Installing: /home/tersoo/autonomous-robot-logging-with-ROS2-jazzy/myros2_ws/install/nav2_msgs/include/nav2_msgs/nav2_msgs/srv/detail/is_path_valid__struct.hpp
[81.849s] -- Installing: /home/tersoo/autonomous-robot-logging-with-ROS2-jazzy/myros2_ws/install/nav2_msgs/include/nav2_msgs/nav2_msgs/srv/detail/manage_lifecycle_nodes__builder.hpp
[81.849s] -- Installing: /home/tersoo/autonomous-robot-logging-with-ROS2-jazzy/myros2_ws/install/nav2_msgs/include/nav2_msgs/nav2_msgs/srv/detail/get_costmap__type_support.hpp
[81.849s] -- Installing: /home/tersoo/autonomous-robot-logging-with-ROS2-jazzy/myros2_ws/install/nav2_msgs/include/nav2_msgs/nav2_msgs/srv/detail/get_costmap__builder.hpp
[81.849s] -- Installing: /home/tersoo/autonomous-robot-logging-with-ROS2-jazzy/myros2_ws/install/nav2_msgs/include/nav2_msgs/nav2_msgs/srv/detail/clear_entire_costmap__struct.hpp
[81.850s] -- Installing: /home/tersoo/autonomous-robot-logging-with-ROS2-jazzy/myros2_ws/install/nav2_msgs/include/nav2_msgs/nav2_msgs/srv/detail/save_map__traits.hpp
[81.850s] -- Installing: /home/tersoo/autonomous-robot-logging-with-ROS2-jazzy/myros2_ws/install/nav2_msgs/include/nav2_msgs/nav2_msgs/srv/clear_costmap_except_region.hpp
[81.850s] -- Installing: /home/tersoo/autonomous-robot-logging-with-ROS2-jazzy/myros2_ws/install/nav2_msgs/include/nav2_msgs/nav2_msgs/srv/get_cost.hpp
[81.850s] -- Installing: /home/tersoo/autonomous-robot-logging-with-ROS2-jazzy/myros2_ws/install/nav2_msgs/include/nav2_msgs/nav2_msgs/srv/reload_dock_database.hpp
[81.850s] -- Installing: /home/tersoo/autonomous-robot-logging-with-ROS2-jazzy/myros2_ws/install/nav2_msgs/include/nav2_msgs/nav2_msgs/srv/clear_costmap_around_robot.hpp
[81.850s] -- Installing: /home/tersoo/autonomous-robot-logging-with-ROS2-jazzy/myros2_ws/install/nav2_msgs/include/nav2_msgs/nav2_msgs/srv/is_path_valid.hpp
[81.851s] -- Up-to-date: /home/tersoo/autonomous-robot-logging-with-ROS2-jazzy/myros2_ws/install/nav2_msgs/include/nav2_msgs/nav2_msgs
[81.851s] -- Up-to-date: /home/tersoo/autonomous-robot-logging-with-ROS2-jazzy/myros2_ws/install/nav2_msgs/include/nav2_msgs/nav2_msgs/msg
[81.851s] -- Installing: /home/tersoo/autonomous-robot-logging-with-ROS2-jazzy/myros2_ws/install/nav2_msgs/include/nav2_msgs/nav2_msgs/msg/rosidl_typesupport_fastrtps_cpp__visibility_control.h
[81.851s] -- Up-to-date: /home/tersoo/autonomous-robot-logging-with-ROS2-jazzy/myros2_ws/install/nav2_msgs/include/nav2_msgs/nav2_msgs/msg/detail
[81.851s] -- Installing: /home/tersoo/autonomous-robot-logging-with-ROS2-jazzy/myros2_ws/install/nav2_msgs/include/nav2_msgs/nav2_msgs/msg/detail/missed_waypoint__rosidl_typesupport_fastrtps_cpp.hpp
[81.852s] -- Installing: /home/tersoo/autonomous-robot-logging-with-ROS2-jazzy/myros2_ws/install/nav2_msgs/include/nav2_msgs/nav2_msgs/msg/detail/costmap_meta_data__rosidl_typesupport_fastrtps_cpp.hpp
[81.852s] -- Installing: /home/tersoo/autonomous-robot-logging-with-ROS2-jazzy/myros2_ws/install/nav2_msgs/include/nav2_msgs/nav2_msgs/msg/detail/collision_detector_state__rosidl_typesupport_fastrtps_cpp.hpp
[81.852s] -- Installing: /home/tersoo/autonomous-robot-logging-with-ROS2-jazzy/myros2_ws/install/nav2_msgs/include/nav2_msgs/nav2_msgs/msg/detail/behavior_tree_log__rosidl_typesupport_fastrtps_cpp.hpp
[81.852s] -- Installing: /home/tersoo/autonomous-robot-logging-with-ROS2-jazzy/myros2_ws/install/nav2_msgs/include/nav2_msgs/nav2_msgs/msg/detail/costmap_update__rosidl_typesupport_fastrtps_cpp.hpp
[81.852s] -- Installing: /home/tersoo/autonomous-robot-logging-with-ROS2-jazzy/myros2_ws/install/nav2_msgs/include/nav2_msgs/nav2_msgs/msg/detail/costmap_filter_info__rosidl_typesupport_fastrtps_cpp.hpp
[81.852s] -- Installing: /home/tersoo/autonomous-robot-logging-with-ROS2-jazzy/myros2_ws/install/nav2_msgs/include/nav2_msgs/nav2_msgs/msg/detail/voxel_grid__rosidl_typesupport_fastrtps_cpp.hpp
[81.853s] -- Installing: /home/tersoo/autonomous-robot-logging-with-ROS2-jazzy/myros2_ws/install/nav2_msgs/include/nav2_msgs/nav2_msgs/msg/detail/costmap__rosidl_typesupport_fastrtps_cpp.hpp
[81.853s] -- Installing: /home/tersoo/autonomous-robot-logging-with-ROS2-jazzy/myros2_ws/install/nav2_msgs/include/nav2_msgs/nav2_msgs/msg/detail/particle_cloud__rosidl_typesupport_fastrtps_cpp.hpp
[81.853s] -- Installing: /home/tersoo/autonomous-robot-logging-with-ROS2-jazzy/myros2_ws/install/nav2_msgs/include/nav2_msgs/nav2_msgs/msg/detail/collision_monitor_state__rosidl_typesupport_fastrtps_cpp.hpp
[81.853s] -- Installing: /home/tersoo/autonomous-robot-logging-with-ROS2-jazzy/myros2_ws/install/nav2_msgs/include/nav2_msgs/nav2_msgs/msg/detail/dds_fastrtps
[81.853s] -- Installing: /home/tersoo/autonomous-robot-logging-with-ROS2-jazzy/myros2_ws/install/nav2_msgs/include/nav2_msgs/nav2_msgs/msg/detail/behavior_tree_status_change__rosidl_typesupport_fastrtps_cpp.hpp
[81.853s] -- Installing: /home/tersoo/autonomous-robot-logging-with-ROS2-jazzy/myros2_ws/install/nav2_msgs/include/nav2_msgs/nav2_msgs/msg/detail/speed_limit__rosidl_typesupport_fastrtps_cpp.hpp
[81.854s] -- Installing: /home/tersoo/autonomous-robot-logging-with-ROS2-jazzy/myros2_ws/install/nav2_msgs/include/nav2_msgs/nav2_msgs/msg/detail/particle__rosidl_typesupport_fastrtps_cpp.hpp
[81.854s] -- Up-to-date: /home/tersoo/autonomous-robot-logging-with-ROS2-jazzy/myros2_ws/install/nav2_msgs/include/nav2_msgs/nav2_msgs/action
[81.854s] -- Up-to-date: /home/tersoo/autonomous-robot-logging-with-ROS2-jazzy/myros2_ws/install/nav2_msgs/include/nav2_msgs/nav2_msgs/action/detail
[81.854s] -- Installing: /home/tersoo/autonomous-robot-logging-with-ROS2-jazzy/myros2_ws/install/nav2_msgs/include/nav2_msgs/nav2_msgs/action/detail/navigate_to_pose__rosidl_typesupport_fastrtps_cpp.hpp
[81.854s] -- Installing: /home/tersoo/autonomous-robot-logging-with-ROS2-jazzy/myros2_ws/install/nav2_msgs/include/nav2_msgs/nav2_msgs/action/detail/back_up__rosidl_typesupport_fastrtps_cpp.hpp
[81.854s] -- Installing: /home/tersoo/autonomous-robot-logging-with-ROS2-jazzy/myros2_ws/install/nav2_msgs/include/nav2_msgs/nav2_msgs/action/detail/assisted_teleop__rosidl_typesupport_fastrtps_cpp.hpp
[81.855s] -- Installing: /home/tersoo/autonomous-robot-logging-with-ROS2-jazzy/myros2_ws/install/nav2_msgs/include/nav2_msgs/nav2_msgs/action/detail/undock_robot__rosidl_typesupport_fastrtps_cpp.hpp
[81.855s] -- Installing: /home/tersoo/autonomous-robot-logging-with-ROS2-jazzy/myros2_ws/install/nav2_msgs/include/nav2_msgs/nav2_msgs/action/detail/compute_path_through_poses__rosidl_typesupport_fastrtps_cpp.hpp
[81.855s] -- Installing: /home/tersoo/autonomous-robot-logging-with-ROS2-jazzy/myros2_ws/install/nav2_msgs/include/nav2_msgs/nav2_msgs/action/detail/navigate_through_poses__rosidl_typesupport_fastrtps_cpp.hpp
[81.855s] -- Installing: /home/tersoo/autonomous-robot-logging-with-ROS2-jazzy/myros2_ws/install/nav2_msgs/include/nav2_msgs/nav2_msgs/action/detail/dummy_behavior__rosidl_typesupport_fastrtps_cpp.hpp
[81.855s] -- Installing: /home/tersoo/autonomous-robot-logging-with-ROS2-jazzy/myros2_ws/install/nav2_msgs/include/nav2_msgs/nav2_msgs/action/detail/follow_gps_waypoints__rosidl_typesupport_fastrtps_cpp.hpp
[81.856s] -- Installing: /home/tersoo/autonomous-robot-logging-with-ROS2-jazzy/myros2_ws/install/nav2_msgs/include/nav2_msgs/nav2_msgs/action/detail/wait__rosidl_typesupport_fastrtps_cpp.hpp
[81.856s] -- Installing: /home/tersoo/autonomous-robot-logging-with-ROS2-jazzy/myros2_ws/install/nav2_msgs/include/nav2_msgs/nav2_msgs/action/detail/follow_waypoints__rosidl_typesupport_fastrtps_cpp.hpp
[81.856s] -- Installing: /home/tersoo/autonomous-robot-logging-with-ROS2-jazzy/myros2_ws/install/nav2_msgs/include/nav2_msgs/nav2_msgs/action/detail/dds_fastrtps
[81.856s] -- Installing: /home/tersoo/autonomous-robot-logging-with-ROS2-jazzy/myros2_ws/install/nav2_msgs/include/nav2_msgs/nav2_msgs/action/detail/spin__rosidl_typesupport_fastrtps_cpp.hpp
[81.857s] -- Installing: /home/tersoo/autonomous-robot-logging-with-ROS2-jazzy/myros2_ws/install/nav2_msgs/include/nav2_msgs/nav2_msgs/action/detail/dock_robot__rosidl_typesupport_fastrtps_cpp.hpp
[81.857s] -- Installing: /home/tersoo/autonomous-robot-logging-with-ROS2-jazzy/myros2_ws/install/nav2_msgs/include/nav2_msgs/nav2_msgs/action/detail/follow_path__rosidl_typesupport_fastrtps_cpp.hpp
[81.857s] -- Installing: /home/tersoo/autonomous-robot-logging-with-ROS2-jazzy/myros2_ws/install/nav2_msgs/include/nav2_msgs/nav2_msgs/action/detail/drive_on_heading__rosidl_typesupport_fastrtps_cpp.hpp
[81.857s] -- Installing: /home/tersoo/autonomous-robot-logging-with-ROS2-jazzy/myros2_ws/install/nav2_msgs/include/nav2_msgs/nav2_msgs/action/detail/compute_path_to_pose__rosidl_typesupport_fastrtps_cpp.hpp
[81.857s] -- Installing: /home/tersoo/autonomous-robot-logging-with-ROS2-jazzy/myros2_ws/install/nav2_msgs/include/nav2_msgs/nav2_msgs/action/detail/smooth_path__rosidl_typesupport_fastrtps_cpp.hpp
[81.858s] -- Up-to-date: /home/tersoo/autonomous-robot-logging-with-ROS2-jazzy/myros2_ws/install/nav2_msgs/include/nav2_msgs/nav2_msgs/srv
[81.858s] -- Up-to-date: /home/tersoo/autonomous-robot-logging-with-ROS2-jazzy/myros2_ws/install/nav2_msgs/include/nav2_msgs/nav2_msgs/srv/detail
[81.858s] -- Installing: /home/tersoo/autonomous-robot-logging-with-ROS2-jazzy/myros2_ws/install/nav2_msgs/include/nav2_msgs/nav2_msgs/srv/detail/clear_costmap_except_region__rosidl_typesupport_fastrtps_cpp.hpp
[81.858s] -- Installing: /home/tersoo/autonomous-robot-logging-with-ROS2-jazzy/myros2_ws/install/nav2_msgs/include/nav2_msgs/nav2_msgs/srv/detail/get_costmap__rosidl_typesupport_fastrtps_cpp.hpp
[81.858s] -- Installing: /home/tersoo/autonomous-robot-logging-with-ROS2-jazzy/myros2_ws/install/nav2_msgs/include/nav2_msgs/nav2_msgs/srv/detail/set_initial_pose__rosidl_typesupport_fastrtps_cpp.hpp
[81.858s] -- Installing: /home/tersoo/autonomous-robot-logging-with-ROS2-jazzy/myros2_ws/install/nav2_msgs/include/nav2_msgs/nav2_msgs/srv/detail/reload_dock_database__rosidl_typesupport_fastrtps_cpp.hpp
[81.859s] -- Installing: /home/tersoo/autonomous-robot-logging-with-ROS2-jazzy/myros2_ws/install/nav2_msgs/include/nav2_msgs/nav2_msgs/srv/detail/clear_entire_costmap__rosidl_typesupport_fastrtps_cpp.hpp
[81.859s] -- Installing: /home/tersoo/autonomous-robot-logging-with-ROS2-jazzy/myros2_ws/install/nav2_msgs/include/nav2_msgs/nav2_msgs/srv/detail/load_map__rosidl_typesupport_fastrtps_cpp.hpp
[81.859s] -- Installing: /home/tersoo/autonomous-robot-logging-with-ROS2-jazzy/myros2_ws/install/nav2_msgs/include/nav2_msgs/nav2_msgs/srv/detail/dds_fastrtps
[81.859s] -- Installing: /home/tersoo/autonomous-robot-logging-with-ROS2-jazzy/myros2_ws/install/nav2_msgs/include/nav2_msgs/nav2_msgs/srv/detail/get_cost__rosidl_typesupport_fastrtps_cpp.hpp
[81.859s] -- Installing: /home/tersoo/autonomous-robot-logging-with-ROS2-jazzy/myros2_ws/install/nav2_msgs/include/nav2_msgs/nav2_msgs/srv/detail/clear_costmap_around_pose__rosidl_typesupport_fastrtps_cpp.hpp
[81.859s] -- Installing: /home/tersoo/autonomous-robot-logging-with-ROS2-jazzy/myros2_ws/install/nav2_msgs/include/nav2_msgs/nav2_msgs/srv/detail/save_map__rosidl_typesupport_fastrtps_cpp.hpp
[81.860s] -- Installing: /home/tersoo/autonomous-robot-logging-with-ROS2-jazzy/myros2_ws/install/nav2_msgs/include/nav2_msgs/nav2_msgs/srv/detail/is_path_valid__rosidl_typesupport_fastrtps_cpp.hpp
[81.860s] -- Installing: /home/tersoo/autonomous-robot-logging-with-ROS2-jazzy/myros2_ws/install/nav2_msgs/include/nav2_msgs/nav2_msgs/srv/detail/clear_costmap_around_robot__rosidl_typesupport_fastrtps_cpp.hpp
[81.860s] -- Installing: /home/tersoo/autonomous-robot-logging-with-ROS2-jazzy/myros2_ws/install/nav2_msgs/include/nav2_msgs/nav2_msgs/srv/detail/manage_lifecycle_nodes__rosidl_typesupport_fastrtps_cpp.hpp
[81.860s] -- Installing: /home/tersoo/autonomous-robot-logging-with-ROS2-jazzy/myros2_ws/install/nav2_msgs/lib/libnav2_msgs__rosidl_typesupport_fastrtps_cpp.so
[81.864s] -- Set non-toolchain portion of runtime path of "/home/tersoo/autonomous-robot-logging-with-ROS2-jazzy/myros2_ws/install/nav2_msgs/lib/libnav2_msgs__rosidl_typesupport_fastrtps_cpp.so" to ""
[81.865s] -- Up-to-date: /home/tersoo/autonomous-robot-logging-with-ROS2-jazzy/myros2_ws/install/nav2_msgs/include/nav2_msgs/nav2_msgs
[81.865s] -- Up-to-date: /home/tersoo/autonomous-robot-logging-with-ROS2-jazzy/myros2_ws/install/nav2_msgs/include/nav2_msgs/nav2_msgs/msg
[81.865s] -- Installing: /home/tersoo/autonomous-robot-logging-with-ROS2-jazzy/myros2_ws/install/nav2_msgs/include/nav2_msgs/nav2_msgs/msg/rosidl_typesupport_introspection_c__visibility_control.h
[81.865s] -- Up-to-date: /home/tersoo/autonomous-robot-logging-with-ROS2-jazzy/myros2_ws/install/nav2_msgs/include/nav2_msgs/nav2_msgs/msg/detail
[81.865s] -- Installing: /home/tersoo/autonomous-robot-logging-with-ROS2-jazzy/myros2_ws/install/nav2_msgs/include/nav2_msgs/nav2_msgs/msg/detail/voxel_grid__rosidl_typesupport_introspection_c.h
[81.865s] -- Installing: /home/tersoo/autonomous-robot-logging-with-ROS2-jazzy/myros2_ws/install/nav2_msgs/include/nav2_msgs/nav2_msgs/msg/detail/behavior_tree_status_change__type_support.c
[81.866s] -- Installing: /home/tersoo/autonomous-robot-logging-with-ROS2-jazzy/myros2_ws/install/nav2_msgs/include/nav2_msgs/nav2_msgs/msg/detail/costmap_meta_data__type_support.c
[81.866s] -- Installing: /home/tersoo/autonomous-robot-logging-with-ROS2-jazzy/myros2_ws/install/nav2_msgs/include/nav2_msgs/nav2_msgs/msg/detail/speed_limit__type_support.c
[81.866s] -- Installing: /home/tersoo/autonomous-robot-logging-with-ROS2-jazzy/myros2_ws/install/nav2_msgs/include/nav2_msgs/nav2_msgs/msg/detail/collision_monitor_state__type_support.c
[81.866s] -- Installing: /home/tersoo/autonomous-robot-logging-with-ROS2-jazzy/myros2_ws/install/nav2_msgs/include/nav2_msgs/nav2_msgs/msg/detail/collision_monitor_state__rosidl_typesupport_introspection_c.h
[81.866s] -- Installing: /home/tersoo/autonomous-robot-logging-with-ROS2-jazzy/myros2_ws/install/nav2_msgs/include/nav2_msgs/nav2_msgs/msg/detail/costmap_filter_info__rosidl_typesupport_introspection_c.h
[81.866s] -- Installing: /home/tersoo/autonomous-robot-logging-with-ROS2-jazzy/myros2_ws/install/nav2_msgs/include/nav2_msgs/nav2_msgs/msg/detail/particle_cloud__type_support.c
[81.866s] -- Installing: /home/tersoo/autonomous-robot-logging-with-ROS2-jazzy/myros2_ws/install/nav2_msgs/include/nav2_msgs/nav2_msgs/msg/detail/costmap__rosidl_typesupport_introspection_c.h
[81.867s] -- Installing: /home/tersoo/autonomous-robot-logging-with-ROS2-jazzy/myros2_ws/install/nav2_msgs/include/nav2_msgs/nav2_msgs/msg/detail/behavior_tree_log__rosidl_typesupport_introspection_c.h
[81.867s] -- Installing: /home/tersoo/autonomous-robot-logging-with-ROS2-jazzy/myros2_ws/install/nav2_msgs/include/nav2_msgs/nav2_msgs/msg/detail/collision_detector_state__rosidl_typesupport_introspection_c.h
[81.867s] -- Installing: /home/tersoo/autonomous-robot-logging-with-ROS2-jazzy/myros2_ws/install/nav2_msgs/include/nav2_msgs/nav2_msgs/msg/detail/voxel_grid__type_support.c
[81.867s] -- Installing: /home/tersoo/autonomous-robot-logging-with-ROS2-jazzy/myros2_ws/install/nav2_msgs/include/nav2_msgs/nav2_msgs/msg/detail/missed_waypoint__rosidl_typesupport_introspection_c.h
[81.867s] -- Installing: /home/tersoo/autonomous-robot-logging-with-ROS2-jazzy/myros2_ws/install/nav2_msgs/include/nav2_msgs/nav2_msgs/msg/detail/particle__rosidl_typesupport_introspection_c.h
[81.868s] -- Installing: /home/tersoo/autonomous-robot-logging-with-ROS2-jazzy/myros2_ws/install/nav2_msgs/include/nav2_msgs/nav2_msgs/msg/detail/collision_detector_state__type_support.c
[81.868s] -- Installing: /home/tersoo/autonomous-robot-logging-with-ROS2-jazzy/myros2_ws/install/nav2_msgs/include/nav2_msgs/nav2_msgs/msg/detail/missed_waypoint__type_support.c
[81.868s] -- Installing: /home/tersoo/autonomous-robot-logging-with-ROS2-jazzy/myros2_ws/install/nav2_msgs/include/nav2_msgs/nav2_msgs/msg/detail/particle__type_support.c
[81.868s] -- Installing: /home/tersoo/autonomous-robot-logging-with-ROS2-jazzy/myros2_ws/install/nav2_msgs/include/nav2_msgs/nav2_msgs/msg/detail/particle_cloud__rosidl_typesupport_introspection_c.h
[81.868s] -- Installing: /home/tersoo/autonomous-robot-logging-with-ROS2-jazzy/myros2_ws/install/nav2_msgs/include/nav2_msgs/nav2_msgs/msg/detail/speed_limit__rosidl_typesupport_introspection_c.h
[81.868s] -- Installing: /home/tersoo/autonomous-robot-logging-with-ROS2-jazzy/myros2_ws/install/nav2_msgs/include/nav2_msgs/nav2_msgs/msg/detail/costmap_update__type_support.c
[81.869s] -- Installing: /home/tersoo/autonomous-robot-logging-with-ROS2-jazzy/myros2_ws/install/nav2_msgs/include/nav2_msgs/nav2_msgs/msg/detail/behavior_tree_log__type_support.c
[81.869s] -- Installing: /home/tersoo/autonomous-robot-logging-with-ROS2-jazzy/myros2_ws/install/nav2_msgs/include/nav2_msgs/nav2_msgs/msg/detail/costmap_filter_info__type_support.c
[81.869s] -- Installing: /home/tersoo/autonomous-robot-logging-with-ROS2-jazzy/myros2_ws/install/nav2_msgs/include/nav2_msgs/nav2_msgs/msg/detail/costmap_meta_data__rosidl_typesupport_introspection_c.h
[81.869s] -- Installing: /home/tersoo/autonomous-robot-logging-with-ROS2-jazzy/myros2_ws/install/nav2_msgs/include/nav2_msgs/nav2_msgs/msg/detail/behavior_tree_status_change__rosidl_typesupport_introspection_c.h
[81.870s] -- Installing: /home/tersoo/autonomous-robot-logging-with-ROS2-jazzy/myros2_ws/install/nav2_msgs/include/nav2_msgs/nav2_msgs/msg/detail/costmap_update__rosidl_typesupport_introspection_c.h
[81.870s] -- Installing: /home/tersoo/autonomous-robot-logging-with-ROS2-jazzy/myros2_ws/install/nav2_msgs/include/nav2_msgs/nav2_msgs/msg/detail/costmap__type_support.c
[81.870s] -- Up-to-date: /home/tersoo/autonomous-robot-logging-with-ROS2-jazzy/myros2_ws/install/nav2_msgs/include/nav2_msgs/nav2_msgs/action
[81.870s] -- Up-to-date: /home/tersoo/autonomous-robot-logging-with-ROS2-jazzy/myros2_ws/install/nav2_msgs/include/nav2_msgs/nav2_msgs/action/detail
[81.870s] -- Installing: /home/tersoo/autonomous-robot-logging-with-ROS2-jazzy/myros2_ws/install/nav2_msgs/include/nav2_msgs/nav2_msgs/action/detail/undock_robot__rosidl_typesupport_introspection_c.h
[81.870s] -- Installing: /home/tersoo/autonomous-robot-logging-with-ROS2-jazzy/myros2_ws/install/nav2_msgs/include/nav2_msgs/nav2_msgs/action/detail/follow_gps_waypoints__rosidl_typesupport_introspection_c.h
[81.870s] -- Installing: /home/tersoo/autonomous-robot-logging-with-ROS2-jazzy/myros2_ws/install/nav2_msgs/include/nav2_msgs/nav2_msgs/action/detail/dummy_behavior__type_support.c
[81.871s] -- Installing: /home/tersoo/autonomous-robot-logging-with-ROS2-jazzy/myros2_ws/install/nav2_msgs/include/nav2_msgs/nav2_msgs/action/detail/assisted_teleop__rosidl_typesupport_introspection_c.h
[81.871s] -- Installing: /home/tersoo/autonomous-robot-logging-with-ROS2-jazzy/myros2_ws/install/nav2_msgs/include/nav2_msgs/nav2_msgs/action/detail/follow_waypoints__type_support.c
[81.871s] -- Installing: /home/tersoo/autonomous-robot-logging-with-ROS2-jazzy/myros2_ws/install/nav2_msgs/include/nav2_msgs/nav2_msgs/action/detail/smooth_path__type_support.c
[81.872s] -- Installing: /home/tersoo/autonomous-robot-logging-with-ROS2-jazzy/myros2_ws/install/nav2_msgs/include/nav2_msgs/nav2_msgs/action/detail/dock_robot__type_support.c
[81.872s] -- Installing: /home/tersoo/autonomous-robot-logging-with-ROS2-jazzy/myros2_ws/install/nav2_msgs/include/nav2_msgs/nav2_msgs/action/detail/wait__rosidl_typesupport_introspection_c.h
[81.872s] -- Installing: /home/tersoo/autonomous-robot-logging-with-ROS2-jazzy/myros2_ws/install/nav2_msgs/include/nav2_msgs/nav2_msgs/action/detail/back_up__type_support.c
[81.872s] -- Installing: /home/tersoo/autonomous-robot-logging-with-ROS2-jazzy/myros2_ws/install/nav2_msgs/include/nav2_msgs/nav2_msgs/action/detail/navigate_to_pose__type_support.c
[81.873s] -- Installing: /home/tersoo/autonomous-robot-logging-with-ROS2-jazzy/myros2_ws/install/nav2_msgs/include/nav2_msgs/nav2_msgs/action/detail/spin__rosidl_typesupport_introspection_c.h
[81.873s] -- Installing: /home/tersoo/autonomous-robot-logging-with-ROS2-jazzy/myros2_ws/install/nav2_msgs/include/nav2_msgs/nav2_msgs/action/detail/back_up__rosidl_typesupport_introspection_c.h
[81.873s] -- Installing: /home/tersoo/autonomous-robot-logging-with-ROS2-jazzy/myros2_ws/install/nav2_msgs/include/nav2_msgs/nav2_msgs/action/detail/compute_path_to_pose__type_support.c
[81.873s] -- Installing: /home/tersoo/autonomous-robot-logging-with-ROS2-jazzy/myros2_ws/install/nav2_msgs/include/nav2_msgs/nav2_msgs/action/detail/compute_path_to_pose__rosidl_typesupport_introspection_c.h
[81.874s] -- Installing: /home/tersoo/autonomous-robot-logging-with-ROS2-jazzy/myros2_ws/install/nav2_msgs/include/nav2_msgs/nav2_msgs/action/detail/wait__type_support.c
[81.874s] -- Installing: /home/tersoo/autonomous-robot-logging-with-ROS2-jazzy/myros2_ws/install/nav2_msgs/include/nav2_msgs/nav2_msgs/action/detail/navigate_through_poses__type_support.c
[81.874s] -- Installing: /home/tersoo/autonomous-robot-logging-with-ROS2-jazzy/myros2_ws/install/nav2_msgs/include/nav2_msgs/nav2_msgs/action/detail/smooth_path__rosidl_typesupport_introspection_c.h
[81.875s] -- Installing: /home/tersoo/autonomous-robot-logging-with-ROS2-jazzy/myros2_ws/install/nav2_msgs/include/nav2_msgs/nav2_msgs/action/detail/follow_path__rosidl_typesupport_introspection_c.h
[81.875s] -- Installing: /home/tersoo/autonomous-robot-logging-with-ROS2-jazzy/myros2_ws/install/nav2_msgs/include/nav2_msgs/nav2_msgs/action/detail/assisted_teleop__type_support.c
[81.875s] -- Installing: /home/tersoo/autonomous-robot-logging-with-ROS2-jazzy/myros2_ws/install/nav2_msgs/include/nav2_msgs/nav2_msgs/action/detail/compute_path_through_poses__rosidl_typesupport_introspection_c.h
[81.875s] -- Installing: /home/tersoo/autonomous-robot-logging-with-ROS2-jazzy/myros2_ws/install/nav2_msgs/include/nav2_msgs/nav2_msgs/action/detail/follow_gps_waypoints__type_support.c
[81.876s] -- Installing: /home/tersoo/autonomous-robot-logging-with-ROS2-jazzy/myros2_ws/install/nav2_msgs/include/nav2_msgs/nav2_msgs/action/detail/drive_on_heading__type_support.c
[81.876s] -- Installing: /home/tersoo/autonomous-robot-logging-with-ROS2-jazzy/myros2_ws/install/nav2_msgs/include/nav2_msgs/nav2_msgs/action/detail/dummy_behavior__rosidl_typesupport_introspection_c.h
[81.876s] -- Installing: /home/tersoo/autonomous-robot-logging-with-ROS2-jazzy/myros2_ws/install/nav2_msgs/include/nav2_msgs/nav2_msgs/action/detail/compute_path_through_poses__type_support.c
[81.876s] -- Installing: /home/tersoo/autonomous-robot-logging-with-ROS2-jazzy/myros2_ws/install/nav2_msgs/include/nav2_msgs/nav2_msgs/action/detail/drive_on_heading__rosidl_typesupport_introspection_c.h
[81.877s] -- Installing: /home/tersoo/autonomous-robot-logging-with-ROS2-jazzy/myros2_ws/install/nav2_msgs/include/nav2_msgs/nav2_msgs/action/detail/follow_path__type_support.c
[81.877s] -- Installing: /home/tersoo/autonomous-robot-logging-with-ROS2-jazzy/myros2_ws/install/nav2_msgs/include/nav2_msgs/nav2_msgs/action/detail/undock_robot__type_support.c
[81.877s] -- Installing: /home/tersoo/autonomous-robot-logging-with-ROS2-jazzy/myros2_ws/install/nav2_msgs/include/nav2_msgs/nav2_msgs/action/detail/navigate_to_pose__rosidl_typesupport_introspection_c.h
[81.877s] -- Installing: /home/tersoo/autonomous-robot-logging-with-ROS2-jazzy/myros2_ws/install/nav2_msgs/include/nav2_msgs/nav2_msgs/action/detail/dock_robot__rosidl_typesupport_introspection_c.h
[81.878s] -- Installing: /home/tersoo/autonomous-robot-logging-with-ROS2-jazzy/myros2_ws/install/nav2_msgs/include/nav2_msgs/nav2_msgs/action/detail/navigate_through_poses__rosidl_typesupport_introspection_c.h
[81.878s] -- Installing: /home/tersoo/autonomous-robot-logging-with-ROS2-jazzy/myros2_ws/install/nav2_msgs/include/nav2_msgs/nav2_msgs/action/detail/spin__type_support.c
[81.878s] -- Installing: /home/tersoo/autonomous-robot-logging-with-ROS2-jazzy/myros2_ws/install/nav2_msgs/include/nav2_msgs/nav2_msgs/action/detail/follow_waypoints__rosidl_typesupport_introspection_c.h
[81.878s] -- Up-to-date: /home/tersoo/autonomous-robot-logging-with-ROS2-jazzy/myros2_ws/install/nav2_msgs/include/nav2_msgs/nav2_msgs/srv
[81.878s] -- Up-to-date: /home/tersoo/autonomous-robot-logging-with-ROS2-jazzy/myros2_ws/install/nav2_msgs/include/nav2_msgs/nav2_msgs/srv/detail
[81.878s] -- Installing: /home/tersoo/autonomous-robot-logging-with-ROS2-jazzy/myros2_ws/install/nav2_msgs/include/nav2_msgs/nav2_msgs/srv/detail/reload_dock_database__rosidl_typesupport_introspection_c.h
[81.879s] -- Installing: /home/tersoo/autonomous-robot-logging-with-ROS2-jazzy/myros2_ws/install/nav2_msgs/include/nav2_msgs/nav2_msgs/srv/detail/clear_costmap_around_pose__type_support.c
[81.879s] -- Installing: /home/tersoo/autonomous-robot-logging-with-ROS2-jazzy/myros2_ws/install/nav2_msgs/include/nav2_msgs/nav2_msgs/srv/detail/clear_costmap_except_region__type_support.c
[81.879s] -- Installing: /home/tersoo/autonomous-robot-logging-with-ROS2-jazzy/myros2_ws/install/nav2_msgs/include/nav2_msgs/nav2_msgs/srv/detail/clear_costmap_except_region__rosidl_typesupport_introspection_c.h
[81.879s] -- Installing: /home/tersoo/autonomous-robot-logging-with-ROS2-jazzy/myros2_ws/install/nav2_msgs/include/nav2_msgs/nav2_msgs/srv/detail/save_map__rosidl_typesupport_introspection_c.h
[81.879s] -- Installing: /home/tersoo/autonomous-robot-logging-with-ROS2-jazzy/myros2_ws/install/nav2_msgs/include/nav2_msgs/nav2_msgs/srv/detail/manage_lifecycle_nodes__type_support.c
[81.880s] -- Installing: /home/tersoo/autonomous-robot-logging-with-ROS2-jazzy/myros2_ws/install/nav2_msgs/include/nav2_msgs/nav2_msgs/srv/detail/set_initial_pose__type_support.c
[81.880s] -- Installing: /home/tersoo/autonomous-robot-logging-with-ROS2-jazzy/myros2_ws/install/nav2_msgs/include/nav2_msgs/nav2_msgs/srv/detail/is_path_valid__type_support.c
[81.880s] -- Installing: /home/tersoo/autonomous-robot-logging-with-ROS2-jazzy/myros2_ws/install/nav2_msgs/include/nav2_msgs/nav2_msgs/srv/detail/get_costmap__type_support.c
[81.880s] -- Installing: /home/tersoo/autonomous-robot-logging-with-ROS2-jazzy/myros2_ws/install/nav2_msgs/include/nav2_msgs/nav2_msgs/srv/detail/load_map__type_support.c
[81.880s] -- Installing: /home/tersoo/autonomous-robot-logging-with-ROS2-jazzy/myros2_ws/install/nav2_msgs/include/nav2_msgs/nav2_msgs/srv/detail/get_cost__rosidl_typesupport_introspection_c.h
[81.881s] -- Installing: /home/tersoo/autonomous-robot-logging-with-ROS2-jazzy/myros2_ws/install/nav2_msgs/include/nav2_msgs/nav2_msgs/srv/detail/get_costmap__rosidl_typesupport_introspection_c.h
[81.881s] -- Installing: /home/tersoo/autonomous-robot-logging-with-ROS2-jazzy/myros2_ws/install/nav2_msgs/include/nav2_msgs/nav2_msgs/srv/detail/clear_entire_costmap__rosidl_typesupport_introspection_c.h
[81.881s] -- Installing: /home/tersoo/autonomous-robot-logging-with-ROS2-jazzy/myros2_ws/install/nav2_msgs/include/nav2_msgs/nav2_msgs/srv/detail/set_initial_pose__rosidl_typesupport_introspection_c.h
[81.881s] -- Installing: /home/tersoo/autonomous-robot-logging-with-ROS2-jazzy/myros2_ws/install/nav2_msgs/include/nav2_msgs/nav2_msgs/srv/detail/clear_costmap_around_pose__rosidl_typesupport_introspection_c.h
[81.881s] -- Installing: /home/tersoo/autonomous-robot-logging-with-ROS2-jazzy/myros2_ws/install/nav2_msgs/include/nav2_msgs/nav2_msgs/srv/detail/get_cost__type_support.c
[81.882s] -- Installing: /home/tersoo/autonomous-robot-logging-with-ROS2-jazzy/myros2_ws/install/nav2_msgs/include/nav2_msgs/nav2_msgs/srv/detail/manage_lifecycle_nodes__rosidl_typesupport_introspection_c.h
[81.882s] -- Installing: /home/tersoo/autonomous-robot-logging-with-ROS2-jazzy/myros2_ws/install/nav2_msgs/include/nav2_msgs/nav2_msgs/srv/detail/clear_costmap_around_robot__type_support.c
[81.882s] -- Installing: /home/tersoo/autonomous-robot-logging-with-ROS2-jazzy/myros2_ws/install/nav2_msgs/include/nav2_msgs/nav2_msgs/srv/detail/clear_costmap_around_robot__rosidl_typesupport_introspection_c.h
[81.882s] -- Installing: /home/tersoo/autonomous-robot-logging-with-ROS2-jazzy/myros2_ws/install/nav2_msgs/include/nav2_msgs/nav2_msgs/srv/detail/reload_dock_database__type_support.c
[81.882s] -- Installing: /home/tersoo/autonomous-robot-logging-with-ROS2-jazzy/myros2_ws/install/nav2_msgs/include/nav2_msgs/nav2_msgs/srv/detail/is_path_valid__rosidl_typesupport_introspection_c.h
[81.883s] -- Installing: /home/tersoo/autonomous-robot-logging-with-ROS2-jazzy/myros2_ws/install/nav2_msgs/include/nav2_msgs/nav2_msgs/srv/detail/clear_entire_costmap__type_support.c
[81.883s] -- Installing: /home/tersoo/autonomous-robot-logging-with-ROS2-jazzy/myros2_ws/install/nav2_msgs/include/nav2_msgs/nav2_msgs/srv/detail/save_map__type_support.c
[81.883s] -- Installing: /home/tersoo/autonomous-robot-logging-with-ROS2-jazzy/myros2_ws/install/nav2_msgs/include/nav2_msgs/nav2_msgs/srv/detail/load_map__rosidl_typesupport_introspection_c.h
[81.883s] -- Installing: /home/tersoo/autonomous-robot-logging-with-ROS2-jazzy/myros2_ws/install/nav2_msgs/lib/libnav2_msgs__rosidl_typesupport_introspection_c.so
[81.886s] -- Set non-toolchain portion of runtime path of "/home/tersoo/autonomous-robot-logging-with-ROS2-jazzy/myros2_ws/install/nav2_msgs/lib/libnav2_msgs__rosidl_typesupport_introspection_c.so" to ""
[81.886s] -- Installing: /home/tersoo/autonomous-robot-logging-with-ROS2-jazzy/myros2_ws/install/nav2_msgs/lib/libnav2_msgs__rosidl_typesupport_c.so
[81.887s] -- Set non-toolchain portion of runtime path of "/home/tersoo/autonomous-robot-logging-with-ROS2-jazzy/myros2_ws/install/nav2_msgs/lib/libnav2_msgs__rosidl_typesupport_c.so" to ""
[81.888s] -- Up-to-date: /home/tersoo/autonomous-robot-logging-with-ROS2-jazzy/myros2_ws/install/nav2_msgs/include/nav2_msgs/nav2_msgs
[81.888s] -- Up-to-date: /home/tersoo/autonomous-robot-logging-with-ROS2-jazzy/myros2_ws/install/nav2_msgs/include/nav2_msgs/nav2_msgs/msg
[81.888s] -- Up-to-date: /home/tersoo/autonomous-robot-logging-with-ROS2-jazzy/myros2_ws/install/nav2_msgs/include/nav2_msgs/nav2_msgs/msg/detail
[81.888s] -- Installing: /home/tersoo/autonomous-robot-logging-with-ROS2-jazzy/myros2_ws/install/nav2_msgs/include/nav2_msgs/nav2_msgs/msg/detail/collision_detector_state__rosidl_typesupport_introspection_cpp.hpp
[81.888s] -- Installing: /home/tersoo/autonomous-robot-logging-with-ROS2-jazzy/myros2_ws/install/nav2_msgs/include/nav2_msgs/nav2_msgs/msg/detail/costmap_meta_data__rosidl_typesupport_introspection_cpp.hpp
[81.888s] -- Installing: /home/tersoo/autonomous-robot-logging-with-ROS2-jazzy/myros2_ws/install/nav2_msgs/include/nav2_msgs/nav2_msgs/msg/detail/particle__rosidl_typesupport_introspection_cpp.hpp
[81.889s] -- Installing: /home/tersoo/autonomous-robot-logging-with-ROS2-jazzy/myros2_ws/install/nav2_msgs/include/nav2_msgs/nav2_msgs/msg/detail/collision_detector_state__type_support.cpp
[81.889s] -- Installing: /home/tersoo/autonomous-robot-logging-with-ROS2-jazzy/myros2_ws/install/nav2_msgs/include/nav2_msgs/nav2_msgs/msg/detail/particle__type_support.cpp
[81.889s] -- Installing: /home/tersoo/autonomous-robot-logging-with-ROS2-jazzy/myros2_ws/install/nav2_msgs/include/nav2_msgs/nav2_msgs/msg/detail/missed_waypoint__type_support.cpp
[81.889s] -- Installing: /home/tersoo/autonomous-robot-logging-with-ROS2-jazzy/myros2_ws/install/nav2_msgs/include/nav2_msgs/nav2_msgs/msg/detail/voxel_grid__type_support.cpp
[81.889s] -- Installing: /home/tersoo/autonomous-robot-logging-with-ROS2-jazzy/myros2_ws/install/nav2_msgs/include/nav2_msgs/nav2_msgs/msg/detail/costmap_update__rosidl_typesupport_introspection_cpp.hpp
[81.889s] -- Installing: /home/tersoo/autonomous-robot-logging-with-ROS2-jazzy/myros2_ws/install/nav2_msgs/include/nav2_msgs/nav2_msgs/msg/detail/speed_limit__type_support.cpp
[81.890s] -- Installing: /home/tersoo/autonomous-robot-logging-with-ROS2-jazzy/myros2_ws/install/nav2_msgs/include/nav2_msgs/nav2_msgs/msg/detail/behavior_tree_log__type_support.cpp
[81.890s] -- Installing: /home/tersoo/autonomous-robot-logging-with-ROS2-jazzy/myros2_ws/install/nav2_msgs/include/nav2_msgs/nav2_msgs/msg/detail/costmap_filter_info__rosidl_typesupport_introspection_cpp.hpp
[81.890s] -- Installing: /home/tersoo/autonomous-robot-logging-with-ROS2-jazzy/myros2_ws/install/nav2_msgs/include/nav2_msgs/nav2_msgs/msg/detail/collision_monitor_state__rosidl_typesupport_introspection_cpp.hpp
[81.890s] -- Installing: /home/tersoo/autonomous-robot-logging-with-ROS2-jazzy/myros2_ws/install/nav2_msgs/include/nav2_msgs/nav2_msgs/msg/detail/costmap_update__type_support.cpp
[81.890s] -- Installing: /home/tersoo/autonomous-robot-logging-with-ROS2-jazzy/myros2_ws/install/nav2_msgs/include/nav2_msgs/nav2_msgs/msg/detail/particle_cloud__type_support.cpp
[81.890s] -- Installing: /home/tersoo/autonomous-robot-logging-with-ROS2-jazzy/myros2_ws/install/nav2_msgs/include/nav2_msgs/nav2_msgs/msg/detail/voxel_grid__rosidl_typesupport_introspection_cpp.hpp
[81.891s] -- Installing: /home/tersoo/autonomous-robot-logging-with-ROS2-jazzy/myros2_ws/install/nav2_msgs/include/nav2_msgs/nav2_msgs/msg/detail/costmap_filter_info__type_support.cpp
[81.891s] -- Installing: /home/tersoo/autonomous-robot-logging-with-ROS2-jazzy/myros2_ws/install/nav2_msgs/include/nav2_msgs/nav2_msgs/msg/detail/costmap__rosidl_typesupport_introspection_cpp.hpp
[81.891s] -- Installing: /home/tersoo/autonomous-robot-logging-with-ROS2-jazzy/myros2_ws/install/nav2_msgs/include/nav2_msgs/nav2_msgs/msg/detail/costmap__type_support.cpp
[81.891s] -- Installing: /home/tersoo/autonomous-robot-logging-with-ROS2-jazzy/myros2_ws/install/nav2_msgs/include/nav2_msgs/nav2_msgs/msg/detail/speed_limit__rosidl_typesupport_introspection_cpp.hpp
[81.891s] -- Installing: /home/tersoo/autonomous-robot-logging-with-ROS2-jazzy/myros2_ws/install/nav2_msgs/include/nav2_msgs/nav2_msgs/msg/detail/behavior_tree_status_change__type_support.cpp
[81.892s] -- Installing: /home/tersoo/autonomous-robot-logging-with-ROS2-jazzy/myros2_ws/install/nav2_msgs/include/nav2_msgs/nav2_msgs/msg/detail/costmap_meta_data__type_support.cpp
[81.892s] -- Installing: /home/tersoo/autonomous-robot-logging-with-ROS2-jazzy/myros2_ws/install/nav2_msgs/include/nav2_msgs/nav2_msgs/msg/detail/behavior_tree_status_change__rosidl_typesupport_introspection_cpp.hpp
[81.892s] -- Installing: /home/tersoo/autonomous-robot-logging-with-ROS2-jazzy/myros2_ws/install/nav2_msgs/include/nav2_msgs/nav2_msgs/msg/detail/particle_cloud__rosidl_typesupport_introspection_cpp.hpp
[81.892s] -- Installing: /home/tersoo/autonomous-robot-logging-with-ROS2-jazzy/myros2_ws/install/nav2_msgs/include/nav2_msgs/nav2_msgs/msg/detail/missed_waypoint__rosidl_typesupport_introspection_cpp.hpp
[81.892s] -- Installing: /home/tersoo/autonomous-robot-logging-with-ROS2-jazzy/myros2_ws/install/nav2_msgs/include/nav2_msgs/nav2_msgs/msg/detail/behavior_tree_log__rosidl_typesupport_introspection_cpp.hpp
[81.893s] -- Installing: /home/tersoo/autonomous-robot-logging-with-ROS2-jazzy/myros2_ws/install/nav2_msgs/include/nav2_msgs/nav2_msgs/msg/detail/collision_monitor_state__type_support.cpp
[81.893s] -- Up-to-date: /home/tersoo/autonomous-robot-logging-with-ROS2-jazzy/myros2_ws/install/nav2_msgs/include/nav2_msgs/nav2_msgs/action
[81.893s] -- Up-to-date: /home/tersoo/autonomous-robot-logging-with-ROS2-jazzy/myros2_ws/install/nav2_msgs/include/nav2_msgs/nav2_msgs/action/detail
[81.893s] -- Installing: /home/tersoo/autonomous-robot-logging-with-ROS2-jazzy/myros2_ws/install/nav2_msgs/include/nav2_msgs/nav2_msgs/action/detail/undock_robot__rosidl_typesupport_introspection_cpp.hpp
[81.893s] -- Installing: /home/tersoo/autonomous-robot-logging-with-ROS2-jazzy/myros2_ws/install/nav2_msgs/include/nav2_msgs/nav2_msgs/action/detail/follow_path__type_support.cpp
[81.893s] -- Installing: /home/tersoo/autonomous-robot-logging-with-ROS2-jazzy/myros2_ws/install/nav2_msgs/include/nav2_msgs/nav2_msgs/action/detail/navigate_through_poses__rosidl_typesupport_introspection_cpp.hpp
[81.894s] -- Installing: /home/tersoo/autonomous-robot-logging-with-ROS2-jazzy/myros2_ws/install/nav2_msgs/include/nav2_msgs/nav2_msgs/action/detail/follow_gps_waypoints__type_support.cpp
[81.894s] -- Installing: /home/tersoo/autonomous-robot-logging-with-ROS2-jazzy/myros2_ws/install/nav2_msgs/include/nav2_msgs/nav2_msgs/action/detail/compute_path_to_pose__rosidl_typesupport_introspection_cpp.hpp
[81.894s] -- Installing: /home/tersoo/autonomous-robot-logging-with-ROS2-jazzy/myros2_ws/install/nav2_msgs/include/nav2_msgs/nav2_msgs/action/detail/back_up__type_support.cpp
[81.894s] -- Installing: /home/tersoo/autonomous-robot-logging-with-ROS2-jazzy/myros2_ws/install/nav2_msgs/include/nav2_msgs/nav2_msgs/action/detail/compute_path_through_poses__type_support.cpp
[81.895s] -- Installing: /home/tersoo/autonomous-robot-logging-with-ROS2-jazzy/myros2_ws/install/nav2_msgs/include/nav2_msgs/nav2_msgs/action/detail/compute_path_through_poses__rosidl_typesupport_introspection_cpp.hpp
[81.895s] -- Installing: /home/tersoo/autonomous-robot-logging-with-ROS2-jazzy/myros2_ws/install/nav2_msgs/include/nav2_msgs/nav2_msgs/action/detail/follow_waypoints__type_support.cpp
[81.895s] -- Installing: /home/tersoo/autonomous-robot-logging-with-ROS2-jazzy/myros2_ws/install/nav2_msgs/include/nav2_msgs/nav2_msgs/action/detail/back_up__rosidl_typesupport_introspection_cpp.hpp
[81.895s] -- Installing: /home/tersoo/autonomous-robot-logging-with-ROS2-jazzy/myros2_ws/install/nav2_msgs/include/nav2_msgs/nav2_msgs/action/detail/follow_path__rosidl_typesupport_introspection_cpp.hpp
[81.895s] -- Installing: /home/tersoo/autonomous-robot-logging-with-ROS2-jazzy/myros2_ws/install/nav2_msgs/include/nav2_msgs/nav2_msgs/action/detail/navigate_through_poses__type_support.cpp
[81.896s] -- Installing: /home/tersoo/autonomous-robot-logging-with-ROS2-jazzy/myros2_ws/install/nav2_msgs/include/nav2_msgs/nav2_msgs/action/detail/assisted_teleop__rosidl_typesupport_introspection_cpp.hpp
[81.896s] -- Installing: /home/tersoo/autonomous-robot-logging-with-ROS2-jazzy/myros2_ws/install/nav2_msgs/include/nav2_msgs/nav2_msgs/action/detail/spin__rosidl_typesupport_introspection_cpp.hpp
[81.896s] -- Installing: /home/tersoo/autonomous-robot-logging-with-ROS2-jazzy/myros2_ws/install/nav2_msgs/include/nav2_msgs/nav2_msgs/action/detail/follow_gps_waypoints__rosidl_typesupport_introspection_cpp.hpp
[81.896s] -- Installing: /home/tersoo/autonomous-robot-logging-with-ROS2-jazzy/myros2_ws/install/nav2_msgs/include/nav2_msgs/nav2_msgs/action/detail/smooth_path__type_support.cpp
[81.897s] -- Installing: /home/tersoo/autonomous-robot-logging-with-ROS2-jazzy/myros2_ws/install/nav2_msgs/include/nav2_msgs/nav2_msgs/action/detail/assisted_teleop__type_support.cpp
[81.897s] -- Installing: /home/tersoo/autonomous-robot-logging-with-ROS2-jazzy/myros2_ws/install/nav2_msgs/include/nav2_msgs/nav2_msgs/action/detail/compute_path_to_pose__type_support.cpp
[81.897s] -- Installing: /home/tersoo/autonomous-robot-logging-with-ROS2-jazzy/myros2_ws/install/nav2_msgs/include/nav2_msgs/nav2_msgs/action/detail/navigate_to_pose__type_support.cpp
[81.897s] -- Installing: /home/tersoo/autonomous-robot-logging-with-ROS2-jazzy/myros2_ws/install/nav2_msgs/include/nav2_msgs/nav2_msgs/action/detail/wait__type_support.cpp
[81.898s] -- Installing: /home/tersoo/autonomous-robot-logging-with-ROS2-jazzy/myros2_ws/install/nav2_msgs/include/nav2_msgs/nav2_msgs/action/detail/dock_robot__rosidl_typesupport_introspection_cpp.hpp
[81.898s] -- Installing: /home/tersoo/autonomous-robot-logging-with-ROS2-jazzy/myros2_ws/install/nav2_msgs/include/nav2_msgs/nav2_msgs/action/detail/dock_robot__type_support.cpp
[81.898s] -- Installing: /home/tersoo/autonomous-robot-logging-with-ROS2-jazzy/myros2_ws/install/nav2_msgs/include/nav2_msgs/nav2_msgs/action/detail/drive_on_heading__type_support.cpp
[81.898s] -- Installing: /home/tersoo/autonomous-robot-logging-with-ROS2-jazzy/myros2_ws/install/nav2_msgs/include/nav2_msgs/nav2_msgs/action/detail/navigate_to_pose__rosidl_typesupport_introspection_cpp.hpp
[81.899s] -- Installing: /home/tersoo/autonomous-robot-logging-with-ROS2-jazzy/myros2_ws/install/nav2_msgs/include/nav2_msgs/nav2_msgs/action/detail/spin__type_support.cpp
[81.899s] -- Installing: /home/tersoo/autonomous-robot-logging-with-ROS2-jazzy/myros2_ws/install/nav2_msgs/include/nav2_msgs/nav2_msgs/action/detail/follow_waypoints__rosidl_typesupport_introspection_cpp.hpp
[81.899s] -- Installing: /home/tersoo/autonomous-robot-logging-with-ROS2-jazzy/myros2_ws/install/nav2_msgs/include/nav2_msgs/nav2_msgs/action/detail/dummy_behavior__type_support.cpp
[81.899s] -- Installing: /home/tersoo/autonomous-robot-logging-with-ROS2-jazzy/myros2_ws/install/nav2_msgs/include/nav2_msgs/nav2_msgs/action/detail/drive_on_heading__rosidl_typesupport_introspection_cpp.hpp
[81.900s] -- Installing: /home/tersoo/autonomous-robot-logging-with-ROS2-jazzy/myros2_ws/install/nav2_msgs/include/nav2_msgs/nav2_msgs/action/detail/smooth_path__rosidl_typesupport_introspection_cpp.hpp
[81.900s] -- Installing: /home/tersoo/autonomous-robot-logging-with-ROS2-jazzy/myros2_ws/install/nav2_msgs/include/nav2_msgs/nav2_msgs/action/detail/wait__rosidl_typesupport_introspection_cpp.hpp
[81.900s] -- Installing: /home/tersoo/autonomous-robot-logging-with-ROS2-jazzy/myros2_ws/install/nav2_msgs/include/nav2_msgs/nav2_msgs/action/detail/undock_robot__type_support.cpp
[81.900s] -- Installing: /home/tersoo/autonomous-robot-logging-with-ROS2-jazzy/myros2_ws/install/nav2_msgs/include/nav2_msgs/nav2_msgs/action/detail/dummy_behavior__rosidl_typesupport_introspection_cpp.hpp
[81.900s] -- Up-to-date: /home/tersoo/autonomous-robot-logging-with-ROS2-jazzy/myros2_ws/install/nav2_msgs/include/nav2_msgs/nav2_msgs/srv
[81.901s] -- Up-to-date: /home/tersoo/autonomous-robot-logging-with-ROS2-jazzy/myros2_ws/install/nav2_msgs/include/nav2_msgs/nav2_msgs/srv/detail
[81.901s] -- Installing: /home/tersoo/autonomous-robot-logging-with-ROS2-jazzy/myros2_ws/install/nav2_msgs/include/nav2_msgs/nav2_msgs/srv/detail/get_cost__type_support.cpp
[81.901s] -- Installing: /home/tersoo/autonomous-robot-logging-with-ROS2-jazzy/myros2_ws/install/nav2_msgs/include/nav2_msgs/nav2_msgs/srv/detail/clear_costmap_except_region__type_support.cpp
[81.901s] -- Installing: /home/tersoo/autonomous-robot-logging-with-ROS2-jazzy/myros2_ws/install/nav2_msgs/include/nav2_msgs/nav2_msgs/srv/detail/clear_costmap_except_region__rosidl_typesupport_introspection_cpp.hpp
[81.901s] -- Installing: /home/tersoo/autonomous-robot-logging-with-ROS2-jazzy/myros2_ws/install/nav2_msgs/include/nav2_msgs/nav2_msgs/srv/detail/manage_lifecycle_nodes__type_support.cpp
[81.901s] -- Installing: /home/tersoo/autonomous-robot-logging-with-ROS2-jazzy/myros2_ws/install/nav2_msgs/include/nav2_msgs/nav2_msgs/srv/detail/clear_costmap_around_robot__rosidl_typesupport_introspection_cpp.hpp
[81.902s] -- Installing: /home/tersoo/autonomous-robot-logging-with-ROS2-jazzy/myros2_ws/install/nav2_msgs/include/nav2_msgs/nav2_msgs/srv/detail/load_map__rosidl_typesupport_introspection_cpp.hpp
[81.902s] -- Installing: /home/tersoo/autonomous-robot-logging-with-ROS2-jazzy/myros2_ws/install/nav2_msgs/include/nav2_msgs/nav2_msgs/srv/detail/clear_costmap_around_pose__type_support.cpp
[81.902s] -- Installing: /home/tersoo/autonomous-robot-logging-with-ROS2-jazzy/myros2_ws/install/nav2_msgs/include/nav2_msgs/nav2_msgs/srv/detail/set_initial_pose__type_support.cpp
[81.902s] -- Installing: /home/tersoo/autonomous-robot-logging-with-ROS2-jazzy/myros2_ws/install/nav2_msgs/include/nav2_msgs/nav2_msgs/srv/detail/save_map__rosidl_typesupport_introspection_cpp.hpp
[81.902s] -- Installing: /home/tersoo/autonomous-robot-logging-with-ROS2-jazzy/myros2_ws/install/nav2_msgs/include/nav2_msgs/nav2_msgs/srv/detail/clear_entire_costmap__type_support.cpp
[81.903s] -- Installing: /home/tersoo/autonomous-robot-logging-with-ROS2-jazzy/myros2_ws/install/nav2_msgs/include/nav2_msgs/nav2_msgs/srv/detail/reload_dock_database__type_support.cpp
[81.903s] -- Installing: /home/tersoo/autonomous-robot-logging-with-ROS2-jazzy/myros2_ws/install/nav2_msgs/include/nav2_msgs/nav2_msgs/srv/detail/set_initial_pose__rosidl_typesupport_introspection_cpp.hpp
[81.903s] -- Installing: /home/tersoo/autonomous-robot-logging-with-ROS2-jazzy/myros2_ws/install/nav2_msgs/include/nav2_msgs/nav2_msgs/srv/detail/get_cost__rosidl_typesupport_introspection_cpp.hpp
[81.903s] -- Installing: /home/tersoo/autonomous-robot-logging-with-ROS2-jazzy/myros2_ws/install/nav2_msgs/include/nav2_msgs/nav2_msgs/srv/detail/get_costmap__type_support.cpp
[81.903s] -- Installing: /home/tersoo/autonomous-robot-logging-with-ROS2-jazzy/myros2_ws/install/nav2_msgs/include/nav2_msgs/nav2_msgs/srv/detail/clear_costmap_around_pose__rosidl_typesupport_introspection_cpp.hpp
[81.904s] -- Installing: /home/tersoo/autonomous-robot-logging-with-ROS2-jazzy/myros2_ws/install/nav2_msgs/include/nav2_msgs/nav2_msgs/srv/detail/clear_entire_costmap__rosidl_typesupport_introspection_cpp.hpp
[81.904s] -- Installing: /home/tersoo/autonomous-robot-logging-with-ROS2-jazzy/myros2_ws/install/nav2_msgs/include/nav2_msgs/nav2_msgs/srv/detail/load_map__type_support.cpp
[81.904s] -- Installing: /home/tersoo/autonomous-robot-logging-with-ROS2-jazzy/myros2_ws/install/nav2_msgs/include/nav2_msgs/nav2_msgs/srv/detail/save_map__type_support.cpp
[81.904s] -- Installing: /home/tersoo/autonomous-robot-logging-with-ROS2-jazzy/myros2_ws/install/nav2_msgs/include/nav2_msgs/nav2_msgs/srv/detail/is_path_valid__rosidl_typesupport_introspection_cpp.hpp
[81.904s] -- Installing: /home/tersoo/autonomous-robot-logging-with-ROS2-jazzy/myros2_ws/install/nav2_msgs/include/nav2_msgs/nav2_msgs/srv/detail/clear_costmap_around_robot__type_support.cpp
[81.905s] -- Installing: /home/tersoo/autonomous-robot-logging-with-ROS2-jazzy/myros2_ws/install/nav2_msgs/include/nav2_msgs/nav2_msgs/srv/detail/is_path_valid__type_support.cpp
[81.905s] -- Installing: /home/tersoo/autonomous-robot-logging-with-ROS2-jazzy/myros2_ws/install/nav2_msgs/include/nav2_msgs/nav2_msgs/srv/detail/manage_lifecycle_nodes__rosidl_typesupport_introspection_cpp.hpp
[81.905s] -- Installing: /home/tersoo/autonomous-robot-logging-with-ROS2-jazzy/myros2_ws/install/nav2_msgs/include/nav2_msgs/nav2_msgs/srv/detail/get_costmap__rosidl_typesupport_introspection_cpp.hpp
[81.905s] -- Installing: /home/tersoo/autonomous-robot-logging-with-ROS2-jazzy/myros2_ws/install/nav2_msgs/include/nav2_msgs/nav2_msgs/srv/detail/reload_dock_database__rosidl_typesupport_introspection_cpp.hpp
[81.906s] -- Installing: /home/tersoo/autonomous-robot-logging-with-ROS2-jazzy/myros2_ws/install/nav2_msgs/lib/libnav2_msgs__rosidl_typesupport_introspection_cpp.so
[81.909s] -- Set non-toolchain portion of runtime path of "/home/tersoo/autonomous-robot-logging-with-ROS2-jazzy/myros2_ws/install/nav2_msgs/lib/libnav2_msgs__rosidl_typesupport_introspection_cpp.so" to ""
[81.909s] -- Installing: /home/tersoo/autonomous-robot-logging-with-ROS2-jazzy/myros2_ws/install/nav2_msgs/lib/libnav2_msgs__rosidl_typesupport_cpp.so
[81.911s] -- Set non-toolchain portion of runtime path of "/home/tersoo/autonomous-robot-logging-with-ROS2-jazzy/myros2_ws/install/nav2_msgs/lib/libnav2_msgs__rosidl_typesupport_cpp.so" to ""
[81.911s] -- Installing: /home/tersoo/autonomous-robot-logging-with-ROS2-jazzy/myros2_ws/install/nav2_msgs/share/nav2_msgs/environment/pythonpath.sh
[81.911s] -- Installing: /home/tersoo/autonomous-robot-logging-with-ROS2-jazzy/myros2_ws/install/nav2_msgs/share/nav2_msgs/environment/pythonpath.dsv
[81.911s] -- Installing: /home/tersoo/autonomous-robot-logging-with-ROS2-jazzy/myros2_ws/install/nav2_msgs/lib/python3.12/site-packages/nav2_msgs-1.3.7-py3.12.egg-info
[81.912s] -- Installing: /home/tersoo/autonomous-robot-logging-with-ROS2-jazzy/myros2_ws/install/nav2_msgs/lib/python3.12/site-packages/nav2_msgs-1.3.7-py3.12.egg-info/SOURCES.txt
[81.912s] -- Installing: /home/tersoo/autonomous-robot-logging-with-ROS2-jazzy/myros2_ws/install/nav2_msgs/lib/python3.12/site-packages/nav2_msgs-1.3.7-py3.12.egg-info/dependency_links.txt
[81.912s] -- Installing: /home/tersoo/autonomous-robot-logging-with-ROS2-jazzy/myros2_ws/install/nav2_msgs/lib/python3.12/site-packages/nav2_msgs-1.3.7-py3.12.egg-info/PKG-INFO
[81.912s] -- Installing: /home/tersoo/autonomous-robot-logging-with-ROS2-jazzy/myros2_ws/install/nav2_msgs/lib/python3.12/site-packages/nav2_msgs-1.3.7-py3.12.egg-info/top_level.txt
[81.912s] -- Installing: /home/tersoo/autonomous-robot-logging-with-ROS2-jazzy/myros2_ws/install/nav2_msgs/lib/python3.12/site-packages/nav2_msgs
[81.912s] -- Installing: /home/tersoo/autonomous-robot-logging-with-ROS2-jazzy/myros2_ws/install/nav2_msgs/lib/python3.12/site-packages/nav2_msgs/_nav2_msgs_s.ep.rosidl_typesupport_fastrtps_c.c
[81.914s] -- Installing: /home/tersoo/autonomous-robot-logging-with-ROS2-jazzy/myros2_ws/install/nav2_msgs/lib/python3.12/site-packages/nav2_msgs/msg
[81.914s] -- Installing: /home/tersoo/autonomous-robot-logging-with-ROS2-jazzy/myros2_ws/install/nav2_msgs/lib/python3.12/site-packages/nav2_msgs/msg/_collision_detector_state_s.c
[81.915s] -- Installing: /home/tersoo/autonomous-robot-logging-with-ROS2-jazzy/myros2_ws/install/nav2_msgs/lib/python3.12/site-packages/nav2_msgs/msg/_missed_waypoint_s.c
[81.915s] -- Installing: /home/tersoo/autonomous-robot-logging-with-ROS2-jazzy/myros2_ws/install/nav2_msgs/lib/python3.12/site-packages/nav2_msgs/msg/_collision_monitor_state_s.c
[81.915s] -- Installing: /home/tersoo/autonomous-robot-logging-with-ROS2-jazzy/myros2_ws/install/nav2_msgs/lib/python3.12/site-packages/nav2_msgs/msg/_particle_cloud.py
[81.915s] -- Installing: /home/tersoo/autonomous-robot-logging-with-ROS2-jazzy/myros2_ws/install/nav2_msgs/lib/python3.12/site-packages/nav2_msgs/msg/_costmap_update.py
[81.915s] -- Installing: /home/tersoo/autonomous-robot-logging-with-ROS2-jazzy/myros2_ws/install/nav2_msgs/lib/python3.12/site-packages/nav2_msgs/msg/_missed_waypoint.py
[81.916s] -- Installing: /home/tersoo/autonomous-robot-logging-with-ROS2-jazzy/myros2_ws/install/nav2_msgs/lib/python3.12/site-packages/nav2_msgs/msg/_costmap_filter_info.py
[81.916s] -- Installing: /home/tersoo/autonomous-robot-logging-with-ROS2-jazzy/myros2_ws/install/nav2_msgs/lib/python3.12/site-packages/nav2_msgs/msg/_behavior_tree_log_s.c
[81.916s] -- Installing: /home/tersoo/autonomous-robot-logging-with-ROS2-jazzy/myros2_ws/install/nav2_msgs/lib/python3.12/site-packages/nav2_msgs/msg/_behavior_tree_status_change.py
[81.916s] -- Installing: /home/tersoo/autonomous-robot-logging-with-ROS2-jazzy/myros2_ws/install/nav2_msgs/lib/python3.12/site-packages/nav2_msgs/msg/_particle.py
[81.916s] -- Installing: /home/tersoo/autonomous-robot-logging-with-ROS2-jazzy/myros2_ws/install/nav2_msgs/lib/python3.12/site-packages/nav2_msgs/msg/_costmap.py
[81.916s] -- Installing: /home/tersoo/autonomous-robot-logging-with-ROS2-jazzy/myros2_ws/install/nav2_msgs/lib/python3.12/site-packages/nav2_msgs/msg/_speed_limit_s.c
[81.917s] -- Installing: /home/tersoo/autonomous-robot-logging-with-ROS2-jazzy/myros2_ws/install/nav2_msgs/lib/python3.12/site-packages/nav2_msgs/msg/_particle_cloud_s.c
[81.917s] -- Installing: /home/tersoo/autonomous-robot-logging-with-ROS2-jazzy/myros2_ws/install/nav2_msgs/lib/python3.12/site-packages/nav2_msgs/msg/_behavior_tree_status_change_s.c
[81.917s] -- Installing: /home/tersoo/autonomous-robot-logging-with-ROS2-jazzy/myros2_ws/install/nav2_msgs/lib/python3.12/site-packages/nav2_msgs/msg/_particle_s.c
[81.917s] -- Installing: /home/tersoo/autonomous-robot-logging-with-ROS2-jazzy/myros2_ws/install/nav2_msgs/lib/python3.12/site-packages/nav2_msgs/msg/_speed_limit.py
[81.917s] -- Installing: /home/tersoo/autonomous-robot-logging-with-ROS2-jazzy/myros2_ws/install/nav2_msgs/lib/python3.12/site-packages/nav2_msgs/msg/_behavior_tree_log.py
[81.917s] -- Installing: /home/tersoo/autonomous-robot-logging-with-ROS2-jazzy/myros2_ws/install/nav2_msgs/lib/python3.12/site-packages/nav2_msgs/msg/_costmap_filter_info_s.c
[81.918s] -- Installing: /home/tersoo/autonomous-robot-logging-with-ROS2-jazzy/myros2_ws/install/nav2_msgs/lib/python3.12/site-packages/nav2_msgs/msg/_voxel_grid_s.c
[81.918s] -- Installing: /home/tersoo/autonomous-robot-logging-with-ROS2-jazzy/myros2_ws/install/nav2_msgs/lib/python3.12/site-packages/nav2_msgs/msg/__init__.py
[81.918s] -- Installing: /home/tersoo/autonomous-robot-logging-with-ROS2-jazzy/myros2_ws/install/nav2_msgs/lib/python3.12/site-packages/nav2_msgs/msg/_collision_detector_state.py
[81.918s] -- Installing: /home/tersoo/autonomous-robot-logging-with-ROS2-jazzy/myros2_ws/install/nav2_msgs/lib/python3.12/site-packages/nav2_msgs/msg/_costmap_meta_data_s.c
[81.918s] -- Installing: /home/tersoo/autonomous-robot-logging-with-ROS2-jazzy/myros2_ws/install/nav2_msgs/lib/python3.12/site-packages/nav2_msgs/msg/_collision_monitor_state.py
[81.918s] -- Installing: /home/tersoo/autonomous-robot-logging-with-ROS2-jazzy/myros2_ws/install/nav2_msgs/lib/python3.12/site-packages/nav2_msgs/msg/_costmap_s.c
[81.919s] -- Installing: /home/tersoo/autonomous-robot-logging-with-ROS2-jazzy/myros2_ws/install/nav2_msgs/lib/python3.12/site-packages/nav2_msgs/msg/_voxel_grid.py
[81.919s] -- Installing: /home/tersoo/autonomous-robot-logging-with-ROS2-jazzy/myros2_ws/install/nav2_msgs/lib/python3.12/site-packages/nav2_msgs/msg/_costmap_update_s.c
[81.919s] -- Installing: /home/tersoo/autonomous-robot-logging-with-ROS2-jazzy/myros2_ws/install/nav2_msgs/lib/python3.12/site-packages/nav2_msgs/msg/_costmap_meta_data.py
[81.919s] -- Installing: /home/tersoo/autonomous-robot-logging-with-ROS2-jazzy/myros2_ws/install/nav2_msgs/lib/python3.12/site-packages/nav2_msgs/action
[81.919s] -- Installing: /home/tersoo/autonomous-robot-logging-with-ROS2-jazzy/myros2_ws/install/nav2_msgs/lib/python3.12/site-packages/nav2_msgs/action/_assisted_teleop_s.c
[81.919s] -- Installing: /home/tersoo/autonomous-robot-logging-with-ROS2-jazzy/myros2_ws/install/nav2_msgs/lib/python3.12/site-packages/nav2_msgs/action/_follow_path.py
[81.920s] -- Installing: /home/tersoo/autonomous-robot-logging-with-ROS2-jazzy/myros2_ws/install/nav2_msgs/lib/python3.12/site-packages/nav2_msgs/action/_back_up.py
[81.920s] -- Installing: /home/tersoo/autonomous-robot-logging-with-ROS2-jazzy/myros2_ws/install/nav2_msgs/lib/python3.12/site-packages/nav2_msgs/action/_drive_on_heading.py
[81.920s] -- Installing: /home/tersoo/autonomous-robot-logging-with-ROS2-jazzy/myros2_ws/install/nav2_msgs/lib/python3.12/site-packages/nav2_msgs/action/_compute_path_through_poses.py
[81.920s] -- Installing: /home/tersoo/autonomous-robot-logging-with-ROS2-jazzy/myros2_ws/install/nav2_msgs/lib/python3.12/site-packages/nav2_msgs/action/_assisted_teleop.py
[81.921s] -- Installing: /home/tersoo/autonomous-robot-logging-with-ROS2-jazzy/myros2_ws/install/nav2_msgs/lib/python3.12/site-packages/nav2_msgs/action/_undock_robot_s.c
[81.921s] -- Installing: /home/tersoo/autonomous-robot-logging-with-ROS2-jazzy/myros2_ws/install/nav2_msgs/lib/python3.12/site-packages/nav2_msgs/action/_spin.py
[81.921s] -- Installing: /home/tersoo/autonomous-robot-logging-with-ROS2-jazzy/myros2_ws/install/nav2_msgs/lib/python3.12/site-packages/nav2_msgs/action/_navigate_through_poses.py
[81.921s] -- Installing: /home/tersoo/autonomous-robot-logging-with-ROS2-jazzy/myros2_ws/install/nav2_msgs/lib/python3.12/site-packages/nav2_msgs/action/_follow_path_s.c
[81.922s] -- Installing: /home/tersoo/autonomous-robot-logging-with-ROS2-jazzy/myros2_ws/install/nav2_msgs/lib/python3.12/site-packages/nav2_msgs/action/_follow_waypoints_s.c
[81.922s] -- Installing: /home/tersoo/autonomous-robot-logging-with-ROS2-jazzy/myros2_ws/install/nav2_msgs/lib/python3.12/site-packages/nav2_msgs/action/_compute_path_through_poses_s.c
[81.922s] -- Installing: /home/tersoo/autonomous-robot-logging-with-ROS2-jazzy/myros2_ws/install/nav2_msgs/lib/python3.12/site-packages/nav2_msgs/action/_back_up_s.c
[81.922s] -- Installing: /home/tersoo/autonomous-robot-logging-with-ROS2-jazzy/myros2_ws/install/nav2_msgs/lib/python3.12/site-packages/nav2_msgs/action/_wait_s.c
[81.923s] -- Installing: /home/tersoo/autonomous-robot-logging-with-ROS2-jazzy/myros2_ws/install/nav2_msgs/lib/python3.12/site-packages/nav2_msgs/action/_smooth_path_s.c
[81.923s] -- Installing: /home/tersoo/autonomous-robot-logging-with-ROS2-jazzy/myros2_ws/install/nav2_msgs/lib/python3.12/site-packages/nav2_msgs/action/_spin_s.c
[81.923s] -- Installing: /home/tersoo/autonomous-robot-logging-with-ROS2-jazzy/myros2_ws/install/nav2_msgs/lib/python3.12/site-packages/nav2_msgs/action/_smooth_path.py
[81.923s] -- Installing: /home/tersoo/autonomous-robot-logging-with-ROS2-jazzy/myros2_ws/install/nav2_msgs/lib/python3.12/site-packages/nav2_msgs/action/_navigate_to_pose.py
[81.924s] -- Installing: /home/tersoo/autonomous-robot-logging-with-ROS2-jazzy/myros2_ws/install/nav2_msgs/lib/python3.12/site-packages/nav2_msgs/action/_wait.py
[81.924s] -- Installing: /home/tersoo/autonomous-robot-logging-with-ROS2-jazzy/myros2_ws/install/nav2_msgs/lib/python3.12/site-packages/nav2_msgs/action/_compute_path_to_pose.py
[81.924s] -- Installing: /home/tersoo/autonomous-robot-logging-with-ROS2-jazzy/myros2_ws/install/nav2_msgs/lib/python3.12/site-packages/nav2_msgs/action/_dummy_behavior_s.c
[81.924s] -- Installing: /home/tersoo/autonomous-robot-logging-with-ROS2-jazzy/myros2_ws/install/nav2_msgs/lib/python3.12/site-packages/nav2_msgs/action/_drive_on_heading_s.c
[81.925s] -- Installing: /home/tersoo/autonomous-robot-logging-with-ROS2-jazzy/myros2_ws/install/nav2_msgs/lib/python3.12/site-packages/nav2_msgs/action/_follow_gps_waypoints.py
[81.925s] -- Installing: /home/tersoo/autonomous-robot-logging-with-ROS2-jazzy/myros2_ws/install/nav2_msgs/lib/python3.12/site-packages/nav2_msgs/action/__init__.py
[81.925s] -- Installing: /home/tersoo/autonomous-robot-logging-with-ROS2-jazzy/myros2_ws/install/nav2_msgs/lib/python3.12/site-packages/nav2_msgs/action/_follow_gps_waypoints_s.c
[81.925s] -- Installing: /home/tersoo/autonomous-robot-logging-with-ROS2-jazzy/myros2_ws/install/nav2_msgs/lib/python3.12/site-packages/nav2_msgs/action/_navigate_through_poses_s.c
[81.926s] -- Installing: /home/tersoo/autonomous-robot-logging-with-ROS2-jazzy/myros2_ws/install/nav2_msgs/lib/python3.12/site-packages/nav2_msgs/action/_navigate_to_pose_s.c
[81.926s] -- Installing: /home/tersoo/autonomous-robot-logging-with-ROS2-jazzy/myros2_ws/install/nav2_msgs/lib/python3.12/site-packages/nav2_msgs/action/_dock_robot_s.c
[81.926s] -- Installing: /home/tersoo/autonomous-robot-logging-with-ROS2-jazzy/myros2_ws/install/nav2_msgs/lib/python3.12/site-packages/nav2_msgs/action/_dock_robot.py
[81.926s] -- Installing: /home/tersoo/autonomous-robot-logging-with-ROS2-jazzy/myros2_ws/install/nav2_msgs/lib/python3.12/site-packages/nav2_msgs/action/_undock_robot.py
[81.927s] -- Installing: /home/tersoo/autonomous-robot-logging-with-ROS2-jazzy/myros2_ws/install/nav2_msgs/lib/python3.12/site-packages/nav2_msgs/action/_dummy_behavior.py
[81.927s] -- Installing: /home/tersoo/autonomous-robot-logging-with-ROS2-jazzy/myros2_ws/install/nav2_msgs/lib/python3.12/site-packages/nav2_msgs/action/_follow_waypoints.py
[81.927s] -- Installing: /home/tersoo/autonomous-robot-logging-with-ROS2-jazzy/myros2_ws/install/nav2_msgs/lib/python3.12/site-packages/nav2_msgs/action/_compute_path_to_pose_s.c
[81.927s] -- Installing: /home/tersoo/autonomous-robot-logging-with-ROS2-jazzy/myros2_ws/install/nav2_msgs/lib/python3.12/site-packages/nav2_msgs/srv
[81.927s] -- Installing: /home/tersoo/autonomous-robot-logging-with-ROS2-jazzy/myros2_ws/install/nav2_msgs/lib/python3.12/site-packages/nav2_msgs/srv/_clear_entire_costmap_s.c
[81.928s] -- Installing: /home/tersoo/autonomous-robot-logging-with-ROS2-jazzy/myros2_ws/install/nav2_msgs/lib/python3.12/site-packages/nav2_msgs/srv/_clear_costmap_around_pose_s.c
[81.928s] -- Installing: /home/tersoo/autonomous-robot-logging-with-ROS2-jazzy/myros2_ws/install/nav2_msgs/lib/python3.12/site-packages/nav2_msgs/srv/_get_cost.py
[81.928s] -- Installing: /home/tersoo/autonomous-robot-logging-with-ROS2-jazzy/myros2_ws/install/nav2_msgs/lib/python3.12/site-packages/nav2_msgs/srv/_reload_dock_database.py
[81.928s] -- Installing: /home/tersoo/autonomous-robot-logging-with-ROS2-jazzy/myros2_ws/install/nav2_msgs/lib/python3.12/site-packages/nav2_msgs/srv/_save_map_s.c
[81.928s] -- Installing: /home/tersoo/autonomous-robot-logging-with-ROS2-jazzy/myros2_ws/install/nav2_msgs/lib/python3.12/site-packages/nav2_msgs/srv/_load_map_s.c
[81.929s] -- Installing: /home/tersoo/autonomous-robot-logging-with-ROS2-jazzy/myros2_ws/install/nav2_msgs/lib/python3.12/site-packages/nav2_msgs/srv/_clear_costmap_around_pose.py
[81.929s] -- Installing: /home/tersoo/autonomous-robot-logging-with-ROS2-jazzy/myros2_ws/install/nav2_msgs/lib/python3.12/site-packages/nav2_msgs/srv/_get_costmap_s.c
[81.929s] -- Installing: /home/tersoo/autonomous-robot-logging-with-ROS2-jazzy/myros2_ws/install/nav2_msgs/lib/python3.12/site-packages/nav2_msgs/srv/_set_initial_pose.py
[81.929s] -- Installing: /home/tersoo/autonomous-robot-logging-with-ROS2-jazzy/myros2_ws/install/nav2_msgs/lib/python3.12/site-packages/nav2_msgs/srv/_save_map.py
[81.929s] -- Installing: /home/tersoo/autonomous-robot-logging-with-ROS2-jazzy/myros2_ws/install/nav2_msgs/lib/python3.12/site-packages/nav2_msgs/srv/_get_costmap.py
[81.930s] -- Installing: /home/tersoo/autonomous-robot-logging-with-ROS2-jazzy/myros2_ws/install/nav2_msgs/lib/python3.12/site-packages/nav2_msgs/srv/_clear_costmap_around_robot.py
[81.930s] -- Installing: /home/tersoo/autonomous-robot-logging-with-ROS2-jazzy/myros2_ws/install/nav2_msgs/lib/python3.12/site-packages/nav2_msgs/srv/_get_cost_s.c
[81.930s] -- Installing: /home/tersoo/autonomous-robot-logging-with-ROS2-jazzy/myros2_ws/install/nav2_msgs/lib/python3.12/site-packages/nav2_msgs/srv/_reload_dock_database_s.c
[81.930s] -- Installing: /home/tersoo/autonomous-robot-logging-with-ROS2-jazzy/myros2_ws/install/nav2_msgs/lib/python3.12/site-packages/nav2_msgs/srv/_is_path_valid_s.c
[81.930s] -- Installing: /home/tersoo/autonomous-robot-logging-with-ROS2-jazzy/myros2_ws/install/nav2_msgs/lib/python3.12/site-packages/nav2_msgs/srv/_clear_entire_costmap.py
[81.931s] -- Installing: /home/tersoo/autonomous-robot-logging-with-ROS2-jazzy/myros2_ws/install/nav2_msgs/lib/python3.12/site-packages/nav2_msgs/srv/__init__.py
[81.931s] -- Installing: /home/tersoo/autonomous-robot-logging-with-ROS2-jazzy/myros2_ws/install/nav2_msgs/lib/python3.12/site-packages/nav2_msgs/srv/_clear_costmap_around_robot_s.c
[81.931s] -- Installing: /home/tersoo/autonomous-robot-logging-with-ROS2-jazzy/myros2_ws/install/nav2_msgs/lib/python3.12/site-packages/nav2_msgs/srv/_manage_lifecycle_nodes_s.c
[81.931s] -- Installing: /home/tersoo/autonomous-robot-logging-with-ROS2-jazzy/myros2_ws/install/nav2_msgs/lib/python3.12/site-packages/nav2_msgs/srv/_clear_costmap_except_region.py
[81.931s] -- Installing: /home/tersoo/autonomous-robot-logging-with-ROS2-jazzy/myros2_ws/install/nav2_msgs/lib/python3.12/site-packages/nav2_msgs/srv/_manage_lifecycle_nodes.py
[81.931s] -- Installing: /home/tersoo/autonomous-robot-logging-with-ROS2-jazzy/myros2_ws/install/nav2_msgs/lib/python3.12/site-packages/nav2_msgs/srv/_clear_costmap_except_region_s.c
[81.932s] -- Installing: /home/tersoo/autonomous-robot-logging-with-ROS2-jazzy/myros2_ws/install/nav2_msgs/lib/python3.12/site-packages/nav2_msgs/srv/_set_initial_pose_s.c
[81.932s] -- Installing: /home/tersoo/autonomous-robot-logging-with-ROS2-jazzy/myros2_ws/install/nav2_msgs/lib/python3.12/site-packages/nav2_msgs/srv/_is_path_valid.py
[81.932s] -- Installing: /home/tersoo/autonomous-robot-logging-with-ROS2-jazzy/myros2_ws/install/nav2_msgs/lib/python3.12/site-packages/nav2_msgs/srv/_load_map.py
[81.932s] -- Installing: /home/tersoo/autonomous-robot-logging-with-ROS2-jazzy/myros2_ws/install/nav2_msgs/lib/python3.12/site-packages/nav2_msgs/nav2_msgs_s__rosidl_typesupport_c.so
[81.933s] -- Installing: /home/tersoo/autonomous-robot-logging-with-ROS2-jazzy/myros2_ws/install/nav2_msgs/lib/python3.12/site-packages/nav2_msgs/nav2_msgs_s__rosidl_typesupport_fastrtps_c.so
[81.934s] -- Installing: /home/tersoo/autonomous-robot-logging-with-ROS2-jazzy/myros2_ws/install/nav2_msgs/lib/python3.12/site-packages/nav2_msgs/_nav2_msgs_s.ep.rosidl_typesupport_introspection_c.c
[81.936s] -- Installing: /home/tersoo/autonomous-robot-logging-with-ROS2-jazzy/myros2_ws/install/nav2_msgs/lib/python3.12/site-packages/nav2_msgs/__init__.py
[81.936s] -- Installing: /home/tersoo/autonomous-robot-logging-with-ROS2-jazzy/myros2_ws/install/nav2_msgs/lib/python3.12/site-packages/nav2_msgs/nav2_msgs_s__rosidl_typesupport_introspection_c.so
[81.937s] -- Installing: /home/tersoo/autonomous-robot-logging-with-ROS2-jazzy/myros2_ws/install/nav2_msgs/lib/python3.12/site-packages/nav2_msgs/_nav2_msgs_s.ep.rosidl_typesupport_c.c
[82.276s] Listing '/home/tersoo/autonomous-robot-logging-with-ROS2-jazzy/myros2_ws/install/nav2_msgs/lib/python3.12/site-packages/nav2_msgs'...
[82.276s] Compiling '/home/tersoo/autonomous-robot-logging-with-ROS2-jazzy/myros2_ws/install/nav2_msgs/lib/python3.12/site-packages/nav2_msgs/__init__.py'...
[82.277s] Listing '/home/tersoo/autonomous-robot-logging-with-ROS2-jazzy/myros2_ws/install/nav2_msgs/lib/python3.12/site-packages/nav2_msgs/action'...
[82.277s] Compiling '/home/tersoo/autonomous-robot-logging-with-ROS2-jazzy/myros2_ws/install/nav2_msgs/lib/python3.12/site-packages/nav2_msgs/action/__init__.py'...
[82.277s] Compiling '/home/tersoo/autonomous-robot-logging-with-ROS2-jazzy/myros2_ws/install/nav2_msgs/lib/python3.12/site-packages/nav2_msgs/action/_assisted_teleop.py'...
[82.277s] Compiling '/home/tersoo/autonomous-robot-logging-with-ROS2-jazzy/myros2_ws/install/nav2_msgs/lib/python3.12/site-packages/nav2_msgs/action/_back_up.py'...
[82.278s] Compiling '/home/tersoo/autonomous-robot-logging-with-ROS2-jazzy/myros2_ws/install/nav2_msgs/lib/python3.12/site-packages/nav2_msgs/action/_compute_path_through_poses.py'...
[82.278s] Compiling '/home/tersoo/autonomous-robot-logging-with-ROS2-jazzy/myros2_ws/install/nav2_msgs/lib/python3.12/site-packages/nav2_msgs/action/_compute_path_to_pose.py'...
[82.278s] Compiling '/home/tersoo/autonomous-robot-logging-with-ROS2-jazzy/myros2_ws/install/nav2_msgs/lib/python3.12/site-packages/nav2_msgs/action/_dock_robot.py'...
[82.279s] Compiling '/home/tersoo/autonomous-robot-logging-with-ROS2-jazzy/myros2_ws/install/nav2_msgs/lib/python3.12/site-packages/nav2_msgs/action/_drive_on_heading.py'...
[82.279s] Compiling '/home/tersoo/autonomous-robot-logging-with-ROS2-jazzy/myros2_ws/install/nav2_msgs/lib/python3.12/site-packages/nav2_msgs/action/_dummy_behavior.py'...
[82.279s] Compiling '/home/tersoo/autonomous-robot-logging-with-ROS2-jazzy/myros2_ws/install/nav2_msgs/lib/python3.12/site-packages/nav2_msgs/action/_follow_gps_waypoints.py'...
[82.279s] Compiling '/home/tersoo/autonomous-robot-logging-with-ROS2-jazzy/myros2_ws/install/nav2_msgs/lib/python3.12/site-packages/nav2_msgs/action/_follow_path.py'...
[82.280s] Compiling '/home/tersoo/autonomous-robot-logging-with-ROS2-jazzy/myros2_ws/install/nav2_msgs/lib/python3.12/site-packages/nav2_msgs/action/_follow_waypoints.py'...
[82.280s] Compiling '/home/tersoo/autonomous-robot-logging-with-ROS2-jazzy/myros2_ws/install/nav2_msgs/lib/python3.12/site-packages/nav2_msgs/action/_navigate_through_poses.py'...
[82.280s] Compiling '/home/tersoo/autonomous-robot-logging-with-ROS2-jazzy/myros2_ws/install/nav2_msgs/lib/python3.12/site-packages/nav2_msgs/action/_navigate_to_pose.py'...
[82.280s] Compiling '/home/tersoo/autonomous-robot-logging-with-ROS2-jazzy/myros2_ws/install/nav2_msgs/lib/python3.12/site-packages/nav2_msgs/action/_smooth_path.py'...
[82.281s] Compiling '/home/tersoo/autonomous-robot-logging-with-ROS2-jazzy/myros2_ws/install/nav2_msgs/lib/python3.12/site-packages/nav2_msgs/action/_spin.py'...
[82.281s] Compiling '/home/tersoo/autonomous-robot-logging-with-ROS2-jazzy/myros2_ws/install/nav2_msgs/lib/python3.12/site-packages/nav2_msgs/action/_undock_robot.py'...
[82.281s] Compiling '/home/tersoo/autonomous-robot-logging-with-ROS2-jazzy/myros2_ws/install/nav2_msgs/lib/python3.12/site-packages/nav2_msgs/action/_wait.py'...
[82.281s] Listing '/home/tersoo/autonomous-robot-logging-with-ROS2-jazzy/myros2_ws/install/nav2_msgs/lib/python3.12/site-packages/nav2_msgs/msg'...
[82.282s] Compiling '/home/tersoo/autonomous-robot-logging-with-ROS2-jazzy/myros2_ws/install/nav2_msgs/lib/python3.12/site-packages/nav2_msgs/msg/__init__.py'...
[82.282s] Compiling '/home/tersoo/autonomous-robot-logging-with-ROS2-jazzy/myros2_ws/install/nav2_msgs/lib/python3.12/site-packages/nav2_msgs/msg/_behavior_tree_log.py'...
[82.282s] Compiling '/home/tersoo/autonomous-robot-logging-with-ROS2-jazzy/myros2_ws/install/nav2_msgs/lib/python3.12/site-packages/nav2_msgs/msg/_behavior_tree_status_change.py'...
[82.282s] Compiling '/home/tersoo/autonomous-robot-logging-with-ROS2-jazzy/myros2_ws/install/nav2_msgs/lib/python3.12/site-packages/nav2_msgs/msg/_collision_detector_state.py'...
[82.283s] Compiling '/home/tersoo/autonomous-robot-logging-with-ROS2-jazzy/myros2_ws/install/nav2_msgs/lib/python3.12/site-packages/nav2_msgs/msg/_collision_monitor_state.py'...
[82.283s] Compiling '/home/tersoo/autonomous-robot-logging-with-ROS2-jazzy/myros2_ws/install/nav2_msgs/lib/python3.12/site-packages/nav2_msgs/msg/_costmap.py'...
[82.283s] Compiling '/home/tersoo/autonomous-robot-logging-with-ROS2-jazzy/myros2_ws/install/nav2_msgs/lib/python3.12/site-packages/nav2_msgs/msg/_costmap_filter_info.py'...
[82.283s] Compiling '/home/tersoo/autonomous-robot-logging-with-ROS2-jazzy/myros2_ws/install/nav2_msgs/lib/python3.12/site-packages/nav2_msgs/msg/_costmap_meta_data.py'...
[82.284s] Compiling '/home/tersoo/autonomous-robot-logging-with-ROS2-jazzy/myros2_ws/install/nav2_msgs/lib/python3.12/site-packages/nav2_msgs/msg/_costmap_update.py'...
[82.284s] Compiling '/home/tersoo/autonomous-robot-logging-with-ROS2-jazzy/myros2_ws/install/nav2_msgs/lib/python3.12/site-packages/nav2_msgs/msg/_missed_waypoint.py'...
[82.284s] Compiling '/home/tersoo/autonomous-robot-logging-with-ROS2-jazzy/myros2_ws/install/nav2_msgs/lib/python3.12/site-packages/nav2_msgs/msg/_particle.py'...
[82.284s] Compiling '/home/tersoo/autonomous-robot-logging-with-ROS2-jazzy/myros2_ws/install/nav2_msgs/lib/python3.12/site-packages/nav2_msgs/msg/_particle_cloud.py'...
[82.285s] Compiling '/home/tersoo/autonomous-robot-logging-with-ROS2-jazzy/myros2_ws/install/nav2_msgs/lib/python3.12/site-packages/nav2_msgs/msg/_speed_limit.py'...
[82.285s] Compiling '/home/tersoo/autonomous-robot-logging-with-ROS2-jazzy/myros2_ws/install/nav2_msgs/lib/python3.12/site-packages/nav2_msgs/msg/_voxel_grid.py'...
[82.285s] Listing '/home/tersoo/autonomous-robot-logging-with-ROS2-jazzy/myros2_ws/install/nav2_msgs/lib/python3.12/site-packages/nav2_msgs/srv'...
[82.285s] Compiling '/home/tersoo/autonomous-robot-logging-with-ROS2-jazzy/myros2_ws/install/nav2_msgs/lib/python3.12/site-packages/nav2_msgs/srv/__init__.py'...
[82.286s] Compiling '/home/tersoo/autonomous-robot-logging-with-ROS2-jazzy/myros2_ws/install/nav2_msgs/lib/python3.12/site-packages/nav2_msgs/srv/_clear_costmap_around_pose.py'...
[82.286s] Compiling '/home/tersoo/autonomous-robot-logging-with-ROS2-jazzy/myros2_ws/install/nav2_msgs/lib/python3.12/site-packages/nav2_msgs/srv/_clear_costmap_around_robot.py'...
[82.286s] Compiling '/home/tersoo/autonomous-robot-logging-with-ROS2-jazzy/myros2_ws/install/nav2_msgs/lib/python3.12/site-packages/nav2_msgs/srv/_clear_costmap_except_region.py'...
[82.287s] Compiling '/home/tersoo/autonomous-robot-logging-with-ROS2-jazzy/myros2_ws/install/nav2_msgs/lib/python3.12/site-packages/nav2_msgs/srv/_clear_entire_costmap.py'...
[82.287s] Compiling '/home/tersoo/autonomous-robot-logging-with-ROS2-jazzy/myros2_ws/install/nav2_msgs/lib/python3.12/site-packages/nav2_msgs/srv/_get_cost.py'...
[82.287s] Compiling '/home/tersoo/autonomous-robot-logging-with-ROS2-jazzy/myros2_ws/install/nav2_msgs/lib/python3.12/site-packages/nav2_msgs/srv/_get_costmap.py'...
[82.287s] Compiling '/home/tersoo/autonomous-robot-logging-with-ROS2-jazzy/myros2_ws/install/nav2_msgs/lib/python3.12/site-packages/nav2_msgs/srv/_is_path_valid.py'...
[82.288s] Compiling '/home/tersoo/autonomous-robot-logging-with-ROS2-jazzy/myros2_ws/install/nav2_msgs/lib/python3.12/site-packages/nav2_msgs/srv/_load_map.py'...
[82.288s] Compiling '/home/tersoo/autonomous-robot-logging-with-ROS2-jazzy/myros2_ws/install/nav2_msgs/lib/python3.12/site-packages/nav2_msgs/srv/_manage_lifecycle_nodes.py'...
[82.288s] Compiling '/home/tersoo/autonomous-robot-logging-with-ROS2-jazzy/myros2_ws/install/nav2_msgs/lib/python3.12/site-packages/nav2_msgs/srv/_reload_dock_database.py'...
[82.288s] Compiling '/home/tersoo/autonomous-robot-logging-with-ROS2-jazzy/myros2_ws/install/nav2_msgs/lib/python3.12/site-packages/nav2_msgs/srv/_save_map.py'...
[82.289s] Compiling '/home/tersoo/autonomous-robot-logging-with-ROS2-jazzy/myros2_ws/install/nav2_msgs/lib/python3.12/site-packages/nav2_msgs/srv/_set_initial_pose.py'...
[82.289s] -- Installing: /home/tersoo/autonomous-robot-logging-with-ROS2-jazzy/myros2_ws/install/nav2_msgs/lib/python3.12/site-packages/nav2_msgs/nav2_msgs_s__rosidl_typesupport_fastrtps_c.so
[82.289s] -- Set non-toolchain portion of runtime path of "/home/tersoo/autonomous-robot-logging-with-ROS2-jazzy/myros2_ws/install/nav2_msgs/lib/python3.12/site-packages/nav2_msgs/nav2_msgs_s__rosidl_typesupport_fastrtps_c.so" to ""
[82.290s] -- Installing: /home/tersoo/autonomous-robot-logging-with-ROS2-jazzy/myros2_ws/install/nav2_msgs/lib/python3.12/site-packages/nav2_msgs/nav2_msgs_s__rosidl_typesupport_introspection_c.so
[82.290s] -- Set non-toolchain portion of runtime path of "/home/tersoo/autonomous-robot-logging-with-ROS2-jazzy/myros2_ws/install/nav2_msgs/lib/python3.12/site-packages/nav2_msgs/nav2_msgs_s__rosidl_typesupport_introspection_c.so" to ""
[82.290s] -- Installing: /home/tersoo/autonomous-robot-logging-with-ROS2-jazzy/myros2_ws/install/nav2_msgs/lib/python3.12/site-packages/nav2_msgs/nav2_msgs_s__rosidl_typesupport_c.so
[82.290s] -- Set non-toolchain portion of runtime path of "/home/tersoo/autonomous-robot-logging-with-ROS2-jazzy/myros2_ws/install/nav2_msgs/lib/python3.12/site-packages/nav2_msgs/nav2_msgs_s__rosidl_typesupport_c.so" to ""
[82.291s] -- Installing: /home/tersoo/autonomous-robot-logging-with-ROS2-jazzy/myros2_ws/install/nav2_msgs/lib/libnav2_msgs__rosidl_generator_py.so
[82.291s] -- Set non-toolchain portion of runtime path of "/home/tersoo/autonomous-robot-logging-with-ROS2-jazzy/myros2_ws/install/nav2_msgs/lib/libnav2_msgs__rosidl_generator_py.so" to ""
[82.291s] -- Installing: /home/tersoo/autonomous-robot-logging-with-ROS2-jazzy/myros2_ws/install/nav2_msgs/share/nav2_msgs/msg/CollisionMonitorState.idl
[82.292s] -- Installing: /home/tersoo/autonomous-robot-logging-with-ROS2-jazzy/myros2_ws/install/nav2_msgs/share/nav2_msgs/msg/CollisionDetectorState.idl
[82.292s] -- Installing: /home/tersoo/autonomous-robot-logging-with-ROS2-jazzy/myros2_ws/install/nav2_msgs/share/nav2_msgs/msg/Costmap.idl
[82.292s] -- Installing: /home/tersoo/autonomous-robot-logging-with-ROS2-jazzy/myros2_ws/install/nav2_msgs/share/nav2_msgs/msg/CostmapMetaData.idl
[82.292s] -- Installing: /home/tersoo/autonomous-robot-logging-with-ROS2-jazzy/myros2_ws/install/nav2_msgs/share/nav2_msgs/msg/CostmapUpdate.idl
[82.293s] -- Installing: /home/tersoo/autonomous-robot-logging-with-ROS2-jazzy/myros2_ws/install/nav2_msgs/share/nav2_msgs/msg/CostmapFilterInfo.idl
[82.293s] -- Installing: /home/tersoo/autonomous-robot-logging-with-ROS2-jazzy/myros2_ws/install/nav2_msgs/share/nav2_msgs/msg/SpeedLimit.idl
[82.293s] -- Installing: /home/tersoo/autonomous-robot-logging-with-ROS2-jazzy/myros2_ws/install/nav2_msgs/share/nav2_msgs/msg/VoxelGrid.idl
[82.294s] -- Installing: /home/tersoo/autonomous-robot-logging-with-ROS2-jazzy/myros2_ws/install/nav2_msgs/share/nav2_msgs/msg/BehaviorTreeStatusChange.idl
[82.294s] -- Installing: /home/tersoo/autonomous-robot-logging-with-ROS2-jazzy/myros2_ws/install/nav2_msgs/share/nav2_msgs/msg/BehaviorTreeLog.idl
[82.294s] -- Installing: /home/tersoo/autonomous-robot-logging-with-ROS2-jazzy/myros2_ws/install/nav2_msgs/share/nav2_msgs/msg/Particle.idl
[82.295s] -- Installing: /home/tersoo/autonomous-robot-logging-with-ROS2-jazzy/myros2_ws/install/nav2_msgs/share/nav2_msgs/msg/ParticleCloud.idl
[82.295s] -- Installing: /home/tersoo/autonomous-robot-logging-with-ROS2-jazzy/myros2_ws/install/nav2_msgs/share/nav2_msgs/msg/MissedWaypoint.idl
[82.295s] -- Installing: /home/tersoo/autonomous-robot-logging-with-ROS2-jazzy/myros2_ws/install/nav2_msgs/share/nav2_msgs/srv/GetCost.idl
[82.295s] -- Installing: /home/tersoo/autonomous-robot-logging-with-ROS2-jazzy/myros2_ws/install/nav2_msgs/share/nav2_msgs/srv/GetCostmap.idl
[82.296s] -- Installing: /home/tersoo/autonomous-robot-logging-with-ROS2-jazzy/myros2_ws/install/nav2_msgs/share/nav2_msgs/srv/IsPathValid.idl
[82.296s] -- Installing: /home/tersoo/autonomous-robot-logging-with-ROS2-jazzy/myros2_ws/install/nav2_msgs/share/nav2_msgs/srv/ClearCostmapExceptRegion.idl
[82.296s] -- Installing: /home/tersoo/autonomous-robot-logging-with-ROS2-jazzy/myros2_ws/install/nav2_msgs/share/nav2_msgs/srv/ClearCostmapAroundRobot.idl
[82.297s] -- Installing: /home/tersoo/autonomous-robot-logging-with-ROS2-jazzy/myros2_ws/install/nav2_msgs/share/nav2_msgs/srv/ClearCostmapAroundPose.idl
[82.297s] -- Installing: /home/tersoo/autonomous-robot-logging-with-ROS2-jazzy/myros2_ws/install/nav2_msgs/share/nav2_msgs/srv/ClearEntireCostmap.idl
[82.297s] -- Installing: /home/tersoo/autonomous-robot-logging-with-ROS2-jazzy/myros2_ws/install/nav2_msgs/share/nav2_msgs/srv/ManageLifecycleNodes.idl
[82.298s] -- Installing: /home/tersoo/autonomous-robot-logging-with-ROS2-jazzy/myros2_ws/install/nav2_msgs/share/nav2_msgs/srv/LoadMap.idl
[82.298s] -- Installing: /home/tersoo/autonomous-robot-logging-with-ROS2-jazzy/myros2_ws/install/nav2_msgs/share/nav2_msgs/srv/SaveMap.idl
[82.298s] -- Installing: /home/tersoo/autonomous-robot-logging-with-ROS2-jazzy/myros2_ws/install/nav2_msgs/share/nav2_msgs/srv/SetInitialPose.idl
[82.298s] -- Installing: /home/tersoo/autonomous-robot-logging-with-ROS2-jazzy/myros2_ws/install/nav2_msgs/share/nav2_msgs/srv/ReloadDockDatabase.idl
[82.299s] -- Installing: /home/tersoo/autonomous-robot-logging-with-ROS2-jazzy/myros2_ws/install/nav2_msgs/share/nav2_msgs/action/AssistedTeleop.idl
[82.299s] -- Installing: /home/tersoo/autonomous-robot-logging-with-ROS2-jazzy/myros2_ws/install/nav2_msgs/share/nav2_msgs/action/BackUp.idl
[82.299s] -- Installing: /home/tersoo/autonomous-robot-logging-with-ROS2-jazzy/myros2_ws/install/nav2_msgs/share/nav2_msgs/action/ComputePathToPose.idl
[82.300s] -- Installing: /home/tersoo/autonomous-robot-logging-with-ROS2-jazzy/myros2_ws/install/nav2_msgs/share/nav2_msgs/action/ComputePathThroughPoses.idl
[82.300s] -- Installing: /home/tersoo/autonomous-robot-logging-with-ROS2-jazzy/myros2_ws/install/nav2_msgs/share/nav2_msgs/action/DriveOnHeading.idl
[82.300s] -- Installing: /home/tersoo/autonomous-robot-logging-with-ROS2-jazzy/myros2_ws/install/nav2_msgs/share/nav2_msgs/action/SmoothPath.idl
[82.300s] -- Installing: /home/tersoo/autonomous-robot-logging-with-ROS2-jazzy/myros2_ws/install/nav2_msgs/share/nav2_msgs/action/FollowPath.idl
[82.301s] -- Installing: /home/tersoo/autonomous-robot-logging-with-ROS2-jazzy/myros2_ws/install/nav2_msgs/share/nav2_msgs/action/NavigateToPose.idl
[82.301s] -- Installing: /home/tersoo/autonomous-robot-logging-with-ROS2-jazzy/myros2_ws/install/nav2_msgs/share/nav2_msgs/action/NavigateThroughPoses.idl
[82.301s] -- Installing: /home/tersoo/autonomous-robot-logging-with-ROS2-jazzy/myros2_ws/install/nav2_msgs/share/nav2_msgs/action/Wait.idl
[82.302s] -- Installing: /home/tersoo/autonomous-robot-logging-with-ROS2-jazzy/myros2_ws/install/nav2_msgs/share/nav2_msgs/action/Spin.idl
[82.302s] -- Installing: /home/tersoo/autonomous-robot-logging-with-ROS2-jazzy/myros2_ws/install/nav2_msgs/share/nav2_msgs/action/DummyBehavior.idl
[82.302s] -- Installing: /home/tersoo/autonomous-robot-logging-with-ROS2-jazzy/myros2_ws/install/nav2_msgs/share/nav2_msgs/action/FollowWaypoints.idl
[82.302s] -- Installing: /home/tersoo/autonomous-robot-logging-with-ROS2-jazzy/myros2_ws/install/nav2_msgs/share/nav2_msgs/action/FollowGPSWaypoints.idl
[82.303s] -- Installing: /home/tersoo/autonomous-robot-logging-with-ROS2-jazzy/myros2_ws/install/nav2_msgs/share/nav2_msgs/action/DockRobot.idl
[82.303s] -- Installing: /home/tersoo/autonomous-robot-logging-with-ROS2-jazzy/myros2_ws/install/nav2_msgs/share/nav2_msgs/action/UndockRobot.idl
[82.303s] -- Installing: /home/tersoo/autonomous-robot-logging-with-ROS2-jazzy/myros2_ws/install/nav2_msgs/share/nav2_msgs/msg/CollisionMonitorState.msg
[82.304s] -- Installing: /home/tersoo/autonomous-robot-logging-with-ROS2-jazzy/myros2_ws/install/nav2_msgs/share/nav2_msgs/msg/CollisionDetectorState.msg
[82.304s] -- Installing: /home/tersoo/autonomous-robot-logging-with-ROS2-jazzy/myros2_ws/install/nav2_msgs/share/nav2_msgs/msg/Costmap.msg
[82.305s] -- Installing: /home/tersoo/autonomous-robot-logging-with-ROS2-jazzy/myros2_ws/install/nav2_msgs/share/nav2_msgs/msg/CostmapMetaData.msg
[82.305s] -- Installing: /home/tersoo/autonomous-robot-logging-with-ROS2-jazzy/myros2_ws/install/nav2_msgs/share/nav2_msgs/msg/CostmapUpdate.msg
[82.306s] -- Installing: /home/tersoo/autonomous-robot-logging-with-ROS2-jazzy/myros2_ws/install/nav2_msgs/share/nav2_msgs/msg/CostmapFilterInfo.msg
[82.306s] -- Installing: /home/tersoo/autonomous-robot-logging-with-ROS2-jazzy/myros2_ws/install/nav2_msgs/share/nav2_msgs/msg/SpeedLimit.msg
[82.306s] -- Installing: /home/tersoo/autonomous-robot-logging-with-ROS2-jazzy/myros2_ws/install/nav2_msgs/share/nav2_msgs/msg/VoxelGrid.msg
[82.307s] -- Installing: /home/tersoo/autonomous-robot-logging-with-ROS2-jazzy/myros2_ws/install/nav2_msgs/share/nav2_msgs/msg/BehaviorTreeStatusChange.msg
[82.307s] -- Installing: /home/tersoo/autonomous-robot-logging-with-ROS2-jazzy/myros2_ws/install/nav2_msgs/share/nav2_msgs/msg/BehaviorTreeLog.msg
[82.308s] -- Installing: /home/tersoo/autonomous-robot-logging-with-ROS2-jazzy/myros2_ws/install/nav2_msgs/share/nav2_msgs/msg/Particle.msg
[82.308s] -- Installing: /home/tersoo/autonomous-robot-logging-with-ROS2-jazzy/myros2_ws/install/nav2_msgs/share/nav2_msgs/msg/ParticleCloud.msg
[82.309s] -- Installing: /home/tersoo/autonomous-robot-logging-with-ROS2-jazzy/myros2_ws/install/nav2_msgs/share/nav2_msgs/msg/MissedWaypoint.msg
[82.309s] -- Installing: /home/tersoo/autonomous-robot-logging-with-ROS2-jazzy/myros2_ws/install/nav2_msgs/share/nav2_msgs/srv/GetCost.srv
[82.309s] -- Installing: /home/tersoo/autonomous-robot-logging-with-ROS2-jazzy/myros2_ws/install/nav2_msgs/share/nav2_msgs/srv/GetCostmap.srv
[82.310s] -- Installing: /home/tersoo/autonomous-robot-logging-with-ROS2-jazzy/myros2_ws/install/nav2_msgs/share/nav2_msgs/srv/IsPathValid.srv
[82.310s] -- Installing: /home/tersoo/autonomous-robot-logging-with-ROS2-jazzy/myros2_ws/install/nav2_msgs/share/nav2_msgs/srv/ClearCostmapExceptRegion.srv
[82.310s] -- Installing: /home/tersoo/autonomous-robot-logging-with-ROS2-jazzy/myros2_ws/install/nav2_msgs/share/nav2_msgs/srv/ClearCostmapAroundRobot.srv
[82.311s] -- Installing: /home/tersoo/autonomous-robot-logging-with-ROS2-jazzy/myros2_ws/install/nav2_msgs/share/nav2_msgs/srv/ClearCostmapAroundPose.srv
[82.311s] -- Installing: /home/tersoo/autonomous-robot-logging-with-ROS2-jazzy/myros2_ws/install/nav2_msgs/share/nav2_msgs/srv/ClearEntireCostmap.srv
[82.311s] -- Installing: /home/tersoo/autonomous-robot-logging-with-ROS2-jazzy/myros2_ws/install/nav2_msgs/share/nav2_msgs/srv/ManageLifecycleNodes.srv
[82.311s] -- Installing: /home/tersoo/autonomous-robot-logging-with-ROS2-jazzy/myros2_ws/install/nav2_msgs/share/nav2_msgs/srv/LoadMap.srv
[82.312s] -- Installing: /home/tersoo/autonomous-robot-logging-with-ROS2-jazzy/myros2_ws/install/nav2_msgs/share/nav2_msgs/srv/SaveMap.srv
[82.312s] -- Installing: /home/tersoo/autonomous-robot-logging-with-ROS2-jazzy/myros2_ws/install/nav2_msgs/share/nav2_msgs/srv/SetInitialPose.srv
[82.313s] -- Installing: /home/tersoo/autonomous-robot-logging-with-ROS2-jazzy/myros2_ws/install/nav2_msgs/share/nav2_msgs/srv/ReloadDockDatabase.srv
[82.313s] -- Installing: /home/tersoo/autonomous-robot-logging-with-ROS2-jazzy/myros2_ws/install/nav2_msgs/share/nav2_msgs/action/AssistedTeleop.action
[82.313s] -- Installing: /home/tersoo/autonomous-robot-logging-with-ROS2-jazzy/myros2_ws/install/nav2_msgs/share/nav2_msgs/action/BackUp.action
[82.313s] -- Installing: /home/tersoo/autonomous-robot-logging-with-ROS2-jazzy/myros2_ws/install/nav2_msgs/share/nav2_msgs/action/ComputePathToPose.action
[82.314s] -- Installing: /home/tersoo/autonomous-robot-logging-with-ROS2-jazzy/myros2_ws/install/nav2_msgs/share/nav2_msgs/action/ComputePathThroughPoses.action
[82.314s] -- Installing: /home/tersoo/autonomous-robot-logging-with-ROS2-jazzy/myros2_ws/install/nav2_msgs/share/nav2_msgs/action/DriveOnHeading.action
[82.314s] -- Installing: /home/tersoo/autonomous-robot-logging-with-ROS2-jazzy/myros2_ws/install/nav2_msgs/share/nav2_msgs/action/SmoothPath.action
[82.315s] -- Installing: /home/tersoo/autonomous-robot-logging-with-ROS2-jazzy/myros2_ws/install/nav2_msgs/share/nav2_msgs/action/FollowPath.action
[82.315s] -- Installing: /home/tersoo/autonomous-robot-logging-with-ROS2-jazzy/myros2_ws/install/nav2_msgs/share/nav2_msgs/action/NavigateToPose.action
[82.315s] -- Installing: /home/tersoo/autonomous-robot-logging-with-ROS2-jazzy/myros2_ws/install/nav2_msgs/share/nav2_msgs/action/NavigateThroughPoses.action
[82.315s] -- Installing: /home/tersoo/autonomous-robot-logging-with-ROS2-jazzy/myros2_ws/install/nav2_msgs/share/nav2_msgs/action/Wait.action
[82.316s] -- Installing: /home/tersoo/autonomous-robot-logging-with-ROS2-jazzy/myros2_ws/install/nav2_msgs/share/nav2_msgs/action/Spin.action
[82.316s] -- Installing: /home/tersoo/autonomous-robot-logging-with-ROS2-jazzy/myros2_ws/install/nav2_msgs/share/nav2_msgs/action/DummyBehavior.action
[82.316s] -- Installing: /home/tersoo/autonomous-robot-logging-with-ROS2-jazzy/myros2_ws/install/nav2_msgs/share/nav2_msgs/action/FollowWaypoints.action
[82.317s] -- Installing: /home/tersoo/autonomous-robot-logging-with-ROS2-jazzy/myros2_ws/install/nav2_msgs/share/nav2_msgs/action/FollowGPSWaypoints.action
[82.317s] -- Installing: /home/tersoo/autonomous-robot-logging-with-ROS2-jazzy/myros2_ws/install/nav2_msgs/share/nav2_msgs/action/DockRobot.action
[82.317s] -- Installing: /home/tersoo/autonomous-robot-logging-with-ROS2-jazzy/myros2_ws/install/nav2_msgs/share/nav2_msgs/action/UndockRobot.action
[82.318s] -- Installing: /home/tersoo/autonomous-robot-logging-with-ROS2-jazzy/myros2_ws/install/nav2_msgs/share/ament_index/resource_index/package_run_dependencies/nav2_msgs
[82.318s] -- Installing: /home/tersoo/autonomous-robot-logging-with-ROS2-jazzy/myros2_ws/install/nav2_msgs/share/ament_index/resource_index/parent_prefix_path/nav2_msgs
[82.318s] -- Installing: /home/tersoo/autonomous-robot-logging-with-ROS2-jazzy/myros2_ws/install/nav2_msgs/share/nav2_msgs/environment/ament_prefix_path.sh
[82.318s] -- Installing: /home/tersoo/autonomous-robot-logging-with-ROS2-jazzy/myros2_ws/install/nav2_msgs/share/nav2_msgs/environment/ament_prefix_path.dsv
[82.319s] -- Installing: /home/tersoo/autonomous-robot-logging-with-ROS2-jazzy/myros2_ws/install/nav2_msgs/share/nav2_msgs/environment/path.sh
[82.319s] -- Installing: /home/tersoo/autonomous-robot-logging-with-ROS2-jazzy/myros2_ws/install/nav2_msgs/share/nav2_msgs/environment/path.dsv
[82.319s] -- Installing: /home/tersoo/autonomous-robot-logging-with-ROS2-jazzy/myros2_ws/install/nav2_msgs/share/nav2_msgs/local_setup.bash
[82.320s] -- Installing: /home/tersoo/autonomous-robot-logging-with-ROS2-jazzy/myros2_ws/install/nav2_msgs/share/nav2_msgs/local_setup.sh
[82.320s] -- Installing: /home/tersoo/autonomous-robot-logging-with-ROS2-jazzy/myros2_ws/install/nav2_msgs/share/nav2_msgs/local_setup.zsh
[82.320s] -- Installing: /home/tersoo/autonomous-robot-logging-with-ROS2-jazzy/myros2_ws/install/nav2_msgs/share/nav2_msgs/local_setup.dsv
[82.320s] -- Installing: /home/tersoo/autonomous-robot-logging-with-ROS2-jazzy/myros2_ws/install/nav2_msgs/share/nav2_msgs/package.dsv
[82.321s] -- Installing: /home/tersoo/autonomous-robot-logging-with-ROS2-jazzy/myros2_ws/install/nav2_msgs/share/ament_index/resource_index/packages/nav2_msgs
[82.321s] -- Installing: /home/tersoo/autonomous-robot-logging-with-ROS2-jazzy/myros2_ws/install/nav2_msgs/share/nav2_msgs/cmake/export_nav2_msgs__rosidl_generator_cExport.cmake
[82.321s] -- Installing: /home/tersoo/autonomous-robot-logging-with-ROS2-jazzy/myros2_ws/install/nav2_msgs/share/nav2_msgs/cmake/export_nav2_msgs__rosidl_generator_cExport-release.cmake
[82.321s] -- Installing: /home/tersoo/autonomous-robot-logging-with-ROS2-jazzy/myros2_ws/install/nav2_msgs/share/nav2_msgs/cmake/export_nav2_msgs__rosidl_typesupport_fastrtps_cExport.cmake
[82.322s] -- Installing: /home/tersoo/autonomous-robot-logging-with-ROS2-jazzy/myros2_ws/install/nav2_msgs/share/nav2_msgs/cmake/export_nav2_msgs__rosidl_typesupport_fastrtps_cExport-release.cmake
[82.322s] -- Installing: /home/tersoo/autonomous-robot-logging-with-ROS2-jazzy/myros2_ws/install/nav2_msgs/share/nav2_msgs/cmake/export_nav2_msgs__rosidl_generator_cppExport.cmake
[82.322s] -- Installing: /home/tersoo/autonomous-robot-logging-with-ROS2-jazzy/myros2_ws/install/nav2_msgs/share/nav2_msgs/cmake/export_nav2_msgs__rosidl_typesupport_fastrtps_cppExport.cmake
[82.322s] -- Installing: /home/tersoo/autonomous-robot-logging-with-ROS2-jazzy/myros2_ws/install/nav2_msgs/share/nav2_msgs/cmake/export_nav2_msgs__rosidl_typesupport_fastrtps_cppExport-release.cmake
[82.322s] -- Installing: /home/tersoo/autonomous-robot-logging-with-ROS2-jazzy/myros2_ws/install/nav2_msgs/share/nav2_msgs/cmake/nav2_msgs__rosidl_typesupport_introspection_cExport.cmake
[82.322s] -- Installing: /home/tersoo/autonomous-robot-logging-with-ROS2-jazzy/myros2_ws/install/nav2_msgs/share/nav2_msgs/cmake/nav2_msgs__rosidl_typesupport_introspection_cExport-release.cmake
[82.323s] -- Installing: /home/tersoo/autonomous-robot-logging-with-ROS2-jazzy/myros2_ws/install/nav2_msgs/share/nav2_msgs/cmake/nav2_msgs__rosidl_typesupport_cExport.cmake
[82.323s] -- Installing: /home/tersoo/autonomous-robot-logging-with-ROS2-jazzy/myros2_ws/install/nav2_msgs/share/nav2_msgs/cmake/nav2_msgs__rosidl_typesupport_cExport-release.cmake
[82.323s] -- Installing: /home/tersoo/autonomous-robot-logging-with-ROS2-jazzy/myros2_ws/install/nav2_msgs/share/nav2_msgs/cmake/nav2_msgs__rosidl_typesupport_introspection_cppExport.cmake
[82.323s] -- Installing: /home/tersoo/autonomous-robot-logging-with-ROS2-jazzy/myros2_ws/install/nav2_msgs/share/nav2_msgs/cmake/nav2_msgs__rosidl_typesupport_introspection_cppExport-release.cmake
[82.324s] -- Installing: /home/tersoo/autonomous-robot-logging-with-ROS2-jazzy/myros2_ws/install/nav2_msgs/share/nav2_msgs/cmake/nav2_msgs__rosidl_typesupport_cppExport.cmake
[82.324s] -- Installing: /home/tersoo/autonomous-robot-logging-with-ROS2-jazzy/myros2_ws/install/nav2_msgs/share/nav2_msgs/cmake/nav2_msgs__rosidl_typesupport_cppExport-release.cmake
[82.324s] -- Installing: /home/tersoo/autonomous-robot-logging-with-ROS2-jazzy/myros2_ws/install/nav2_msgs/share/nav2_msgs/cmake/export_nav2_msgs__rosidl_generator_pyExport.cmake
[82.325s] -- Installing: /home/tersoo/autonomous-robot-logging-with-ROS2-jazzy/myros2_ws/install/nav2_msgs/share/nav2_msgs/cmake/export_nav2_msgs__rosidl_generator_pyExport-release.cmake
[82.325s] -- Installing: /home/tersoo/autonomous-robot-logging-with-ROS2-jazzy/myros2_ws/install/nav2_msgs/share/nav2_msgs/cmake/rosidl_cmake-extras.cmake
[82.325s] -- Installing: /home/tersoo/autonomous-robot-logging-with-ROS2-jazzy/myros2_ws/install/nav2_msgs/share/nav2_msgs/cmake/ament_cmake_export_dependencies-extras.cmake
[82.326s] -- Installing: /home/tersoo/autonomous-robot-logging-with-ROS2-jazzy/myros2_ws/install/nav2_msgs/share/nav2_msgs/cmake/ament_cmake_export_include_directories-extras.cmake
[82.326s] -- Installing: /home/tersoo/autonomous-robot-logging-with-ROS2-jazzy/myros2_ws/install/nav2_msgs/share/nav2_msgs/cmake/ament_cmake_export_libraries-extras.cmake
[82.326s] -- Installing: /home/tersoo/autonomous-robot-logging-with-ROS2-jazzy/myros2_ws/install/nav2_msgs/share/nav2_msgs/cmake/ament_cmake_export_targets-extras.cmake
[82.327s] -- Installing: /home/tersoo/autonomous-robot-logging-with-ROS2-jazzy/myros2_ws/install/nav2_msgs/share/nav2_msgs/cmake/rosidl_cmake_export_typesupport_targets-extras.cmake
[82.327s] -- Installing: /home/tersoo/autonomous-robot-logging-with-ROS2-jazzy/myros2_ws/install/nav2_msgs/share/nav2_msgs/cmake/rosidl_cmake_export_typesupport_libraries-extras.cmake
[82.327s] -- Installing: /home/tersoo/autonomous-robot-logging-with-ROS2-jazzy/myros2_ws/install/nav2_msgs/share/nav2_msgs/cmake/nav2_msgsConfig.cmake
[82.327s] -- Installing: /home/tersoo/autonomous-robot-logging-with-ROS2-jazzy/myros2_ws/install/nav2_msgs/share/nav2_msgs/cmake/nav2_msgsConfig-version.cmake
[82.328s] -- Installing: /home/tersoo/autonomous-robot-logging-with-ROS2-jazzy/myros2_ws/install/nav2_msgs/share/nav2_msgs/package.xml
[82.333s] Invoked command in '/home/tersoo/autonomous-robot-logging-with-ROS2-jazzy/myros2_ws/build/nav2_msgs' returned '0': AMENT_PREFIX_PATH=/home/tersoo/autonomous-robot-logging-with-ROS2-jazzy/myros2_ws/install/nav2_common:${AMENT_PREFIX_PATH} CMAKE_PREFIX_PATH=/home/tersoo/autonomous-robot-logging-with-ROS2-jazzy/myros2_ws/install/nav2_common:/home/tersoo/autonomous-robot-logging-with-ROS2-jazzy/myros2_ws/install/robot_logging:/opt/ros/jazzy/opt/gz_sim_vendor:/opt/ros/jazzy/opt/gz_sensors_vendor:/opt/ros/jazzy/opt/gz_physics_vendor:/opt/ros/jazzy/opt/sdformat_vendor:/opt/ros/jazzy/opt/gz_gui_vendor:/opt/ros/jazzy/opt/gz_transport_vendor:/opt/ros/jazzy/opt/gz_rendering_vendor:/opt/ros/jazzy/opt/gz_plugin_vendor:/opt/ros/jazzy/opt/gz_fuel_tools_vendor:/opt/ros/jazzy/opt/gz_msgs_vendor:/opt/ros/jazzy/opt/gz_common_vendor:/opt/ros/jazzy/opt/gz_math_vendor:/opt/ros/jazzy/opt/gz_utils_vendor:/opt/ros/jazzy/opt/gz_tools_vendor:/opt/ros/jazzy/opt/gz_ogre_next_vendor:/opt/ros/jazzy/opt/gz_dartsim_vendor:/opt/ros/jazzy/opt/gz_cmake_vendor:/opt/ros/jazzy DEBUGINFOD_URLS=https://debuginfod.ubuntu.com PYTHONPATH=/home/tersoo/autonomous-robot-logging-with-ROS2-jazzy/myros2_ws/install/nav2_common/lib/python3.12/site-packages:${PYTHONPATH} /usr/bin/cmake --install /home/tersoo/autonomous-robot-logging-with-ROS2-jazzy/myros2_ws/build/nav2_msgs
