[0.141s] DEBUG:colcon:Command line arguments: ['/usr/bin/colcon', 'build', '--packages-select', 'nav2_navfn_planner', 'nav2_smac_planner', 'nav2_planner']
[0.141s] DEBUG:colcon:Parsed command line arguments: Namespace(log_base=None, log_level=None, verb_name='build', build_base='build', install_base='install', merge_install=False, symlink_install=False, test_result_base=None, continue_on_error=False, executor='parallel', parallel_workers=12, event_handlers=None, ignore_user_meta=False, metas=['./colcon.meta'], base_paths=['.'], packages_ignore=None, packages_ignore_regex=None, paths=None, packages_up_to=None, packages_up_to_regex=None, packages_above=None, packages_above_and_dependencies=None, packages_above_depth=None, packages_select_by_dep=None, packages_skip_by_dep=None, packages_skip_up_to=None, packages_select_build_failed=False, packages_skip_build_finished=False, packages_select_test_failures=False, packages_skip_test_passed=False, packages_select=['nav2_navfn_planner', 'nav2_smac_planner', 'nav2_planner'], packages_skip=None, packages_select_regex=None, packages_skip_regex=None, packages_start=None, packages_end=None, allow_overriding=[], cmake_args=None, cmake_target=None, cmake_target_skip_unavailable=False, cmake_clean_cache=False, cmake_clean_first=False, cmake_force_configure=False, ament_cmake_args=None, catkin_cmake_args=None, catkin_skip_building_tests=False, mixin_files=None, mixin=None, verb_parser=<colcon_mixin.mixin.mixin_argument.MixinArgumentDecorator object at 0x74192cf8c3e0>, verb_extension=<colcon_core.verb.build.BuildVerb object at 0x74192cf6ff50>, main=<bound method BuildVerb.main of <colcon_core.verb.build.BuildVerb object at 0x74192cf6ff50>>, mixin_verb=('build',))
[0.186s] Level 1:colcon.colcon_core.package_discovery:discover_packages(colcon_meta) check parameters
[0.186s] Level 1:colcon.colcon_core.package_discovery:discover_packages(recursive) check parameters
[0.186s] Level 1:colcon.colcon_core.package_discovery:discover_packages(ignore) check parameters
[0.186s] Level 1:colcon.colcon_core.package_discovery:discover_packages(path) check parameters
[0.186s] Level 1:colcon.colcon_core.package_discovery:discover_packages(colcon_meta) discover
[0.186s] Level 1:colcon.colcon_core.package_discovery:discover_packages(recursive) discover
[0.186s] INFO:colcon.colcon_core.package_discovery:Crawling recursively for packages in '/home/tersoo/autonomous-robot-logging-with-ROS2-jazzy/myros2_ws'
[0.186s] Level 1:colcon.colcon_core.package_identification:_identify(.) by extensions ['ignore', 'ignore_ament_install']
[0.186s] Level 1:colcon.colcon_core.package_identification:_identify(.) by extension 'ignore'
[0.187s] Level 1:colcon.colcon_core.package_identification:_identify(.) by extension 'ignore_ament_install'
[0.187s] Level 1:colcon.colcon_core.package_identification:_identify(.) by extensions ['colcon_pkg']
[0.187s] Level 1:colcon.colcon_core.package_identification:_identify(.) by extension 'colcon_pkg'
[0.187s] Level 1:colcon.colcon_core.package_identification:_identify(.) by extensions ['colcon_meta']
[0.187s] Level 1:colcon.colcon_core.package_identification:_identify(.) by extension 'colcon_meta'
[0.187s] Level 1:colcon.colcon_core.package_identification:_identify(.) by extensions ['ros']
[0.187s] Level 1:colcon.colcon_core.package_identification:_identify(.) by extension 'ros'
[0.216s] Level 1:colcon.colcon_core.package_identification:_identify(.) by extensions ['cmake', 'python']
[0.217s] Level 1:colcon.colcon_core.package_identification:_identify(.) by extension 'cmake'
[0.217s] Level 1:colcon.colcon_core.package_identification:_identify(.) by extension 'python'
[0.217s] Level 1:colcon.colcon_core.package_identification:_identify(.) by extensions ['python_setup_py']
[0.217s] Level 1:colcon.colcon_core.package_identification:_identify(.) by extension 'python_setup_py'
[0.217s] Level 1:colcon.colcon_core.package_identification:_identify(build) by extensions ['ignore', 'ignore_ament_install']
[0.217s] Level 1:colcon.colcon_core.package_identification:_identify(build) by extension 'ignore'
[0.217s] Level 1:colcon.colcon_core.package_identification:_identify(build) ignored
[0.217s] Level 1:colcon.colcon_core.package_identification:_identify(install) by extensions ['ignore', 'ignore_ament_install']
[0.218s] Level 1:colcon.colcon_core.package_identification:_identify(install) by extension 'ignore'
[0.218s] Level 1:colcon.colcon_core.package_identification:_identify(install) ignored
[0.218s] Level 1:colcon.colcon_core.package_identification:_identify(log) by extensions ['ignore', 'ignore_ament_install']
[0.218s] Level 1:colcon.colcon_core.package_identification:_identify(log) by extension 'ignore'
[0.218s] Level 1:colcon.colcon_core.package_identification:_identify(log) ignored
[0.218s] Level 1:colcon.colcon_core.package_identification:_identify(src) by extensions ['ignore', 'ignore_ament_install']
[0.218s] Level 1:colcon.colcon_core.package_identification:_identify(src) by extension 'ignore'
[0.219s] Level 1:colcon.colcon_core.package_identification:_identify(src) by extension 'ignore_ament_install'
[0.219s] Level 1:colcon.colcon_core.package_identification:_identify(src) by extensions ['colcon_pkg']
[0.219s] Level 1:colcon.colcon_core.package_identification:_identify(src) by extension 'colcon_pkg'
[0.219s] Level 1:colcon.colcon_core.package_identification:_identify(src) by extensions ['colcon_meta']
[0.219s] Level 1:colcon.colcon_core.package_identification:_identify(src) by extension 'colcon_meta'
[0.219s] Level 1:colcon.colcon_core.package_identification:_identify(src) by extensions ['ros']
[0.219s] Level 1:colcon.colcon_core.package_identification:_identify(src) by extension 'ros'
[0.219s] Level 1:colcon.colcon_core.package_identification:_identify(src) by extensions ['cmake', 'python']
[0.219s] Level 1:colcon.colcon_core.package_identification:_identify(src) by extension 'cmake'
[0.219s] Level 1:colcon.colcon_core.package_identification:_identify(src) by extension 'python'
[0.219s] Level 1:colcon.colcon_core.package_identification:_identify(src) by extensions ['python_setup_py']
[0.219s] Level 1:colcon.colcon_core.package_identification:_identify(src) by extension 'python_setup_py'
[0.220s] Level 1:colcon.colcon_core.package_identification:_identify(src/navigation2) by extensions ['ignore', 'ignore_ament_install']
[0.220s] Level 1:colcon.colcon_core.package_identification:_identify(src/navigation2) by extension 'ignore'
[0.220s] Level 1:colcon.colcon_core.package_identification:_identify(src/navigation2) by extension 'ignore_ament_install'
[0.220s] Level 1:colcon.colcon_core.package_identification:_identify(src/navigation2) by extensions ['colcon_pkg']
[0.220s] Level 1:colcon.colcon_core.package_identification:_identify(src/navigation2) by extension 'colcon_pkg'
[0.220s] Level 1:colcon.colcon_core.package_identification:_identify(src/navigation2) by extensions ['colcon_meta']
[0.220s] Level 1:colcon.colcon_core.package_identification:_identify(src/navigation2) by extension 'colcon_meta'
[0.220s] Level 1:colcon.colcon_core.package_identification:_identify(src/navigation2) by extensions ['ros']
[0.220s] Level 1:colcon.colcon_core.package_identification:_identify(src/navigation2) by extension 'ros'
[0.220s] Level 1:colcon.colcon_core.package_identification:_identify(src/navigation2) by extensions ['cmake', 'python']
[0.220s] Level 1:colcon.colcon_core.package_identification:_identify(src/navigation2) by extension 'cmake'
[0.220s] Level 1:colcon.colcon_core.package_identification:_identify(src/navigation2) by extension 'python'
[0.221s] Level 1:colcon.colcon_core.package_identification:_identify(src/navigation2) by extensions ['python_setup_py']
[0.221s] Level 1:colcon.colcon_core.package_identification:_identify(src/navigation2) by extension 'python_setup_py'
[0.221s] Level 1:colcon.colcon_core.package_identification:_identify(src/navigation2/doc) by extensions ['ignore', 'ignore_ament_install']
[0.221s] Level 1:colcon.colcon_core.package_identification:_identify(src/navigation2/doc) by extension 'ignore'
[0.221s] Level 1:colcon.colcon_core.package_identification:_identify(src/navigation2/doc) by extension 'ignore_ament_install'
[0.221s] Level 1:colcon.colcon_core.package_identification:_identify(src/navigation2/doc) by extensions ['colcon_pkg']
[0.221s] Level 1:colcon.colcon_core.package_identification:_identify(src/navigation2/doc) by extension 'colcon_pkg'
[0.221s] Level 1:colcon.colcon_core.package_identification:_identify(src/navigation2/doc) by extensions ['colcon_meta']
[0.221s] Level 1:colcon.colcon_core.package_identification:_identify(src/navigation2/doc) by extension 'colcon_meta'
[0.221s] Level 1:colcon.colcon_core.package_identification:_identify(src/navigation2/doc) by extensions ['ros']
[0.221s] Level 1:colcon.colcon_core.package_identification:_identify(src/navigation2/doc) by extension 'ros'
[0.222s] Level 1:colcon.colcon_core.package_identification:_identify(src/navigation2/doc) by extensions ['cmake', 'python']
[0.222s] Level 1:colcon.colcon_core.package_identification:_identify(src/navigation2/doc) by extension 'cmake'
[0.222s] Level 1:colcon.colcon_core.package_identification:_identify(src/navigation2/doc) by extension 'python'
[0.222s] Level 1:colcon.colcon_core.package_identification:_identify(src/navigation2/doc) by extensions ['python_setup_py']
[0.222s] Level 1:colcon.colcon_core.package_identification:_identify(src/navigation2/doc) by extension 'python_setup_py'
[0.222s] Level 1:colcon.colcon_core.package_identification:_identify(src/navigation2/doc/architecture) by extensions ['ignore', 'ignore_ament_install']
[0.222s] Level 1:colcon.colcon_core.package_identification:_identify(src/navigation2/doc/architecture) by extension 'ignore'
[0.222s] Level 1:colcon.colcon_core.package_identification:_identify(src/navigation2/doc/architecture) by extension 'ignore_ament_install'
[0.222s] Level 1:colcon.colcon_core.package_identification:_identify(src/navigation2/doc/architecture) by extensions ['colcon_pkg']
[0.222s] Level 1:colcon.colcon_core.package_identification:_identify(src/navigation2/doc/architecture) by extension 'colcon_pkg'
[0.223s] Level 1:colcon.colcon_core.package_identification:_identify(src/navigation2/doc/architecture) by extensions ['colcon_meta']
[0.223s] Level 1:colcon.colcon_core.package_identification:_identify(src/navigation2/doc/architecture) by extension 'colcon_meta'
[0.223s] Level 1:colcon.colcon_core.package_identification:_identify(src/navigation2/doc/architecture) by extensions ['ros']
[0.223s] Level 1:colcon.colcon_core.package_identification:_identify(src/navigation2/doc/architecture) by extension 'ros'
[0.223s] Level 1:colcon.colcon_core.package_identification:_identify(src/navigation2/doc/architecture) by extensions ['cmake', 'python']
[0.223s] Level 1:colcon.colcon_core.package_identification:_identify(src/navigation2/doc/architecture) by extension 'cmake'
[0.223s] Level 1:colcon.colcon_core.package_identification:_identify(src/navigation2/doc/architecture) by extension 'python'
[0.223s] Level 1:colcon.colcon_core.package_identification:_identify(src/navigation2/doc/architecture) by extensions ['python_setup_py']
[0.223s] Level 1:colcon.colcon_core.package_identification:_identify(src/navigation2/doc/architecture) by extension 'python_setup_py'
[0.223s] Level 1:colcon.colcon_core.package_identification:_identify(src/navigation2/doc/design) by extensions ['ignore', 'ignore_ament_install']
[0.223s] Level 1:colcon.colcon_core.package_identification:_identify(src/navigation2/doc/design) by extension 'ignore'
[0.224s] Level 1:colcon.colcon_core.package_identification:_identify(src/navigation2/doc/design) by extension 'ignore_ament_install'
[0.224s] Level 1:colcon.colcon_core.package_identification:_identify(src/navigation2/doc/design) by extensions ['colcon_pkg']
[0.224s] Level 1:colcon.colcon_core.package_identification:_identify(src/navigation2/doc/design) by extension 'colcon_pkg'
[0.224s] Level 1:colcon.colcon_core.package_identification:_identify(src/navigation2/doc/design) by extensions ['colcon_meta']
[0.224s] Level 1:colcon.colcon_core.package_identification:_identify(src/navigation2/doc/design) by extension 'colcon_meta'
[0.224s] Level 1:colcon.colcon_core.package_identification:_identify(src/navigation2/doc/design) by extensions ['ros']
[0.224s] Level 1:colcon.colcon_core.package_identification:_identify(src/navigation2/doc/design) by extension 'ros'
[0.224s] Level 1:colcon.colcon_core.package_identification:_identify(src/navigation2/doc/design) by extensions ['cmake', 'python']
[0.224s] Level 1:colcon.colcon_core.package_identification:_identify(src/navigation2/doc/design) by extension 'cmake'
[0.224s] Level 1:colcon.colcon_core.package_identification:_identify(src/navigation2/doc/design) by extension 'python'
[0.224s] Level 1:colcon.colcon_core.package_identification:_identify(src/navigation2/doc/design) by extensions ['python_setup_py']
[0.224s] Level 1:colcon.colcon_core.package_identification:_identify(src/navigation2/doc/design) by extension 'python_setup_py'
[0.225s] Level 1:colcon.colcon_core.package_identification:_identify(src/navigation2/doc/development) by extensions ['ignore', 'ignore_ament_install']
[0.225s] Level 1:colcon.colcon_core.package_identification:_identify(src/navigation2/doc/development) by extension 'ignore'
[0.225s] Level 1:colcon.colcon_core.package_identification:_identify(src/navigation2/doc/development) by extension 'ignore_ament_install'
[0.225s] Level 1:colcon.colcon_core.package_identification:_identify(src/navigation2/doc/development) by extensions ['colcon_pkg']
[0.225s] Level 1:colcon.colcon_core.package_identification:_identify(src/navigation2/doc/development) by extension 'colcon_pkg'
[0.225s] Level 1:colcon.colcon_core.package_identification:_identify(src/navigation2/doc/development) by extensions ['colcon_meta']
[0.225s] Level 1:colcon.colcon_core.package_identification:_identify(src/navigation2/doc/development) by extension 'colcon_meta'
[0.225s] Level 1:colcon.colcon_core.package_identification:_identify(src/navigation2/doc/development) by extensions ['ros']
[0.225s] Level 1:colcon.colcon_core.package_identification:_identify(src/navigation2/doc/development) by extension 'ros'
[0.225s] Level 1:colcon.colcon_core.package_identification:_identify(src/navigation2/doc/development) by extensions ['cmake', 'python']
[0.226s] Level 1:colcon.colcon_core.package_identification:_identify(src/navigation2/doc/development) by extension 'cmake'
[0.226s] Level 1:colcon.colcon_core.package_identification:_identify(src/navigation2/doc/development) by extension 'python'
[0.226s] Level 1:colcon.colcon_core.package_identification:_identify(src/navigation2/doc/development) by extensions ['python_setup_py']
[0.226s] Level 1:colcon.colcon_core.package_identification:_identify(src/navigation2/doc/development) by extension 'python_setup_py'
[0.226s] Level 1:colcon.colcon_core.package_identification:_identify(src/navigation2/doc/process) by extensions ['ignore', 'ignore_ament_install']
[0.226s] Level 1:colcon.colcon_core.package_identification:_identify(src/navigation2/doc/process) by extension 'ignore'
[0.226s] Level 1:colcon.colcon_core.package_identification:_identify(src/navigation2/doc/process) by extension 'ignore_ament_install'
[0.226s] Level 1:colcon.colcon_core.package_identification:_identify(src/navigation2/doc/process) by extensions ['colcon_pkg']
[0.226s] Level 1:colcon.colcon_core.package_identification:_identify(src/navigation2/doc/process) by extension 'colcon_pkg'
[0.226s] Level 1:colcon.colcon_core.package_identification:_identify(src/navigation2/doc/process) by extensions ['colcon_meta']
[0.226s] Level 1:colcon.colcon_core.package_identification:_identify(src/navigation2/doc/process) by extension 'colcon_meta'
[0.227s] Level 1:colcon.colcon_core.package_identification:_identify(src/navigation2/doc/process) by extensions ['ros']
[0.227s] Level 1:colcon.colcon_core.package_identification:_identify(src/navigation2/doc/process) by extension 'ros'
[0.227s] Level 1:colcon.colcon_core.package_identification:_identify(src/navigation2/doc/process) by extensions ['cmake', 'python']
[0.227s] Level 1:colcon.colcon_core.package_identification:_identify(src/navigation2/doc/process) by extension 'cmake'
[0.227s] Level 1:colcon.colcon_core.package_identification:_identify(src/navigation2/doc/process) by extension 'python'
[0.227s] Level 1:colcon.colcon_core.package_identification:_identify(src/navigation2/doc/process) by extensions ['python_setup_py']
[0.227s] Level 1:colcon.colcon_core.package_identification:_identify(src/navigation2/doc/process) by extension 'python_setup_py'
[0.227s] Level 1:colcon.colcon_core.package_identification:_identify(src/navigation2/doc/requirements) by extensions ['ignore', 'ignore_ament_install']
[0.227s] Level 1:colcon.colcon_core.package_identification:_identify(src/navigation2/doc/requirements) by extension 'ignore'
[0.227s] Level 1:colcon.colcon_core.package_identification:_identify(src/navigation2/doc/requirements) by extension 'ignore_ament_install'
[0.227s] Level 1:colcon.colcon_core.package_identification:_identify(src/navigation2/doc/requirements) by extensions ['colcon_pkg']
[0.228s] Level 1:colcon.colcon_core.package_identification:_identify(src/navigation2/doc/requirements) by extension 'colcon_pkg'
[0.228s] Level 1:colcon.colcon_core.package_identification:_identify(src/navigation2/doc/requirements) by extensions ['colcon_meta']
[0.228s] Level 1:colcon.colcon_core.package_identification:_identify(src/navigation2/doc/requirements) by extension 'colcon_meta'
[0.228s] Level 1:colcon.colcon_core.package_identification:_identify(src/navigation2/doc/requirements) by extensions ['ros']
[0.228s] Level 1:colcon.colcon_core.package_identification:_identify(src/navigation2/doc/requirements) by extension 'ros'
[0.228s] Level 1:colcon.colcon_core.package_identification:_identify(src/navigation2/doc/requirements) by extensions ['cmake', 'python']
[0.228s] Level 1:colcon.colcon_core.package_identification:_identify(src/navigation2/doc/requirements) by extension 'cmake'
[0.228s] Level 1:colcon.colcon_core.package_identification:_identify(src/navigation2/doc/requirements) by extension 'python'
[0.228s] Level 1:colcon.colcon_core.package_identification:_identify(src/navigation2/doc/requirements) by extensions ['python_setup_py']
[0.228s] Level 1:colcon.colcon_core.package_identification:_identify(src/navigation2/doc/requirements) by extension 'python_setup_py'
[0.228s] Level 1:colcon.colcon_core.package_identification:_identify(src/navigation2/doc/requirements/images) by extensions ['ignore', 'ignore_ament_install']
[0.229s] Level 1:colcon.colcon_core.package_identification:_identify(src/navigation2/doc/requirements/images) by extension 'ignore'
[0.229s] Level 1:colcon.colcon_core.package_identification:_identify(src/navigation2/doc/requirements/images) by extension 'ignore_ament_install'
[0.229s] Level 1:colcon.colcon_core.package_identification:_identify(src/navigation2/doc/requirements/images) by extensions ['colcon_pkg']
[0.229s] Level 1:colcon.colcon_core.package_identification:_identify(src/navigation2/doc/requirements/images) by extension 'colcon_pkg'
[0.229s] Level 1:colcon.colcon_core.package_identification:_identify(src/navigation2/doc/requirements/images) by extensions ['colcon_meta']
[0.229s] Level 1:colcon.colcon_core.package_identification:_identify(src/navigation2/doc/requirements/images) by extension 'colcon_meta'
[0.229s] Level 1:colcon.colcon_core.package_identification:_identify(src/navigation2/doc/requirements/images) by extensions ['ros']
[0.229s] Level 1:colcon.colcon_core.package_identification:_identify(src/navigation2/doc/requirements/images) by extension 'ros'
[0.229s] Level 1:colcon.colcon_core.package_identification:_identify(src/navigation2/doc/requirements/images) by extensions ['cmake', 'python']
[0.229s] Level 1:colcon.colcon_core.package_identification:_identify(src/navigation2/doc/requirements/images) by extension 'cmake'
[0.229s] Level 1:colcon.colcon_core.package_identification:_identify(src/navigation2/doc/requirements/images) by extension 'python'
[0.229s] Level 1:colcon.colcon_core.package_identification:_identify(src/navigation2/doc/requirements/images) by extensions ['python_setup_py']
[0.230s] Level 1:colcon.colcon_core.package_identification:_identify(src/navigation2/doc/requirements/images) by extension 'python_setup_py'
[0.230s] Level 1:colcon.colcon_core.package_identification:_identify(src/navigation2/doc/use_cases) by extensions ['ignore', 'ignore_ament_install']
[0.230s] Level 1:colcon.colcon_core.package_identification:_identify(src/navigation2/doc/use_cases) by extension 'ignore'
[0.230s] Level 1:colcon.colcon_core.package_identification:_identify(src/navigation2/doc/use_cases) by extension 'ignore_ament_install'
[0.230s] Level 1:colcon.colcon_core.package_identification:_identify(src/navigation2/doc/use_cases) by extensions ['colcon_pkg']
[0.230s] Level 1:colcon.colcon_core.package_identification:_identify(src/navigation2/doc/use_cases) by extension 'colcon_pkg'
[0.230s] Level 1:colcon.colcon_core.package_identification:_identify(src/navigation2/doc/use_cases) by extensions ['colcon_meta']
[0.230s] Level 1:colcon.colcon_core.package_identification:_identify(src/navigation2/doc/use_cases) by extension 'colcon_meta'
[0.230s] Level 1:colcon.colcon_core.package_identification:_identify(src/navigation2/doc/use_cases) by extensions ['ros']
[0.230s] Level 1:colcon.colcon_core.package_identification:_identify(src/navigation2/doc/use_cases) by extension 'ros'
[0.231s] Level 1:colcon.colcon_core.package_identification:_identify(src/navigation2/doc/use_cases) by extensions ['cmake', 'python']
[0.231s] Level 1:colcon.colcon_core.package_identification:_identify(src/navigation2/doc/use_cases) by extension 'cmake'
[0.231s] Level 1:colcon.colcon_core.package_identification:_identify(src/navigation2/doc/use_cases) by extension 'python'
[0.231s] Level 1:colcon.colcon_core.package_identification:_identify(src/navigation2/doc/use_cases) by extensions ['python_setup_py']
[0.231s] Level 1:colcon.colcon_core.package_identification:_identify(src/navigation2/doc/use_cases) by extension 'python_setup_py'
[0.231s] Level 1:colcon.colcon_core.package_identification:_identify(src/navigation2/nav2_amcl) by extensions ['ignore', 'ignore_ament_install']
[0.231s] Level 1:colcon.colcon_core.package_identification:_identify(src/navigation2/nav2_amcl) by extension 'ignore'
[0.231s] Level 1:colcon.colcon_core.package_identification:_identify(src/navigation2/nav2_amcl) by extension 'ignore_ament_install'
[0.231s] Level 1:colcon.colcon_core.package_identification:_identify(src/navigation2/nav2_amcl) by extensions ['colcon_pkg']
[0.231s] Level 1:colcon.colcon_core.package_identification:_identify(src/navigation2/nav2_amcl) by extension 'colcon_pkg'
[0.231s] Level 1:colcon.colcon_core.package_identification:_identify(src/navigation2/nav2_amcl) by extensions ['colcon_meta']
[0.231s] Level 1:colcon.colcon_core.package_identification:_identify(src/navigation2/nav2_amcl) by extension 'colcon_meta'
[0.232s] Level 1:colcon.colcon_core.package_identification:_identify(src/navigation2/nav2_amcl) by extensions ['ros']
[0.232s] Level 1:colcon.colcon_core.package_identification:_identify(src/navigation2/nav2_amcl) by extension 'ros'
[0.235s] DEBUG:colcon.colcon_core.package_identification:Package 'src/navigation2/nav2_amcl' with type 'ros.ament_cmake' and name 'nav2_amcl'
[0.236s] Level 1:colcon.colcon_core.package_identification:_identify(src/navigation2/nav2_behavior_tree) by extensions ['ignore', 'ignore_ament_install']
[0.236s] Level 1:colcon.colcon_core.package_identification:_identify(src/navigation2/nav2_behavior_tree) by extension 'ignore'
[0.236s] Level 1:colcon.colcon_core.package_identification:_identify(src/navigation2/nav2_behavior_tree) by extension 'ignore_ament_install'
[0.236s] Level 1:colcon.colcon_core.package_identification:_identify(src/navigation2/nav2_behavior_tree) by extensions ['colcon_pkg']
[0.236s] Level 1:colcon.colcon_core.package_identification:_identify(src/navigation2/nav2_behavior_tree) by extension 'colcon_pkg'
[0.236s] Level 1:colcon.colcon_core.package_identification:_identify(src/navigation2/nav2_behavior_tree) by extensions ['colcon_meta']
[0.236s] Level 1:colcon.colcon_core.package_identification:_identify(src/navigation2/nav2_behavior_tree) by extension 'colcon_meta'
[0.236s] Level 1:colcon.colcon_core.package_identification:_identify(src/navigation2/nav2_behavior_tree) by extensions ['ros']
[0.236s] Level 1:colcon.colcon_core.package_identification:_identify(src/navigation2/nav2_behavior_tree) by extension 'ros'
[0.238s] DEBUG:colcon.colcon_core.package_identification:Package 'src/navigation2/nav2_behavior_tree' with type 'ros.ament_cmake' and name 'nav2_behavior_tree'
[0.238s] Level 1:colcon.colcon_core.package_identification:_identify(src/navigation2/nav2_behaviors) by extensions ['ignore', 'ignore_ament_install']
[0.238s] Level 1:colcon.colcon_core.package_identification:_identify(src/navigation2/nav2_behaviors) by extension 'ignore'
[0.238s] Level 1:colcon.colcon_core.package_identification:_identify(src/navigation2/nav2_behaviors) by extension 'ignore_ament_install'
[0.238s] Level 1:colcon.colcon_core.package_identification:_identify(src/navigation2/nav2_behaviors) by extensions ['colcon_pkg']
[0.238s] Level 1:colcon.colcon_core.package_identification:_identify(src/navigation2/nav2_behaviors) by extension 'colcon_pkg'
[0.238s] Level 1:colcon.colcon_core.package_identification:_identify(src/navigation2/nav2_behaviors) by extensions ['colcon_meta']
[0.238s] Level 1:colcon.colcon_core.package_identification:_identify(src/navigation2/nav2_behaviors) by extension 'colcon_meta'
[0.238s] Level 1:colcon.colcon_core.package_identification:_identify(src/navigation2/nav2_behaviors) by extensions ['ros']
[0.238s] Level 1:colcon.colcon_core.package_identification:_identify(src/navigation2/nav2_behaviors) by extension 'ros'
[0.239s] DEBUG:colcon.colcon_core.package_identification:Package 'src/navigation2/nav2_behaviors' with type 'ros.ament_cmake' and name 'nav2_behaviors'
[0.239s] Level 1:colcon.colcon_core.package_identification:_identify(src/navigation2/nav2_bringup) by extensions ['ignore', 'ignore_ament_install']
[0.240s] Level 1:colcon.colcon_core.package_identification:_identify(src/navigation2/nav2_bringup) by extension 'ignore'
[0.240s] Level 1:colcon.colcon_core.package_identification:_identify(src/navigation2/nav2_bringup) by extension 'ignore_ament_install'
[0.240s] Level 1:colcon.colcon_core.package_identification:_identify(src/navigation2/nav2_bringup) by extensions ['colcon_pkg']
[0.240s] Level 1:colcon.colcon_core.package_identification:_identify(src/navigation2/nav2_bringup) by extension 'colcon_pkg'
[0.240s] Level 1:colcon.colcon_core.package_identification:_identify(src/navigation2/nav2_bringup) by extensions ['colcon_meta']
[0.240s] Level 1:colcon.colcon_core.package_identification:_identify(src/navigation2/nav2_bringup) by extension 'colcon_meta'
[0.240s] Level 1:colcon.colcon_core.package_identification:_identify(src/navigation2/nav2_bringup) by extensions ['ros']
[0.240s] Level 1:colcon.colcon_core.package_identification:_identify(src/navigation2/nav2_bringup) by extension 'ros'
[0.241s] DEBUG:colcon.colcon_core.package_identification:Package 'src/navigation2/nav2_bringup' with type 'ros.ament_cmake' and name 'nav2_bringup'
[0.241s] Level 1:colcon.colcon_core.package_identification:_identify(src/navigation2/nav2_bt_navigator) by extensions ['ignore', 'ignore_ament_install']
[0.241s] Level 1:colcon.colcon_core.package_identification:_identify(src/navigation2/nav2_bt_navigator) by extension 'ignore'
[0.241s] Level 1:colcon.colcon_core.package_identification:_identify(src/navigation2/nav2_bt_navigator) by extension 'ignore_ament_install'
[0.241s] Level 1:colcon.colcon_core.package_identification:_identify(src/navigation2/nav2_bt_navigator) by extensions ['colcon_pkg']
[0.241s] Level 1:colcon.colcon_core.package_identification:_identify(src/navigation2/nav2_bt_navigator) by extension 'colcon_pkg'
[0.241s] Level 1:colcon.colcon_core.package_identification:_identify(src/navigation2/nav2_bt_navigator) by extensions ['colcon_meta']
[0.242s] Level 1:colcon.colcon_core.package_identification:_identify(src/navigation2/nav2_bt_navigator) by extension 'colcon_meta'
[0.242s] Level 1:colcon.colcon_core.package_identification:_identify(src/navigation2/nav2_bt_navigator) by extensions ['ros']
[0.242s] Level 1:colcon.colcon_core.package_identification:_identify(src/navigation2/nav2_bt_navigator) by extension 'ros'
[0.243s] DEBUG:colcon.colcon_core.package_identification:Package 'src/navigation2/nav2_bt_navigator' with type 'ros.ament_cmake' and name 'nav2_bt_navigator'
[0.243s] Level 1:colcon.colcon_core.package_identification:_identify(src/navigation2/nav2_collision_monitor) by extensions ['ignore', 'ignore_ament_install']
[0.243s] Level 1:colcon.colcon_core.package_identification:_identify(src/navigation2/nav2_collision_monitor) by extension 'ignore'
[0.243s] Level 1:colcon.colcon_core.package_identification:_identify(src/navigation2/nav2_collision_monitor) by extension 'ignore_ament_install'
[0.243s] Level 1:colcon.colcon_core.package_identification:_identify(src/navigation2/nav2_collision_monitor) by extensions ['colcon_pkg']
[0.243s] Level 1:colcon.colcon_core.package_identification:_identify(src/navigation2/nav2_collision_monitor) by extension 'colcon_pkg'
[0.243s] Level 1:colcon.colcon_core.package_identification:_identify(src/navigation2/nav2_collision_monitor) by extensions ['colcon_meta']
[0.243s] Level 1:colcon.colcon_core.package_identification:_identify(src/navigation2/nav2_collision_monitor) by extension 'colcon_meta'
[0.244s] Level 1:colcon.colcon_core.package_identification:_identify(src/navigation2/nav2_collision_monitor) by extensions ['ros']
[0.244s] Level 1:colcon.colcon_core.package_identification:_identify(src/navigation2/nav2_collision_monitor) by extension 'ros'
[0.245s] DEBUG:colcon.colcon_core.package_identification:Package 'src/navigation2/nav2_collision_monitor' with type 'ros.ament_cmake' and name 'nav2_collision_monitor'
[0.245s] Level 1:colcon.colcon_core.package_identification:_identify(src/navigation2/nav2_common) by extensions ['ignore', 'ignore_ament_install']
[0.245s] Level 1:colcon.colcon_core.package_identification:_identify(src/navigation2/nav2_common) by extension 'ignore'
[0.245s] Level 1:colcon.colcon_core.package_identification:_identify(src/navigation2/nav2_common) by extension 'ignore_ament_install'
[0.246s] Level 1:colcon.colcon_core.package_identification:_identify(src/navigation2/nav2_common) by extensions ['colcon_pkg']
[0.246s] Level 1:colcon.colcon_core.package_identification:_identify(src/navigation2/nav2_common) by extension 'colcon_pkg'
[0.246s] Level 1:colcon.colcon_core.package_identification:_identify(src/navigation2/nav2_common) by extensions ['colcon_meta']
[0.246s] Level 1:colcon.colcon_core.package_identification:_identify(src/navigation2/nav2_common) by extension 'colcon_meta'
[0.246s] Level 1:colcon.colcon_core.package_identification:_identify(src/navigation2/nav2_common) by extensions ['ros']
[0.246s] Level 1:colcon.colcon_core.package_identification:_identify(src/navigation2/nav2_common) by extension 'ros'
[0.247s] DEBUG:colcon.colcon_core.package_identification:Package 'src/navigation2/nav2_common' with type 'ros.ament_cmake' and name 'nav2_common'
[0.247s] Level 1:colcon.colcon_core.package_identification:_identify(src/navigation2/nav2_constrained_smoother) by extensions ['ignore', 'ignore_ament_install']
[0.247s] Level 1:colcon.colcon_core.package_identification:_identify(src/navigation2/nav2_constrained_smoother) by extension 'ignore'
[0.247s] Level 1:colcon.colcon_core.package_identification:_identify(src/navigation2/nav2_constrained_smoother) by extension 'ignore_ament_install'
[0.247s] Level 1:colcon.colcon_core.package_identification:_identify(src/navigation2/nav2_constrained_smoother) by extensions ['colcon_pkg']
[0.247s] Level 1:colcon.colcon_core.package_identification:_identify(src/navigation2/nav2_constrained_smoother) by extension 'colcon_pkg'
[0.247s] Level 1:colcon.colcon_core.package_identification:_identify(src/navigation2/nav2_constrained_smoother) by extensions ['colcon_meta']
[0.247s] Level 1:colcon.colcon_core.package_identification:_identify(src/navigation2/nav2_constrained_smoother) by extension 'colcon_meta'
[0.248s] Level 1:colcon.colcon_core.package_identification:_identify(src/navigation2/nav2_constrained_smoother) by extensions ['ros']
[0.248s] Level 1:colcon.colcon_core.package_identification:_identify(src/navigation2/nav2_constrained_smoother) by extension 'ros'
[0.249s] DEBUG:colcon.colcon_core.package_identification:Package 'src/navigation2/nav2_constrained_smoother' with type 'ros.ament_cmake' and name 'nav2_constrained_smoother'
[0.249s] Level 1:colcon.colcon_core.package_identification:_identify(src/navigation2/nav2_controller) by extensions ['ignore', 'ignore_ament_install']
[0.249s] Level 1:colcon.colcon_core.package_identification:_identify(src/navigation2/nav2_controller) by extension 'ignore'
[0.249s] Level 1:colcon.colcon_core.package_identification:_identify(src/navigation2/nav2_controller) by extension 'ignore_ament_install'
[0.249s] Level 1:colcon.colcon_core.package_identification:_identify(src/navigation2/nav2_controller) by extensions ['colcon_pkg']
[0.249s] Level 1:colcon.colcon_core.package_identification:_identify(src/navigation2/nav2_controller) by extension 'colcon_pkg'
[0.249s] Level 1:colcon.colcon_core.package_identification:_identify(src/navigation2/nav2_controller) by extensions ['colcon_meta']
[0.249s] Level 1:colcon.colcon_core.package_identification:_identify(src/navigation2/nav2_controller) by extension 'colcon_meta'
[0.250s] Level 1:colcon.colcon_core.package_identification:_identify(src/navigation2/nav2_controller) by extensions ['ros']
[0.250s] Level 1:colcon.colcon_core.package_identification:_identify(src/navigation2/nav2_controller) by extension 'ros'
[0.251s] DEBUG:colcon.colcon_core.package_identification:Package 'src/navigation2/nav2_controller' with type 'ros.ament_cmake' and name 'nav2_controller'
[0.251s] Level 1:colcon.colcon_core.package_identification:_identify(src/navigation2/nav2_core) by extensions ['ignore', 'ignore_ament_install']
[0.251s] Level 1:colcon.colcon_core.package_identification:_identify(src/navigation2/nav2_core) by extension 'ignore'
[0.251s] Level 1:colcon.colcon_core.package_identification:_identify(src/navigation2/nav2_core) by extension 'ignore_ament_install'
[0.252s] Level 1:colcon.colcon_core.package_identification:_identify(src/navigation2/nav2_core) by extensions ['colcon_pkg']
[0.252s] Level 1:colcon.colcon_core.package_identification:_identify(src/navigation2/nav2_core) by extension 'colcon_pkg'
[0.252s] Level 1:colcon.colcon_core.package_identification:_identify(src/navigation2/nav2_core) by extensions ['colcon_meta']
[0.252s] Level 1:colcon.colcon_core.package_identification:_identify(src/navigation2/nav2_core) by extension 'colcon_meta'
[0.252s] Level 1:colcon.colcon_core.package_identification:_identify(src/navigation2/nav2_core) by extensions ['ros']
[0.252s] Level 1:colcon.colcon_core.package_identification:_identify(src/navigation2/nav2_core) by extension 'ros'
[0.253s] DEBUG:colcon.colcon_core.package_identification:Package 'src/navigation2/nav2_core' with type 'ros.ament_cmake' and name 'nav2_core'
[0.253s] Level 1:colcon.colcon_core.package_identification:_identify(src/navigation2/nav2_costmap_2d) by extensions ['ignore', 'ignore_ament_install']
[0.253s] Level 1:colcon.colcon_core.package_identification:_identify(src/navigation2/nav2_costmap_2d) by extension 'ignore'
[0.254s] Level 1:colcon.colcon_core.package_identification:_identify(src/navigation2/nav2_costmap_2d) by extension 'ignore_ament_install'
[0.254s] Level 1:colcon.colcon_core.package_identification:_identify(src/navigation2/nav2_costmap_2d) by extensions ['colcon_pkg']
[0.254s] Level 1:colcon.colcon_core.package_identification:_identify(src/navigation2/nav2_costmap_2d) by extension 'colcon_pkg'
[0.254s] Level 1:colcon.colcon_core.package_identification:_identify(src/navigation2/nav2_costmap_2d) by extensions ['colcon_meta']
[0.254s] Level 1:colcon.colcon_core.package_identification:_identify(src/navigation2/nav2_costmap_2d) by extension 'colcon_meta'
[0.254s] Level 1:colcon.colcon_core.package_identification:_identify(src/navigation2/nav2_costmap_2d) by extensions ['ros']
[0.254s] Level 1:colcon.colcon_core.package_identification:_identify(src/navigation2/nav2_costmap_2d) by extension 'ros'
[0.256s] DEBUG:colcon.colcon_core.package_identification:Package 'src/navigation2/nav2_costmap_2d' with type 'ros.ament_cmake' and name 'nav2_costmap_2d'
[0.256s] Level 1:colcon.colcon_core.package_identification:_identify(src/navigation2/nav2_docking) by extensions ['ignore', 'ignore_ament_install']
[0.257s] Level 1:colcon.colcon_core.package_identification:_identify(src/navigation2/nav2_docking) by extension 'ignore'
[0.257s] Level 1:colcon.colcon_core.package_identification:_identify(src/navigation2/nav2_docking) by extension 'ignore_ament_install'
[0.257s] Level 1:colcon.colcon_core.package_identification:_identify(src/navigation2/nav2_docking) by extensions ['colcon_pkg']
[0.257s] Level 1:colcon.colcon_core.package_identification:_identify(src/navigation2/nav2_docking) by extension 'colcon_pkg'
[0.257s] Level 1:colcon.colcon_core.package_identification:_identify(src/navigation2/nav2_docking) by extensions ['colcon_meta']
[0.257s] Level 1:colcon.colcon_core.package_identification:_identify(src/navigation2/nav2_docking) by extension 'colcon_meta'
[0.257s] Level 1:colcon.colcon_core.package_identification:_identify(src/navigation2/nav2_docking) by extensions ['ros']
[0.257s] Level 1:colcon.colcon_core.package_identification:_identify(src/navigation2/nav2_docking) by extension 'ros'
[0.257s] Level 1:colcon.colcon_core.package_identification:_identify(src/navigation2/nav2_docking) by extensions ['cmake', 'python']
[0.257s] Level 1:colcon.colcon_core.package_identification:_identify(src/navigation2/nav2_docking) by extension 'cmake'
[0.257s] Level 1:colcon.colcon_core.package_identification:_identify(src/navigation2/nav2_docking) by extension 'python'
[0.257s] Level 1:colcon.colcon_core.package_identification:_identify(src/navigation2/nav2_docking) by extensions ['python_setup_py']
[0.258s] Level 1:colcon.colcon_core.package_identification:_identify(src/navigation2/nav2_docking) by extension 'python_setup_py'
[0.258s] Level 1:colcon.colcon_core.package_identification:_identify(src/navigation2/nav2_docking/docs) by extensions ['ignore', 'ignore_ament_install']
[0.258s] Level 1:colcon.colcon_core.package_identification:_identify(src/navigation2/nav2_docking/docs) by extension 'ignore'
[0.258s] Level 1:colcon.colcon_core.package_identification:_identify(src/navigation2/nav2_docking/docs) by extension 'ignore_ament_install'
[0.258s] Level 1:colcon.colcon_core.package_identification:_identify(src/navigation2/nav2_docking/docs) by extensions ['colcon_pkg']
[0.258s] Level 1:colcon.colcon_core.package_identification:_identify(src/navigation2/nav2_docking/docs) by extension 'colcon_pkg'
[0.258s] Level 1:colcon.colcon_core.package_identification:_identify(src/navigation2/nav2_docking/docs) by extensions ['colcon_meta']
[0.258s] Level 1:colcon.colcon_core.package_identification:_identify(src/navigation2/nav2_docking/docs) by extension 'colcon_meta'
[0.258s] Level 1:colcon.colcon_core.package_identification:_identify(src/navigation2/nav2_docking/docs) by extensions ['ros']
[0.258s] Level 1:colcon.colcon_core.package_identification:_identify(src/navigation2/nav2_docking/docs) by extension 'ros'
[0.259s] Level 1:colcon.colcon_core.package_identification:_identify(src/navigation2/nav2_docking/docs) by extensions ['cmake', 'python']
[0.259s] Level 1:colcon.colcon_core.package_identification:_identify(src/navigation2/nav2_docking/docs) by extension 'cmake'
[0.259s] Level 1:colcon.colcon_core.package_identification:_identify(src/navigation2/nav2_docking/docs) by extension 'python'
[0.259s] Level 1:colcon.colcon_core.package_identification:_identify(src/navigation2/nav2_docking/docs) by extensions ['python_setup_py']
[0.259s] Level 1:colcon.colcon_core.package_identification:_identify(src/navigation2/nav2_docking/docs) by extension 'python_setup_py'
[0.259s] Level 1:colcon.colcon_core.package_identification:_identify(src/navigation2/nav2_docking/opennav_docking) by extensions ['ignore', 'ignore_ament_install']
[0.259s] Level 1:colcon.colcon_core.package_identification:_identify(src/navigation2/nav2_docking/opennav_docking) by extension 'ignore'
[0.259s] Level 1:colcon.colcon_core.package_identification:_identify(src/navigation2/nav2_docking/opennav_docking) by extension 'ignore_ament_install'
[0.259s] Level 1:colcon.colcon_core.package_identification:_identify(src/navigation2/nav2_docking/opennav_docking) by extensions ['colcon_pkg']
[0.259s] Level 1:colcon.colcon_core.package_identification:_identify(src/navigation2/nav2_docking/opennav_docking) by extension 'colcon_pkg'
[0.259s] Level 1:colcon.colcon_core.package_identification:_identify(src/navigation2/nav2_docking/opennav_docking) by extensions ['colcon_meta']
[0.259s] Level 1:colcon.colcon_core.package_identification:_identify(src/navigation2/nav2_docking/opennav_docking) by extension 'colcon_meta'
[0.260s] Level 1:colcon.colcon_core.package_identification:_identify(src/navigation2/nav2_docking/opennav_docking) by extensions ['ros']
[0.260s] Level 1:colcon.colcon_core.package_identification:_identify(src/navigation2/nav2_docking/opennav_docking) by extension 'ros'
[0.261s] DEBUG:colcon.colcon_core.package_identification:Package 'src/navigation2/nav2_docking/opennav_docking' with type 'ros.ament_cmake' and name 'opennav_docking'
[0.261s] Level 1:colcon.colcon_core.package_identification:_identify(src/navigation2/nav2_docking/opennav_docking_bt) by extensions ['ignore', 'ignore_ament_install']
[0.262s] Level 1:colcon.colcon_core.package_identification:_identify(src/navigation2/nav2_docking/opennav_docking_bt) by extension 'ignore'
[0.262s] Level 1:colcon.colcon_core.package_identification:_identify(src/navigation2/nav2_docking/opennav_docking_bt) by extension 'ignore_ament_install'
[0.262s] Level 1:colcon.colcon_core.package_identification:_identify(src/navigation2/nav2_docking/opennav_docking_bt) by extensions ['colcon_pkg']
[0.262s] Level 1:colcon.colcon_core.package_identification:_identify(src/navigation2/nav2_docking/opennav_docking_bt) by extension 'colcon_pkg'
[0.262s] Level 1:colcon.colcon_core.package_identification:_identify(src/navigation2/nav2_docking/opennav_docking_bt) by extensions ['colcon_meta']
[0.262s] Level 1:colcon.colcon_core.package_identification:_identify(src/navigation2/nav2_docking/opennav_docking_bt) by extension 'colcon_meta'
[0.262s] Level 1:colcon.colcon_core.package_identification:_identify(src/navigation2/nav2_docking/opennav_docking_bt) by extensions ['ros']
[0.262s] Level 1:colcon.colcon_core.package_identification:_identify(src/navigation2/nav2_docking/opennav_docking_bt) by extension 'ros'
[0.263s] DEBUG:colcon.colcon_core.package_identification:Package 'src/navigation2/nav2_docking/opennav_docking_bt' with type 'ros.ament_cmake' and name 'opennav_docking_bt'
[0.263s] Level 1:colcon.colcon_core.package_identification:_identify(src/navigation2/nav2_docking/opennav_docking_core) by extensions ['ignore', 'ignore_ament_install']
[0.264s] Level 1:colcon.colcon_core.package_identification:_identify(src/navigation2/nav2_docking/opennav_docking_core) by extension 'ignore'
[0.264s] Level 1:colcon.colcon_core.package_identification:_identify(src/navigation2/nav2_docking/opennav_docking_core) by extension 'ignore_ament_install'
[0.264s] Level 1:colcon.colcon_core.package_identification:_identify(src/navigation2/nav2_docking/opennav_docking_core) by extensions ['colcon_pkg']
[0.264s] Level 1:colcon.colcon_core.package_identification:_identify(src/navigation2/nav2_docking/opennav_docking_core) by extension 'colcon_pkg'
[0.264s] Level 1:colcon.colcon_core.package_identification:_identify(src/navigation2/nav2_docking/opennav_docking_core) by extensions ['colcon_meta']
[0.265s] Level 1:colcon.colcon_core.package_identification:_identify(src/navigation2/nav2_docking/opennav_docking_core) by extension 'colcon_meta'
[0.265s] Level 1:colcon.colcon_core.package_identification:_identify(src/navigation2/nav2_docking/opennav_docking_core) by extensions ['ros']
[0.265s] Level 1:colcon.colcon_core.package_identification:_identify(src/navigation2/nav2_docking/opennav_docking_core) by extension 'ros'
[0.266s] DEBUG:colcon.colcon_core.package_identification:Package 'src/navigation2/nav2_docking/opennav_docking_core' with type 'ros.ament_cmake' and name 'opennav_docking_core'
[0.266s] Level 1:colcon.colcon_core.package_identification:_identify(src/navigation2/nav2_dwb_controller) by extensions ['ignore', 'ignore_ament_install']
[0.266s] Level 1:colcon.colcon_core.package_identification:_identify(src/navigation2/nav2_dwb_controller) by extension 'ignore'
[0.267s] Level 1:colcon.colcon_core.package_identification:_identify(src/navigation2/nav2_dwb_controller) by extension 'ignore_ament_install'
[0.267s] Level 1:colcon.colcon_core.package_identification:_identify(src/navigation2/nav2_dwb_controller) by extensions ['colcon_pkg']
[0.267s] Level 1:colcon.colcon_core.package_identification:_identify(src/navigation2/nav2_dwb_controller) by extension 'colcon_pkg'
[0.267s] Level 1:colcon.colcon_core.package_identification:_identify(src/navigation2/nav2_dwb_controller) by extensions ['colcon_meta']
[0.267s] Level 1:colcon.colcon_core.package_identification:_identify(src/navigation2/nav2_dwb_controller) by extension 'colcon_meta'
[0.267s] Level 1:colcon.colcon_core.package_identification:_identify(src/navigation2/nav2_dwb_controller) by extensions ['ros']
[0.267s] Level 1:colcon.colcon_core.package_identification:_identify(src/navigation2/nav2_dwb_controller) by extension 'ros'
[0.267s] Level 1:colcon.colcon_core.package_identification:_identify(src/navigation2/nav2_dwb_controller) by extensions ['cmake', 'python']
[0.267s] Level 1:colcon.colcon_core.package_identification:_identify(src/navigation2/nav2_dwb_controller) by extension 'cmake'
[0.267s] Level 1:colcon.colcon_core.package_identification:_identify(src/navigation2/nav2_dwb_controller) by extension 'python'
[0.267s] Level 1:colcon.colcon_core.package_identification:_identify(src/navigation2/nav2_dwb_controller) by extensions ['python_setup_py']
[0.267s] Level 1:colcon.colcon_core.package_identification:_identify(src/navigation2/nav2_dwb_controller) by extension 'python_setup_py'
[0.267s] Level 1:colcon.colcon_core.package_identification:_identify(src/navigation2/nav2_dwb_controller/costmap_queue) by extensions ['ignore', 'ignore_ament_install']
[0.268s] Level 1:colcon.colcon_core.package_identification:_identify(src/navigation2/nav2_dwb_controller/costmap_queue) by extension 'ignore'
[0.268s] Level 1:colcon.colcon_core.package_identification:_identify(src/navigation2/nav2_dwb_controller/costmap_queue) by extension 'ignore_ament_install'
[0.268s] Level 1:colcon.colcon_core.package_identification:_identify(src/navigation2/nav2_dwb_controller/costmap_queue) by extensions ['colcon_pkg']
[0.268s] Level 1:colcon.colcon_core.package_identification:_identify(src/navigation2/nav2_dwb_controller/costmap_queue) by extension 'colcon_pkg'
[0.268s] Level 1:colcon.colcon_core.package_identification:_identify(src/navigation2/nav2_dwb_controller/costmap_queue) by extensions ['colcon_meta']
[0.268s] Level 1:colcon.colcon_core.package_identification:_identify(src/navigation2/nav2_dwb_controller/costmap_queue) by extension 'colcon_meta'
[0.268s] Level 1:colcon.colcon_core.package_identification:_identify(src/navigation2/nav2_dwb_controller/costmap_queue) by extensions ['ros']
[0.268s] Level 1:colcon.colcon_core.package_identification:_identify(src/navigation2/nav2_dwb_controller/costmap_queue) by extension 'ros'
[0.269s] DEBUG:colcon.colcon_core.package_identification:Package 'src/navigation2/nav2_dwb_controller/costmap_queue' with type 'ros.ament_cmake' and name 'costmap_queue'
[0.269s] Level 1:colcon.colcon_core.package_identification:_identify(src/navigation2/nav2_dwb_controller/dwb_core) by extensions ['ignore', 'ignore_ament_install']
[0.269s] Level 1:colcon.colcon_core.package_identification:_identify(src/navigation2/nav2_dwb_controller/dwb_core) by extension 'ignore'
[0.269s] Level 1:colcon.colcon_core.package_identification:_identify(src/navigation2/nav2_dwb_controller/dwb_core) by extension 'ignore_ament_install'
[0.269s] Level 1:colcon.colcon_core.package_identification:_identify(src/navigation2/nav2_dwb_controller/dwb_core) by extensions ['colcon_pkg']
[0.269s] Level 1:colcon.colcon_core.package_identification:_identify(src/navigation2/nav2_dwb_controller/dwb_core) by extension 'colcon_pkg'
[0.269s] Level 1:colcon.colcon_core.package_identification:_identify(src/navigation2/nav2_dwb_controller/dwb_core) by extensions ['colcon_meta']
[0.269s] Level 1:colcon.colcon_core.package_identification:_identify(src/navigation2/nav2_dwb_controller/dwb_core) by extension 'colcon_meta'
[0.269s] Level 1:colcon.colcon_core.package_identification:_identify(src/navigation2/nav2_dwb_controller/dwb_core) by extensions ['ros']
[0.269s] Level 1:colcon.colcon_core.package_identification:_identify(src/navigation2/nav2_dwb_controller/dwb_core) by extension 'ros'
[0.270s] DEBUG:colcon.colcon_core.package_identification:Package 'src/navigation2/nav2_dwb_controller/dwb_core' with type 'ros.ament_cmake' and name 'dwb_core'
[0.270s] Level 1:colcon.colcon_core.package_identification:_identify(src/navigation2/nav2_dwb_controller/dwb_critics) by extensions ['ignore', 'ignore_ament_install']
[0.270s] Level 1:colcon.colcon_core.package_identification:_identify(src/navigation2/nav2_dwb_controller/dwb_critics) by extension 'ignore'
[0.270s] Level 1:colcon.colcon_core.package_identification:_identify(src/navigation2/nav2_dwb_controller/dwb_critics) by extension 'ignore_ament_install'
[0.271s] Level 1:colcon.colcon_core.package_identification:_identify(src/navigation2/nav2_dwb_controller/dwb_critics) by extensions ['colcon_pkg']
[0.271s] Level 1:colcon.colcon_core.package_identification:_identify(src/navigation2/nav2_dwb_controller/dwb_critics) by extension 'colcon_pkg'
[0.271s] Level 1:colcon.colcon_core.package_identification:_identify(src/navigation2/nav2_dwb_controller/dwb_critics) by extensions ['colcon_meta']
[0.271s] Level 1:colcon.colcon_core.package_identification:_identify(src/navigation2/nav2_dwb_controller/dwb_critics) by extension 'colcon_meta'
[0.271s] Level 1:colcon.colcon_core.package_identification:_identify(src/navigation2/nav2_dwb_controller/dwb_critics) by extensions ['ros']
[0.271s] Level 1:colcon.colcon_core.package_identification:_identify(src/navigation2/nav2_dwb_controller/dwb_critics) by extension 'ros'
[0.272s] DEBUG:colcon.colcon_core.package_identification:Package 'src/navigation2/nav2_dwb_controller/dwb_critics' with type 'ros.ament_cmake' and name 'dwb_critics'
[0.272s] Level 1:colcon.colcon_core.package_identification:_identify(src/navigation2/nav2_dwb_controller/dwb_msgs) by extensions ['ignore', 'ignore_ament_install']
[0.272s] Level 1:colcon.colcon_core.package_identification:_identify(src/navigation2/nav2_dwb_controller/dwb_msgs) by extension 'ignore'
[0.272s] Level 1:colcon.colcon_core.package_identification:_identify(src/navigation2/nav2_dwb_controller/dwb_msgs) by extension 'ignore_ament_install'
[0.272s] Level 1:colcon.colcon_core.package_identification:_identify(src/navigation2/nav2_dwb_controller/dwb_msgs) by extensions ['colcon_pkg']
[0.272s] Level 1:colcon.colcon_core.package_identification:_identify(src/navigation2/nav2_dwb_controller/dwb_msgs) by extension 'colcon_pkg'
[0.273s] Level 1:colcon.colcon_core.package_identification:_identify(src/navigation2/nav2_dwb_controller/dwb_msgs) by extensions ['colcon_meta']
[0.273s] Level 1:colcon.colcon_core.package_identification:_identify(src/navigation2/nav2_dwb_controller/dwb_msgs) by extension 'colcon_meta'
[0.273s] Level 1:colcon.colcon_core.package_identification:_identify(src/navigation2/nav2_dwb_controller/dwb_msgs) by extensions ['ros']
[0.273s] Level 1:colcon.colcon_core.package_identification:_identify(src/navigation2/nav2_dwb_controller/dwb_msgs) by extension 'ros'
[0.274s] DEBUG:colcon.colcon_core.package_identification:Package 'src/navigation2/nav2_dwb_controller/dwb_msgs' with type 'ros.ament_cmake' and name 'dwb_msgs'
[0.274s] Level 1:colcon.colcon_core.package_identification:_identify(src/navigation2/nav2_dwb_controller/dwb_plugins) by extensions ['ignore', 'ignore_ament_install']
[0.274s] Level 1:colcon.colcon_core.package_identification:_identify(src/navigation2/nav2_dwb_controller/dwb_plugins) by extension 'ignore'
[0.274s] Level 1:colcon.colcon_core.package_identification:_identify(src/navigation2/nav2_dwb_controller/dwb_plugins) by extension 'ignore_ament_install'
[0.274s] Level 1:colcon.colcon_core.package_identification:_identify(src/navigation2/nav2_dwb_controller/dwb_plugins) by extensions ['colcon_pkg']
[0.274s] Level 1:colcon.colcon_core.package_identification:_identify(src/navigation2/nav2_dwb_controller/dwb_plugins) by extension 'colcon_pkg'
[0.274s] Level 1:colcon.colcon_core.package_identification:_identify(src/navigation2/nav2_dwb_controller/dwb_plugins) by extensions ['colcon_meta']
[0.274s] Level 1:colcon.colcon_core.package_identification:_identify(src/navigation2/nav2_dwb_controller/dwb_plugins) by extension 'colcon_meta'
[0.274s] Level 1:colcon.colcon_core.package_identification:_identify(src/navigation2/nav2_dwb_controller/dwb_plugins) by extensions ['ros']
[0.274s] Level 1:colcon.colcon_core.package_identification:_identify(src/navigation2/nav2_dwb_controller/dwb_plugins) by extension 'ros'
[0.275s] DEBUG:colcon.colcon_core.package_identification:Package 'src/navigation2/nav2_dwb_controller/dwb_plugins' with type 'ros.ament_cmake' and name 'dwb_plugins'
[0.275s] Level 1:colcon.colcon_core.package_identification:_identify(src/navigation2/nav2_dwb_controller/images) by extensions ['ignore', 'ignore_ament_install']
[0.275s] Level 1:colcon.colcon_core.package_identification:_identify(src/navigation2/nav2_dwb_controller/images) by extension 'ignore'
[0.276s] Level 1:colcon.colcon_core.package_identification:_identify(src/navigation2/nav2_dwb_controller/images) by extension 'ignore_ament_install'
[0.276s] Level 1:colcon.colcon_core.package_identification:_identify(src/navigation2/nav2_dwb_controller/images) by extensions ['colcon_pkg']
[0.276s] Level 1:colcon.colcon_core.package_identification:_identify(src/navigation2/nav2_dwb_controller/images) by extension 'colcon_pkg'
[0.276s] Level 1:colcon.colcon_core.package_identification:_identify(src/navigation2/nav2_dwb_controller/images) by extensions ['colcon_meta']
[0.276s] Level 1:colcon.colcon_core.package_identification:_identify(src/navigation2/nav2_dwb_controller/images) by extension 'colcon_meta'
[0.276s] Level 1:colcon.colcon_core.package_identification:_identify(src/navigation2/nav2_dwb_controller/images) by extensions ['ros']
[0.276s] Level 1:colcon.colcon_core.package_identification:_identify(src/navigation2/nav2_dwb_controller/images) by extension 'ros'
[0.276s] Level 1:colcon.colcon_core.package_identification:_identify(src/navigation2/nav2_dwb_controller/images) by extensions ['cmake', 'python']
[0.276s] Level 1:colcon.colcon_core.package_identification:_identify(src/navigation2/nav2_dwb_controller/images) by extension 'cmake'
[0.276s] Level 1:colcon.colcon_core.package_identification:_identify(src/navigation2/nav2_dwb_controller/images) by extension 'python'
[0.276s] Level 1:colcon.colcon_core.package_identification:_identify(src/navigation2/nav2_dwb_controller/images) by extensions ['python_setup_py']
[0.276s] Level 1:colcon.colcon_core.package_identification:_identify(src/navigation2/nav2_dwb_controller/images) by extension 'python_setup_py'
[0.276s] Level 1:colcon.colcon_core.package_identification:_identify(src/navigation2/nav2_dwb_controller/nav2_dwb_controller) by extensions ['ignore', 'ignore_ament_install']
[0.276s] Level 1:colcon.colcon_core.package_identification:_identify(src/navigation2/nav2_dwb_controller/nav2_dwb_controller) by extension 'ignore'
[0.276s] Level 1:colcon.colcon_core.package_identification:_identify(src/navigation2/nav2_dwb_controller/nav2_dwb_controller) by extension 'ignore_ament_install'
[0.277s] Level 1:colcon.colcon_core.package_identification:_identify(src/navigation2/nav2_dwb_controller/nav2_dwb_controller) by extensions ['colcon_pkg']
[0.277s] Level 1:colcon.colcon_core.package_identification:_identify(src/navigation2/nav2_dwb_controller/nav2_dwb_controller) by extension 'colcon_pkg'
[0.277s] Level 1:colcon.colcon_core.package_identification:_identify(src/navigation2/nav2_dwb_controller/nav2_dwb_controller) by extensions ['colcon_meta']
[0.277s] Level 1:colcon.colcon_core.package_identification:_identify(src/navigation2/nav2_dwb_controller/nav2_dwb_controller) by extension 'colcon_meta'
[0.277s] Level 1:colcon.colcon_core.package_identification:_identify(src/navigation2/nav2_dwb_controller/nav2_dwb_controller) by extensions ['ros']
[0.277s] Level 1:colcon.colcon_core.package_identification:_identify(src/navigation2/nav2_dwb_controller/nav2_dwb_controller) by extension 'ros'
[0.278s] DEBUG:colcon.colcon_core.package_identification:Package 'src/navigation2/nav2_dwb_controller/nav2_dwb_controller' with type 'ros.ament_cmake' and name 'nav2_dwb_controller'
[0.278s] Level 1:colcon.colcon_core.package_identification:_identify(src/navigation2/nav2_dwb_controller/nav_2d_msgs) by extensions ['ignore', 'ignore_ament_install']
[0.278s] Level 1:colcon.colcon_core.package_identification:_identify(src/navigation2/nav2_dwb_controller/nav_2d_msgs) by extension 'ignore'
[0.278s] Level 1:colcon.colcon_core.package_identification:_identify(src/navigation2/nav2_dwb_controller/nav_2d_msgs) by extension 'ignore_ament_install'
[0.278s] Level 1:colcon.colcon_core.package_identification:_identify(src/navigation2/nav2_dwb_controller/nav_2d_msgs) by extensions ['colcon_pkg']
[0.278s] Level 1:colcon.colcon_core.package_identification:_identify(src/navigation2/nav2_dwb_controller/nav_2d_msgs) by extension 'colcon_pkg'
[0.278s] Level 1:colcon.colcon_core.package_identification:_identify(src/navigation2/nav2_dwb_controller/nav_2d_msgs) by extensions ['colcon_meta']
[0.278s] Level 1:colcon.colcon_core.package_identification:_identify(src/navigation2/nav2_dwb_controller/nav_2d_msgs) by extension 'colcon_meta'
[0.278s] Level 1:colcon.colcon_core.package_identification:_identify(src/navigation2/nav2_dwb_controller/nav_2d_msgs) by extensions ['ros']
[0.278s] Level 1:colcon.colcon_core.package_identification:_identify(src/navigation2/nav2_dwb_controller/nav_2d_msgs) by extension 'ros'
[0.279s] DEBUG:colcon.colcon_core.package_identification:Package 'src/navigation2/nav2_dwb_controller/nav_2d_msgs' with type 'ros.ament_cmake' and name 'nav_2d_msgs'
[0.279s] Level 1:colcon.colcon_core.package_identification:_identify(src/navigation2/nav2_dwb_controller/nav_2d_utils) by extensions ['ignore', 'ignore_ament_install']
[0.279s] Level 1:colcon.colcon_core.package_identification:_identify(src/navigation2/nav2_dwb_controller/nav_2d_utils) by extension 'ignore'
[0.279s] Level 1:colcon.colcon_core.package_identification:_identify(src/navigation2/nav2_dwb_controller/nav_2d_utils) by extension 'ignore_ament_install'
[0.279s] Level 1:colcon.colcon_core.package_identification:_identify(src/navigation2/nav2_dwb_controller/nav_2d_utils) by extensions ['colcon_pkg']
[0.279s] Level 1:colcon.colcon_core.package_identification:_identify(src/navigation2/nav2_dwb_controller/nav_2d_utils) by extension 'colcon_pkg'
[0.280s] Level 1:colcon.colcon_core.package_identification:_identify(src/navigation2/nav2_dwb_controller/nav_2d_utils) by extensions ['colcon_meta']
[0.280s] Level 1:colcon.colcon_core.package_identification:_identify(src/navigation2/nav2_dwb_controller/nav_2d_utils) by extension 'colcon_meta'
[0.280s] Level 1:colcon.colcon_core.package_identification:_identify(src/navigation2/nav2_dwb_controller/nav_2d_utils) by extensions ['ros']
[0.280s] Level 1:colcon.colcon_core.package_identification:_identify(src/navigation2/nav2_dwb_controller/nav_2d_utils) by extension 'ros'
[0.281s] DEBUG:colcon.colcon_core.package_identification:Package 'src/navigation2/nav2_dwb_controller/nav_2d_utils' with type 'ros.ament_cmake' and name 'nav_2d_utils'
[0.281s] Level 1:colcon.colcon_core.package_identification:_identify(src/navigation2/nav2_graceful_controller) by extensions ['ignore', 'ignore_ament_install']
[0.281s] Level 1:colcon.colcon_core.package_identification:_identify(src/navigation2/nav2_graceful_controller) by extension 'ignore'
[0.281s] Level 1:colcon.colcon_core.package_identification:_identify(src/navigation2/nav2_graceful_controller) by extension 'ignore_ament_install'
[0.281s] Level 1:colcon.colcon_core.package_identification:_identify(src/navigation2/nav2_graceful_controller) by extensions ['colcon_pkg']
[0.281s] Level 1:colcon.colcon_core.package_identification:_identify(src/navigation2/nav2_graceful_controller) by extension 'colcon_pkg'
[0.281s] Level 1:colcon.colcon_core.package_identification:_identify(src/navigation2/nav2_graceful_controller) by extensions ['colcon_meta']
[0.281s] Level 1:colcon.colcon_core.package_identification:_identify(src/navigation2/nav2_graceful_controller) by extension 'colcon_meta'
[0.281s] Level 1:colcon.colcon_core.package_identification:_identify(src/navigation2/nav2_graceful_controller) by extensions ['ros']
[0.281s] Level 1:colcon.colcon_core.package_identification:_identify(src/navigation2/nav2_graceful_controller) by extension 'ros'
[0.283s] DEBUG:colcon.colcon_core.package_identification:Package 'src/navigation2/nav2_graceful_controller' with type 'ros.ament_cmake' and name 'nav2_graceful_controller'
[0.283s] Level 1:colcon.colcon_core.package_identification:_identify(src/navigation2/nav2_lifecycle_manager) by extensions ['ignore', 'ignore_ament_install']
[0.283s] Level 1:colcon.colcon_core.package_identification:_identify(src/navigation2/nav2_lifecycle_manager) by extension 'ignore'
[0.283s] Level 1:colcon.colcon_core.package_identification:_identify(src/navigation2/nav2_lifecycle_manager) by extension 'ignore_ament_install'
[0.283s] Level 1:colcon.colcon_core.package_identification:_identify(src/navigation2/nav2_lifecycle_manager) by extensions ['colcon_pkg']
[0.283s] Level 1:colcon.colcon_core.package_identification:_identify(src/navigation2/nav2_lifecycle_manager) by extension 'colcon_pkg'
[0.283s] Level 1:colcon.colcon_core.package_identification:_identify(src/navigation2/nav2_lifecycle_manager) by extensions ['colcon_meta']
[0.283s] Level 1:colcon.colcon_core.package_identification:_identify(src/navigation2/nav2_lifecycle_manager) by extension 'colcon_meta'
[0.283s] Level 1:colcon.colcon_core.package_identification:_identify(src/navigation2/nav2_lifecycle_manager) by extensions ['ros']
[0.283s] Level 1:colcon.colcon_core.package_identification:_identify(src/navigation2/nav2_lifecycle_manager) by extension 'ros'
[0.284s] DEBUG:colcon.colcon_core.package_identification:Package 'src/navigation2/nav2_lifecycle_manager' with type 'ros.ament_cmake' and name 'nav2_lifecycle_manager'
[0.284s] Level 1:colcon.colcon_core.package_identification:_identify(src/navigation2/nav2_loopback_sim) by extensions ['ignore', 'ignore_ament_install']
[0.284s] Level 1:colcon.colcon_core.package_identification:_identify(src/navigation2/nav2_loopback_sim) by extension 'ignore'
[0.285s] Level 1:colcon.colcon_core.package_identification:_identify(src/navigation2/nav2_loopback_sim) by extension 'ignore_ament_install'
[0.285s] Level 1:colcon.colcon_core.package_identification:_identify(src/navigation2/nav2_loopback_sim) by extensions ['colcon_pkg']
[0.285s] Level 1:colcon.colcon_core.package_identification:_identify(src/navigation2/nav2_loopback_sim) by extension 'colcon_pkg'
[0.285s] Level 1:colcon.colcon_core.package_identification:_identify(src/navigation2/nav2_loopback_sim) by extensions ['colcon_meta']
[0.285s] Level 1:colcon.colcon_core.package_identification:_identify(src/navigation2/nav2_loopback_sim) by extension 'colcon_meta'
[0.285s] Level 1:colcon.colcon_core.package_identification:_identify(src/navigation2/nav2_loopback_sim) by extensions ['ros']
[0.285s] Level 1:colcon.colcon_core.package_identification:_identify(src/navigation2/nav2_loopback_sim) by extension 'ros'
[0.285s] DEBUG:colcon.colcon_core.package_identification:Package 'src/navigation2/nav2_loopback_sim' with type 'ros.ament_python' and name 'nav2_loopback_sim'
[0.286s] Level 1:colcon.colcon_core.package_identification:_identify(src/navigation2/nav2_map_server) by extensions ['ignore', 'ignore_ament_install']
[0.286s] Level 1:colcon.colcon_core.package_identification:_identify(src/navigation2/nav2_map_server) by extension 'ignore'
[0.286s] Level 1:colcon.colcon_core.package_identification:_identify(src/navigation2/nav2_map_server) by extension 'ignore_ament_install'
[0.286s] Level 1:colcon.colcon_core.package_identification:_identify(src/navigation2/nav2_map_server) by extensions ['colcon_pkg']
[0.286s] Level 1:colcon.colcon_core.package_identification:_identify(src/navigation2/nav2_map_server) by extension 'colcon_pkg'
[0.286s] Level 1:colcon.colcon_core.package_identification:_identify(src/navigation2/nav2_map_server) by extensions ['colcon_meta']
[0.286s] Level 1:colcon.colcon_core.package_identification:_identify(src/navigation2/nav2_map_server) by extension 'colcon_meta'
[0.286s] Level 1:colcon.colcon_core.package_identification:_identify(src/navigation2/nav2_map_server) by extensions ['ros']
[0.286s] Level 1:colcon.colcon_core.package_identification:_identify(src/navigation2/nav2_map_server) by extension 'ros'
[0.287s] DEBUG:colcon.colcon_core.package_identification:Package 'src/navigation2/nav2_map_server' with type 'ros.ament_cmake' and name 'nav2_map_server'
[0.288s] Level 1:colcon.colcon_core.package_identification:_identify(src/navigation2/nav2_mppi_controller) by extensions ['ignore', 'ignore_ament_install']
[0.288s] Level 1:colcon.colcon_core.package_identification:_identify(src/navigation2/nav2_mppi_controller) by extension 'ignore'
[0.288s] Level 1:colcon.colcon_core.package_identification:_identify(src/navigation2/nav2_mppi_controller) by extension 'ignore_ament_install'
[0.288s] Level 1:colcon.colcon_core.package_identification:_identify(src/navigation2/nav2_mppi_controller) by extensions ['colcon_pkg']
[0.288s] Level 1:colcon.colcon_core.package_identification:_identify(src/navigation2/nav2_mppi_controller) by extension 'colcon_pkg'
[0.288s] Level 1:colcon.colcon_core.package_identification:_identify(src/navigation2/nav2_mppi_controller) by extensions ['colcon_meta']
[0.288s] Level 1:colcon.colcon_core.package_identification:_identify(src/navigation2/nav2_mppi_controller) by extension 'colcon_meta'
[0.288s] Level 1:colcon.colcon_core.package_identification:_identify(src/navigation2/nav2_mppi_controller) by extensions ['ros']
[0.288s] Level 1:colcon.colcon_core.package_identification:_identify(src/navigation2/nav2_mppi_controller) by extension 'ros'
[0.290s] DEBUG:colcon.colcon_core.package_identification:Package 'src/navigation2/nav2_mppi_controller' with type 'ros.ament_cmake' and name 'nav2_mppi_controller'
[0.290s] Level 1:colcon.colcon_core.package_identification:_identify(src/navigation2/nav2_msgs) by extensions ['ignore', 'ignore_ament_install']
[0.290s] Level 1:colcon.colcon_core.package_identification:_identify(src/navigation2/nav2_msgs) by extension 'ignore'
[0.290s] Level 1:colcon.colcon_core.package_identification:_identify(src/navigation2/nav2_msgs) by extension 'ignore_ament_install'
[0.290s] Level 1:colcon.colcon_core.package_identification:_identify(src/navigation2/nav2_msgs) by extensions ['colcon_pkg']
[0.290s] Level 1:colcon.colcon_core.package_identification:_identify(src/navigation2/nav2_msgs) by extension 'colcon_pkg'
[0.291s] Level 1:colcon.colcon_core.package_identification:_identify(src/navigation2/nav2_msgs) by extensions ['colcon_meta']
[0.291s] Level 1:colcon.colcon_core.package_identification:_identify(src/navigation2/nav2_msgs) by extension 'colcon_meta'
[0.291s] Level 1:colcon.colcon_core.package_identification:_identify(src/navigation2/nav2_msgs) by extensions ['ros']
[0.291s] Level 1:colcon.colcon_core.package_identification:_identify(src/navigation2/nav2_msgs) by extension 'ros'
[0.292s] DEBUG:colcon.colcon_core.package_identification:Package 'src/navigation2/nav2_msgs' with type 'ros.ament_cmake' and name 'nav2_msgs'
[0.292s] Level 1:colcon.colcon_core.package_identification:_identify(src/navigation2/nav2_navfn_planner) by extensions ['ignore', 'ignore_ament_install']
[0.292s] Level 1:colcon.colcon_core.package_identification:_identify(src/navigation2/nav2_navfn_planner) by extension 'ignore'
[0.292s] Level 1:colcon.colcon_core.package_identification:_identify(src/navigation2/nav2_navfn_planner) by extension 'ignore_ament_install'
[0.292s] Level 1:colcon.colcon_core.package_identification:_identify(src/navigation2/nav2_navfn_planner) by extensions ['colcon_pkg']
[0.292s] Level 1:colcon.colcon_core.package_identification:_identify(src/navigation2/nav2_navfn_planner) by extension 'colcon_pkg'
[0.292s] Level 1:colcon.colcon_core.package_identification:_identify(src/navigation2/nav2_navfn_planner) by extensions ['colcon_meta']
[0.292s] Level 1:colcon.colcon_core.package_identification:_identify(src/navigation2/nav2_navfn_planner) by extension 'colcon_meta'
[0.292s] Level 1:colcon.colcon_core.package_identification:_identify(src/navigation2/nav2_navfn_planner) by extensions ['ros']
[0.292s] Level 1:colcon.colcon_core.package_identification:_identify(src/navigation2/nav2_navfn_planner) by extension 'ros'
[0.294s] DEBUG:colcon.colcon_core.package_identification:Package 'src/navigation2/nav2_navfn_planner' with type 'ros.ament_cmake' and name 'nav2_navfn_planner'
[0.294s] Level 1:colcon.colcon_core.package_identification:_identify(src/navigation2/nav2_planner) by extensions ['ignore', 'ignore_ament_install']
[0.294s] Level 1:colcon.colcon_core.package_identification:_identify(src/navigation2/nav2_planner) by extension 'ignore'
[0.294s] Level 1:colcon.colcon_core.package_identification:_identify(src/navigation2/nav2_planner) by extension 'ignore_ament_install'
[0.294s] Level 1:colcon.colcon_core.package_identification:_identify(src/navigation2/nav2_planner) by extensions ['colcon_pkg']
[0.294s] Level 1:colcon.colcon_core.package_identification:_identify(src/navigation2/nav2_planner) by extension 'colcon_pkg'
[0.294s] Level 1:colcon.colcon_core.package_identification:_identify(src/navigation2/nav2_planner) by extensions ['colcon_meta']
[0.295s] Level 1:colcon.colcon_core.package_identification:_identify(src/navigation2/nav2_planner) by extension 'colcon_meta'
[0.295s] Level 1:colcon.colcon_core.package_identification:_identify(src/navigation2/nav2_planner) by extensions ['ros']
[0.295s] Level 1:colcon.colcon_core.package_identification:_identify(src/navigation2/nav2_planner) by extension 'ros'
[0.296s] DEBUG:colcon.colcon_core.package_identification:Package 'src/navigation2/nav2_planner' with type 'ros.ament_cmake' and name 'nav2_planner'
[0.296s] Level 1:colcon.colcon_core.package_identification:_identify(src/navigation2/nav2_regulated_pure_pursuit_controller) by extensions ['ignore', 'ignore_ament_install']
[0.296s] Level 1:colcon.colcon_core.package_identification:_identify(src/navigation2/nav2_regulated_pure_pursuit_controller) by extension 'ignore'
[0.296s] Level 1:colcon.colcon_core.package_identification:_identify(src/navigation2/nav2_regulated_pure_pursuit_controller) by extension 'ignore_ament_install'
[0.297s] Level 1:colcon.colcon_core.package_identification:_identify(src/navigation2/nav2_regulated_pure_pursuit_controller) by extensions ['colcon_pkg']
[0.297s] Level 1:colcon.colcon_core.package_identification:_identify(src/navigation2/nav2_regulated_pure_pursuit_controller) by extension 'colcon_pkg'
[0.297s] Level 1:colcon.colcon_core.package_identification:_identify(src/navigation2/nav2_regulated_pure_pursuit_controller) by extensions ['colcon_meta']
[0.297s] Level 1:colcon.colcon_core.package_identification:_identify(src/navigation2/nav2_regulated_pure_pursuit_controller) by extension 'colcon_meta'
[0.297s] Level 1:colcon.colcon_core.package_identification:_identify(src/navigation2/nav2_regulated_pure_pursuit_controller) by extensions ['ros']
[0.297s] Level 1:colcon.colcon_core.package_identification:_identify(src/navigation2/nav2_regulated_pure_pursuit_controller) by extension 'ros'
[0.298s] DEBUG:colcon.colcon_core.package_identification:Package 'src/navigation2/nav2_regulated_pure_pursuit_controller' with type 'ros.ament_cmake' and name 'nav2_regulated_pure_pursuit_controller'
[0.298s] Level 1:colcon.colcon_core.package_identification:_identify(src/navigation2/nav2_rotation_shim_controller) by extensions ['ignore', 'ignore_ament_install']
[0.298s] Level 1:colcon.colcon_core.package_identification:_identify(src/navigation2/nav2_rotation_shim_controller) by extension 'ignore'
[0.298s] Level 1:colcon.colcon_core.package_identification:_identify(src/navigation2/nav2_rotation_shim_controller) by extension 'ignore_ament_install'
[0.298s] Level 1:colcon.colcon_core.package_identification:_identify(src/navigation2/nav2_rotation_shim_controller) by extensions ['colcon_pkg']
[0.298s] Level 1:colcon.colcon_core.package_identification:_identify(src/navigation2/nav2_rotation_shim_controller) by extension 'colcon_pkg'
[0.299s] Level 1:colcon.colcon_core.package_identification:_identify(src/navigation2/nav2_rotation_shim_controller) by extensions ['colcon_meta']
[0.299s] Level 1:colcon.colcon_core.package_identification:_identify(src/navigation2/nav2_rotation_shim_controller) by extension 'colcon_meta'
[0.299s] Level 1:colcon.colcon_core.package_identification:_identify(src/navigation2/nav2_rotation_shim_controller) by extensions ['ros']
[0.299s] Level 1:colcon.colcon_core.package_identification:_identify(src/navigation2/nav2_rotation_shim_controller) by extension 'ros'
[0.301s] DEBUG:colcon.colcon_core.package_identification:Package 'src/navigation2/nav2_rotation_shim_controller' with type 'ros.ament_cmake' and name 'nav2_rotation_shim_controller'
[0.301s] Level 1:colcon.colcon_core.package_identification:_identify(src/navigation2/nav2_rviz_plugins) by extensions ['ignore', 'ignore_ament_install']
[0.301s] Level 1:colcon.colcon_core.package_identification:_identify(src/navigation2/nav2_rviz_plugins) by extension 'ignore'
[0.301s] Level 1:colcon.colcon_core.package_identification:_identify(src/navigation2/nav2_rviz_plugins) by extension 'ignore_ament_install'
[0.301s] Level 1:colcon.colcon_core.package_identification:_identify(src/navigation2/nav2_rviz_plugins) by extensions ['colcon_pkg']
[0.301s] Level 1:colcon.colcon_core.package_identification:_identify(src/navigation2/nav2_rviz_plugins) by extension 'colcon_pkg'
[0.301s] Level 1:colcon.colcon_core.package_identification:_identify(src/navigation2/nav2_rviz_plugins) by extensions ['colcon_meta']
[0.301s] Level 1:colcon.colcon_core.package_identification:_identify(src/navigation2/nav2_rviz_plugins) by extension 'colcon_meta'
[0.301s] Level 1:colcon.colcon_core.package_identification:_identify(src/navigation2/nav2_rviz_plugins) by extensions ['ros']
[0.301s] Level 1:colcon.colcon_core.package_identification:_identify(src/navigation2/nav2_rviz_plugins) by extension 'ros'
[0.303s] DEBUG:colcon.colcon_core.package_identification:Package 'src/navigation2/nav2_rviz_plugins' with type 'ros.ament_cmake' and name 'nav2_rviz_plugins'
[0.303s] Level 1:colcon.colcon_core.package_identification:_identify(src/navigation2/nav2_simple_commander) by extensions ['ignore', 'ignore_ament_install']
[0.304s] Level 1:colcon.colcon_core.package_identification:_identify(src/navigation2/nav2_simple_commander) by extension 'ignore'
[0.304s] Level 1:colcon.colcon_core.package_identification:_identify(src/navigation2/nav2_simple_commander) by extension 'ignore_ament_install'
[0.304s] Level 1:colcon.colcon_core.package_identification:_identify(src/navigation2/nav2_simple_commander) by extensions ['colcon_pkg']
[0.304s] Level 1:colcon.colcon_core.package_identification:_identify(src/navigation2/nav2_simple_commander) by extension 'colcon_pkg'
[0.304s] Level 1:colcon.colcon_core.package_identification:_identify(src/navigation2/nav2_simple_commander) by extensions ['colcon_meta']
[0.304s] Level 1:colcon.colcon_core.package_identification:_identify(src/navigation2/nav2_simple_commander) by extension 'colcon_meta'
[0.304s] Level 1:colcon.colcon_core.package_identification:_identify(src/navigation2/nav2_simple_commander) by extensions ['ros']
[0.304s] Level 1:colcon.colcon_core.package_identification:_identify(src/navigation2/nav2_simple_commander) by extension 'ros'
[0.305s] DEBUG:colcon.colcon_core.package_identification:Package 'src/navigation2/nav2_simple_commander' with type 'ros.ament_python' and name 'nav2_simple_commander'
[0.305s] Level 1:colcon.colcon_core.package_identification:_identify(src/navigation2/nav2_smac_planner) by extensions ['ignore', 'ignore_ament_install']
[0.305s] Level 1:colcon.colcon_core.package_identification:_identify(src/navigation2/nav2_smac_planner) by extension 'ignore'
[0.305s] Level 1:colcon.colcon_core.package_identification:_identify(src/navigation2/nav2_smac_planner) by extension 'ignore_ament_install'
[0.305s] Level 1:colcon.colcon_core.package_identification:_identify(src/navigation2/nav2_smac_planner) by extensions ['colcon_pkg']
[0.305s] Level 1:colcon.colcon_core.package_identification:_identify(src/navigation2/nav2_smac_planner) by extension 'colcon_pkg'
[0.305s] Level 1:colcon.colcon_core.package_identification:_identify(src/navigation2/nav2_smac_planner) by extensions ['colcon_meta']
[0.305s] Level 1:colcon.colcon_core.package_identification:_identify(src/navigation2/nav2_smac_planner) by extension 'colcon_meta'
[0.305s] Level 1:colcon.colcon_core.package_identification:_identify(src/navigation2/nav2_smac_planner) by extensions ['ros']
[0.305s] Level 1:colcon.colcon_core.package_identification:_identify(src/navigation2/nav2_smac_planner) by extension 'ros'
[0.307s] DEBUG:colcon.colcon_core.package_identification:Package 'src/navigation2/nav2_smac_planner' with type 'ros.ament_cmake' and name 'nav2_smac_planner'
[0.307s] Level 1:colcon.colcon_core.package_identification:_identify(src/navigation2/nav2_smoother) by extensions ['ignore', 'ignore_ament_install']
[0.307s] Level 1:colcon.colcon_core.package_identification:_identify(src/navigation2/nav2_smoother) by extension 'ignore'
[0.307s] Level 1:colcon.colcon_core.package_identification:_identify(src/navigation2/nav2_smoother) by extension 'ignore_ament_install'
[0.308s] Level 1:colcon.colcon_core.package_identification:_identify(src/navigation2/nav2_smoother) by extensions ['colcon_pkg']
[0.308s] Level 1:colcon.colcon_core.package_identification:_identify(src/navigation2/nav2_smoother) by extension 'colcon_pkg'
[0.308s] Level 1:colcon.colcon_core.package_identification:_identify(src/navigation2/nav2_smoother) by extensions ['colcon_meta']
[0.308s] Level 1:colcon.colcon_core.package_identification:_identify(src/navigation2/nav2_smoother) by extension 'colcon_meta'
[0.308s] Level 1:colcon.colcon_core.package_identification:_identify(src/navigation2/nav2_smoother) by extensions ['ros']
[0.308s] Level 1:colcon.colcon_core.package_identification:_identify(src/navigation2/nav2_smoother) by extension 'ros'
[0.309s] DEBUG:colcon.colcon_core.package_identification:Package 'src/navigation2/nav2_smoother' with type 'ros.ament_cmake' and name 'nav2_smoother'
[0.309s] Level 1:colcon.colcon_core.package_identification:_identify(src/navigation2/nav2_system_tests) by extensions ['ignore', 'ignore_ament_install']
[0.310s] Level 1:colcon.colcon_core.package_identification:_identify(src/navigation2/nav2_system_tests) by extension 'ignore'
[0.310s] Level 1:colcon.colcon_core.package_identification:_identify(src/navigation2/nav2_system_tests) by extension 'ignore_ament_install'
[0.310s] Level 1:colcon.colcon_core.package_identification:_identify(src/navigation2/nav2_system_tests) by extensions ['colcon_pkg']
[0.310s] Level 1:colcon.colcon_core.package_identification:_identify(src/navigation2/nav2_system_tests) by extension 'colcon_pkg'
[0.310s] Level 1:colcon.colcon_core.package_identification:_identify(src/navigation2/nav2_system_tests) by extensions ['colcon_meta']
[0.310s] Level 1:colcon.colcon_core.package_identification:_identify(src/navigation2/nav2_system_tests) by extension 'colcon_meta'
[0.310s] Level 1:colcon.colcon_core.package_identification:_identify(src/navigation2/nav2_system_tests) by extensions ['ros']
[0.310s] Level 1:colcon.colcon_core.package_identification:_identify(src/navigation2/nav2_system_tests) by extension 'ros'
[0.311s] DEBUG:colcon.colcon_core.package_identification:Package 'src/navigation2/nav2_system_tests' with type 'ros.ament_cmake' and name 'nav2_system_tests'
[0.311s] Level 1:colcon.colcon_core.package_identification:_identify(src/navigation2/nav2_theta_star_planner) by extensions ['ignore', 'ignore_ament_install']
[0.311s] Level 1:colcon.colcon_core.package_identification:_identify(src/navigation2/nav2_theta_star_planner) by extension 'ignore'
[0.311s] Level 1:colcon.colcon_core.package_identification:_identify(src/navigation2/nav2_theta_star_planner) by extension 'ignore_ament_install'
[0.311s] Level 1:colcon.colcon_core.package_identification:_identify(src/navigation2/nav2_theta_star_planner) by extensions ['colcon_pkg']
[0.311s] Level 1:colcon.colcon_core.package_identification:_identify(src/navigation2/nav2_theta_star_planner) by extension 'colcon_pkg'
[0.312s] Level 1:colcon.colcon_core.package_identification:_identify(src/navigation2/nav2_theta_star_planner) by extensions ['colcon_meta']
[0.312s] Level 1:colcon.colcon_core.package_identification:_identify(src/navigation2/nav2_theta_star_planner) by extension 'colcon_meta'
[0.312s] Level 1:colcon.colcon_core.package_identification:_identify(src/navigation2/nav2_theta_star_planner) by extensions ['ros']
[0.312s] Level 1:colcon.colcon_core.package_identification:_identify(src/navigation2/nav2_theta_star_planner) by extension 'ros'
[0.313s] DEBUG:colcon.colcon_core.package_identification:Package 'src/navigation2/nav2_theta_star_planner' with type 'ros.ament_cmake' and name 'nav2_theta_star_planner'
[0.313s] Level 1:colcon.colcon_core.package_identification:_identify(src/navigation2/nav2_util) by extensions ['ignore', 'ignore_ament_install']
[0.313s] Level 1:colcon.colcon_core.package_identification:_identify(src/navigation2/nav2_util) by extension 'ignore'
[0.313s] Level 1:colcon.colcon_core.package_identification:_identify(src/navigation2/nav2_util) by extension 'ignore_ament_install'
[0.313s] Level 1:colcon.colcon_core.package_identification:_identify(src/navigation2/nav2_util) by extensions ['colcon_pkg']
[0.314s] Level 1:colcon.colcon_core.package_identification:_identify(src/navigation2/nav2_util) by extension 'colcon_pkg'
[0.314s] Level 1:colcon.colcon_core.package_identification:_identify(src/navigation2/nav2_util) by extensions ['colcon_meta']
[0.314s] Level 1:colcon.colcon_core.package_identification:_identify(src/navigation2/nav2_util) by extension 'colcon_meta'
[0.314s] Level 1:colcon.colcon_core.package_identification:_identify(src/navigation2/nav2_util) by extensions ['ros']
[0.314s] Level 1:colcon.colcon_core.package_identification:_identify(src/navigation2/nav2_util) by extension 'ros'
[0.316s] DEBUG:colcon.colcon_core.package_identification:Package 'src/navigation2/nav2_util' with type 'ros.ament_cmake' and name 'nav2_util'
[0.316s] Level 1:colcon.colcon_core.package_identification:_identify(src/navigation2/nav2_velocity_smoother) by extensions ['ignore', 'ignore_ament_install']
[0.316s] Level 1:colcon.colcon_core.package_identification:_identify(src/navigation2/nav2_velocity_smoother) by extension 'ignore'
[0.316s] Level 1:colcon.colcon_core.package_identification:_identify(src/navigation2/nav2_velocity_smoother) by extension 'ignore_ament_install'
[0.316s] Level 1:colcon.colcon_core.package_identification:_identify(src/navigation2/nav2_velocity_smoother) by extensions ['colcon_pkg']
[0.316s] Level 1:colcon.colcon_core.package_identification:_identify(src/navigation2/nav2_velocity_smoother) by extension 'colcon_pkg'
[0.316s] Level 1:colcon.colcon_core.package_identification:_identify(src/navigation2/nav2_velocity_smoother) by extensions ['colcon_meta']
[0.316s] Level 1:colcon.colcon_core.package_identification:_identify(src/navigation2/nav2_velocity_smoother) by extension 'colcon_meta'
[0.316s] Level 1:colcon.colcon_core.package_identification:_identify(src/navigation2/nav2_velocity_smoother) by extensions ['ros']
[0.316s] Level 1:colcon.colcon_core.package_identification:_identify(src/navigation2/nav2_velocity_smoother) by extension 'ros'
[0.317s] DEBUG:colcon.colcon_core.package_identification:Package 'src/navigation2/nav2_velocity_smoother' with type 'ros.ament_cmake' and name 'nav2_velocity_smoother'
[0.317s] Level 1:colcon.colcon_core.package_identification:_identify(src/navigation2/nav2_voxel_grid) by extensions ['ignore', 'ignore_ament_install']
[0.317s] Level 1:colcon.colcon_core.package_identification:_identify(src/navigation2/nav2_voxel_grid) by extension 'ignore'
[0.317s] Level 1:colcon.colcon_core.package_identification:_identify(src/navigation2/nav2_voxel_grid) by extension 'ignore_ament_install'
[0.317s] Level 1:colcon.colcon_core.package_identification:_identify(src/navigation2/nav2_voxel_grid) by extensions ['colcon_pkg']
[0.317s] Level 1:colcon.colcon_core.package_identification:_identify(src/navigation2/nav2_voxel_grid) by extension 'colcon_pkg'
[0.317s] Level 1:colcon.colcon_core.package_identification:_identify(src/navigation2/nav2_voxel_grid) by extensions ['colcon_meta']
[0.318s] Level 1:colcon.colcon_core.package_identification:_identify(src/navigation2/nav2_voxel_grid) by extension 'colcon_meta'
[0.318s] Level 1:colcon.colcon_core.package_identification:_identify(src/navigation2/nav2_voxel_grid) by extensions ['ros']
[0.318s] Level 1:colcon.colcon_core.package_identification:_identify(src/navigation2/nav2_voxel_grid) by extension 'ros'
[0.318s] DEBUG:colcon.colcon_core.package_identification:Package 'src/navigation2/nav2_voxel_grid' with type 'ros.ament_cmake' and name 'nav2_voxel_grid'
[0.318s] Level 1:colcon.colcon_core.package_identification:_identify(src/navigation2/nav2_waypoint_follower) by extensions ['ignore', 'ignore_ament_install']
[0.318s] Level 1:colcon.colcon_core.package_identification:_identify(src/navigation2/nav2_waypoint_follower) by extension 'ignore'
[0.318s] Level 1:colcon.colcon_core.package_identification:_identify(src/navigation2/nav2_waypoint_follower) by extension 'ignore_ament_install'
[0.319s] Level 1:colcon.colcon_core.package_identification:_identify(src/navigation2/nav2_waypoint_follower) by extensions ['colcon_pkg']
[0.319s] Level 1:colcon.colcon_core.package_identification:_identify(src/navigation2/nav2_waypoint_follower) by extension 'colcon_pkg'
[0.319s] Level 1:colcon.colcon_core.package_identification:_identify(src/navigation2/nav2_waypoint_follower) by extensions ['colcon_meta']
[0.319s] Level 1:colcon.colcon_core.package_identification:_identify(src/navigation2/nav2_waypoint_follower) by extension 'colcon_meta'
[0.319s] Level 1:colcon.colcon_core.package_identification:_identify(src/navigation2/nav2_waypoint_follower) by extensions ['ros']
[0.319s] Level 1:colcon.colcon_core.package_identification:_identify(src/navigation2/nav2_waypoint_follower) by extension 'ros'
[0.321s] DEBUG:colcon.colcon_core.package_identification:Package 'src/navigation2/nav2_waypoint_follower' with type 'ros.ament_cmake' and name 'nav2_waypoint_follower'
[0.321s] Level 1:colcon.colcon_core.package_identification:_identify(src/navigation2/navigation2) by extensions ['ignore', 'ignore_ament_install']
[0.321s] Level 1:colcon.colcon_core.package_identification:_identify(src/navigation2/navigation2) by extension 'ignore'
[0.321s] Level 1:colcon.colcon_core.package_identification:_identify(src/navigation2/navigation2) by extension 'ignore_ament_install'
[0.321s] Level 1:colcon.colcon_core.package_identification:_identify(src/navigation2/navigation2) by extensions ['colcon_pkg']
[0.321s] Level 1:colcon.colcon_core.package_identification:_identify(src/navigation2/navigation2) by extension 'colcon_pkg'
[0.321s] Level 1:colcon.colcon_core.package_identification:_identify(src/navigation2/navigation2) by extensions ['colcon_meta']
[0.321s] Level 1:colcon.colcon_core.package_identification:_identify(src/navigation2/navigation2) by extension 'colcon_meta'
[0.321s] Level 1:colcon.colcon_core.package_identification:_identify(src/navigation2/navigation2) by extensions ['ros']
[0.321s] Level 1:colcon.colcon_core.package_identification:_identify(src/navigation2/navigation2) by extension 'ros'
[0.322s] DEBUG:colcon.colcon_core.package_identification:Package 'src/navigation2/navigation2' with type 'ros.ament_cmake' and name 'navigation2'
[0.322s] Level 1:colcon.colcon_core.package_identification:_identify(src/navigation2/tools) by extensions ['ignore', 'ignore_ament_install']
[0.322s] Level 1:colcon.colcon_core.package_identification:_identify(src/navigation2/tools) by extension 'ignore'
[0.322s] Level 1:colcon.colcon_core.package_identification:_identify(src/navigation2/tools) by extension 'ignore_ament_install'
[0.322s] Level 1:colcon.colcon_core.package_identification:_identify(src/navigation2/tools) by extensions ['colcon_pkg']
[0.322s] Level 1:colcon.colcon_core.package_identification:_identify(src/navigation2/tools) by extension 'colcon_pkg'
[0.322s] Level 1:colcon.colcon_core.package_identification:_identify(src/navigation2/tools) by extensions ['colcon_meta']
[0.323s] Level 1:colcon.colcon_core.package_identification:_identify(src/navigation2/tools) by extension 'colcon_meta'
[0.323s] Level 1:colcon.colcon_core.package_identification:_identify(src/navigation2/tools) by extensions ['ros']
[0.323s] Level 1:colcon.colcon_core.package_identification:_identify(src/navigation2/tools) by extension 'ros'
[0.323s] Level 1:colcon.colcon_core.package_identification:_identify(src/navigation2/tools) by extensions ['cmake', 'python']
[0.323s] Level 1:colcon.colcon_core.package_identification:_identify(src/navigation2/tools) by extension 'cmake'
[0.323s] Level 1:colcon.colcon_core.package_identification:_identify(src/navigation2/tools) by extension 'python'
[0.323s] Level 1:colcon.colcon_core.package_identification:_identify(src/navigation2/tools) by extensions ['python_setup_py']
[0.323s] Level 1:colcon.colcon_core.package_identification:_identify(src/navigation2/tools) by extension 'python_setup_py'
[0.323s] Level 1:colcon.colcon_core.package_identification:_identify(src/navigation2/tools/planner_benchmarking) by extensions ['ignore', 'ignore_ament_install']
[0.323s] Level 1:colcon.colcon_core.package_identification:_identify(src/navigation2/tools/planner_benchmarking) by extension 'ignore'
[0.323s] Level 1:colcon.colcon_core.package_identification:_identify(src/navigation2/tools/planner_benchmarking) by extension 'ignore_ament_install'
[0.323s] Level 1:colcon.colcon_core.package_identification:_identify(src/navigation2/tools/planner_benchmarking) by extensions ['colcon_pkg']
[0.323s] Level 1:colcon.colcon_core.package_identification:_identify(src/navigation2/tools/planner_benchmarking) by extension 'colcon_pkg'
[0.323s] Level 1:colcon.colcon_core.package_identification:_identify(src/navigation2/tools/planner_benchmarking) by extensions ['colcon_meta']
[0.323s] Level 1:colcon.colcon_core.package_identification:_identify(src/navigation2/tools/planner_benchmarking) by extension 'colcon_meta'
[0.324s] Level 1:colcon.colcon_core.package_identification:_identify(src/navigation2/tools/planner_benchmarking) by extensions ['ros']
[0.324s] Level 1:colcon.colcon_core.package_identification:_identify(src/navigation2/tools/planner_benchmarking) by extension 'ros'
[0.324s] Level 1:colcon.colcon_core.package_identification:_identify(src/navigation2/tools/planner_benchmarking) by extensions ['cmake', 'python']
[0.324s] Level 1:colcon.colcon_core.package_identification:_identify(src/navigation2/tools/planner_benchmarking) by extension 'cmake'
[0.324s] Level 1:colcon.colcon_core.package_identification:_identify(src/navigation2/tools/planner_benchmarking) by extension 'python'
[0.324s] Level 1:colcon.colcon_core.package_identification:_identify(src/navigation2/tools/planner_benchmarking) by extensions ['python_setup_py']
[0.324s] Level 1:colcon.colcon_core.package_identification:_identify(src/navigation2/tools/planner_benchmarking) by extension 'python_setup_py'
[0.324s] Level 1:colcon.colcon_core.package_identification:_identify(src/navigation2/tools/smoother_benchmarking) by extensions ['ignore', 'ignore_ament_install']
[0.324s] Level 1:colcon.colcon_core.package_identification:_identify(src/navigation2/tools/smoother_benchmarking) by extension 'ignore'
[0.324s] Level 1:colcon.colcon_core.package_identification:_identify(src/navigation2/tools/smoother_benchmarking) by extension 'ignore_ament_install'
[0.324s] Level 1:colcon.colcon_core.package_identification:_identify(src/navigation2/tools/smoother_benchmarking) by extensions ['colcon_pkg']
[0.324s] Level 1:colcon.colcon_core.package_identification:_identify(src/navigation2/tools/smoother_benchmarking) by extension 'colcon_pkg'
[0.324s] Level 1:colcon.colcon_core.package_identification:_identify(src/navigation2/tools/smoother_benchmarking) by extensions ['colcon_meta']
[0.324s] Level 1:colcon.colcon_core.package_identification:_identify(src/navigation2/tools/smoother_benchmarking) by extension 'colcon_meta'
[0.325s] Level 1:colcon.colcon_core.package_identification:_identify(src/navigation2/tools/smoother_benchmarking) by extensions ['ros']
[0.325s] Level 1:colcon.colcon_core.package_identification:_identify(src/navigation2/tools/smoother_benchmarking) by extension 'ros'
[0.325s] Level 1:colcon.colcon_core.package_identification:_identify(src/navigation2/tools/smoother_benchmarking) by extensions ['cmake', 'python']
[0.325s] Level 1:colcon.colcon_core.package_identification:_identify(src/navigation2/tools/smoother_benchmarking) by extension 'cmake'
[0.325s] Level 1:colcon.colcon_core.package_identification:_identify(src/navigation2/tools/smoother_benchmarking) by extension 'python'
[0.325s] Level 1:colcon.colcon_core.package_identification:_identify(src/navigation2/tools/smoother_benchmarking) by extensions ['python_setup_py']
[0.325s] Level 1:colcon.colcon_core.package_identification:_identify(src/navigation2/tools/smoother_benchmarking) by extension 'python_setup_py'
[0.325s] Level 1:colcon.colcon_core.package_identification:_identify(src/navigation2/tools/smoother_benchmarking/maps) by extensions ['ignore', 'ignore_ament_install']
[0.325s] Level 1:colcon.colcon_core.package_identification:_identify(src/navigation2/tools/smoother_benchmarking/maps) by extension 'ignore'
[0.325s] Level 1:colcon.colcon_core.package_identification:_identify(src/navigation2/tools/smoother_benchmarking/maps) by extension 'ignore_ament_install'
[0.325s] Level 1:colcon.colcon_core.package_identification:_identify(src/navigation2/tools/smoother_benchmarking/maps) by extensions ['colcon_pkg']
[0.325s] Level 1:colcon.colcon_core.package_identification:_identify(src/navigation2/tools/smoother_benchmarking/maps) by extension 'colcon_pkg'
[0.325s] Level 1:colcon.colcon_core.package_identification:_identify(src/navigation2/tools/smoother_benchmarking/maps) by extensions ['colcon_meta']
[0.325s] Level 1:colcon.colcon_core.package_identification:_identify(src/navigation2/tools/smoother_benchmarking/maps) by extension 'colcon_meta'
[0.325s] Level 1:colcon.colcon_core.package_identification:_identify(src/navigation2/tools/smoother_benchmarking/maps) by extensions ['ros']
[0.325s] Level 1:colcon.colcon_core.package_identification:_identify(src/navigation2/tools/smoother_benchmarking/maps) by extension 'ros'
[0.326s] Level 1:colcon.colcon_core.package_identification:_identify(src/navigation2/tools/smoother_benchmarking/maps) by extensions ['cmake', 'python']
[0.326s] Level 1:colcon.colcon_core.package_identification:_identify(src/navigation2/tools/smoother_benchmarking/maps) by extension 'cmake'
[0.326s] Level 1:colcon.colcon_core.package_identification:_identify(src/navigation2/tools/smoother_benchmarking/maps) by extension 'python'
[0.326s] Level 1:colcon.colcon_core.package_identification:_identify(src/navigation2/tools/smoother_benchmarking/maps) by extensions ['python_setup_py']
[0.326s] Level 1:colcon.colcon_core.package_identification:_identify(src/navigation2/tools/smoother_benchmarking/maps) by extension 'python_setup_py'
[0.326s] Level 1:colcon.colcon_core.package_identification:_identify(src/robot_logging) by extensions ['ignore', 'ignore_ament_install']
[0.326s] Level 1:colcon.colcon_core.package_identification:_identify(src/robot_logging) by extension 'ignore'
[0.326s] Level 1:colcon.colcon_core.package_identification:_identify(src/robot_logging) by extension 'ignore_ament_install'
[0.326s] Level 1:colcon.colcon_core.package_identification:_identify(src/robot_logging) by extensions ['colcon_pkg']
[0.326s] Level 1:colcon.colcon_core.package_identification:_identify(src/robot_logging) by extension 'colcon_pkg'
[0.326s] Level 1:colcon.colcon_core.package_identification:_identify(src/robot_logging) by extensions ['colcon_meta']
[0.326s] Level 1:colcon.colcon_core.package_identification:_identify(src/robot_logging) by extension 'colcon_meta'
[0.326s] Level 1:colcon.colcon_core.package_identification:_identify(src/robot_logging) by extensions ['ros']
[0.326s] Level 1:colcon.colcon_core.package_identification:_identify(src/robot_logging) by extension 'ros'
[0.330s] DEBUG:colcon.colcon_core.package_identification:Package 'src/robot_logging' with type 'ros.ament_cmake' and name 'robot_logging'
[0.330s] Level 1:colcon.colcon_core.package_discovery:discover_packages(recursive) using defaults
[0.330s] Level 1:colcon.colcon_core.package_discovery:discover_packages(ignore) discover
[0.330s] Level 1:colcon.colcon_core.package_discovery:discover_packages(ignore) using defaults
[0.330s] Level 1:colcon.colcon_core.package_discovery:discover_packages(path) discover
[0.331s] Level 1:colcon.colcon_core.package_discovery:discover_packages(path) using defaults
[0.404s] INFO:colcon.colcon_core.package_selection:Skipping not selected package 'nav2_common' in 'src/navigation2/nav2_common'
[0.404s] INFO:colcon.colcon_core.package_selection:Skipping not selected package 'nav2_loopback_sim' in 'src/navigation2/nav2_loopback_sim'
[0.404s] INFO:colcon.colcon_core.package_selection:Skipping not selected package 'nav_2d_msgs' in 'src/navigation2/nav2_dwb_controller/nav_2d_msgs'
[0.404s] INFO:colcon.colcon_core.package_selection:Skipping not selected package 'dwb_msgs' in 'src/navigation2/nav2_dwb_controller/dwb_msgs'
[0.404s] INFO:colcon.colcon_core.package_selection:Skipping not selected package 'nav2_msgs' in 'src/navigation2/nav2_msgs'
[0.404s] INFO:colcon.colcon_core.package_selection:Skipping not selected package 'nav2_voxel_grid' in 'src/navigation2/nav2_voxel_grid'
[0.404s] INFO:colcon.colcon_core.package_selection:Skipping not selected package 'nav2_simple_commander' in 'src/navigation2/nav2_simple_commander'
[0.404s] INFO:colcon.colcon_core.package_selection:Skipping not selected package 'nav2_util' in 'src/navigation2/nav2_util'
[0.404s] INFO:colcon.colcon_core.package_selection:Skipping not selected package 'nav2_amcl' in 'src/navigation2/nav2_amcl'
[0.404s] INFO:colcon.colcon_core.package_selection:Skipping not selected package 'nav2_behavior_tree' in 'src/navigation2/nav2_behavior_tree'
[0.404s] INFO:colcon.colcon_core.package_selection:Skipping not selected package 'nav2_lifecycle_manager' in 'src/navigation2/nav2_lifecycle_manager'
[0.404s] INFO:colcon.colcon_core.package_selection:Skipping not selected package 'nav2_map_server' in 'src/navigation2/nav2_map_server'
[0.404s] INFO:colcon.colcon_core.package_selection:Skipping not selected package 'nav2_velocity_smoother' in 'src/navigation2/nav2_velocity_smoother'
[0.404s] INFO:colcon.colcon_core.package_selection:Skipping not selected package 'nav_2d_utils' in 'src/navigation2/nav2_dwb_controller/nav_2d_utils'
[0.404s] INFO:colcon.colcon_core.package_selection:Skipping not selected package 'opennav_docking_core' in 'src/navigation2/nav2_docking/opennav_docking_core'
[0.404s] INFO:colcon.colcon_core.package_selection:Skipping not selected package 'nav2_costmap_2d' in 'src/navigation2/nav2_costmap_2d'
[0.404s] INFO:colcon.colcon_core.package_selection:Skipping not selected package 'nav2_rviz_plugins' in 'src/navigation2/nav2_rviz_plugins'
[0.404s] INFO:colcon.colcon_core.package_selection:Skipping not selected package 'costmap_queue' in 'src/navigation2/nav2_dwb_controller/costmap_queue'
[0.405s] INFO:colcon.colcon_core.package_selection:Skipping not selected package 'nav2_collision_monitor' in 'src/navigation2/nav2_collision_monitor'
[0.405s] INFO:colcon.colcon_core.package_selection:Skipping not selected package 'nav2_core' in 'src/navigation2/nav2_core'
[0.405s] INFO:colcon.colcon_core.package_selection:Skipping not selected package 'dwb_core' in 'src/navigation2/nav2_dwb_controller/dwb_core'
[0.405s] INFO:colcon.colcon_core.package_selection:Skipping not selected package 'nav2_behaviors' in 'src/navigation2/nav2_behaviors'
[0.405s] INFO:colcon.colcon_core.package_selection:Skipping not selected package 'nav2_bt_navigator' in 'src/navigation2/nav2_bt_navigator'
[0.405s] INFO:colcon.colcon_core.package_selection:Skipping not selected package 'nav2_constrained_smoother' in 'src/navigation2/nav2_constrained_smoother'
[0.405s] INFO:colcon.colcon_core.package_selection:Skipping not selected package 'nav2_controller' in 'src/navigation2/nav2_controller'
[0.405s] INFO:colcon.colcon_core.package_selection:Skipping not selected package 'nav2_mppi_controller' in 'src/navigation2/nav2_mppi_controller'
[0.405s] INFO:colcon.colcon_core.package_selection:Skipping not selected package 'nav2_regulated_pure_pursuit_controller' in 'src/navigation2/nav2_regulated_pure_pursuit_controller'
[0.405s] INFO:colcon.colcon_core.package_selection:Skipping not selected package 'nav2_smoother' in 'src/navigation2/nav2_smoother'
[0.405s] INFO:colcon.colcon_core.package_selection:Skipping not selected package 'nav2_theta_star_planner' in 'src/navigation2/nav2_theta_star_planner'
[0.405s] INFO:colcon.colcon_core.package_selection:Skipping not selected package 'nav2_waypoint_follower' in 'src/navigation2/nav2_waypoint_follower'
[0.405s] INFO:colcon.colcon_core.package_selection:Skipping not selected package 'opennav_docking_bt' in 'src/navigation2/nav2_docking/opennav_docking_bt'
[0.405s] INFO:colcon.colcon_core.package_selection:Skipping not selected package 'dwb_critics' in 'src/navigation2/nav2_dwb_controller/dwb_critics'
[0.405s] INFO:colcon.colcon_core.package_selection:Skipping not selected package 'dwb_plugins' in 'src/navigation2/nav2_dwb_controller/dwb_plugins'
[0.405s] INFO:colcon.colcon_core.package_selection:Skipping not selected package 'nav2_graceful_controller' in 'src/navigation2/nav2_graceful_controller'
[0.405s] INFO:colcon.colcon_core.package_selection:Skipping not selected package 'nav2_rotation_shim_controller' in 'src/navigation2/nav2_rotation_shim_controller'
[0.405s] INFO:colcon.colcon_core.package_selection:Skipping not selected package 'robot_logging' in 'src/robot_logging'
[0.405s] INFO:colcon.colcon_core.package_selection:Skipping not selected package 'nav2_dwb_controller' in 'src/navigation2/nav2_dwb_controller/nav2_dwb_controller'
[0.405s] INFO:colcon.colcon_core.package_selection:Skipping not selected package 'opennav_docking' in 'src/navigation2/nav2_docking/opennav_docking'
[0.405s] INFO:colcon.colcon_core.package_selection:Skipping not selected package 'navigation2' in 'src/navigation2/navigation2'
[0.405s] INFO:colcon.colcon_core.package_selection:Skipping not selected package 'nav2_bringup' in 'src/navigation2/nav2_bringup'
[0.405s] INFO:colcon.colcon_core.package_selection:Skipping not selected package 'nav2_system_tests' in 'src/navigation2/nav2_system_tests'
[0.406s] Level 1:colcon.colcon_core.package_discovery:discover_packages(prefix_path) check parameters
[0.406s] Level 1:colcon.colcon_core.package_discovery:discover_packages(prefix_path) discover
[0.408s] DEBUG:colcon.colcon_installed_package_information.package_discovery:Found 1 installed packages in /home/tersoo/autonomous-robot-logging-with-ROS2-jazzy/myros2_ws/install
[0.410s] DEBUG:colcon.colcon_installed_package_information.package_discovery:Found 412 installed packages in /opt/ros/jazzy
[0.426s] Level 1:colcon.colcon_core.package_discovery:discover_packages(prefix_path) using defaults
[0.495s] WARNING:colcon.colcon_core.package_selection:Some selected packages are already built in one or more underlay workspaces:
	'nav2_smac_planner' is in: /opt/ros/jazzy
	'nav2_planner' is in: /opt/ros/jazzy
	'nav2_navfn_planner' is in: /opt/ros/jazzy
If a package in a merged underlay workspace is overridden and it installs headers, then all packages in the overlay must sort their include directories by workspace order. Failure to do so may result in build failures or undefined behavior at run time.
If the overridden package is used by another package in any underlay, then the overriding package in the overlay must be API and ABI compatible or undefined behavior at run time may occur.

If you understand the risks and want to override a package anyways, add the following to the command line:
	--allow-overriding nav2_navfn_planner nav2_planner nav2_smac_planner

This may be promoted to an error in a future release of colcon-override-check.
[0.496s] Level 5:colcon.colcon_core.verb:set package 'nav2_navfn_planner' build argument 'cmake_args' from command line to 'None'
[0.497s] Level 5:colcon.colcon_core.verb:set package 'nav2_navfn_planner' build argument 'cmake_target' from command line to 'None'
[0.497s] Level 5:colcon.colcon_core.verb:set package 'nav2_navfn_planner' build argument 'cmake_target_skip_unavailable' from command line to 'False'
[0.497s] Level 5:colcon.colcon_core.verb:set package 'nav2_navfn_planner' build argument 'cmake_clean_cache' from command line to 'False'
[0.497s] Level 5:colcon.colcon_core.verb:set package 'nav2_navfn_planner' build argument 'cmake_clean_first' from command line to 'False'
[0.497s] Level 5:colcon.colcon_core.verb:set package 'nav2_navfn_planner' build argument 'cmake_force_configure' from command line to 'False'
[0.497s] Level 5:colcon.colcon_core.verb:set package 'nav2_navfn_planner' build argument 'ament_cmake_args' from command line to 'None'
[0.497s] Level 5:colcon.colcon_core.verb:set package 'nav2_navfn_planner' build argument 'catkin_cmake_args' from command line to 'None'
[0.497s] Level 5:colcon.colcon_core.verb:set package 'nav2_navfn_planner' build argument 'catkin_skip_building_tests' from command line to 'False'
[0.497s] DEBUG:colcon.colcon_core.verb:Building package 'nav2_navfn_planner' with the following arguments: {'ament_cmake_args': None, 'build_base': '/home/tersoo/autonomous-robot-logging-with-ROS2-jazzy/myros2_ws/build/nav2_navfn_planner', 'catkin_cmake_args': None, 'catkin_skip_building_tests': False, 'cmake_args': None, 'cmake_clean_cache': False, 'cmake_clean_first': False, 'cmake_force_configure': False, 'cmake_target': None, 'cmake_target_skip_unavailable': False, 'install_base': '/home/tersoo/autonomous-robot-logging-with-ROS2-jazzy/myros2_ws/install/nav2_navfn_planner', 'merge_install': False, 'path': '/home/tersoo/autonomous-robot-logging-with-ROS2-jazzy/myros2_ws/src/navigation2/nav2_navfn_planner', 'symlink_install': False, 'test_result_base': None}
[0.497s] Level 5:colcon.colcon_core.verb:set package 'nav2_planner' build argument 'cmake_args' from command line to 'None'
[0.497s] Level 5:colcon.colcon_core.verb:set package 'nav2_planner' build argument 'cmake_target' from command line to 'None'
[0.497s] Level 5:colcon.colcon_core.verb:set package 'nav2_planner' build argument 'cmake_target_skip_unavailable' from command line to 'False'
[0.497s] Level 5:colcon.colcon_core.verb:set package 'nav2_planner' build argument 'cmake_clean_cache' from command line to 'False'
[0.497s] Level 5:colcon.colcon_core.verb:set package 'nav2_planner' build argument 'cmake_clean_first' from command line to 'False'
[0.497s] Level 5:colcon.colcon_core.verb:set package 'nav2_planner' build argument 'cmake_force_configure' from command line to 'False'
[0.497s] Level 5:colcon.colcon_core.verb:set package 'nav2_planner' build argument 'ament_cmake_args' from command line to 'None'
[0.497s] Level 5:colcon.colcon_core.verb:set package 'nav2_planner' build argument 'catkin_cmake_args' from command line to 'None'
[0.497s] Level 5:colcon.colcon_core.verb:set package 'nav2_planner' build argument 'catkin_skip_building_tests' from command line to 'False'
[0.497s] DEBUG:colcon.colcon_core.verb:Building package 'nav2_planner' with the following arguments: {'ament_cmake_args': None, 'build_base': '/home/tersoo/autonomous-robot-logging-with-ROS2-jazzy/myros2_ws/build/nav2_planner', 'catkin_cmake_args': None, 'catkin_skip_building_tests': False, 'cmake_args': None, 'cmake_clean_cache': False, 'cmake_clean_first': False, 'cmake_force_configure': False, 'cmake_target': None, 'cmake_target_skip_unavailable': False, 'install_base': '/home/tersoo/autonomous-robot-logging-with-ROS2-jazzy/myros2_ws/install/nav2_planner', 'merge_install': False, 'path': '/home/tersoo/autonomous-robot-logging-with-ROS2-jazzy/myros2_ws/src/navigation2/nav2_planner', 'symlink_install': False, 'test_result_base': None}
[0.498s] Level 5:colcon.colcon_core.verb:set package 'nav2_smac_planner' build argument 'cmake_args' from command line to 'None'
[0.498s] Level 5:colcon.colcon_core.verb:set package 'nav2_smac_planner' build argument 'cmake_target' from command line to 'None'
[0.498s] Level 5:colcon.colcon_core.verb:set package 'nav2_smac_planner' build argument 'cmake_target_skip_unavailable' from command line to 'False'
[0.498s] Level 5:colcon.colcon_core.verb:set package 'nav2_smac_planner' build argument 'cmake_clean_cache' from command line to 'False'
[0.498s] Level 5:colcon.colcon_core.verb:set package 'nav2_smac_planner' build argument 'cmake_clean_first' from command line to 'False'
[0.498s] Level 5:colcon.colcon_core.verb:set package 'nav2_smac_planner' build argument 'cmake_force_configure' from command line to 'False'
[0.498s] Level 5:colcon.colcon_core.verb:set package 'nav2_smac_planner' build argument 'ament_cmake_args' from command line to 'None'
[0.498s] Level 5:colcon.colcon_core.verb:set package 'nav2_smac_planner' build argument 'catkin_cmake_args' from command line to 'None'
[0.498s] Level 5:colcon.colcon_core.verb:set package 'nav2_smac_planner' build argument 'catkin_skip_building_tests' from command line to 'False'
[0.498s] DEBUG:colcon.colcon_core.verb:Building package 'nav2_smac_planner' with the following arguments: {'ament_cmake_args': None, 'build_base': '/home/tersoo/autonomous-robot-logging-with-ROS2-jazzy/myros2_ws/build/nav2_smac_planner', 'catkin_cmake_args': None, 'catkin_skip_building_tests': False, 'cmake_args': None, 'cmake_clean_cache': False, 'cmake_clean_first': False, 'cmake_force_configure': False, 'cmake_target': None, 'cmake_target_skip_unavailable': False, 'install_base': '/home/tersoo/autonomous-robot-logging-with-ROS2-jazzy/myros2_ws/install/nav2_smac_planner', 'merge_install': False, 'path': '/home/tersoo/autonomous-robot-logging-with-ROS2-jazzy/myros2_ws/src/navigation2/nav2_smac_planner', 'symlink_install': False, 'test_result_base': None}
[0.498s] INFO:colcon.colcon_core.executor:Executing jobs using 'parallel' executor
[0.499s] DEBUG:colcon.colcon_parallel_executor.executor.parallel:run_until_complete
[0.500s] INFO:colcon.colcon_ros.task.ament_cmake.build:Building ROS package in '/home/tersoo/autonomous-robot-logging-with-ROS2-jazzy/myros2_ws/src/navigation2/nav2_navfn_planner' with build type 'ament_cmake'
[0.500s] INFO:colcon.colcon_cmake.task.cmake.build:Building CMake package in '/home/tersoo/autonomous-robot-logging-with-ROS2-jazzy/myros2_ws/src/navigation2/nav2_navfn_planner'
[0.505s] INFO:colcon.colcon_core.plugin_system:Skipping extension 'colcon_core.shell.bat': Not used on non-Windows systems
[0.505s] INFO:colcon.colcon_core.shell:Skip shell extension 'powershell' for command environment: Not usable outside of PowerShell
[0.505s] DEBUG:colcon.colcon_core.shell:Skip shell extension 'dsv' for command environment
[0.510s] WARNING:colcon.colcon_core.shell:The following packages are in the workspace but haven't been built:
- nav2_common
- nav2_msgs
- nav2_voxel_grid
- nav2_util
- nav2_behavior_tree
- nav2_lifecycle_manager
- nav2_map_server
- nav2_costmap_2d
- nav2_core
They are being used from the following locations instead:
- /opt/ros/jazzy
- /opt/ros/jazzy
- /opt/ros/jazzy
- /opt/ros/jazzy
- /opt/ros/jazzy
- /opt/ros/jazzy
- /opt/ros/jazzy
- /opt/ros/jazzy
- /opt/ros/jazzy
To suppress this warning ignore these packages in the workspace:
--packages-ignore nav2_common nav2_msgs nav2_voxel_grid nav2_util nav2_behavior_tree nav2_lifecycle_manager nav2_map_server nav2_costmap_2d nav2_core
[0.511s] INFO:colcon.colcon_ros.task.ament_cmake.build:Building ROS package in '/home/tersoo/autonomous-robot-logging-with-ROS2-jazzy/myros2_ws/src/navigation2/nav2_planner' with build type 'ament_cmake'
[0.511s] INFO:colcon.colcon_cmake.task.cmake.build:Building CMake package in '/home/tersoo/autonomous-robot-logging-with-ROS2-jazzy/myros2_ws/src/navigation2/nav2_planner'
[0.512s] INFO:colcon.colcon_core.shell:Skip shell extension 'powershell' for command environment: Not usable outside of PowerShell
[0.512s] DEBUG:colcon.colcon_core.shell:Skip shell extension 'dsv' for command environment
[0.516s] WARNING:colcon.colcon_core.shell:The following packages are in the workspace but haven't been built:
- nav2_common
- nav2_msgs
- nav2_voxel_grid
- nav2_util
- nav2_behavior_tree
- nav2_lifecycle_manager
- nav2_map_server
- nav2_costmap_2d
- nav2_core
They are being used from the following locations instead:
- /opt/ros/jazzy
- /opt/ros/jazzy
- /opt/ros/jazzy
- /opt/ros/jazzy
- /opt/ros/jazzy
- /opt/ros/jazzy
- /opt/ros/jazzy
- /opt/ros/jazzy
- /opt/ros/jazzy
To suppress this warning ignore these packages in the workspace:
--packages-ignore nav2_common nav2_msgs nav2_voxel_grid nav2_util nav2_behavior_tree nav2_lifecycle_manager nav2_map_server nav2_costmap_2d nav2_core
[0.517s] INFO:colcon.colcon_ros.task.ament_cmake.build:Building ROS package in '/home/tersoo/autonomous-robot-logging-with-ROS2-jazzy/myros2_ws/src/navigation2/nav2_smac_planner' with build type 'ament_cmake'
[0.517s] INFO:colcon.colcon_cmake.task.cmake.build:Building CMake package in '/home/tersoo/autonomous-robot-logging-with-ROS2-jazzy/myros2_ws/src/navigation2/nav2_smac_planner'
[0.517s] INFO:colcon.colcon_core.shell:Skip shell extension 'powershell' for command environment: Not usable outside of PowerShell
[0.517s] DEBUG:colcon.colcon_core.shell:Skip shell extension 'dsv' for command environment
[0.521s] WARNING:colcon.colcon_core.shell:The following packages are in the workspace but haven't been built:
- nav2_common
- nav2_msgs
- nav2_voxel_grid
- nav2_util
- nav2_behavior_tree
- nav2_lifecycle_manager
- nav2_map_server
- nav2_costmap_2d
- nav2_core
They are being used from the following locations instead:
- /opt/ros/jazzy
- /opt/ros/jazzy
- /opt/ros/jazzy
- /opt/ros/jazzy
- /opt/ros/jazzy
- /opt/ros/jazzy
- /opt/ros/jazzy
- /opt/ros/jazzy
- /opt/ros/jazzy
To suppress this warning ignore these packages in the workspace:
--packages-ignore nav2_common nav2_msgs nav2_voxel_grid nav2_util nav2_behavior_tree nav2_lifecycle_manager nav2_map_server nav2_costmap_2d nav2_core
[0.529s] DEBUG:colcon.colcon_core.event_handler.log_command:Invoking command in '/home/tersoo/autonomous-robot-logging-with-ROS2-jazzy/myros2_ws/build/nav2_navfn_planner': CMAKE_PREFIX_PATH=${CMAKE_PREFIX_PATH}:/opt/ros/jazzy DEBUGINFOD_URLS=https://debuginfod.ubuntu.com /usr/bin/cmake /home/tersoo/autonomous-robot-logging-with-ROS2-jazzy/myros2_ws/src/navigation2/nav2_navfn_planner -DCMAKE_INSTALL_PREFIX=/home/tersoo/autonomous-robot-logging-with-ROS2-jazzy/myros2_ws/install/nav2_navfn_planner
[0.534s] DEBUG:colcon.colcon_core.event_handler.log_command:Invoking command in '/home/tersoo/autonomous-robot-logging-with-ROS2-jazzy/myros2_ws/build/nav2_planner': CMAKE_PREFIX_PATH=${CMAKE_PREFIX_PATH}:/opt/ros/jazzy DEBUGINFOD_URLS=https://debuginfod.ubuntu.com /usr/bin/cmake /home/tersoo/autonomous-robot-logging-with-ROS2-jazzy/myros2_ws/src/navigation2/nav2_planner -DCMAKE_INSTALL_PREFIX=/home/tersoo/autonomous-robot-logging-with-ROS2-jazzy/myros2_ws/install/nav2_planner
[0.538s] DEBUG:colcon.colcon_core.event_handler.log_command:Invoking command in '/home/tersoo/autonomous-robot-logging-with-ROS2-jazzy/myros2_ws/build/nav2_smac_planner': CMAKE_PREFIX_PATH=${CMAKE_PREFIX_PATH}:/opt/ros/jazzy DEBUGINFOD_URLS=https://debuginfod.ubuntu.com /usr/bin/cmake /home/tersoo/autonomous-robot-logging-with-ROS2-jazzy/myros2_ws/src/navigation2/nav2_smac_planner -DCMAKE_INSTALL_PREFIX=/home/tersoo/autonomous-robot-logging-with-ROS2-jazzy/myros2_ws/install/nav2_smac_planner
[9.812s] DEBUG:colcon.colcon_core.event_handler.log_command:Invoked command in '/home/tersoo/autonomous-robot-logging-with-ROS2-jazzy/myros2_ws/build/nav2_navfn_planner' returned '0': CMAKE_PREFIX_PATH=${CMAKE_PREFIX_PATH}:/opt/ros/jazzy DEBUGINFOD_URLS=https://debuginfod.ubuntu.com /usr/bin/cmake /home/tersoo/autonomous-robot-logging-with-ROS2-jazzy/myros2_ws/src/navigation2/nav2_navfn_planner -DCMAKE_INSTALL_PREFIX=/home/tersoo/autonomous-robot-logging-with-ROS2-jazzy/myros2_ws/install/nav2_navfn_planner
[9.813s] DEBUG:colcon.colcon_core.event_handler.log_command:Invoking command in '/home/tersoo/autonomous-robot-logging-with-ROS2-jazzy/myros2_ws/build/nav2_navfn_planner': CMAKE_PREFIX_PATH=${CMAKE_PREFIX_PATH}:/opt/ros/jazzy DEBUGINFOD_URLS=https://debuginfod.ubuntu.com /usr/bin/cmake --build /home/tersoo/autonomous-robot-logging-with-ROS2-jazzy/myros2_ws/build/nav2_navfn_planner -- -j12 -l12
[9.870s] DEBUG:colcon.colcon_core.event_handler.log_command:Invoked command in '/home/tersoo/autonomous-robot-logging-with-ROS2-jazzy/myros2_ws/build/nav2_planner' returned '0': CMAKE_PREFIX_PATH=${CMAKE_PREFIX_PATH}:/opt/ros/jazzy DEBUGINFOD_URLS=https://debuginfod.ubuntu.com /usr/bin/cmake /home/tersoo/autonomous-robot-logging-with-ROS2-jazzy/myros2_ws/src/navigation2/nav2_planner -DCMAKE_INSTALL_PREFIX=/home/tersoo/autonomous-robot-logging-with-ROS2-jazzy/myros2_ws/install/nav2_planner
[9.872s] DEBUG:colcon.colcon_core.event_handler.log_command:Invoking command in '/home/tersoo/autonomous-robot-logging-with-ROS2-jazzy/myros2_ws/build/nav2_planner': CMAKE_PREFIX_PATH=${CMAKE_PREFIX_PATH}:/opt/ros/jazzy DEBUGINFOD_URLS=https://debuginfod.ubuntu.com /usr/bin/cmake --build /home/tersoo/autonomous-robot-logging-with-ROS2-jazzy/myros2_ws/build/nav2_planner -- -j12 -l12
[11.095s] DEBUG:colcon.colcon_core.event_handler.log_command:Invoked command in '/home/tersoo/autonomous-robot-logging-with-ROS2-jazzy/myros2_ws/build/nav2_smac_planner' returned '0': CMAKE_PREFIX_PATH=${CMAKE_PREFIX_PATH}:/opt/ros/jazzy DEBUGINFOD_URLS=https://debuginfod.ubuntu.com /usr/bin/cmake /home/tersoo/autonomous-robot-logging-with-ROS2-jazzy/myros2_ws/src/navigation2/nav2_smac_planner -DCMAKE_INSTALL_PREFIX=/home/tersoo/autonomous-robot-logging-with-ROS2-jazzy/myros2_ws/install/nav2_smac_planner
[11.097s] DEBUG:colcon.colcon_core.event_handler.log_command:Invoking command in '/home/tersoo/autonomous-robot-logging-with-ROS2-jazzy/myros2_ws/build/nav2_smac_planner': CMAKE_PREFIX_PATH=${CMAKE_PREFIX_PATH}:/opt/ros/jazzy DEBUGINFOD_URLS=https://debuginfod.ubuntu.com /usr/bin/cmake --build /home/tersoo/autonomous-robot-logging-with-ROS2-jazzy/myros2_ws/build/nav2_smac_planner -- -j12 -l12
[61.937s] DEBUG:colcon.colcon_core.event_handler.log_command:Invoked command in '/home/tersoo/autonomous-robot-logging-with-ROS2-jazzy/myros2_ws/build/nav2_navfn_planner' returned '0': CMAKE_PREFIX_PATH=${CMAKE_PREFIX_PATH}:/opt/ros/jazzy DEBUGINFOD_URLS=https://debuginfod.ubuntu.com /usr/bin/cmake --build /home/tersoo/autonomous-robot-logging-with-ROS2-jazzy/myros2_ws/build/nav2_navfn_planner -- -j12 -l12
[62.003s] DEBUG:colcon.colcon_core.event_handler.log_command:Invoking command in '/home/tersoo/autonomous-robot-logging-with-ROS2-jazzy/myros2_ws/build/nav2_navfn_planner': CMAKE_PREFIX_PATH=${CMAKE_PREFIX_PATH}:/opt/ros/jazzy DEBUGINFOD_URLS=https://debuginfod.ubuntu.com /usr/bin/cmake --install /home/tersoo/autonomous-robot-logging-with-ROS2-jazzy/myros2_ws/build/nav2_navfn_planner
[62.086s] Level 1:colcon.colcon_core.environment:create_environment_scripts_only(nav2_navfn_planner)
[62.089s] DEBUG:colcon.colcon_core.event_handler.log_command:Invoked command in '/home/tersoo/autonomous-robot-logging-with-ROS2-jazzy/myros2_ws/build/nav2_navfn_planner' returned '0': CMAKE_PREFIX_PATH=${CMAKE_PREFIX_PATH}:/opt/ros/jazzy DEBUGINFOD_URLS=https://debuginfod.ubuntu.com /usr/bin/cmake --install /home/tersoo/autonomous-robot-logging-with-ROS2-jazzy/myros2_ws/build/nav2_navfn_planner
[62.093s] Level 1:colcon.colcon_core.environment:checking '/home/tersoo/autonomous-robot-logging-with-ROS2-jazzy/myros2_ws/install/nav2_navfn_planner' for CMake module files
[62.095s] Level 1:colcon.colcon_core.environment:checking '/home/tersoo/autonomous-robot-logging-with-ROS2-jazzy/myros2_ws/install/nav2_navfn_planner' for CMake config files
[62.096s] Level 1:colcon.colcon_core.shell:create_environment_hook('nav2_navfn_planner', 'cmake_prefix_path')
[62.096s] INFO:colcon.colcon_core.shell:Creating environment hook '/home/tersoo/autonomous-robot-logging-with-ROS2-jazzy/myros2_ws/install/nav2_navfn_planner/share/nav2_navfn_planner/hook/cmake_prefix_path.ps1'
[62.098s] INFO:colcon.colcon_core.shell:Creating environment descriptor '/home/tersoo/autonomous-robot-logging-with-ROS2-jazzy/myros2_ws/install/nav2_navfn_planner/share/nav2_navfn_planner/hook/cmake_prefix_path.dsv'
[62.098s] INFO:colcon.colcon_core.shell:Creating environment hook '/home/tersoo/autonomous-robot-logging-with-ROS2-jazzy/myros2_ws/install/nav2_navfn_planner/share/nav2_navfn_planner/hook/cmake_prefix_path.sh'
[62.101s] Level 1:colcon.colcon_core.environment:checking '/home/tersoo/autonomous-robot-logging-with-ROS2-jazzy/myros2_ws/install/nav2_navfn_planner/lib'
[62.102s] Level 1:colcon.colcon_core.shell:create_environment_hook('nav2_navfn_planner', 'ld_library_path_lib')
[62.103s] INFO:colcon.colcon_core.shell:Creating environment hook '/home/tersoo/autonomous-robot-logging-with-ROS2-jazzy/myros2_ws/install/nav2_navfn_planner/share/nav2_navfn_planner/hook/ld_library_path_lib.ps1'
[62.104s] INFO:colcon.colcon_core.shell:Creating environment descriptor '/home/tersoo/autonomous-robot-logging-with-ROS2-jazzy/myros2_ws/install/nav2_navfn_planner/share/nav2_navfn_planner/hook/ld_library_path_lib.dsv'
[62.105s] INFO:colcon.colcon_core.shell:Creating environment hook '/home/tersoo/autonomous-robot-logging-with-ROS2-jazzy/myros2_ws/install/nav2_navfn_planner/share/nav2_navfn_planner/hook/ld_library_path_lib.sh'
[62.106s] Level 1:colcon.colcon_core.environment:checking '/home/tersoo/autonomous-robot-logging-with-ROS2-jazzy/myros2_ws/install/nav2_navfn_planner/bin'
[62.106s] Level 1:colcon.colcon_core.environment:checking '/home/tersoo/autonomous-robot-logging-with-ROS2-jazzy/myros2_ws/install/nav2_navfn_planner/lib/pkgconfig/nav2_navfn_planner.pc'
[62.107s] Level 1:colcon.colcon_core.environment:checking '/home/tersoo/autonomous-robot-logging-with-ROS2-jazzy/myros2_ws/install/nav2_navfn_planner/lib/python3.12/site-packages'
[62.108s] Level 1:colcon.colcon_core.environment:checking '/home/tersoo/autonomous-robot-logging-with-ROS2-jazzy/myros2_ws/install/nav2_navfn_planner/bin'
[62.109s] INFO:colcon.colcon_core.shell:Creating package script '/home/tersoo/autonomous-robot-logging-with-ROS2-jazzy/myros2_ws/install/nav2_navfn_planner/share/nav2_navfn_planner/package.ps1'
[62.111s] INFO:colcon.colcon_core.shell:Creating package descriptor '/home/tersoo/autonomous-robot-logging-with-ROS2-jazzy/myros2_ws/install/nav2_navfn_planner/share/nav2_navfn_planner/package.dsv'
[62.112s] INFO:colcon.colcon_core.shell:Creating package script '/home/tersoo/autonomous-robot-logging-with-ROS2-jazzy/myros2_ws/install/nav2_navfn_planner/share/nav2_navfn_planner/package.sh'
[62.114s] INFO:colcon.colcon_core.shell:Creating package script '/home/tersoo/autonomous-robot-logging-with-ROS2-jazzy/myros2_ws/install/nav2_navfn_planner/share/nav2_navfn_planner/package.bash'
[62.116s] INFO:colcon.colcon_core.shell:Creating package script '/home/tersoo/autonomous-robot-logging-with-ROS2-jazzy/myros2_ws/install/nav2_navfn_planner/share/nav2_navfn_planner/package.zsh'
[62.117s] Level 1:colcon.colcon_core.environment:create_file_with_runtime_dependencies(/home/tersoo/autonomous-robot-logging-with-ROS2-jazzy/myros2_ws/install/nav2_navfn_planner/share/colcon-core/packages/nav2_navfn_planner)
[62.120s] Level 1:colcon.colcon_core.environment:create_environment_scripts_only(nav2_navfn_planner)
[62.120s] Level 1:colcon.colcon_core.environment:checking '/home/tersoo/autonomous-robot-logging-with-ROS2-jazzy/myros2_ws/install/nav2_navfn_planner' for CMake module files
[62.122s] Level 1:colcon.colcon_core.environment:checking '/home/tersoo/autonomous-robot-logging-with-ROS2-jazzy/myros2_ws/install/nav2_navfn_planner' for CMake config files
[62.123s] Level 1:colcon.colcon_core.shell:create_environment_hook('nav2_navfn_planner', 'cmake_prefix_path')
[62.124s] INFO:colcon.colcon_core.shell:Creating environment hook '/home/tersoo/autonomous-robot-logging-with-ROS2-jazzy/myros2_ws/install/nav2_navfn_planner/share/nav2_navfn_planner/hook/cmake_prefix_path.ps1'
[62.127s] INFO:colcon.colcon_core.shell:Creating environment descriptor '/home/tersoo/autonomous-robot-logging-with-ROS2-jazzy/myros2_ws/install/nav2_navfn_planner/share/nav2_navfn_planner/hook/cmake_prefix_path.dsv'
[62.128s] INFO:colcon.colcon_core.shell:Creating environment hook '/home/tersoo/autonomous-robot-logging-with-ROS2-jazzy/myros2_ws/install/nav2_navfn_planner/share/nav2_navfn_planner/hook/cmake_prefix_path.sh'
[62.130s] Level 1:colcon.colcon_core.environment:checking '/home/tersoo/autonomous-robot-logging-with-ROS2-jazzy/myros2_ws/install/nav2_navfn_planner/lib'
[62.130s] Level 1:colcon.colcon_core.shell:create_environment_hook('nav2_navfn_planner', 'ld_library_path_lib')
[62.132s] INFO:colcon.colcon_core.shell:Creating environment hook '/home/tersoo/autonomous-robot-logging-with-ROS2-jazzy/myros2_ws/install/nav2_navfn_planner/share/nav2_navfn_planner/hook/ld_library_path_lib.ps1'
[62.136s] INFO:colcon.colcon_core.shell:Creating environment descriptor '/home/tersoo/autonomous-robot-logging-with-ROS2-jazzy/myros2_ws/install/nav2_navfn_planner/share/nav2_navfn_planner/hook/ld_library_path_lib.dsv'
[62.138s] INFO:colcon.colcon_core.shell:Creating environment hook '/home/tersoo/autonomous-robot-logging-with-ROS2-jazzy/myros2_ws/install/nav2_navfn_planner/share/nav2_navfn_planner/hook/ld_library_path_lib.sh'
[62.141s] Level 1:colcon.colcon_core.environment:checking '/home/tersoo/autonomous-robot-logging-with-ROS2-jazzy/myros2_ws/install/nav2_navfn_planner/bin'
[62.142s] Level 1:colcon.colcon_core.environment:checking '/home/tersoo/autonomous-robot-logging-with-ROS2-jazzy/myros2_ws/install/nav2_navfn_planner/lib/pkgconfig/nav2_navfn_planner.pc'
[62.143s] Level 1:colcon.colcon_core.environment:checking '/home/tersoo/autonomous-robot-logging-with-ROS2-jazzy/myros2_ws/install/nav2_navfn_planner/lib/python3.12/site-packages'
[62.144s] Level 1:colcon.colcon_core.environment:checking '/home/tersoo/autonomous-robot-logging-with-ROS2-jazzy/myros2_ws/install/nav2_navfn_planner/bin'
[62.145s] INFO:colcon.colcon_core.shell:Creating package script '/home/tersoo/autonomous-robot-logging-with-ROS2-jazzy/myros2_ws/install/nav2_navfn_planner/share/nav2_navfn_planner/package.ps1'
[62.146s] INFO:colcon.colcon_core.shell:Creating package descriptor '/home/tersoo/autonomous-robot-logging-with-ROS2-jazzy/myros2_ws/install/nav2_navfn_planner/share/nav2_navfn_planner/package.dsv'
[62.150s] INFO:colcon.colcon_core.shell:Creating package script '/home/tersoo/autonomous-robot-logging-with-ROS2-jazzy/myros2_ws/install/nav2_navfn_planner/share/nav2_navfn_planner/package.sh'
[62.151s] INFO:colcon.colcon_core.shell:Creating package script '/home/tersoo/autonomous-robot-logging-with-ROS2-jazzy/myros2_ws/install/nav2_navfn_planner/share/nav2_navfn_planner/package.bash'
[62.153s] INFO:colcon.colcon_core.shell:Creating package script '/home/tersoo/autonomous-robot-logging-with-ROS2-jazzy/myros2_ws/install/nav2_navfn_planner/share/nav2_navfn_planner/package.zsh'
[62.155s] Level 1:colcon.colcon_core.environment:create_file_with_runtime_dependencies(/home/tersoo/autonomous-robot-logging-with-ROS2-jazzy/myros2_ws/install/nav2_navfn_planner/share/colcon-core/packages/nav2_navfn_planner)
[81.060s] DEBUG:colcon.colcon_core.event_handler.log_command:Invoked command in '/home/tersoo/autonomous-robot-logging-with-ROS2-jazzy/myros2_ws/build/nav2_planner' returned '0': CMAKE_PREFIX_PATH=${CMAKE_PREFIX_PATH}:/opt/ros/jazzy DEBUGINFOD_URLS=https://debuginfod.ubuntu.com /usr/bin/cmake --build /home/tersoo/autonomous-robot-logging-with-ROS2-jazzy/myros2_ws/build/nav2_planner -- -j12 -l12
[81.063s] DEBUG:colcon.colcon_core.event_handler.log_command:Invoking command in '/home/tersoo/autonomous-robot-logging-with-ROS2-jazzy/myros2_ws/build/nav2_planner': CMAKE_PREFIX_PATH=${CMAKE_PREFIX_PATH}:/opt/ros/jazzy DEBUGINFOD_URLS=https://debuginfod.ubuntu.com /usr/bin/cmake --install /home/tersoo/autonomous-robot-logging-with-ROS2-jazzy/myros2_ws/build/nav2_planner
[81.088s] Level 1:colcon.colcon_core.environment:create_environment_scripts_only(nav2_planner)
[81.088s] Level 1:colcon.colcon_core.environment:checking '/home/tersoo/autonomous-robot-logging-with-ROS2-jazzy/myros2_ws/install/nav2_planner' for CMake module files
[81.089s] DEBUG:colcon.colcon_core.event_handler.log_command:Invoked command in '/home/tersoo/autonomous-robot-logging-with-ROS2-jazzy/myros2_ws/build/nav2_planner' returned '0': CMAKE_PREFIX_PATH=${CMAKE_PREFIX_PATH}:/opt/ros/jazzy DEBUGINFOD_URLS=https://debuginfod.ubuntu.com /usr/bin/cmake --install /home/tersoo/autonomous-robot-logging-with-ROS2-jazzy/myros2_ws/build/nav2_planner
[81.090s] Level 1:colcon.colcon_core.environment:checking '/home/tersoo/autonomous-robot-logging-with-ROS2-jazzy/myros2_ws/install/nav2_planner' for CMake config files
[81.090s] Level 1:colcon.colcon_core.shell:create_environment_hook('nav2_planner', 'cmake_prefix_path')
[81.090s] INFO:colcon.colcon_core.shell:Creating environment hook '/home/tersoo/autonomous-robot-logging-with-ROS2-jazzy/myros2_ws/install/nav2_planner/share/nav2_planner/hook/cmake_prefix_path.ps1'
[81.091s] INFO:colcon.colcon_core.shell:Creating environment descriptor '/home/tersoo/autonomous-robot-logging-with-ROS2-jazzy/myros2_ws/install/nav2_planner/share/nav2_planner/hook/cmake_prefix_path.dsv'
[81.091s] INFO:colcon.colcon_core.shell:Creating environment hook '/home/tersoo/autonomous-robot-logging-with-ROS2-jazzy/myros2_ws/install/nav2_planner/share/nav2_planner/hook/cmake_prefix_path.sh'
[81.092s] Level 1:colcon.colcon_core.environment:checking '/home/tersoo/autonomous-robot-logging-with-ROS2-jazzy/myros2_ws/install/nav2_planner/lib'
[81.092s] Level 1:colcon.colcon_core.shell:create_environment_hook('nav2_planner', 'ld_library_path_lib')
[81.092s] INFO:colcon.colcon_core.shell:Creating environment hook '/home/tersoo/autonomous-robot-logging-with-ROS2-jazzy/myros2_ws/install/nav2_planner/share/nav2_planner/hook/ld_library_path_lib.ps1'
[81.092s] INFO:colcon.colcon_core.shell:Creating environment descriptor '/home/tersoo/autonomous-robot-logging-with-ROS2-jazzy/myros2_ws/install/nav2_planner/share/nav2_planner/hook/ld_library_path_lib.dsv'
[81.093s] INFO:colcon.colcon_core.shell:Creating environment hook '/home/tersoo/autonomous-robot-logging-with-ROS2-jazzy/myros2_ws/install/nav2_planner/share/nav2_planner/hook/ld_library_path_lib.sh'
[81.093s] Level 1:colcon.colcon_core.environment:checking '/home/tersoo/autonomous-robot-logging-with-ROS2-jazzy/myros2_ws/install/nav2_planner/bin'
[81.093s] Level 1:colcon.colcon_core.environment:checking '/home/tersoo/autonomous-robot-logging-with-ROS2-jazzy/myros2_ws/install/nav2_planner/lib/pkgconfig/nav2_planner.pc'
[81.094s] Level 1:colcon.colcon_core.environment:checking '/home/tersoo/autonomous-robot-logging-with-ROS2-jazzy/myros2_ws/install/nav2_planner/lib/python3.12/site-packages'
[81.094s] Level 1:colcon.colcon_core.environment:checking '/home/tersoo/autonomous-robot-logging-with-ROS2-jazzy/myros2_ws/install/nav2_planner/bin'
[81.094s] INFO:colcon.colcon_core.shell:Creating package script '/home/tersoo/autonomous-robot-logging-with-ROS2-jazzy/myros2_ws/install/nav2_planner/share/nav2_planner/package.ps1'
[81.095s] INFO:colcon.colcon_core.shell:Creating package descriptor '/home/tersoo/autonomous-robot-logging-with-ROS2-jazzy/myros2_ws/install/nav2_planner/share/nav2_planner/package.dsv'
[81.095s] INFO:colcon.colcon_core.shell:Creating package script '/home/tersoo/autonomous-robot-logging-with-ROS2-jazzy/myros2_ws/install/nav2_planner/share/nav2_planner/package.sh'
[81.096s] INFO:colcon.colcon_core.shell:Creating package script '/home/tersoo/autonomous-robot-logging-with-ROS2-jazzy/myros2_ws/install/nav2_planner/share/nav2_planner/package.bash'
[81.096s] INFO:colcon.colcon_core.shell:Creating package script '/home/tersoo/autonomous-robot-logging-with-ROS2-jazzy/myros2_ws/install/nav2_planner/share/nav2_planner/package.zsh'
[81.096s] Level 1:colcon.colcon_core.environment:create_file_with_runtime_dependencies(/home/tersoo/autonomous-robot-logging-with-ROS2-jazzy/myros2_ws/install/nav2_planner/share/colcon-core/packages/nav2_planner)
[81.097s] Level 1:colcon.colcon_core.environment:create_environment_scripts_only(nav2_planner)
[81.097s] Level 1:colcon.colcon_core.environment:checking '/home/tersoo/autonomous-robot-logging-with-ROS2-jazzy/myros2_ws/install/nav2_planner' for CMake module files
[81.098s] Level 1:colcon.colcon_core.environment:checking '/home/tersoo/autonomous-robot-logging-with-ROS2-jazzy/myros2_ws/install/nav2_planner' for CMake config files
[81.098s] Level 1:colcon.colcon_core.shell:create_environment_hook('nav2_planner', 'cmake_prefix_path')
[81.098s] INFO:colcon.colcon_core.shell:Creating environment hook '/home/tersoo/autonomous-robot-logging-with-ROS2-jazzy/myros2_ws/install/nav2_planner/share/nav2_planner/hook/cmake_prefix_path.ps1'
[81.099s] INFO:colcon.colcon_core.shell:Creating environment descriptor '/home/tersoo/autonomous-robot-logging-with-ROS2-jazzy/myros2_ws/install/nav2_planner/share/nav2_planner/hook/cmake_prefix_path.dsv'
[81.099s] INFO:colcon.colcon_core.shell:Creating environment hook '/home/tersoo/autonomous-robot-logging-with-ROS2-jazzy/myros2_ws/install/nav2_planner/share/nav2_planner/hook/cmake_prefix_path.sh'
[81.100s] Level 1:colcon.colcon_core.environment:checking '/home/tersoo/autonomous-robot-logging-with-ROS2-jazzy/myros2_ws/install/nav2_planner/lib'
[81.100s] Level 1:colcon.colcon_core.shell:create_environment_hook('nav2_planner', 'ld_library_path_lib')
[81.100s] INFO:colcon.colcon_core.shell:Creating environment hook '/home/tersoo/autonomous-robot-logging-with-ROS2-jazzy/myros2_ws/install/nav2_planner/share/nav2_planner/hook/ld_library_path_lib.ps1'
[81.101s] INFO:colcon.colcon_core.shell:Creating environment descriptor '/home/tersoo/autonomous-robot-logging-with-ROS2-jazzy/myros2_ws/install/nav2_planner/share/nav2_planner/hook/ld_library_path_lib.dsv'
[81.101s] INFO:colcon.colcon_core.shell:Creating environment hook '/home/tersoo/autonomous-robot-logging-with-ROS2-jazzy/myros2_ws/install/nav2_planner/share/nav2_planner/hook/ld_library_path_lib.sh'
[81.101s] Level 1:colcon.colcon_core.environment:checking '/home/tersoo/autonomous-robot-logging-with-ROS2-jazzy/myros2_ws/install/nav2_planner/bin'
[81.102s] Level 1:colcon.colcon_core.environment:checking '/home/tersoo/autonomous-robot-logging-with-ROS2-jazzy/myros2_ws/install/nav2_planner/lib/pkgconfig/nav2_planner.pc'
[81.102s] Level 1:colcon.colcon_core.environment:checking '/home/tersoo/autonomous-robot-logging-with-ROS2-jazzy/myros2_ws/install/nav2_planner/lib/python3.12/site-packages'
[81.102s] Level 1:colcon.colcon_core.environment:checking '/home/tersoo/autonomous-robot-logging-with-ROS2-jazzy/myros2_ws/install/nav2_planner/bin'
[81.102s] INFO:colcon.colcon_core.shell:Creating package script '/home/tersoo/autonomous-robot-logging-with-ROS2-jazzy/myros2_ws/install/nav2_planner/share/nav2_planner/package.ps1'
[81.103s] INFO:colcon.colcon_core.shell:Creating package descriptor '/home/tersoo/autonomous-robot-logging-with-ROS2-jazzy/myros2_ws/install/nav2_planner/share/nav2_planner/package.dsv'
[81.104s] INFO:colcon.colcon_core.shell:Creating package script '/home/tersoo/autonomous-robot-logging-with-ROS2-jazzy/myros2_ws/install/nav2_planner/share/nav2_planner/package.sh'
[81.104s] INFO:colcon.colcon_core.shell:Creating package script '/home/tersoo/autonomous-robot-logging-with-ROS2-jazzy/myros2_ws/install/nav2_planner/share/nav2_planner/package.bash'
[81.104s] INFO:colcon.colcon_core.shell:Creating package script '/home/tersoo/autonomous-robot-logging-with-ROS2-jazzy/myros2_ws/install/nav2_planner/share/nav2_planner/package.zsh'
[81.105s] Level 1:colcon.colcon_core.environment:create_file_with_runtime_dependencies(/home/tersoo/autonomous-robot-logging-with-ROS2-jazzy/myros2_ws/install/nav2_planner/share/colcon-core/packages/nav2_planner)
[100.855s] DEBUG:colcon.colcon_core.event_handler.log_command:Invoked command in '/home/tersoo/autonomous-robot-logging-with-ROS2-jazzy/myros2_ws/build/nav2_smac_planner' returned '0': CMAKE_PREFIX_PATH=${CMAKE_PREFIX_PATH}:/opt/ros/jazzy DEBUGINFOD_URLS=https://debuginfod.ubuntu.com /usr/bin/cmake --build /home/tersoo/autonomous-robot-logging-with-ROS2-jazzy/myros2_ws/build/nav2_smac_planner -- -j12 -l12
[100.858s] DEBUG:colcon.colcon_core.event_handler.log_command:Invoking command in '/home/tersoo/autonomous-robot-logging-with-ROS2-jazzy/myros2_ws/build/nav2_smac_planner': CMAKE_PREFIX_PATH=${CMAKE_PREFIX_PATH}:/opt/ros/jazzy DEBUGINFOD_URLS=https://debuginfod.ubuntu.com /usr/bin/cmake --install /home/tersoo/autonomous-robot-logging-with-ROS2-jazzy/myros2_ws/build/nav2_smac_planner
[100.963s] Level 1:colcon.colcon_core.environment:create_environment_scripts_only(nav2_smac_planner)
[100.963s] Level 1:colcon.colcon_core.environment:checking '/home/tersoo/autonomous-robot-logging-with-ROS2-jazzy/myros2_ws/install/nav2_smac_planner' for CMake module files
[100.964s] DEBUG:colcon.colcon_core.event_handler.log_command:Invoked command in '/home/tersoo/autonomous-robot-logging-with-ROS2-jazzy/myros2_ws/build/nav2_smac_planner' returned '0': CMAKE_PREFIX_PATH=${CMAKE_PREFIX_PATH}:/opt/ros/jazzy DEBUGINFOD_URLS=https://debuginfod.ubuntu.com /usr/bin/cmake --install /home/tersoo/autonomous-robot-logging-with-ROS2-jazzy/myros2_ws/build/nav2_smac_planner
[100.966s] Level 1:colcon.colcon_core.environment:checking '/home/tersoo/autonomous-robot-logging-with-ROS2-jazzy/myros2_ws/install/nav2_smac_planner' for CMake config files
[100.967s] Level 1:colcon.colcon_core.shell:create_environment_hook('nav2_smac_planner', 'cmake_prefix_path')
[100.968s] INFO:colcon.colcon_core.shell:Creating environment hook '/home/tersoo/autonomous-robot-logging-with-ROS2-jazzy/myros2_ws/install/nav2_smac_planner/share/nav2_smac_planner/hook/cmake_prefix_path.ps1'
[100.969s] INFO:colcon.colcon_core.shell:Creating environment descriptor '/home/tersoo/autonomous-robot-logging-with-ROS2-jazzy/myros2_ws/install/nav2_smac_planner/share/nav2_smac_planner/hook/cmake_prefix_path.dsv'
[100.969s] INFO:colcon.colcon_core.shell:Creating environment hook '/home/tersoo/autonomous-robot-logging-with-ROS2-jazzy/myros2_ws/install/nav2_smac_planner/share/nav2_smac_planner/hook/cmake_prefix_path.sh'
[100.971s] Level 1:colcon.colcon_core.environment:checking '/home/tersoo/autonomous-robot-logging-with-ROS2-jazzy/myros2_ws/install/nav2_smac_planner/lib'
[100.971s] Level 1:colcon.colcon_core.shell:create_environment_hook('nav2_smac_planner', 'ld_library_path_lib')
[100.971s] INFO:colcon.colcon_core.shell:Creating environment hook '/home/tersoo/autonomous-robot-logging-with-ROS2-jazzy/myros2_ws/install/nav2_smac_planner/share/nav2_smac_planner/hook/ld_library_path_lib.ps1'
[100.972s] INFO:colcon.colcon_core.shell:Creating environment descriptor '/home/tersoo/autonomous-robot-logging-with-ROS2-jazzy/myros2_ws/install/nav2_smac_planner/share/nav2_smac_planner/hook/ld_library_path_lib.dsv'
[100.973s] INFO:colcon.colcon_core.shell:Creating environment hook '/home/tersoo/autonomous-robot-logging-with-ROS2-jazzy/myros2_ws/install/nav2_smac_planner/share/nav2_smac_planner/hook/ld_library_path_lib.sh'
[100.974s] Level 1:colcon.colcon_core.environment:checking '/home/tersoo/autonomous-robot-logging-with-ROS2-jazzy/myros2_ws/install/nav2_smac_planner/bin'
[100.974s] Level 1:colcon.colcon_core.environment:checking '/home/tersoo/autonomous-robot-logging-with-ROS2-jazzy/myros2_ws/install/nav2_smac_planner/lib/pkgconfig/nav2_smac_planner.pc'
[100.975s] Level 1:colcon.colcon_core.environment:checking '/home/tersoo/autonomous-robot-logging-with-ROS2-jazzy/myros2_ws/install/nav2_smac_planner/lib/python3.12/site-packages'
[100.975s] Level 1:colcon.colcon_core.environment:checking '/home/tersoo/autonomous-robot-logging-with-ROS2-jazzy/myros2_ws/install/nav2_smac_planner/bin'
[100.976s] INFO:colcon.colcon_core.shell:Creating package script '/home/tersoo/autonomous-robot-logging-with-ROS2-jazzy/myros2_ws/install/nav2_smac_planner/share/nav2_smac_planner/package.ps1'
[100.977s] INFO:colcon.colcon_core.shell:Creating package descriptor '/home/tersoo/autonomous-robot-logging-with-ROS2-jazzy/myros2_ws/install/nav2_smac_planner/share/nav2_smac_planner/package.dsv'
[100.978s] INFO:colcon.colcon_core.shell:Creating package script '/home/tersoo/autonomous-robot-logging-with-ROS2-jazzy/myros2_ws/install/nav2_smac_planner/share/nav2_smac_planner/package.sh'
[100.979s] INFO:colcon.colcon_core.shell:Creating package script '/home/tersoo/autonomous-robot-logging-with-ROS2-jazzy/myros2_ws/install/nav2_smac_planner/share/nav2_smac_planner/package.bash'
[100.980s] INFO:colcon.colcon_core.shell:Creating package script '/home/tersoo/autonomous-robot-logging-with-ROS2-jazzy/myros2_ws/install/nav2_smac_planner/share/nav2_smac_planner/package.zsh'
[100.981s] Level 1:colcon.colcon_core.environment:create_file_with_runtime_dependencies(/home/tersoo/autonomous-robot-logging-with-ROS2-jazzy/myros2_ws/install/nav2_smac_planner/share/colcon-core/packages/nav2_smac_planner)
[100.982s] Level 1:colcon.colcon_core.environment:create_environment_scripts_only(nav2_smac_planner)
[100.983s] Level 1:colcon.colcon_core.environment:checking '/home/tersoo/autonomous-robot-logging-with-ROS2-jazzy/myros2_ws/install/nav2_smac_planner' for CMake module files
[100.984s] Level 1:colcon.colcon_core.environment:checking '/home/tersoo/autonomous-robot-logging-with-ROS2-jazzy/myros2_ws/install/nav2_smac_planner' for CMake config files
[100.986s] Level 1:colcon.colcon_core.shell:create_environment_hook('nav2_smac_planner', 'cmake_prefix_path')
[100.986s] INFO:colcon.colcon_core.shell:Creating environment hook '/home/tersoo/autonomous-robot-logging-with-ROS2-jazzy/myros2_ws/install/nav2_smac_planner/share/nav2_smac_planner/hook/cmake_prefix_path.ps1'
[100.987s] INFO:colcon.colcon_core.shell:Creating environment descriptor '/home/tersoo/autonomous-robot-logging-with-ROS2-jazzy/myros2_ws/install/nav2_smac_planner/share/nav2_smac_planner/hook/cmake_prefix_path.dsv'
[100.988s] INFO:colcon.colcon_core.shell:Creating environment hook '/home/tersoo/autonomous-robot-logging-with-ROS2-jazzy/myros2_ws/install/nav2_smac_planner/share/nav2_smac_planner/hook/cmake_prefix_path.sh'
[100.989s] Level 1:colcon.colcon_core.environment:checking '/home/tersoo/autonomous-robot-logging-with-ROS2-jazzy/myros2_ws/install/nav2_smac_planner/lib'
[100.989s] Level 1:colcon.colcon_core.shell:create_environment_hook('nav2_smac_planner', 'ld_library_path_lib')
[100.989s] INFO:colcon.colcon_core.shell:Creating environment hook '/home/tersoo/autonomous-robot-logging-with-ROS2-jazzy/myros2_ws/install/nav2_smac_planner/share/nav2_smac_planner/hook/ld_library_path_lib.ps1'
[100.990s] INFO:colcon.colcon_core.shell:Creating environment descriptor '/home/tersoo/autonomous-robot-logging-with-ROS2-jazzy/myros2_ws/install/nav2_smac_planner/share/nav2_smac_planner/hook/ld_library_path_lib.dsv'
[100.991s] INFO:colcon.colcon_core.shell:Creating environment hook '/home/tersoo/autonomous-robot-logging-with-ROS2-jazzy/myros2_ws/install/nav2_smac_planner/share/nav2_smac_planner/hook/ld_library_path_lib.sh'
[100.992s] Level 1:colcon.colcon_core.environment:checking '/home/tersoo/autonomous-robot-logging-with-ROS2-jazzy/myros2_ws/install/nav2_smac_planner/bin'
[100.992s] Level 1:colcon.colcon_core.environment:checking '/home/tersoo/autonomous-robot-logging-with-ROS2-jazzy/myros2_ws/install/nav2_smac_planner/lib/pkgconfig/nav2_smac_planner.pc'
[100.993s] Level 1:colcon.colcon_core.environment:checking '/home/tersoo/autonomous-robot-logging-with-ROS2-jazzy/myros2_ws/install/nav2_smac_planner/lib/python3.12/site-packages'
[100.993s] Level 1:colcon.colcon_core.environment:checking '/home/tersoo/autonomous-robot-logging-with-ROS2-jazzy/myros2_ws/install/nav2_smac_planner/bin'
[100.994s] INFO:colcon.colcon_core.shell:Creating package script '/home/tersoo/autonomous-robot-logging-with-ROS2-jazzy/myros2_ws/install/nav2_smac_planner/share/nav2_smac_planner/package.ps1'
[100.995s] INFO:colcon.colcon_core.shell:Creating package descriptor '/home/tersoo/autonomous-robot-logging-with-ROS2-jazzy/myros2_ws/install/nav2_smac_planner/share/nav2_smac_planner/package.dsv'
[100.996s] INFO:colcon.colcon_core.shell:Creating package script '/home/tersoo/autonomous-robot-logging-with-ROS2-jazzy/myros2_ws/install/nav2_smac_planner/share/nav2_smac_planner/package.sh'
[100.997s] INFO:colcon.colcon_core.shell:Creating package script '/home/tersoo/autonomous-robot-logging-with-ROS2-jazzy/myros2_ws/install/nav2_smac_planner/share/nav2_smac_planner/package.bash'
[100.998s] INFO:colcon.colcon_core.shell:Creating package script '/home/tersoo/autonomous-robot-logging-with-ROS2-jazzy/myros2_ws/install/nav2_smac_planner/share/nav2_smac_planner/package.zsh'
[100.999s] Level 1:colcon.colcon_core.environment:create_file_with_runtime_dependencies(/home/tersoo/autonomous-robot-logging-with-ROS2-jazzy/myros2_ws/install/nav2_smac_planner/share/colcon-core/packages/nav2_smac_planner)
[100.999s] DEBUG:colcon.colcon_parallel_executor.executor.parallel:closing loop
[101.001s] DEBUG:colcon.colcon_parallel_executor.executor.parallel:loop closed
[101.001s] DEBUG:colcon.colcon_parallel_executor.executor.parallel:run_until_complete finished with '0'
[101.001s] DEBUG:colcon.colcon_core.event_reactor:joining thread
[101.019s] INFO:colcon.colcon_core.plugin_system:Skipping extension 'colcon_notification.desktop_notification.terminal_notifier': Not used on non-Darwin systems
[101.019s] INFO:colcon.colcon_core.plugin_system:Skipping extension 'colcon_notification.desktop_notification.win32': Not used on non-Windows systems
[101.019s] INFO:colcon.colcon_notification.desktop_notification:Sending desktop notification using 'notify2'
[101.059s] DEBUG:colcon.colcon_core.event_reactor:joined thread
[101.060s] INFO:colcon.colcon_core.shell:Creating prefix script '/home/tersoo/autonomous-robot-logging-with-ROS2-jazzy/myros2_ws/install/local_setup.ps1'
[101.062s] INFO:colcon.colcon_core.shell:Creating prefix util module '/home/tersoo/autonomous-robot-logging-with-ROS2-jazzy/myros2_ws/install/_local_setup_util_ps1.py'
[101.065s] INFO:colcon.colcon_core.shell:Creating prefix chain script '/home/tersoo/autonomous-robot-logging-with-ROS2-jazzy/myros2_ws/install/setup.ps1'
[101.067s] INFO:colcon.colcon_core.shell:Creating prefix script '/home/tersoo/autonomous-robot-logging-with-ROS2-jazzy/myros2_ws/install/local_setup.sh'
[101.068s] INFO:colcon.colcon_core.shell:Creating prefix util module '/home/tersoo/autonomous-robot-logging-with-ROS2-jazzy/myros2_ws/install/_local_setup_util_sh.py'
[101.070s] INFO:colcon.colcon_core.shell:Creating prefix chain script '/home/tersoo/autonomous-robot-logging-with-ROS2-jazzy/myros2_ws/install/setup.sh'
[101.072s] INFO:colcon.colcon_core.shell:Creating prefix script '/home/tersoo/autonomous-robot-logging-with-ROS2-jazzy/myros2_ws/install/local_setup.bash'
[101.073s] INFO:colcon.colcon_core.shell:Creating prefix chain script '/home/tersoo/autonomous-robot-logging-with-ROS2-jazzy/myros2_ws/install/setup.bash'
[101.076s] INFO:colcon.colcon_core.shell:Creating prefix script '/home/tersoo/autonomous-robot-logging-with-ROS2-jazzy/myros2_ws/install/local_setup.zsh'
[101.077s] INFO:colcon.colcon_core.shell:Creating prefix chain script '/home/tersoo/autonomous-robot-logging-with-ROS2-jazzy/myros2_ws/install/setup.zsh'
